Location Entity,Count
florida,9002
chicago,8082
orlando,6801
las vegas,6255
new york,5706
texas,5011
miami,4685
california,3717
atlanta,3625
ohio,3427
dallas,3251
washington,2908
san diego,2799
boston,2744
houston,2534
myrtle beach,2309
arizona,2083
colorado,1883
georgia,1832
los angeles,1788
new jersey,1787
denver,1770
virginia,1594
new orleans,1567
philadelphia,1554
oregon,1546
maryland,1480
toronto,1391
san francisco,1356
manhattan,1298
michigan,1241
atlantic,1196
canada,1133
atlantic city,1130
la,1082
london,1061
mexico,1054
illinois,1035
paris,1023
indiana,1010
sacramento,996
long beach,981
new york city,955
nashville,915
utah,888
detroit,878
cincinnati,861
brooklyn,808
hawaii,792
milwaukee,790
sedona,781
san antonio,780
virginia beach,775
pittsburgh,737
kansas,734
bronx,721
kentucky,701
ocean city,691
america,675
italy,654
richmond,654
cleveland,647
newport beach,647
san jose,645
north carolina,638
missouri,604
charlotte,591
pennsylvania,582
bahamas,578
orange county,575
miami beach,562
palm beach,538
san juan,537
arlington,529
jamaica,528
panama city,521
charleston,515
south carolina,500
beverly hills,491
sarasota,487
tennessee,482
minnesota,460
oklahoma,454
minneapolis,452
omaha,436
santa barbara,416
oakland,406
jacksonville,390
fort lauderdale,388
rome,377
europe,377
south beach,374
dubai,373
santa cruz,373
geneva,366
springfield,365
baltimore,361
delaware,348
wisconsin,342
china,340
costa rica,337
brazil,337
nevada,336
hollywood,334
calgary,330
west palm beach,321
idaho,321
santa monica,313
arkansas,312
fairfield,307
japan,304
venice,302
huntington beach,299
massachusetts,296
panama,296
new hampshire,295
toledo,293
kansas city,288
nova,285
maine,284
alaska,284
seattle,282
india,279
la jolla,276
ventura,275
louisiana,272
albany,271
ripley,265
niagara,264
spain,260
fremont,255
alabama,250
long island,248
henderson,248
tampa,247
phoenix,243
naples,242
france,237
dublin,236
berlin,228
orange beach,227
kalahari,226
iowa,219
mississippi,217
canton,214
va beach,214
tokyo,211
vermont,199
jersey city,195
st.,193
lexington,192
montana,190
belmont,187
hilton,186
greece,185
us,184
west virginia,183
oklahoma city,181
austin,181
columbia,179
caribbean,178
louisville,178
mt.,178
rhode island,175
panama city beach,174
salt lake city,172
united states,167
connecticut,163
tallahassee,162
camden,161
san mateo,160
columbus,159
las vegas strip,159
holland,158
aruba,158
las,157
fla,154
red rock,153
naperville,151
kayak,150
hartford,148
laguna beach,148
nassau county,146
birmingham,146
scotland,146
pacific,143
kahuna,142
south lake,139
portugal,138
kona,138
west coast,136
santa ana,134
costa mesa,131
madrid,131
san diego zoo,128
new england,126
skokie,126
malibu,125
fort,125
colombia,124
moxi,120
wellington,119
cambria,119
smyrna,118
wyndham,118
ottawa,118
new mexico,118
slick city,116
south padre island,116
asia,116
harrisburg,115
la county,115
nola,114
berkeley,113
thailand,108
walnut creek,108
puerto,107
korea,107
tampa bay,107
santa cruz beach,106
branson,106
park city,104
south jersey,104
amsterdam,103
galveston,103
leesburg,103
south bay,102
dominican republic,101
nebraska,100
va,100
africa,99
prussia,99
cambridge,98
lebanon,96
huntington,96
east coast,96
ashland,94
scottsdale,94
san fransisco,93
santa clara,93
tucson,93
ireland,92
macon,91
boynton,91
schaumburg,90
switzerland,89
mrytle beach,89
central park,88
candela,87
jurassic,87
shedd,87
north myrtle beach,85
osaka,85
germany,85
greensboro,84
dover,83
las vagas,83
peoria,83
wilmington,83
buena,82
ark,82
kingdom,81
barcelona,81
egypt,80
salsa,79
miami boat,79
medi,79
havana,79
jordan,79
vienna,78
santa,77
peru,77
tina,76
plainfield,76
kenosha,76
fort worth,76
liquivida,76
thrill,74
lasvegas,74
roc,73
bay area,73
north beach,72
los vegas,72
congo,71
bergen,71
san deigo,71
alexandria,70
colorado springs,70
cuba,70
salt lake,70
bergen county,70
midwest,69
winston salem,69
oviedo,69
parl,68
hai,68
dania,67
chino hills,67
west covina,67
milia,66
gulf,66
north jersey,66
scan,66
trampoline park,65
ormond beach,65
kobe,65
nirvana,65
u.s.,64
frisco,64
orland,63
roma,63
walton beach,63
netflix,63
mimosas,63
asbury park,62
manhattan beach,62
mexico city,62
portland,62
miramar,61
vineyards,61
markham,61
catalina island,60
litchfield,60
crystal river,60
deerfield beach,60
mansfield,59
monterey bay,59
vegas strip,59
flordia,58
orland park,58
half moon bay,58
san fernando,57
singapore,57
grand rapids,57
astoria,57
san diego airport,57
cami,57
uk,57
vero beach,57
daytona beach,57
fresno,55
pacific beach,55
knotts,55
al,54
maid,54
st pete beach,54
hong kong,54
woodland hills,53
lake county,53
rehoboth beach,53
ellicott city,52
hollywood beach,52
bakersfield,52
lima,52
waukesha,52
cherry hill,52
quebec city,52
san fransico,51
mount dora,51
south padre,50
durham,50
pasadena,50
overland park,50
sauna,49
san lucas,49
broward county,49
d.c,49
southfield,49
madeira beach,49
north county,48
el dorado,48
calif,48
new zealand,48
ventura county,48
alberta,47
atlanta city,47
san rafael,47
decatur,47
ocean beach,47
ontario,47
raleigh,47
shanghai,47
smyrna beach,46
turkey hill,46
san ramon,46
indiana beach,46
los gatos,46
pensacola beach,46
laguna hills,46
hampton beach,46
md,45
stamford,45
pompano beach,45
’s,45
hendersonville,45
garden city,45
long island city,45
antelope,44
jacksonville beach,44
savannah georgia,44
deltona,44
delmar,44
san diego bay,44
santa clarita,43
fort lauderdale beach,43
pensacola,43
wallingford,43
kennesaw,43
pittsburg,43
atlantic beach,43
green bay,43
frankie,43
winston,42
las colinas,42
clifton park,42
jackson,42
east bay,42
west hartford,42
brazillian,42
milan,42
vietnam,41
rock city,41
shreveport,41
aria,41
san fran,41
eyelash,41
carolina beach,41
hamburg,41
hotela,41
gaitlinburg,41
boynton beach,40
indianapolis,40
ma,40
manassas,40
palm beach county,40
jupiter,40
morocco,40
rancho cucamonga,40
south coast,39
baton rouge,39
gulf island,39
north georgia,39
denton,39
tatto,39
n.j,39
waterbury,39
farmington hills,39
argentina,39
australia,38
la grange,38
fullerton,38
palo alto,38
gangnam,38
apex,38
earth,38
sylmar,38
reno,38
baja,37
norfolk,37
alpaca,37
qatar,37
tarzana,37
san francisco bay,37
cannon beach,37
west gate,37
casa,36
newnan,36
north miami,36
camel beach,36
surf city,36
north york,35
el paso,35
highland park,35
british columbia,35
dania beach,35
rock hill,35
marina del,35
sa,35
richmond hill,35
st louis,34
south street,34
tacoma,34
monroe,34
ellis island,34
bombay,34
west chester,34
quinta,34
riveria,34
montreal,33
gainsville,33
orange park,33
motels,33
north miami beach,33
sealy,33
las  vegas,33
nyc city,33
santa rosa,33
sheraton,33
nikki,33
venice beach,33
jones beach,32
vegas,32
medina,32
bangkok,32
fort bragg,32
south africa,32
stockton,32
crystal city,32
coney island,32
michigan city,32
crystal lake,31
newport harbor,31
paradise beach,31
panama beach,31
kayak rentals,31
monterey park,31
miami south beach,31
arlington heights,31
mo,31
bay city,31
san antonio river,31
marco island,31
s.c.,31
west jordan,30
kirkland,30
san leandro,30
kawaii,30
dothan,30
camelot,30
san diego county,30
israel,30
poland,30
clearwater beach,30
united states of,30
bento,30
canyon lake,30
fontana,30
ghana,30
magic kingdom,30
england,30
gardenia,30
south miami,30
saigon,30
island park,30
los cabos,30
olivia,30
davenport,30
san juan island,30
rentala,29
sensorio,29
clun,29
greenville,29
netherlands,29
bloomington,29
kyoto,29
fayetteville,29
cancun mexico,29
las angeles,29
pontoon rentals,29
margaritaville beach,29
east village,29
newark,29
smith,29
mount washington,29
ketchikan,29
santas village,29
hana,29
beaumont,29
marin county,28
muskogee,28
waltham,28
san clemente,28
mississippi river,28
north las vegas,28
east hill,28
ozark,28
san bruno,28
muskegon,28
n.y,28
west village,28
walton,28
grand canyon,28
quebec,28
fairfax,28
pomona,28
aquatica,27
grand beach,27
mission beach,27
san diago,27
hawaii island,27
bethany beach,27
knoxville,27
monmouth county,27
zurich,27
virgin island,27
titan,27
chino,27
wolrd,26
rockford,26
fairfield county,26
calabasas,26
salida,26
amelia island,26
bradenton,26
seattle city,26
arlington va,26
dayton,26
hibachi,26
harrah,26
lewiston,26
suffolk county,26
loudoun,26
acton,26
north east,26
lynchburg,26
las.,26
rockland county,26
the united states,26
concord,25
boston city,25
lake george,25
belfast,25
beijing,25
vernon hills,25
oregon city,25
lake city,25
mens,25
san diego harbor,25
red rock canyon,25
gulf coast,25
n.c,25
san gabriel,25
clifton hill,25
bristol,25
cincinatti,25
rocky mountain,25
galveston island,25
adventureland,25
west hills,25
chicago city,25
ferris,25
alpharetta,25
jerusalem,25
ohana,25
bay beach,24
cairo,24
sun city,24
orlando city,24
elk grove,24
west valley,24
montego bay,24
st,24
puerto rico,24
jurassic park,24
mount laurel,24
spavia,24
waco,24
san luis obispo,24
zirconia,24
texas city,24
monterey,24
edison,24
las vegas day,24
pakistan,23
deluxe,23
carson,23
kensington,23
los angeles county,23
santa village,23
daly city,23
carolina,23
cali,23
mackinaw island,23
ann arbor,23
newcastle,23
kesha,23
north hills,23
king,23
lithonia,23
lousiana,23
chaska,23
janesville,23
crystal,23
neroli,23
irobot,23
tinley park,23
moon,23
west lake,23
north park,23
lockport,22
coco beach,22
britain,22
san luis,22
labyrinth,22
miami city,22
marijauna,22
salina,22
west berlin,22
johnstown,22
orange city,22
princeton,22
miami dade,22
vero,22
hydra facial,22
warren,22
midland,22
anesthesia,22
weston,22
mount kisco,22
san diego sea,22
stoughton,22
north coast,22
city park,21
el segundo,21
el cajon,21
mona,21
hyde,21
salisbury,21
grand canyon south,21
medellin,21
chesterfield,21
sunnyvale,21
west palm,21
santa ynez,21
bucks county,21
malta,21
charm city,21
jungle rapids,21
las vegas hotels,21
pismo beach,21
stockholm,21
electro,21
silver spring,21
iowa city,21
turkey,21
seoul,21
padre island,21
united kingdom,21
kalamazoo,21
williamsburg,21
milton,21
north lake,21
alcatraz,21
warsaw,20
denim,20
movado,20
magnolia,20
tybee island,20
hotel beach,20
astro,20
swan,20
hermes,20
cupertino,20
yuba,20
nile,20
newport news,20
stroudsburg,20
orlando park,20
orchard beach,20
kenya,20
powhatan,20
dundalk,20
river city,20
fort wayne,20
utensil,20
hacienda,20
gatlinburg,20
ronkonkoma,20
noche,20
marihuana,20
greenbay,20
natalia,20
firebird,20
las begas,20
oak park,20
mill creek,20
masagge,20
fitchburg,20
maaco,20
shipwreck island,19
las vegad,19
d.c.,19
moscow,19
el salvador,19
catalonia,19
taiwan,19
saint louis,19
kohala,19
bryson city,19
wallington,19
ryobi,19
frida,19
gaithersburg,19
south mountain,19
mauna,19
canterbury,19
las vegas airport,19
laurel,19
delray beach,19
ferox,19
mediterranean,19
jungle island,18
south lake tahoe,18
cosas,18
anaheim,18
belgium,18
kea,18
costa maya,18
summerlin,18
hersey park,18
malaysia,18
troy,18
alantic city,18
polynesia,18
nara,18
las vegas grand canyon,18
san diego city,18
south korea,18
taco,18
amanda,18
oakland county,18
coon rapids,18
tenn,18
las vegas blvd,18
la jolla sea,18
osteria,18
alcatraz island,18
san jaun,18
jeffersonville,18
brevard county,17
istanbul,17
golfland,17
zerona,17
pergola,17
renova,17
savannah,17
galveston beach,17
wrightsville beach,17
west los angeles,17
hydra,17
bremerton,17
laughlin,17
california beach,17
ramona,17
magic mountain,17
yara,17
mackinaw city,17
san francisco airport,17
miami gardens,17
san diego beach,17
jefferson city,17
mulch,17
aurora,17
st. louis,17
austria,17
laguna,17
beverly hill,17
frankfurt,17
ocean county,16
russia,16
bdsm,16
lake nona,16
new city,16
manhatan,16
liverpool,16
calfornia,16
pacific coast,16
texarkana,16
northville,16
north island,16
revit,16
san tan valley,16
vagina,16
virginia city,16
mich,16
buena park,16
vaca,16
crystal beach,16
laah,16
ambrosia,16
cologne,16
mahattan,16
piscataway,16
banya,16
la puente,16
clifton hills,16
fort pierce,16
kingdom park,16
montgomery county,16
orlando sea,16
san franciso,16
south america,16
silver city,16
venezuela,16
newton,16
island beach,16
hebe,16
san franscisco,16
artesia,16
hurst,16
half moon,16
nina,16
norway,16
sichuan,15
lincoln city,15
big island,15
doha,15
rigby,15
south myrtle beach,15
farmington,15
essex county,15
cambodia,15
shell island,15
jax beach,15
ocean city beach,15
thai,15
huron,15
lgbt,15
baltimore county,15
pixie,15
baltimore city,15
tan republic,15
florida beach,15
new orleans city,15
middle village,15
san diego hotels,15
wanda,15
nc,15
yuba city,15
3xl,15
clarksburg,15
myrtal beach,15
membresia,15
disney park,15
palm bay,15
serta,15
nasville,15
hong,15
bradenton beach,15
denny,15
vitaminas,15
traverse city,15
new britain,15
carson city,15
mount vernon,15
new york yankees,15
clark county,15
alameda county,15
lewisville,15
balearia,15
league city,15
miramar beach,15
nee york,15
lido beach,15
san antonio sea,14
appleton,14
conn,14
san dimas,14
orange lake,14
marriott,14
scranton,14
colonia,14
easton,14
west va,14
el monte,14
labia,14
las vegas club,14
kentucky kingdom,14
maricopa county,14
burrito,14
aquaria,14
new  york,14
north river,14
madison,14
sonoma county,14
mel,14
mrtyle beach,14
carolinas,14
last vegas,14
prescott,14
nacho,14
clifton,14
yacht rentals,14
ruston,14
hebron,14
las vegas nevada,14
mount rushmore,14
testosterone,14
juno beach,14
penelope,14
hingham,14
dayz,14
itah,14
utah county,14
victoria,14
morey,14
nhl,14
north dallas,14
hanna,14
jalisco,14
museim,14
los angelas,14
kitchenaid,14
altoona,14
timbavati,13
delaware county,13
anna,13
woodland park,13
west kendall,13
lancaster,13
wichita,13
las vegas mini,13
miami hotels,13
maia,13
marjuana,13
grenada,13
juveau,13
braza,13
orient,13
johnson city,13
iphone11,13
middleburg,13
fort lee,13
raynham,13
south holland,13
newtown,13
las vegas city,13
jamiaca,13
oregon beach,13
white mountain,13
downton,13
md.,13
ecuador,13
las vegas pool,13
north bay,13
san bernardino,13
mableton,13
east stroudsburg,13
san juan capistrano,13
macedonia,13
marysville,13
plaza,13
mumbai,13
sioux city,13
west end,13
mariquana,13
izzy,13
pendleton,13
park ridge,13
la mirada,13
city island,13
bayfield,13
chucky,13
south park,13
chica,13
belmont park,13
indonesia,13
culver city,13
la mesa,13
salem,13
silver springs,13
spenga,13
alfie,13
heritage park,13
missouri city,12
miami sea,12
c.j.,12
yuma,12
hesperia,12
hartfield,12
gorham,12
las vegas atv,12
newport ri,12
bolivia,12
oak city,12
creami,12
burlington county,12
lynchburg va,12
animal kingdom,12
laggon,12
rox,12
west seattle,12
finland,12
ravinia,12
san jose airport,12
kalona,12
athens,12
cisco,12
parker,12
benihana,12
visalia,12
keansburg,12
kimpton,12
middle river,12
brockton,12
carrollton,12
lake park,12
altanta,12
qnd,12
mandeville,12
lumberton,12
rockville,12
hartsfield,12
caramel,12
williamsburgh,12
us virgin,12
mustang,12
warrenton,12
del monte,12
rocky mount,12
san jacinto,12
nashville city,12
west edmonton,12
west branch,12
savana,12
hermosa beach,12
destin,12
nigeria,12
dade city,12
cacao,12
littleton,12
tyngsboro,12
woodbridge,12
chiago,12
miami springs,12
damascus,12
lasalle,12
dona,12
southern california,12
dominica,12
hunan,11
xperia,11
san antonia,11
vancouver,11
dominicana,11
manila,11
monaco,11
brown county,11
belk,11
new jersey beach,11
florham,11
west des moines,11
echo park,11
northampton,11
buffalo,11
tulsa,11
san mateo county,11
mango,11
east county,11
ho,11
south west,11
holden beach,11
smart park,11
la vie est,11
cocoa beach,11
nyc boat,11
pontoon boat,11
kurta,11
novato,11
kong,11
newport landing,11
st louis mo,11
okana,11
rapids,11
central city,11
califonia,11
north palm beach,11
knightdale,11
bergenfield,11
wisteria,11
south jordan,11
houston city,11
framingham,11
san diego old,11
granada,11
santa monica beach,11
chesapeake beach,11
shay,11
mytrle beach,11
secaucus,11
moody gardens,11
meriden,11
richardson,11
kami,11
navarre beach,11
tanzania,11
bethlehem,11
charlottesville,11
kankakee,11
dalton,11
city beach,11
santa mónica,11
celina,11
san anotnio,11
brookline,11
new berlin,11
slingshot,11
anastasia,11
columbia south carolina,11
eyelash extensions,11
hershey park,11
brow,11
spraytan,11
samara,10
fernandina beach,10
hill city,10
murfreesboro,10
cocos,10
topeka,10
flgs,10
milpitas,10
bang,10
rivera,10
ewa beach,10
galleria,10
mountan,10
hotels beach,10
forest hills,10
massqge,10
clementon park,10
newport boat,10
alabama gulf,10
georgetown,10
kierland,10
newberg,10
trail,10
maimi,10
alyeska,10
c2e2,10
northern virginia,10
buffalo grove,10
ouidad,10
san destin,10
manitoba,10
north america,10
mexico beach,10
watts,10
marijana,10
cedar rapids,10
palm beach tan,10
zaza,10
margaritaville lake,10
cedar city,10
massagae,10
simi valley,10
little rock,10
hercules,10
wilmington beach,10
west empire,10
middle east,10
tijuana,10
dublin ireland,10
the bay,10
woodland,10
brussels,10
yuva,10
middlefield,10
tin city,10
signia,10
riga,10
mount pleasant,10
vito,10
kingdom waterpark,10
atalanta,10
amelia,10
rochester hills,10
baldwin park,10
billerica,10
kuala,10
bunker beach,10
braid,10
nassau,10
san franisco,10
cotsco,10
clifton nj,10
pabst,10
trampolines,10
note20,10
west bay,10
east brunswick,10
west bloomfield,10
maderia beach,10
tourd,10
san fiego,10
la crosse,10
destin beach,10
aveli,10
marriot,10
tequlia,9
hamton,9
isle beach,9
las vegas golf,9
misquito,9
bush,9
columbia county,9
king island,9
uconn,9
acuario,9
makana,9
st.augustine,9
delaware river,9
universa,9
salt river,9
nickel city,9
lexington park,9
christiansburg,9
gold beach,9
solaia,9
des moines,9
the bay area,9
oak island,9
ethiopia,9
north carolina beach,9
lake beach,9
elia,9
laredo,9
rigbys,9
san francisco city,9
bloomfield hills,9
jupiter beach,9
marijuna,9
keratina,9
henrico,9
los angeles city,9
midwest city,9
hanover park,9
orcas island,9
franklin square,9
la jolla beach,9
blacksburg,9
prince edward county,9
la city,9
costa county,9
york,9
tampa bay area,9
the dominican republic,9
soak city,9
membershio,9
yeti,9
colorado city,9
delaware beach,9
vidalia,9
arctic,9
hanoi,9
santa's,9
derby city,9
heritage hills,9
harden,9
dewey beach,9
lagoon park,9
suero,9
greenfield village,9
atalnta,9
rv park,9
rego park,9
sin city,9
marlborough,9
nexk,9
pitbull,9
karisma,9
beach park,9
notary,9
santa paula,9
new albany,9
pacific park,9
suna,9
iran,9
juliet,9
west beach,9
trenton,9
east valley,9
niagara city,9
tenessee,9
1234yf,9
trampoline,9
madden,9
menlo park,9
ledo,9
terranea,9
maijuana,9
kissimmee,9
kaku,9
canyon city,9
philadelphia city,9
arlo,9
south hills,9
jekyl island,9
legoland park,9
seim,9
layton,9
gwinnett,9
eltamd,9
taipei,9
avila beach,9
mount creek,9
bluff city,9
south county,9
la vegas,9
houghton,8
marjiuana,8
white mountains,8
beach city,8
bull city,8
canam,8
san antonio airport,8
nj beach,8
west haven,8
osceola,8
stephen,8
leonia,8
plain city,8
las vegas air,8
east river,8
nairobi,8
san francisco:,8
san francisco day,8
minden,8
west hollywood,8
areana,8
mangia,8
chaba,8
tong,8
atana,8
newport rhode island,8
inn beach,8
dayton beach,8
apollo beach,8
kalaharia,8
n’t,8
collin,8
las vegs,8
delhi,8
vestavia,8
hugh,8
kombucha,8
sweden,8
rockland,8
union city,8
nuggmd,8
central park nyc,8
casas,8
las cegas,8
marajuna,8
denver city,8
hammond,8
wynham,8
coquina beach,8
surf beach,8
margaritaville island,8
san doego,8
marina city,8
winston-salem,8
new orleans steamboat,8
morrisville,8
new orleans garden,8
stonington,8
stk,8
mismi,8
chile,8
forest hill,8
feasterville,8
juan,8
mystic sea,8
mariscos,8
volkswagon,8
orlando beach,8
lara,8
mexicana,8
satellite beach,8
kitsap county,8
jetski rentals,8
fiona,8
fairmount,8
carly,8
mpls,8
clinton,8
spring hill,8
silver creek,8
san antionio,8
coral beach,8
los olivos,8
los vagas,8
mackinac city,8
toronto city,8
brooklyn park,8
the moon,8
hotels,8
ashtabula,8
san josé,8
belmar,8
nicaragua,8
newbury park,8
nc beach,8
central rock,8
barcelo,8
hairbrush,8
tire mount,8
christiana,8
rosenberg,8
avania,8
chico,8
fort myers beach,8
smokie,8
suffolk,8
new orleans airport,8
germania,8
alton,8
fabio,8
yacht rock,8
west chicago,8
erie county,8
rochester,8
morrison,8
tahiti,8
kanga,8
boston harbor,8
nino,8
mertle beach,8
south hadley,8
drais,8
crystal coast,8
sauvignon,8
viginia beach,8
masssge,8
lake geneva,8
rotunda,8
hungary,8
millville,8
charles county,8
guadalajara,8
plainsboro,8
🏨,8
michigan beach,8
richmond va,8
latham,8
east ridge,7
louisville city,7
san bernardino county,7
carolina island,7
whidbey island,7
oakland park,7
zoo\,7
santa cruz island,7
corina,7
newyork city,7
south san francisco,7
griffin,7
baldwin county,7
miami lakes,7
chrio,7
santa clara county,7
burlington,7
west springfield,7
mrtle beach,7
valmont,7
los angels,7
ridley,7
tratoria,7
emerald bay,7
san tan,7
springs,7
manteca,7
miami celebrity,7
sutton,7
niafara,7
green valley,7
virgins beach,7
sydney,7
danville,7
east west,7
oaxaca,7
kingsville,7
palos hills,7
kiami,7
yucatan,7
lancaster county,7
luna park,7
wendell,7
wailea beach,7
dejuno,7
la concha,7
balkan,7
south miami beach,7
newington,7
west roxbury,7
melia,7
fond du lac,7
altamonte springs,7
sirata beach,7
twinsburg,7
villa,7
puntacana,7
mayfield heights,7
prc,7
casco bay,7
san louis,7
okaloosa island,7
oneida,7
cruis3,7
tampa city,7
lorton,7
miami bayside,7
guyana,7
san antanio,7
cheyenne,7
tres,7
york beach,7
new orleans river,7
reviv,7
harford county,7
kajama,7
san marcos,7
tremont,7
night city,7
sarasota beach,7
sandbridge beach,7
loudoun county,7
nevada county,7
carmichael,7
nevada city,7
strasburg,7
honeymoon island,7
annapolis,7
canonsburg,7
south lake union,7
mineola,7
kentuckey,7
shell beach,7
oak creek,7
lion county,7
san pedro,7
midland park,7
bowie,7
lawrenceville,7
tux,7
los colinas,7
kalahara,7
charleston south carolina,7
black hills,7
red bluff,7
caribbean island,7
holand,7
palm island,7
mckinley,7
red mountain,7
hmns,7
hilton lake las vegas,7
us virgin island,7
fratelli,7
las vegas gondola,7
kona island,7
mikasa,7
maimi beach,7
jackson heights,7
new smyrna,7
central park zoo,7
browa,7
shelby township,7
samana,7
nueva york,7
kung,7
mew york,7
magic kingdom park,7
duran,7
rome city,7
pompton,7
heber city,7
new jersey airport,7
aloha beach,7
bay ridge,7
hawaii shark,7
middlebury,7
wrestlemania,7
white rock,7
westford,7
safati,7
west new york,7
sturgeon bay,7
abu dhabi,7
shelton,7
trampolin park,7
zephyr,7
east dundee,7
nikki beach,7
mount shasta,7
plymouth,7
la.,7
luana,7
u.s. virgin,7
vicky,7
kure beach,7
victoria island,7
engima,7
grand county,7
ombré,7
north mrytle beach,7
manorville,7
east island,7
naples beach,7
santa.,7
orange,7
copa america,7
pacific city,7
latin street,7
north richland,7
porland,7
northeast,7
north bay village,7
hinesville,7
belle,7
onalaska,7
natomas,7
oregon coast,7
halfmoon bay,7
altantic city,7
cedar hills,7
bridgeport,7
mens beach,7
marinuana,7
us park,7
plama,7
miami rentals,6
sycuan,6
nashville tennessee,6
davenport iowa,6
hosuton,6
lincoln park,6
womens beach,6
sherton,6
beechmont,6
san marcus,6
hilton beach,6
las vegas paris,6
howard county,6
malibu beach,6
los feliz,6
jersy city,6
east tennessee,6
darien,6
west valley city,6
resort beach,6
sogn,6
salt rock,6
veranda,6
mt dora,6
meme,6
overland,6
elk grove village,6
palm springs,6
magic city,6
javit,6
myrtl beach,6
garden beach,6
los cabo’s,6
cricut,6
waconia,6
henderson beach,6
new jersey city,6
hainan,6
oaklahoma,6
huntinton,6
san diegi,6
worldmark,6
ocean park,6
jackson county,6
ladybird,6
silver lake,6
havanna,6
riviera beach,6
pleasant hill,6
las vegas hilton,6
40th street,6
mount sinai,6
activewear,6
island city,6
oakmont,6
ensenada,6
lake lanier,6
san  diego,6
luxor,6
bridgeton,6
mertyl beach,6
andover,6
bloomsburg,6
palm beach gardens,6
willingboro,6
millbrae,6
costa rico,6
capelli,6
mannheim,6
howard beach,6
n.c.,6
holmes county,6
cirques,6
clayton county,6
foley,6
nob hill,6
descanso beach,6
dinuba,6
bali,6
monterey county,6
wild island,6
winnipesaukee,6
tuscon,6
santa cruz de tenerife,6
san diego wild,6
monarch beach,6
calhoun,6
pig beach,6
new york c3,6
manta ray night,6
starke,6
maryland beach,6
adventur,6
inn ocean city,6
jennys,6
dauphin island,6
munich,6
san lorenzo,6
gulf beach,6
mount rainier,6
oceanfront beach,6
albania,6
fulton,6
tai chi,6
lake bluff,6
emerald city,6
nyc central park,6
south orlando,6
dominican republic all inclusive,6
nutley,6
south orange county,6
alabama splash,6
west columbia,6
bloomfield,6
hollywood park,6
managua,6
berry hill,6
plam beach,6
tonawanda,6
tmj,6
silver rapids,6
grand island,6
snooki,6
rieki,6
misouri,6
tahiti village,6
fixe,6
paragon,6
lifestyle tropical beach,6
jackson township,6
mtns,6
vitamin drip,6
hicksville,6
hunington beach,6
freesia,6
molton,6
mt,6
ormand beach,6
paradise island,6
nyc harbor,6
talia,6
kuhio,6
east hartford,6
las vegas tour,6
waccamaw,6
wikki,6
isle city,6
zoo,6
wilkesboro,6
ozono,6
waikoloa village,6
angelica,6
dallaa,6
oahu circle,6
ahwatukee,6
hudson county,6
kalahai,6
savannah beach,6
polk county,6
haiti,6
crystal mountain,6
ober mountain,6
jackson hole,6
washinton,6
delia,6
annandale,6
neptune beach,6
bulgaria,6
brooksville,6
slingshot rentals,6
theathre,6
san fransciso,6
hernando beach,6
cross county,6
kerala,6
dina,6
weslaco,6
maza,6
ann arbor michigan,6
eden rock,6
brasilia,6
inclusive beach,6
xenia,6
sonoma,6
siesta beach,6
r134a,6
miami tour,6
margaritaville,6
los angeles times,6
zania,6
patagonia,6
brandon,6
south dakota,6
san simeon,6
eataly,6
mountasia,6
topsail beach,6
alfa,6
mecca,6
kingdom myrtle beach,6
microneedlong,6
bucks county river,6
macao,6
joplin,6
putnam county,6
sawmill creek,6
racoon island,6
lightweight beach,6
linkin park,6
virgina beach,6
michigan lake,6
fort rock,6
westland,6
alora,6
miami yacht,6
chaan,6
provo beach,6
keraton,6
hairbar,6
knobels,6
kent island,6
san dirgo,6
tampa bay boat,6
kaimana,6
west des,6
las vegas buffet,6
myrtel beach,6
cheyenne mountain,6
west memphis,6
legoland beach,6
kala,6
idaho springs,6
new yourk,6
cypress creek,6
henry county,6
chatham,6
alineación,6
gatlin,6
mettle beach,6
nikelodeon,6
santa barbara county,6
riveria beach,6
jamaica montego bay,6
khun,5
san cruz,5
suntan city,5
esporta,5
sunset beach,5
toronto island,5
pizzaria,5
charlotte harbor,5
tommy,5
amar,5
las vegas's,5
mountain creek,5
clermont,5
batg,5
tibet,5
patchouli,5
monterey beach,5
classpop,5
york county,5
kaza,5
planet beach,5
conrad,5
west michigan,5
page,5
medsp,5
derby,5
highlighta,5
jonesboro,5
san franscico,5
saint pete beach,5
vernon hills park,5
mill city,5
south portland,5
california great america,5
star beach,5
brett,5
santa barbara beach,5
spa7,5
jefferson,5
dunn,5
camdenton,5
west mountain,5
sandiago,5
ribeye,5
salt creek,5
san fracisco,5
highland village,5
annaheim,5
salisbury beach,5
jolye,5
mirtle beach,5
scoot city,5
atlactic city,5
waba,5
solaris,5
nürnberg,5
san diego international airport,5
las evgas,5
orinda,5
newburg,5
crystal bowl,5
tatyana,5
grover beach,5
almaden,5
natchez,5
vitoria,5
santa catalina,5
youn,5
amityville,5
west lake village,5
puerto rica,5
edt,5
baldwin,5
neopolitan,5
east york,5
inn east,5
marujuana,5
ocean atlantic,5
atanta,5
jeckyl island,5
kirby,5
alys beach,5
yoko,5
laughlin nv,5
san diego lego,5
ney york city,5
beverly,5
west bridgewater,5
omegamart,5
bastille,5
aldo,5
persia,5
maymont,5
waterproof beach,5
west county,5
franco,5
forest city,5
millersburg,5
cabo mexico,5
marriott beach,5
wutang,5
waikiki beach,5
namaste,5
gunn,5
caroline,5
west dundee,5
malin,5
maricela,5
san manuel,5
buffalo creek,5
arctic circle,5
elyria,5
senegalese,5
fuchsia,5
williamburg,5
antelope island,5
large beach,5
south parde,5
san anto,5
kuwait,5
ac island,5
leo,5
west air,5
perdido beach,5
south burlington,5
bay island,5
catalina island zip,5
west maui,5
waikoloa beach,5
manic kingdom,5
vegas city,5
san anyonio,5
san degio,5
las vegas show,5
woonsocket,5
roosevelt island,5
electric beach,5
south east,5
sunshine city,5
amish county,5
lowell,5
fayettville,5
dallas city,5
nickelodeon,5
manheim,5
simi,5
rocky hill,5
peigon,5
latex,5
lake shasta,5
horseback beach,5
kids beach,5
hunington,5
central jersey,5
kana,5
daufuskie island,5
premade,5
cameron park,5
emerald beach,5
heartsong,5
alcatraz east,5
reptilian,5
miami  beach,5
flint,5
san diegp,5
north texas,5
san antonio hotels,5
wrigley,5
hernia,5
madera,5
miami international,5
northern california,5
omsi,5
milaca,5
west point,5
san diego harbor cruise,5
londen,5
yelena,5
silver beach,5
chengdu,5
boulder city,5
sandy beach,5
west el,5
san diego day,5
rafael,5
khahuna,5
koroneburg,5
mystic lake,5
dive,5
del frisco,5
washington city,5
newport,5
canterbury village,5
motor city,5
lola,5
spotsylvania,5
wakefield,5
miamisburg,5
radison,5
san ant,5
marijuan,5
west gate lake,5
lumino city,5
westmont,5
x3,5
victorville,5
cumbia,5
lina,5
waterfront beach,5
mason city,5
selina,5
north west,5
textme10,5
grand canyon south rim,5
ableton,5
castle rock,5
san diwgo,5
anaheim hills,5
sultan,5
oreagon,5
b.j,5
pastrami,5
u.k.,5
redd,5
north bergen,5
door county,5
hongkong,5
st louis park,5
dickey,5
webce,5
stg,5
bingham,5
north padre island,5
lacefront,5
white city,5
santa cruz - front,5
shokz,5
miami international airport,5
tasha,5
broadway nyc,5
melbourne beach,5
nyc,5
miami downtown,5
st louis airport,5
south boston,5
new orleans carriage,5
gulf coast beach,5
sia,5
skelton,5
kealakekua bay,5
sola,5
front beach,5
jensen beach,5
xl beach,5
lakeland,5
la kings,5
minigolf,5
golden beach,5
rehoboth beach de,5
west yellowstone,5
misquamicut beach,5
lymphaic,5
liberia,5
la ronde,5
modesto,5
summit county,5
coca beach,5
algeria,5
kingston,5
wham,5
hollywood city,5
east park,5
currumbin,5
elmsford,5
east hanover,5
potomac,5
las vergas,5
nyc empire,5
greek island,5
indorr,5
gwinnett county,5
oglethorpe,5
panana city beach,5
colonial beach,5
monteagle,5
diplomat beach,5
marijunia,5
narcisco,5
coppia,5
weirs beach,5
huntley,5
miccosukee,5
cobb county,5
columbia city,5
bonn,5
seoul korea,5
mabel,5
45th street,5
atlantic city airport,5
boloxi,5
olde city,5
"md,",5
fredericksburg,5
rama,5
trussville,5
morelia,5
yellowstone,5
kaseya,5
mount prospect,5
bpat,5
cada,5
jericho,5
southernmost beach,5
chandon,5
lehighton,5
castro,5
abia,5
pasco county,5
keratase,5
pompei,5
lynden,5
irland,5
south texas,5
bloosm,5
capital city,5
keana,5
mass,5
sukho,5
alloria,5
santa  cruz,5
south river,5
fort smith,5
grayson,5
manhattan island,5
circadia,5
nola city,5
passaic county,5
san diego park,5
botan,5
johnston,5
ananya,5
ameila,5
pg county,5
getaway beach,5
sauna jacuzzi,5
boone county,5
vivara,5
lanier island,5
neon beach,5
curly,5
nyc circle,5
los angeles airport,5
san deago,5
rhode island beach,5
roch,5
new york usa,5
n.h,5
acuatica,5
san dieago,5
bogota,5
myrttle beach,4
las vegas nightclub,4
oleksandra,4
north atlantic,4
north brunswick,4
bannana,4
ziplin,4
ohio city,4
green bay packer,4
arrang,4
nagoya,4
new  york city,4
inn south carolina,4
nia,4
skon,4
chincoteague island,4
junction city,4
lego city,4
la paz,4
glen allen,4
arazona,4
venetian,4
dreamland,4
nyc park,4
west grand canyon,4
las veags,4
brookyn,4
lansing,4
kayak lake,4
knotts park,4
nadia,4
eyelaah,4
maui,4
cañon city,4
atlántico city,4
famil,4
ctalina,4
orlando island,4
king kong,4
curcus,4
deeptissue,4
nw york,4
kanon,4
san fransicso,4
sedalia,4
shiloh springs,4
l.a.,4
nayarit,4
las vegal,4
kona beach,4
south gate,4
vallarta,4
new orleans boat,4
birginia,4
screamin,4
new york harbor,4
baja beach,4
murfressboro,4
mt creek,4
kati,4
crystal springs,4
n’t park,4
highlights,4
richboro,4
palm mountain,4
laua,4
manatee county,4
redington beach,4
lake village,4
las vegas rooms,4
lattaffa,4
popei,4
afro,4
palm canyon,4
middle island,4
las vegas:,4
long beach beach,4
teranea,4
new york hall,4
litchfield beach,4
santa cruz  beach,4
nickelodon,4
clayton,4
foci,4
sacramento county,4
virgnia beach,4
raccoon island,4
fordyce,4
camden park,4
santa teresa,4
selfie,4
margaretiville,4
rosarito beach,4
greenwich village,4
poppi,4
kanya,4
pawley island,4
south hill,4
greater america,4
williamston,4
kingstown,4
hidden hills,4
los lonely,4
jada,4
costarica,4
san monica,4
santas village dundee,4
mrytel beach,4
the pacific long beach,4
gamepad,4
karokee,4
budapest,4
coloma,4
kingdon,4
propan,4
lawton,4
miami zoo,4
bruchi,4
onlin,4
las veges,4
kareokee,4
north fort,4
san diego boat,4
owa,4
cristela,4
nayara,4
miami river,4
san antonio zoo,4
sedgwick county,4
san francisco air,4
rabbie,4
alcatraz city,4
alterna,4
tont,4
monsterjam,4
handcuff,4
san jusn,4
johns,4
green hills,4
britannia,4
addon,4
ventura beach,4
pentagon city,4
dubois,4
hunan village,4
kysee,4
north ocean city,4
renew york,4
dominica republic,4
vandalia,4
amora,4
myrtyle beach,4
huntington harbor boat,4
koli,4
atlantic county,4
myrle beach,4
diamond beach,4
kingshighway,4
wesconsin,4
los cab,4
jujitsu,4
harbor beach,4
affton,4
europa village,4
palestine,4
mytle beach,4
west orange,4
worth beach,4
santa ana airport,4
costa del sur,4
veitnam,4
blairsville,4
orle,4
new orleans louisiana,4
talahassee,4
portland city,4
lake minnetonka,4
nais,4
volusia county,4
las vegaa,4
ashboro,4
mackinac island,4
los  angeles,4
san barbara,4
ballerina,4
white river,4
alabama beach,4
moon river,4
keensburg,4
park hills,4
inn,4
san  juan,4
asbury park beach,4
172nd,4
raza,4
clyde,4
ashburn,4
nona,4
south plainfield,4
palm city,4
blue mountain,4
livingston county,4
califonria,4
kuoala,4
lithonia ga,4
el reno,4
fort meyers beach,4
calloway gardens,4
bolingbrook,4
la california,4
arden hills,4
cantalina,4
laguana,4
southern hills,4
sana,4
nigaria,4
shai,4
central america,4
santa maria,4
doria,4
saskatchewan,4
african america,4
pacific grove,4
springfield va,4
san diego's,4
sabai,4
las vrgas,4
mount nc,4
taunton,4
penang,4
keratinn,4
niagaria,4
miami jetski,4
mo.,4
pachanga,4
las vegas vacation,4
peterpan,4
tirzepatida,4
sanibel island,4
morton,4
crofton,4
chesterfield va,4
lagoon fest,4
keratene,4
san marco,4
strasbourg,4
33rd street,4
palmerton,4
kaley,4
tenne,4
las vwgas,4
new york avenue,4
manana,4
angelina,4
west la,4
north ridgeville,4
lake michigan,4
odenton,4
holliston,4
the vegas strip,4
ciscus,4
quil,4
ia,4
north haledon,4
the san fernando valley,4
lagoon island,4
waukee,4
animal kingdom park,4
brookfield,4
kidzville,4
minn,4
san diago zoo,4
johnson county,4
san atonio,4
corona,4
marajuana,4
rossville,4
oklahoma state,4
calvert county,4
catalinia,4
perth,4
piermont,4
myrltle beach,4
sea island,4
liberty city,4
milwaukie,4
daria,4
cousin,4
eastern long island,4
concord california,4
sailong,4
yt,4
cherokee,4
dover de,4
bayplaza,4
lemont,4
sandwich,4
garland,4
renton,4
clairemont,4
feria,4
middle beach,4
cordoba,4
taza,4
samuri,4
westhampton beach,4
fort mills,4
union county,4
acadiana,4
neti,4
rehana,4
sunrise beach,4
oais,4
kayak sea,4
kaysville,4
loogon,4
nas,4
glendale,4
san.,4
aventis,4
barry,4
nucci,4
varginia,4
laguan beach,4
south island,4
pargon,4
marroit,4
san salvador,4
larosa,4
plumpton park zoo,4
ramanda,4
m4,4
jamaica beach,4
harbor east,4
chuckee,4
wakiki,4
ko'olina,4
kaanapali beach,4
kipu,4
north houston,4
agoura hills,4
lasvegas strip,4
studio city,4
manchester city,4
northstar,4
buckley,4
el dorado hills,4
ellwood city,4
miami star,4
belmar beach,4
juvia,4
disney beach,4
hyaluronico,4
mississippi gulf,4
oak hills,4
kenton,4
la tours,4
las vegas boulevard south,4
qui,4
moon township,4
las vegas virgin,4
leadville,4
gettysburg,4
san carlos,4
fox island,4
venetian bay,4
mount fuji,4
hickory,4
las vegas cirque de,4
waterville,4
thompsonville,4
alona,4
kuaola,4
pisco,4
carlton,4
clayton island,4
emporio,4
cargos,4
hilsboro,4
sail boat,4
caee,4
honolulu city,4
balleria,4
kauai island,4
ellis island tour,4
lahaska,4
pamama city beach,4
new orleans la,4
marajana,4
blue moon,4
newportbeach,4
paria,4
oahu island,4
rockaway beach,4
bay village,4
ravioli,4
biloxi,4
sausalito,4
laughlin nevada,4
wisconsin rapids,4
ikebana,4
kirksville,4
theraly,4
miami dade county,4
rye beach,4
grand marais,4
highland hills,4
scottland,4
livingston,4
luxembourg,4
north chicago,4
merrillville,4
ponce city,4
virgia beach,4
ocen city,4
glen mills,4
freemont,4
valdosta,4
webster,4
dustpan,4
braemar,4
erchonia,4
nassau island,4
dominican republic puerto,4
franki,4
panamá city beach,4
symerna,4
anna marie island,4
madison county,4
hapeville,4
singh,4
driveway,4
millsboro,4
dedham,4
boston harbor city,4
citi,4
acapulco,4
bridgeville,4
miami bay,4
arviv,4
windows11,4
las vegasa,4
regas,4
chlitina,4
centreville,4
san antonion,4
elk city,4
waterloo iowa,4
bavaria,4
aransas beach,4
f.p.,4
08831,4
miami airport,4
tian,4
fango,4
usa beach,4
aaahhh,4
ocean village,4
west ridge,4
binaca,4
las veas,4
metro,4
fort erie,4
catlina,4
herman park,4
miami key west,4
anitas,4
jupiter island,4
cavea,4
cheltenham,4
ada,4
san martino,4
la india,4
west island,4
maco,4
amys,4
miami south,4
rudi,4
las vegas slingshot,4
hatsfield,4
cheddar,4
whatzup,4
marjuania,4
toudaotang,4
apex rock,4
tripoli,4
charleston beach,4
winnepesaukee,4
vail,4
cancun city,4
millennium park,4
belgrade,4
mesquito,4
baan,4
filippi,4
newengland,4
chuckwagon,4
las vegas weekend,4
rohoboth beach,4
sancho,4
happys,4
cheyenne mountain zoo,4
conan,4
ottawa city,4
turkey creek,4
amherst,4
bostonn,4
north  carolina,4
inn lake buena,4
chester county,4
andrettis,4
mckenna,4
booba,4
boyton beach,4
edisto beach,4
san diego  zoo,4
wavea,4
myrtle beach beach,4
zionsville,4
canfield,4
dillsburg,4
ophelia,4
visia,4
indian hills,4
bayfront park,4
detroit city,4
missisippi,4
pennsacola,4
madiera beach,4
jura,4
new orleans air,4
las vegas old,4
north valley,4
volusia,4
swdona,4
bellmont park,4
calaveras county,4
the east coast,4
nickle city,4
los lobos,4
secret beach,4
las vegas boulevard,4
stayton,4
flotida,4
central coast,4
las vegas cirque,4
fernadina beach,4
las vegas sign,4
tineco,4
quikpark,4
brenson,4
ariana,4
cypress,4
las vegas vegas,4
nailbar,4
south tampa,4
justyling,4
assateague island,4
verona,4
marrietta,4
edison park,4
marriot harbor beach,4
musica,4
pacific edge,4
feelin,4
south georgia,4
west city,4
maelys,4
pima county,4
san diego harbor tour,4
wake island,4
waldorf,4
piggy,4
kodiak,4
mav,4
tel aviv,4
cancun,4
los angeles beach,4
aqautica,4
concerta,4
hockessin,4
salt city,4
ocenfront,4
vegas nevada,4
vatican city,4
romania,4
kasas,4
sugarcreek,4
akron,4
san anthonio,4
chay,4
hartford county,4
south padre island beach,4
soma,4
manitou springs,4
jersey,4
kimchi,4
owings mills,4
aviana,4
tampa beach,4
picchu,4
camden county,4
broccoli city,4
illinois river,4
birthmark,4
asian island,3
abington,3
solano beach,3
las vegas fremont,3
north california,3
long island beach,3
tan republic lebanon,3
las vegas eiffel tower,3
la vie,3
san antinio,3
millington,3
floridia,3
san didgo,3
las vegas usa,3
san luis obisbo,3
la salsa,3
sanya,3
tampa bay bucs,3
myertle beach,3
la verne,3
braunfels,3
washigton,3
jael,3
la tour,3
oferta,3
klein,3
helton,3
madera beach,3
albany county,3
macomb county,3
crystal creek,3
gattlinburg,3
jersey beach,3
hotels carolina beach,3
newport bay,3
fort waltham,3
r.i,3
go city,3
marlin,3
mass bay,3
folley beach,3
san anonio,3
jacksboro,3
ocean city baltimore,3
pnc park,3
baja mexico,3
buckeye,3
south san jose,3
minessota,3
nova york,3
winnsboro,3
stick city,3
elk rapids,3
halima,3
rado,3
and3rd,3
marjan,3
santa  cruz beach,3
eagle beach,3
el dorado county,3
tampa  bay,3
kentucky lake,3
las vegas',3
bosnia,3
kennebec river,3
lake george boat,3
cranston,3
myrtke beach,3
sensoria,3
la brea,3
jand,3
hersheypark,3
alham,3
ankeny,3
remington,3
west 44th street,3
chisago city,3
sail,3
mimami,3
san diegio,3
georgia city,3
grove city,3
catina island,3
marriott atlantic city,3
new moon,3
runa,3
housee,3
stephen city,3
eyelash strip,3
kybela,3
placerville,3
sugar creek,3
rapid city,3
pogo,3
sarasota bay,3
west monroe,3
preflight,3
maxima,3
neosoma,3
san cristobal,3
hotrl,3
santa village dundee,3
germantown,3
anjoli,3
novelle,3
cham,3
sessanta,3
macau,3
méxico,3
west 34th,3
mirimar beach,3
nj\,3
lambertville,3
new buffalo,3
montegobay,3
willmington,3
galapagos island,3
jordan lake,3
east beach,3
las veegas,3
lagunas beach,3
jakarta,3
folrida,3
hannibal,3
puglia,3
san bernandino,3
marriott village,3
pineville,3
statium,3
no.4,3
white lake michigan,3
hallandale beach,3
gaylord,3
ball park,3
kalākaua,3
the bay harbor,3
microsoftword,3
extensionn,3
camtasia,3
fina,3
trampoline park slidell,3
cavas,3
avea,3
varanda,3
huoston,3
dermamelan,3
san antonio day,3
barboursville,3
aledo,3
moon yoga,3
granville island,3
bikram,3
flagler beach,3
miami kendall,3
san franscio,3
clifton heights,3
kaki,3
mchenry county,3
mount everest,3
coshocton,3
log beach,3
kingdom greenville,3
fort walton,3
crest hill,3
jessi,3
elmendorf,3
hurley,3
dillsboro,3
harbor bay,3
winter park,3
alanta city,3
memoria,3
méxico city,3
north pearl,3
galveston park,3
danielle,3
vistana,3
las vegas nightclub crawl,3
meineki,3
viriginia beach,3
narragansett,3
chickie,3
lagoonn,3
oconto county,3
san diego balboa park,3
prince edward island,3
a1a beach,3
west chase,3
satasota,3
san antonio  tx,3
waukesha county park,3
franklin park,3
south point,3
michellin,3
dauphin beach,3
levo,3
phenix city,3
berlin germany,3
102nd,3
atl city,3
truist park,3
san francisco 49ers,3
emerald island,3
hartsfield-jackson,3
kentucky kingdom theme park,3
healy,3
northcarolina,3
berks county,3
permanent beach,3
thyme,3
puerto planta,3
spin city,3
franklin tn,3
owa park,3
san diego jetski,3
norfolk city,3
santa catalina island,3
west 45th street,3
lashbar,3
kuala lumpur,3
coasta rica,3
miramar beach golf,3
seiverville,3
nantasket beach,3
myrtlr beach,3
las vegas kayak,3
peachtree city,3
jiffey,3
dominican republic package,3
n zone,3
mertyle beach,3
dinoland,3
angela,3
las vegas harry,3
xiami,3
los angelo’s,3
west virgina,3
ohai,3
litchfield county,3
ameristar,3
coast beach,3
broadway,3
depilacao,3
tualatin island,3
las vegas dinner,3
bourbonnais,3
juno,3
weighr,3
new york empire,3
las vefas,3
west wood,3
paradice beach,3
prytania,3
comlumbia,3
china city,3
la springs,3
owynn,3
niara,3
livr,3
camara,3
libertiy,3
huntington park,3
new jersey boat,3
north ocean,3
pleasant beach,3
hill,3
ab,3
marsh creek,3
andalusia,3
dezerland,3
perc,3
london city,3
cheapo,3
withun,3
tutoria,3
cici,3
atlanta park,3
kalharia,3
la copa,3
boston harbor island,3
del rio,3
peermont,3
longmont,3
kenjai,3
kenalog,3
northdale,3
luna beach,3
new orleans -hotel,3
las vegas pub,3
pikesville,3
non virginia,3
newwark,3
msrijuana,3
la quinta,3
micrcosoft,3
half moon cay,3
la luna,3
hummingbird,3
nona park,3
las va,3
mulberry hills,3
katalina,3
los lagos,3
corel,3
beaver county,3
jade east,3
z,3
beverly ma,3
leviton,3
hunterdon county,3
las vegas shark,3
conga,3
kravitz,3
baia beach,3
ewe,3
windsor hills,3
villarta,3
osha,3
multi park,3
manfield,3
altanta city,3
katalina island,3
north ridge,3
san diego air,3
surfside beach,3
brazillisn,3
fort east,3
lenoir city,3
sanfransisco,3
kartplex,3
la vidorra,3
sharis,3
puerto escondido,3
san antonio boat,3
dodge city,3
beckley,3
sosua dominican republic,3
los loney,3
wheaton,3
photog,3
rápida,3
gorgia,3
tung,3
powhatan va,3
eyelash extension,3
north pole,3
san framcisco,3
san francsico,3
lithonia georgia,3
cosmedica,3
nice,3
morpheus‑8,3
murtle beach,3
illinois beach,3
chrysalis,3
bahamas island,3
truckee,3
iphone15,3
hammonton,3
swanya,3
bronx county,3
las vegas luxor,3
san diego pier,3
tirana,3
madison beach,3
weekee,3
west ashley,3
powell,3
supermario,3
napleton,3
m.d.,3
kingdom splash,3
msnhattan,3
arabia,3
gibsonton,3
fll beach,3
black canyon,3
fort mill,3
lake district,3
sanchos beach,3
semigl,3
south charlotte,3
airbnb beach,3
atlantic city beach,3
krasa,3
san angelo,3
hapton,3
saudi arabia,3
dawson,3
westpalm beach,3
san bernadino,3
newport besch,3
altru,3
las vegas brazilian,3
carribean beach,3
oceanside beach,3
aquatica water park,3
metal beach,3
daleville,3
lady carolina,3
san deigo beach,3
cali colombia,3
southeast asia,3
valdemar,3
medsa,3
morris county,3
huntville,3
evara beach,3
bay,3
charlotte south carolina,3
epat,3
village beach,3
hungtinton beach,3
nasrin,3
washington county,3
cacos,3
dr.g,3
medicalmarijuana,3
cozumel,3
tropical beach,3
los lunas,3
oak brook,3
perdito,3
bingo,3
lanesboro,3
127th,3
springboro,3
gunston,3
south ponderosa,3
yasmin,3
jimjilbang,3
san juan islands,3
scuba,3
h2oh,3
kahuna destin,3
sharon,3
san fernando valley,3
majestic beach,3
xtramile,3
san  francisco,3
sarpino,3
west palm beac,3
irving,3
alba,3
momcozy,3
amazona,3
casitas,3
smith island,3
treatmenta,3
new england area,3
fort w,3
mexicao,3
dluxe,3
swv atlantic city,3
cellfina,3
pensylvania,3
newport beaxh,3
monmouth park,3
palm coast,3
mt shasta,3
124th,3
galina,3
pizzeria,3
for2,3
filioli,3
north kansas city,3
libia,3
manhatten beach,3
maddsge,3
ok city,3
napali,3
bundt,3
eliana,3
puerto plata dominican republic,3
hermiston,3
diana,3
funn,3
hotels vegas,3
ypsi,3
rock island,3
matsuri,3
parrott island,3
pennsacola beach,3
las vegas monorail,3
novara,3
bullhead city,3
arlinton,3
la paz baja,3
oceana,3
san diego hotel,3
luba,3
node,3
po,3
tellico,3
broward county convention,3
smithfield,3
ponce,3
east moon,3
arrangemenr,3
kindred,3
west 15th street,3
london county,3
thrill park,3
yorkie,3
mason,3
inn virginia beach,3
mustang island,3
verginia beach,3
reaorta,3
las vegas  ,3
kakes,3
jesup,3
keauhou,3
m3 rock,3
maui beach,3
babylyss,3
airbn,3
nationa,3
ames,3
novas,3
buety,3
serbia,3
beaver creek,3
volbela,3
coma,3
kalieba,3
vista,3
naan,3
south lyon,3
afton,3
santa claus,3
casbah,3
wayland,3
animal kingdom lodge,3
mt dora boat,3
fatona,3
arris,3
beautyville,3
buckingham,3
deerfield,3
red river,3
new york jfk,3
irvington,3
rexburg,3
hidden,3
marriott virginia,3
samauri,3
125th,3
west 32nd street,3
galway ireland,3
philladelphia,3
la vitta,3
villa park,3
l.a. county,3
san,3
stone mountain park,3
darrin lake buffalo,3
jiffy,3
hanami,3
altura,3
atlanic city,3
myryle beach,3
polaris,3
las fegas,3
marina del rey,3
maribu,3
morikami,3
jupiter area,3
florsia,3
ipamorelin,3
pennsylvannia,3
south haven,3
ri beach,3
masaa,3
bqe,3
miami scuba,3
otaku,3
jaco beach,3
abuela,3
rona,3
g9,3
park beach,3
aloma,3
lodging beach,3
crystal river manatee,3
bsgs,3
karis,3
san fransisco bay,3
kanapaali beach,3
pll,3
macchu,3
montego,3
san genaro,3
canyon lake boat,3
las vegas rail,3
kingsland,3
skylight,3
adams county,3
waistband,3
middle west,3
lauglin,3
oragon,3
palm beach galveston,3
"sam""s",3
green bay wi,3
jersey village,3
kington,3
liberty island,3
capital hill,3
maverick city,3
myrlte beach,3
sussex county,3
caledonia,3
vistan,3
santa bárbara,3
miami  airport,3
liuyishou,3
san francisco academy,3
nclex,3
west dover,3
100ah,3
hong kong airport,3
oahu circle island,3
cun mexico,3
offerta,3
grand america,3
honeywood,3
brazilinan,3
fox river,3
prp,3
salado,3
cannan,3
esteticos,3
san marino,3
republics,3
jardin,3
deep creek lake,3
kolina,3
us beach,3
los angeles:,3
rohobeth beach,3
burtonsville,3
blessington,3
northern va,3
austrailia,3
last vegas strip,3
west union,3
bono,3
syngenta,3
mandolin bay,3
sunny island,3
linfático,3
pawley,3
springvalley beach,3
tybee beach,3
kenora,3
west sacramento,3
rubber beach,3
troutman,3
spring city,3
best bay area,3
las vgas,3
st beach,3
mitsuba,3
tastebuds,3
amelia island river,3
alden,3
aquatica park,3
chicgo,3
pete beach,3
orladno,3
houaton,3
whipp,3
memorbilia,3
nuremberg,3
san ynez,3
north san diego county,3
rocklin,3
syria,3
mindset,3
east greenwich,3
san diego',3
frdricksburg,3
rolesville,3
wrightville beach,3
san antoino,3
africa park,3
harpursville,3
dria,3
san francico,3
redmond,3
smokie mountain,3
dod,3
reston,3
erie beach,3
pennslvania,3
pittsburgh city,3
fenwick island,3
beverly beach,3
salishan,3
alamo heights,3
disney california,3
tolovona,3
kimura,3
oak creek canyon,3
obrien,3
chamos,3
kissimeme,3
hawaii city,3
cumberland island,3
fort lauder,3
meaw,3
machado,3
smurfs,3
mo city,3
louis city,3
icacos island,3
sakt,3
bahama beach,3
kuts,3
xrp,3
isla beach,3
hilauronico,3
bahamas beach,3
san diego tour,3
ushio,3
h2o island,3
pearl island,3
tottenham,3
arizona city,3
middleton,3
tspa,3
xiang,3
ludington,3
shepards beach,3
anuli,3
jenson beach,3
vita beach,3
okaloosa county,3
medora,3
multi city,3
xpedia,3
soluna,3
south broward,3
cona,3
maurijuana,3
mclean,3
la go city,3
caracas,3
las vegas boat,3
mt kisco,3
hapton beach,3
allen park,3
yani,3
bowli,3
san padre,3
rehobeth beach,3
safari park,3
pontoon lake,3
stinson beach,3
buffalo cigar,3
ayana,3
sardinia,3
perrysburg,3
katamaran,3
shorea,3
qdoba,3
catelina island,3
romada,3
gildan,3
bethleham,3
karitan,3
stonehedge,3
rocket city,3
orego,3
sunshine,3
madeira,3
qsauna,3
la botte,3
albemarle,3
hickor,3
arnolds park,3
las vegas hotel,3
il,3
island lake,3
lagoland,3
arica,3
eva beach,3
eagle island,3
san fransisco airport,3
xela,3
bay jamaica,3
bennington,3
mariuana,3
harbor island,3
yanni,3
fotoma,3
apostle island,3
la beach,3
canana,3
prague,3
inn atlantic city,3
dupage county,3
amsterdam city,3
rehoboth beach delaware,3
vacunas,3
pelican beach,3
flórida,3
catallina,3
vitginia beach,3
150cc,3
csaba,3
dada,3
miami yacht rental,3
juvderm,3
the dark atv,3
strip district,3
dalstrong,3
east nyc,3
arziona,3
england ireland,3
the mississippi river,3
salzburg,3
west verginia,3
grande beach,3
colorado rapids,3
oston,3
cumberland,3
funland,3
va.,3
latin america,3
kane county,3
east hills,3
cozumel beach,3
new orleans:,3
rigdon,3
grand moon,3
cypress california,3
pine hills,3
blowing rock,3
soak city usa,3
arixona,3
cortona,3
palmilla beach,3
wendela,3
black hill,3
adventureland park,3
heston,3
east providence,3
rocky city,3
tuscumbia,3
nyc lunch,3
navare beach,3
west baden,3
morettis,3
cinnamark,3
louis park,3
las vegas canyon,3
mount olympics,3
west ocean city,3
san diego rock,3
claudia,3
edina,3
johannesburg,3
west yarmouth,3
eden,3
motoamerica,3
kohana,3
margate city,3
las vigas,3
kaanapoli,3
san genarro,3
kuhana,3
santa cruz train,3
cristina,3
holmes beach,3
las vegas horseback,3
thai moon,3
orlando lake,3
white beach,3
north orange county,3
st.petersburg,3
oooo,3
purcellville,3
south carolina beach,3
vacationn,3
mercer county,3
orlnado,3
cozemul,3
long beach island,3
xeomin,3
manhua,3
neew york city,3
brittania,3
safaris,3
winnebago,3
calverton,3
rhoad island,3
blin,3
el camino,3
california city,3
allē,3
joli,3
inn.,3
texas beach,3
reek,3
santa risa,3
castleton,3
loma,3
alamo,3
lunar park,3
polygon,3
kyaks,3
west gate river,3
foli,3
circonia,3
poipu beach,3
nicholasville,3
west minister,3
del city,3
west linn,3
dade county,3
i.v. drip,3
coney island luna,3
jenkintown,3
kendyl,3
46th street,3
halston,3
airo,3
testosterona,3
usa,3
west texas,3
show vegas,3
palm city beach,3
bay harbor,3
bethany,3
jeckyll island,3
san iego,3
avana,3
cedar park,3
ndulge,3
jinga,3
monogram beach,3
east carolina,3
perryville,3
couple beach,3
the virgin islands,3
eatonton,3
inn grove city,3
renisance,3
lavonia,3
plaza beach,3
sturbridge village,3
maroon,3
siler city,3
ceramica,3
la river,3
san luis obispo county,3
new hampshire beach,3
piston,3
carolinian beach,3
dutch village beach,3
marin county smog,3
las brisas,3
west 65th street,3
ocesn city,3
manati,3
bluemont,3
marj,3
san francisc,3
north creek,3
orlando magic,3
oaxaca mexico,3
san antonio:,3
dolphinaris,2
eastern iowa airport,2
africa zoo,2
mount olympic,2
sevier county,2
taliesan,2
lawndale,2
powhatan resort,2
botánica,2
birmigham,2
skagit county,2
nacl,2
san diegowhale,2
netura,2
washington d.c,2
página,2
sulis,2
new jersey a.c,2
san juquinto,2
glen island,2
star city,2
san antonnio,2
clark,2
cocco beach,2
croton,2
jerky island,2
san diego hornblower,2
lake creek,2
grand canyon east,2
marijuan card,2
honoluku,2
miami children’s,2
triangle rock,2
farmville va,2
south el monte,2
tarta,2
orange county beach,2
hwy6,2
slalsa,2
bogg beach,2
harmonia,2
las vegas birthday party,2
nokomis beach,2
san fran cisco,2
e.a,2
margheritaville,2
hotel lynchburg va,2
cypress springs,2
inn portland,2
oxford,2
sixfla,2
insignia,2
palms beach,2
malina,2
west hampton beach,2
alchohol,2
burnville,2
south  beach,2
san diego baseball,2
80th street,2
avondale,2
paco,2
san andres island,2
rosmont,2
fort lauderdale's,2
nahsville,2
husdon river,2
stereophonic,2
seacrest beach,2
martinsburg,2
san luis hotel galveston,2
kingdom orlando,2
egan,2
wynona,2
urania,2
manhattan boat,2
cap city,2
canyon beach,2
chriatmas,2
alomar,2
south philadelphia,2
prusia,2
teen,2
fransico,2
você pode,2
south maui garden,2
l city,2
hotel carolina beach,2
west wichita,2
north charleston south carolina,2
magaly,2
gainesville,2
west river,2
north plainfield,2
west rim grand canyon,2
jimthorpe,2
jabberwocky,2
nisha,2
drais beach,2
winnapaug,2
mictodoft,2
concinnati,2
las vegas cosmpolitan,2
skyris,2
klickway,2
vertuccio,2
las vaga,2
pelican hills,2
ominia,2
mount park,2
farmland,2
bowling columbia,2
bay st.louis,2
la colonia,2
herndon,2
atlantiv city,2
lego beach,2
newe york,2
fort edward,2
niceville,2
hotell,2
new york city:,2
kidsparks,2
metro west,2
duluth,2
lago,2
la princesse,2
jericho drive,2
kayak crystal river,2
oldsmar,2
panama beach city,2
inn waterpark,2
lake murray,2
st.pete,2
new york',2
san diego birch,2
me'd,2
minnewaska,2
manta bay,2
rocky mountain park,2
massaggi,2
palm beach day,2
fort pierce beach,2
yacht south beach,2
oversaw,2
ketamin,2
77th,2
northern jersey,2
freedo,2
melasia,2
elk county,2
east coast beach,2
new orleans steamboat natchez,2
cherokee county,2
zeventa,2
xeogon,2
yang,2
06460,2
miami gym,2
nebraska city,2
osage beach,2
watsonville,2
indianda beach,2
new orleans air boat,2
inn long beach,2
islnd,2
santa cruz  board,2
north street,2
onslow county,2
san diego buffet,2
majijuana,2
marijyana,2
req,2
4th street,2
missiouri,2
vittoria,2
las tint,2
earmuff,2
jabbawockeez,2
el portal,2
vadnais heights,2
liza,2
grand canyon river,2
pavia,2
shunda,2
hobart,2
roami,2
el,2
piedmont,2
cocomelon,2
tutela,2
big kahuna,2
crystal lake golf,2
mhilton,2
keratine,2
new jersey usa,2
xina,2
keeton,2
advada,2
moon dog,2
princeton nj,2
oahu beach,2
district.boston,2
n.y.,2
jamestown,2
pannama city,2
warlord,2
cordova,2
burleson,2
oak bay beach,2
los ang,2
t.w.,2
san francisco honey,2
southington,2
lectric beach,2
branson city,2
songbird hills,2
san diego marina,2
kibela,2
catalalina,2
navona,2
disnesyland,2
frisbee,2
east asia,2
makinaw island,2
yessi,2
sfo city,2
vikki,2
solano county,2
artisia,2
uk break's,2
rnv,2
island kingdom,2
shipwreak island,2
kerittan,2
flowet,2
saam,2
foilfx02,2
san joae,2
jupiter  beach,2
primos,2
franklin county,2
southeast asia street,2
ramporama,2
vada,2
new orleans rooms,2
san gabriel venus,2
vallero,2
boatmiami,2
arcade city,2
tour orleans,2
birdsboro,2
hyaluronan,2
ostrich beach,2
garden grove,2
damajagua,2
russian river area,2
indu,2
ney york,2
mariju,2
alabama gulf coast zoo,2
dutchman,2
hyaluran,2
blackston,2
waite park,2
honalu,2
dragon city,2
zig-e,2
san joaquin county,2
dexa,2
catalina island buffalo,2
bonita beach,2
alanctia city,2
bedford hills,2
pier88,2
las vegas south rim,2
jell,2
wet rentals,2
east lake,2
square jersey city,2
san jose sharks,2
joesph,2
las vegas west rim,2
deana,2
san feancisco,2
las vegas ferris,2
hilton island,2
battlecreek,2
la vogue,2
puerto rican,2
allignme,2
wendover,2
mckennas,2
himton,2
new orleans day,2
stefanina,2
lego,2
kayak key west,2
north new jersey,2
hsur,2
yonghang,2
houghton lake,2
cleanze,2
owego,2
kalheri,2
hunnington beach,2
kidkraft,2
marina beach,2
anericas,2
oak ridge,2
mullica hill,2
africa sedona,2
valley park,2
kailua beach,2
west atlantic,2
vancover,2
trattoria,2
marriott columbia,2
san diego horseback,2
denham springs,2
mo golf,2
serra,2
san francisco b12,2
jacksonvillle,2
pittsburgh river,2
amman,2
manhattan east,2
san franxisco,2
doordash,2
lad vegas,2
carraba,2
ks city,2
tropicaba,2
mill park,2
chemdry mokena,2
founatin,2
iraq,2
mt vernon,2
inn myrtle beach,2
deliberville,2
herenando beach,2
paddington,2
aden,2
san anotnio city,2
shulenburg,2
wyhdam,2
alberto,2
cotton beach,2
la golf,2
sage hill,2
williams,2
imperial beach,2
strongsville,2
colonies,2
miagara,2
vilano beach,2
zig-e’s,2
san luis abispo,2
north philadelphia,2
fort lauderd,2
nuero,2
millia,2
profilho,2
barsha,2
myrth beach,2
catalin,2
hernia belt,2
mcgaheysville virginia,2
brandenton,2
maes,2
west park,2
moun,2
sugar beach,2
west cobb,2
soak city park,2
santa cruz brach,2
natraj,2
ɓranson,2
swimmng,2
eaton,2
khyi,2
olympic park park city,2
meimei,2
squba,2
koya,2
haven city,2
bamberg,2
middleburg heights,2
la angeles,2
panam city,2
mariujana,2
saverna,2
baloonn,2
karinas,2
san fransi,2
san mareo,2
lithuania,2
costa rixa,2
bay hills,2
san francisco smog,2
arundale county md,2
moami,2
roxboro,2
oak bluff,2
sylvania,2
lewes beach,2
las vegas strip pool,2
las vegas gran,2
san diego air port,2
santa beach,2
botana,2
hinckley,2
south city,2
pennyslvania,2
san diego zafari,2
remivaly,2
san lucas airport,2
santa  barbara,2
boho beach,2
johns island,2
hotel york,2
san de,2
wmog,2
north salt lake,2
miami-dade,2
salt lake boat,2
las vegas gondalas,2
joybay,2
southampton,2
west lake park,2
las   ,2
duckbus,2
las vegas park,2
brailian,2
liquavida,2
fillin,2
m.s. dixie ii,2
marriott virginia beach,2
griffth,2
new york jfk airport,2
les vegas,2
rollin,2
el mexico,2
lagna beach,2
orange village,2
yankee,2
galvaston,2
las vegas smog,2
concela,2
pangolin,2
natahala,2
tati,2
pcb beach,2
genesee county,2
xrteme,2
fortwalton beach,2
largo beach,2
ellicot city,2
bladehq,2
san andreas,2
korona,2
jfk,2
saint louis city,2
stark county,2
las vegas little,2
hewport beach,2
las vegas night,2
romona,2
san antonio city,2
bcrn,2
myrlet beach,2
seedo,2
nashbille,2
san antonio aquatica,2
tropitan,2
pacific gardens,2
west canyon,2
knotts sock city,2
forona,2
pedica,2
new england revolution,2
golden island,2
spira,2
orland hills,2
las perlas,2
las angeles city,2
j.a.,2
ark encounter,2
jenison,2
decloedt,2
west 43rd,2
new jersey old,2
costway beach,2
surf city inn,2
new york city upper east,2
tennsee,2
wolfe,2
portab;e,2
arcuri,2
panama city bech,2
las vegas drag,2
deroit,2
kinton,2
tuxedo rentals,2
dc,2
salt springs,2
nichole,2
hanan,2
boxford,2
huntington beach buggy,2
nanki,2
wyndham atlantic city,2
coney island park,2
calafornia,2
costanera,2
sprklr,2
nyc farry,2
melaysia,2
flati,2
skyzond,2
geotgia,2
camle beach,2
kimgs island,2
automotiv,2
sslin,2
valentina,2
bioma,2
new york,2
marjunna,2
madira beach,2
miami golf,2
manor beach,2
maine beach,2
alki beach,2
boiada,2
h20bx,2
dowton,2
flort,2
us bank,2
ialy,2
miami treetop,2
wake county,2
zoo columbia,2
lynn,2
idina,2
cowbot,2
la epic,2
alitalia,2
mckay,2
kickstand,2
vacationa,2
marina park,2
jump park,2
marinn,2
wotld,2
dingo,2
winston salem dash,2
golden,2
xi'an,2
san ramon golf,2
new delhi,2
copland,2
activia,2
marylin,2
mystrey,2
orlando waterpark,2
san juan marriot,2
indiannapolis,2
centennial park,2
aluna,2
osaca,2
vargas,2
mandala beach,2
bellewaerde,2
iroquois,2
panamá city,2
cuyuna,2
san diego dinner,2
rtgx01,2
santa moica,2
sparran,2
durham city,2
clivia,2
lanier beach,2
sirara beach,2
ontario lake,2
dog kong,2
alabama state,2
la  county,2
orang county,2
meowtropolitan,2
iluminati,2
oil\,2
wet republic,2
blanca beach,2
bantana,2
jekyl,2
la svegas,2
mount asia,2
hollywood vegas,2
west conch,2
guatemala city,2
port angeles,2
overton,2
hexx,2
kidszania,2
ashland hills,2
san francisco zoo,2
vaughan,2
williamsberg,2
woodland hills golf,2
barcolona,2
midlothian,2
san diego bayside,2
kissami,2
iisland,2
mystica,2
beuno,2
resina,2
vizcaya gardens,2
south maui gardens,2
san santonio,2
p,2
ohou,2
west lebanon,2
aqauria,2
fredicksburg,2
park park,2
san diego para,2
las angelas,2
statan island,2
gujarat,2
linton,2
smith village,2
ldv beach,2
el aeropuerto,2
beatifica,2
west pam beach,2
nanoblade,2
sheridan,2
volente beach,2
las vegas micheal,2
margaritas beach,2
walnut hill,2
shelac,2
hong fu,2
vaginia beach,2
halong bay,2
glaveston,2
drayton,2
wyndham lake,2
xobx,2
west oahu,2
miami yatch,2
angola,2
illinoi,2
inn virginia,2
arozona,2
maraton,2
magenta,2
south padre beach,2
central europe,2
jungle gardens,2
san diegohop,2
esthician,2
la rochelle,2
marriott city,2
la  canada,2
myrytle beach,2
soay,2
owensboro,2
heresy,2
naza,2
adventure island,2
corpo,2
cinapolis,2
tampa rock,2
piscina,2
schroon lake,2
rocky mountain hormone,2
lone mountain,2
faci,2
richmond city,2
freestyle beach,2
northern bay,2
mirthle beach,2
hawail,2
new york airport,2
cod beach,2
jororo,2
northampton county,2
halfmoon,2
broadway tire,2
winipiskia,2
mississippi state,2
atlantic ocean,2
canidae,2
runya,2
kansaa city,2
murtel beach,2
susanville,2
leapord,2
new river atv,2
beaxh,2
franconia,2
huntington harbor,2
flat rock,2
maría beach,2
winston lights,2
execl,2
washong,2
catalian island,2
street beach,2
aquafina,2
sail island,2
fort meyer,2
chattahoochee river,2
white rapids,2
horsebakc,2
tarkington,2
miska,2
prince,2
taledo,2
nail,2
madhuri,2
santa marta,2
pacífica,2
united states of america,2
pearl,2
mirror lake,2
sarnia,2
maytal beach,2
analy,2
paddy,2
seven7,2
santa monica hotels,2
new brunswick,2
santa fe,2
37th street,2
mommouth county,2
west 50th,2
tupelo,2
forrest city,2
russo,2
vegas rock,2
la cita,2
anki,2
netherland,2
hansard hills,2
civitavecchia,2
canyon vegas,2
sea beach,2
west long,2
caly,2
slik city,2
st petersburg,2
hyfo,2
salt lake city city,2
asia pacific,2
la chi,2
martin county,2
san francisco harbor,2
sierra,2
waikola village,2
ameela,2
chino hills massage,2
aloha,2
sender city,2
siam park,2
huntingon beach,2
carolina harbor,2
kc,2
diane,2
gatlenburg,2
junea,2
joico,2
yessenia,2
big rock,2
san sabastion,2
wood beach,2
decorah,2
cavendish beach,2
nunn,2
slo county,2
bigkahuna,2
teepe,2
campbellsville,2
san diego  sea,2
ironton,2
salt lake river,2
salana beach,2
new york broker,2
boca raton,2
height beach,2
conway ark,2
catharine,2
abbeville,2
n.y golf,2
bowling york,2
statin island,2
columbus city,2
kevo,2
newport coast,2
west sandbar,2
north conway,2
america minneapolis,2
cannobie,2
healsburg,2
oramge beach,2
oliveira,2
sandford,2
custom beach,2
japonica,2
hong massage,2
kuno,2
forest beach,2
terceira island,2
luckylad,2
azerbaijan,2
milwaujee,2
va. beach,2
ocran city,2
chesapeake bay,2
wasbasha,2
restaly,2
colin,2
kingdom lake,2
magic island,2
city24,2
ashiatsu,2
park,2
stl,2
neq york,2
owosso,2
santa salt,2
dauna,2
body20,2
circas,2
monroe county,2
newbury,2
lsd vegas,2
khoobsurat,2
lania,2
tarara,2
willimasburg,2
la qunita,2
yxl,2
annopolis,2
mars hill,2
yoli,2
coney island beach,2
east berlin,2
foton,2
hudson river comfort inn,2
san tan valley az,2
woodmont,2
ormound beach,2
honoluli,2
w/,2
logon,2
nta,2
laz vegas,2
uss york,2
naupaka,2
san juan beach,2
york city,2
benton harbor,2
suppa,2
eagle bluff,2
loing beach,2
homefield,2
mount saint,2
westvirginia,2
aril,2
west creek,2
amada,2
mayne island,2
loudoun county va,2
arlington virginia,2
cannatan,2
floria,2
elizabeth,2
sterlin,2
n,2
san deigo zoo,2
contur,2
rocky creek,2
muna,2
knottsbury,2
smart city,2
marinia,2
fort worth city,2
monroe township,2
dealy,2
minato,2
l.a,2
san antnio,2
laza,2
jasper,2
bandon,2
antonia,2
miami south  beach,2
bedford,2
kavahana,2
masrijuana,2
step1,2
port aransas,2
playa beach,2
cozumel island,2
93711,2
techstream,2
north brook,2
jacl,2
nee jersey,2
park33467,2
clear beach,2
misssouri,2
bleu,2
san joas,2
arithtis,2
westconson,2
portsmouth,2
simpsonville,2
alemeda county,2
middlefield village,2
trak,2
west rim tour,2
fort pontchartrain,2
north potomac,2
clemeton,2
dermalogica,2
indinapolis,2
kuhuna,2
koreaan,2
reawaken,2
nnew york city,2
kennth,2
rhodesia,2
sand beach,2
blue mountain village,2
zenya,2
trolley nyc,2
chigaco,2
big island green,2
collin county,2
south asia,2
waimea beach,2
portofino island,2
santa carla,2
west liberty,2
columbia park,2
notaly,2
mahayana,2
hyde park,2
cedar creek lake,2
san jan,2
abingdon,2
doubletree beach,2
africa lion,2
typhoon,2
duvalle,2
enterta,2
zana,2
taampoline park,2
sur carolina,2
oakley,2
hontoon island,2
zig,2
san antonio's,2
animal kingdom amusement park,2
sheeran,2
cinema york,2
san diego h20,2
san antoniio,2
tan republic salem,2
n.w,2
kaufman,2
walnut creek montecatini,2
horsebacl,2
nataly,2
aventura,2
asheboro,2
panama city beach beach,2
west salem,2
sanibel island beach,2
ipll,2
us virgin islands,2
glen,2
brazeiro,2
adrianas,2
queensbury,2
grass,2
panana city,2
aporta,2
frizzy,2
keri,2
marietta,2
bew york city,2
new jork,2
manhattan west,2
kerlin,2
new rock city,2
maspeth,2
port orleans,2
nanoplasia,2
alamo city,2
mount fireplace,2
koha,2
la taberna,2
ballonn,2
mimsoa,2
tropciana,2
morganford,2
sear,2
nyc ellis,2
los tres,2
temple,2
lucas,2
ventura harbor,2
black canyon river,2
san  antonio,2
vida,2
brancos,2
greenville south carolina,2
tothbrush,2
rivera beach,2
macdade,2
beautica,2
estonia,2
adina,2
oaklahoma city,2
tour,2
santa barnara,2
fort atkinson,2
latino beach,2
millonario,2
bayside island,2
el pasl,2
kopec,2
los gatos winery,2
anaconda,2
las v3gas,2
las vegas date,2
central california,2
lincoln county,2
orange  county,2
mpls spas,2
olomouc,2
south branch,2
i.t.,2
rodeos,2
pas vegas,2
manicura,2
las vegasshows,2
madawaska,2
d'oro,2
eastern europe,2
cuyahoga county,2
boloro,2
galveston city,2
niu st honalulu,2
mazzio,2
charlottesville va,2
redu,2
west boca,2
dunlin,2
british columbia excursions,2
oean city,2
mico,2
detrox,2
kailspell,2
bryce canyon,2
delihla,2
adelle,2
tortugas,2
lonf beach,2
tacos el,2
san diego union,2
matoaka beach,2
south las vegas,2
turtle beach,2
sarasota county,2
hurrem,2
mount tek,2
vrginia,2
keratibn,2
southeast united states,2
arkham,2
las vegas nv,2
deuling,2
spa york,2
ocean creek,2
ocean city bayside,2
toole,2
marajiana,2
costa blackfin,2
shahina,2
los ángeles,2
birminham,2
san disgo,2
grand rapids zoo,2
kingdom water park,2
massage york,2
monomoy island,2
qualicum beach,2
sparko,2
sayreville,2
west boat,2
estudio,2
redux,2
mint hill,2
wirigley,2
axpona,2
ocian city,2
indianoplis,2
cripple creek,2
dominican republic scuba,2
wintergarden,2
clearmont,2
koreana,2
kittatinny,2
beirut,2
mexico df,2
vurginia beach,2
brama,2
louis,2
crystal mountain ski,2
donmar,2
niagara county,2
chantilly virginia,2
galbana,2
hozeir,2
montshire,2
king county,2
belden village,2
chittenden,2
new york day,2
sakeba,2
darian lake park,2
marijuiana,2
dewy beach,2
trvael,2
paridise beach,2
barcelona beach,2
motels ocean city,2
delmar county,2
veim,2
el san juan,2
bostont,2
buford,2
woodinville,2
pinnelas county,2
wekapo,2
flioli,2
maumee,2
stadium east garage,2
south carlonia,2
endora,2
san diego children discovery,2
kellys island,2
anna maria island,2
harrodsburg,2
south pacific,2
huntinton beach,2
westfield,2
ultima,2
west grove,2
sunshine skyway bridge,2
migos,2
lebanon island,2
mariijuana,2
squaw creek,2
/ york,2
virgin islands,2
edgefield,2
dublin city,2
santa barabara,2
miami brach,2
parking park,2
woemn,2
las vegas trump,2
nzxt,2
virignia beach,2
chesapeake city,2
san antinio zoo,2
costa rica beach,2
soringfield,2
forbiden,2
rcmp,2
cypress hill,2
240hz,2
san joaquin,2
san antoni,2
east bridgewater,2
santa cruz park,2
alfoccino auburn hills,2
tampa bay city,2
potsdam,2
hunami,2
wolflodge,2
cococola,2
encore beach,2
pussia,2
cocina,2
chromebok,2
beeq,2
juverna,2
cacino,2
ladies beach,2
hussong,2
karaokee,2
west street,2
goldfish beach,2
phonex,2
new orleans cool zoo,2
united jersey,2
jefferson county,2
celementon park,2
sound beach,2
womens,2
hartsfield park,2
henrico county,2
biglietti,2
america park,2
la vista,2
ohana circle,2
cheverly,2
newport harbor island,2
watersporta,2
kyak rentals,2
hummingbird hills,2
lamar,2
la lumiere,2
las vegas nevadas,2
costa,2
mikuni,2
san vicente,2
7pc,2
mapelton,2
difi,2
oahua,2
parisi,2
kamasi,2
greece island,2
invirginia beach,2
morengo,2
inspectionn,2
clarmont,2
keraviv,2
saltar,2
dreamgem,2
ho city,2
san deiego,2
acquariu,2
shou,2
miao,2
valente beach,2
mount zion,2
buba,2
las vegaz,2
medira beach,2
north pole flagstaff,2
personalized beach,2
inn resort lake,2
outaouais,2
t.i.,2
santa mo,2
minesosota,2
schaumberg,2
la state,2
marana,2
ho chi minh city,2
miami seqarium,2
mt rushmore,2
grand canyon west,2
jefferson park,2
itilian,2
brecksville,2
mount madonna,2
irginia beach,2
kaaba,2
san francisco union,2
brasada,2
kamoana,2
keihi,2
rainbow island,2
cypress texas,2
west 50th street,2
dubai beach,2
gagnam,2
luciana,2
san rio,2
piękna,2
south houston,2
lisu,2
hiwaii,2
north branch,2
catalina island sea,2
columbia heights,2
marsha,2
alvarado,2
san san,2
nampa,2
bana,2
seattleairport,2
ksenia,2
flemington,2
va maryland,2
kahuku,2
cranberry township,2
baynont,2
wandala,2
huntington beach trampoline,2
las vegas caban,2
califronia,2
gatlinberg,2
kaminska,2
arlington hts,2
caves,2
belden,2
aceablr,2
forest park,2
stonefield,2
oakboro,2
el churrascaso,2
kokoro,2
fort greene,2
kathmandu,2
kalhar,2
las palomas beach,2
murad,2
02111,2
alaba,2
cassia,2
palmar beach,2
primm valley,2
ront,2
washington county golf,2
padre,2
west broadway,2
san diego llc,2
bunker hill,2
boulderado,2
fort collins,2
san diego  airport,2
b’j,2
castle hills,2
deniro,2
maiami beach,2
skat8ng,2
lower east,2
u.s virgin,2
takoma park,2
newy york,2
mississippi valley,2
salsa city,2
michelada,2
magic kingdom  ,2
lake ozark,2
nintnedo,2
cedar creek,2
necklac,2
kidco,2
wellmont,2
millwaukee,2
south sea,2
plumpton,2
forna,2
west miami,2
el centro,2
blue island,2
arliington,2
lubbock,2
haydra,2
nearr,2
san ysidro,2
j.w.,2
indian river,2
new york city harbor,2
calalina island,2
hersey,2
amasia,2
cienma,2
asuna,2
s.f.,2
mahattan city,2
kawai,2
northern ireland,2
navaree beach,2
atlantic bay,2
miami island,2
richfield,2
zig-e's,2
brazillizan,2
soxks,2
petosky,2
chardon,2
paris city,2
niagra,2
hall beach,2
conoe rock,2
olia,2
sunny beach,2
heorgia,2
disney kingdom,2
jerset city,2
santa  cruz boardwalk,2
kidzania,2
lexington south carolina,2
net york city,2
oceafront,2
observa,2
loli,2
west plaza loop,2
salt lake  city,2
disneyplus,2
ny beach,2
manhattan nyc,2
phildalphia,2
mccormick,2
kevos,2
maui island,2
san vicente golf,2
kayak lake superior,2
cigna,2
miama beach,2
gaza,2
zonn,2
fotuna,2
inn santa ana,2
alfredo,2
puerto ri,2
makai beach lodge,2
liberty township,2
windsor island,2
west 36th street,2
abescon,2
la tan,2
ooma,2
oberlin,2
hawkeye,2
parís,2
hungtington beach,2
miami lake,2
boothbay harbor,2
coweta county,2
u.s park,2
long island east,2
tan republic bend,2
la 70130,2
b.c.,2
salt lake  ,2
chantilly va,2
bravemen,2
las vegas dog,2
sail beach,2
yourhfill,2
santa barbarat,2
prpe,2
krispy,2
west palm besch,2
western hills,2
kosovo,2
hotels york,2
saba,2
anya,2
floreda beach,2
rakki,2
harbourfront,2
dominican republic leberostar,2
arlington county,2
montreal city,2
kahun,2
wild river,2
cypress gardens,2
ballwin,2
san clemnte,2
hamilton,2
catalina island avalon,2
south shores bay,2
orange county airport,2
osuna,2
osceola county,2
l7,2
south maui's,2
virginnia beach,2
ada county,2
fantansia,2
rexona,2
gordonsville,2
microsoft2021,2
atlantic nj,2
myrtlal beach,2
ganem,2
alcatraz east pigeon,2
mischka,2
suffolk county long,2
miami mansion,2
hilton city,2
wears beach,2
aruba beach,2
las vagas strip,2
bouton beach,2
traverse city michigan,2
franklinton,2
langaza,2
west plam beach,2
becketts,2
san roman,2
wild canyon,2
boombah,2
xrreme,2
mccoya,2
new jersey park,2
greenwich city,2
silver bay,2
hcac,2
inn panama city beach,2
indana beach,2
las vegas stadium,2
cruisa,2
pitato,2
inn miami beach,2
atlantic city',2
yachet,2
elvis vegas,2
lake las vegas,2
la vegas strip,2
palmar,2
km100,2
gelati,2
mid america,2
west los,2
cozmel,2
vica,2
mystic moon,2
manor,2
west africa,2
gluna,2
st. anne,2
fish8ng,2
falmouth,2
kouzina,2
rotonda,2
mount airy,2
la cocina,2
quinn,2
kauaii,2
nyc margarita,2
gem city,2
zeni,2
melendi,2
argana,2
maybach,2
heights,2
biotin,2
ruguru,2
cannabia,2
illinois state beach,2
south california,2
menya,2
lake mountain,2
yokohama,2
misson beach,2
middleboro,2
north mertle beach,2
coasta,2
pacifica,2
mount hermon,2
daela,2
west elm,2
italy greece,2
san louis obispo,2
dekota,2
blue sea,2
sacramento city,2
brea,2
santa cruz beachboard,2
kerrville,2
marke,2
spiros,2
hotel mount pleasant,2
sarajevo,2
olana,2
branso,2
san amtonio,2
elko,2
timbvati,2
san jose rock,2
microneedlingprp,2
kent city,2
raffa,2
waterpark beach,2
centennial beach,2
mryth beach,2
biro,2
langdon,2
anakeesta mountain,2
harlingen,2
flippers beach,2
oak hill,2
mcgaheysville,2
san  ,2
santas village west dundee,2
worthington,2
west bank,2
west st.,2
bryson city train,2
carboxy,2
branson hills,2
doolin,2
munich germany,2
nv strip,2
dominian republic,2
cannon city,2
w.i,2
okuna,2
waturi beach,2
airprt,2
echo park lake,2
marjiuna,2
watkinsville,2
africa safari,2
resur,2
villa rica,2
julienne,2
anna marie,2
payson,2
monterrey,2
catalna,2
laguna village,2
san diego harbour,2
orange county jr.,2
severeville,2
fs8,2
wild river park,2
niskayuna,2
san diego package,2
kingdom  hudson,2
burlimgton,2
shipwreck,2
yoronto,2
angela island,2
historic,2
keona,2
jacket beach,2
olivea,2
portland rock,2
long island children,2
las vegas arte,2
prado,2
prissia,2
wickenburg,2
smil,2
measa,2
rialto,2
gloria,2
koronaberg,2
jay,2
chadam,2
lake oswego,2
orwgon,2
wynham atlantic city,2
miami star island,2
north kingstown,2
east miami,2
cabana beach,2
camal beach,2
milwaukee county,2
madeline island,2
ruchmond,2
ks,2
islamabad,2
lakeland village,2
bike,2
san diego massage,2
panama ciy beach,2
mountain beach,2
victoria park,2
14 karat,2
san sntonio,2
p.c,2
red dog,2
elba island,2
buffalo park,2
springs village,2
kalahsri,2
las vegas card,2
st george ut,2
san dsiego,2
del carro,2
fort fisher,2
del frisco's,2
lutan,2
venitian gondala,2
las vegas safari,2
north las vegas foot massage,2
volvolin,2
ganga,2
la porte,2
jungo,2
honolulu island,2
bailey,2
san nicolas,2
san ernando,2
waynesburg,2
septum,2
gioia,2
west garden,2
gealy,2
virgin beach,2
zipup,2
makuti island,2
las vegas nova,2
deim,2
el atico,2
gran,2
wrestlemaina,2
milville,2
las vegas cheap,2
ksrt,2
kayak lake tahoe,2
ridley park,2
cowa,2
las vegas lights,2
auri,2
topsoil beach,2
san jose del cabo,2
wshington,2
illusiona,2
fliw,2
temple hills,2
walnut,2
orlando east,2
las ve,2
paza,2
bioluminescent bay,2
nwe york,2
jedi,2
jone beach,2
sumitt beach,2
seagarden beach,2
evergreeen park,2
hillsboro beach,2
yacht nyc,2
motels va beach,2
detail\,2
shelbyville,2
north atlantic beach,2
offgrid,2
brownsville,2
virginina beach,2
newbort,2
ostioneria,2
las vegas salsa,2
hilton village,2
africa wild park,2
noston,2
tripvia,2
la eve,2
lagina beach,2
tux rentals,2
san franciaco,2
los cabo's,2
ew york,2
edmond,2
hernando county,2
laserdome,2
panama shipwreck,2
wet river,2
brookdale,2
kehuna,2
luxury beach,2
estacionamiento,2
wahsington,2
aura,2
ridgefield,2
west agua,2
cponies,2
splashdown beach,2
highland heights,2
muir,2
china village,2
montgomert county,2
new jersey golf,2
las vegaas,2
carmel beach,2
kate,2
seashell beach,2
dubia,2
new orleans cooking,2
obagy,2
st louis arch,2
hona,2
old york,2
empire city,2
costa dorada,2
gaarden,2
kingdomn,2
bund,2
west 52nd,2
school jersey city,2
elenas,2
miami north beach,2
ocea city,2
ogden,2
callus,2
tripps,2
brazilianwaxspa,2
lodge fitchburg,2
dart city,2
lindbergh,2
santa cr,2
mount plesant,2
west 35th street,2
hamil,2
erie island,2
magic gardens,2
kyou,2
kanasa city,2
p.f.,2
oxygeno,2
mt. dora,2
las vegas wet,2
sherkston,2
maumelle,2
garbana,2
denuno,2
miami atvs,2
phsycic,2
amellia island,2
chong,2
newport bach,2
marimar beach,2
telangiectasia,2
parama city,2
enviro,2
steakhouae,2
roseville county,2
marriott carolina,2
san diego  city,2
hélicoptère,2
williansburg,2
kayak virginia beach,2
newburgh,2
south padre island horseback,2
watermark beach,2
penn hills,2
juegos,2
nevada county golf,2
hylloronic,2
ms.pat,2
laniakea beach,2
angleton,2
renovia,2
cruz beach,2
brien,2
baldamar,2
west seneca,2
trampoline park columbia,2
caifornia,2
palmas beach,2
san juan jetski,2
80111,2
echo canyon river,2
wipsha,2
sea\,2
quran,2
las garnachas,2
west mifflin,2
san diego soo,2
quasy,2
camp hill,2
paletas,2
palos heights,2
inn va beach,2
munford,2
oakton,2
meltin,2
taipan,2
orris,2
facitis,2
marijiana,2
noyz,2
hydepark,2
jackson nj,2
clemeton park,2
corinth,2
mountain island,2
charlotte city,2
mrtye beach,2
kenansville,2
north sea,2
hamaliton,2
dumont,2
hina,2
barcelona city,2
tribecca,2
medica,2
kayak river,2
greeek,2
strip las vegas,2
costa eica,2
cl244,2
newprot,2
lebanta,2
carolona,2
midas east,2
jupiter ocean,2
shre,2
waccama river,2
san padre island,2
gandala,2
moon valley,2
lithnum,2
farmingville,2
s6,2
protien,2
salt lale city,2
oahu city,2
isola,2
catalinia island,2
wild coast,2
ghaly,2
danl,2
white lake,2
hotel south carolina,2
keylargo,2
danis beach,2
front beach hotels,2
margariatville,2
las vegas limo,2
calvert city,2
wildomar,2
moss beach,2
futon,2
haleakela,2
suan,2
rocky mountain day,2
fort worth  ,2
mojan,2
northern hills,2
reardon,2
broadmoor,2
aaki,2
datonya beach,2
west south beach,2
the lake hotels,2
dayyona,2
crystallin,2
funtania,2
chona,2
las vegas lake,2
entertainmenr,2
davis county,2
aryana,2
35th street,2
yuri,2
west viriginia,2
las vasgas,2
ornge county,2
gillespie,2
mastic beach,2
hyati,2
allegria,2
nassua county,2
fultondale,2
fieri,2
santa domingo,2
p.a,2
san blas,2
aircon,2
morango,2
manhatan beach,2
room17,2
santa monia,2
san luis rey,2
glacier canyon,2
lamirada,2
san gennaro,2
chelino,2
travelin,2
flyaway,2
waukesha county,2
connecticu,2
san park,2
kusshi,2
ka’anapali beach,2
west oaks,2
cece,2
las vegas  motel,2
marina district,2
ga city,2
embarcadero,2
st louis aquarium,2
crania,2
facial korea,2
babyloss,2
las vegus,2
muri,2
las behas,2
bantan,2
maryville,2
nolah,2
oasia,2
pensilvânia,2
ensanada,2
karati,2
tombstone,2
nassu county,2
nyc river,2
atlanitc city,2
lantana,2
yessica,2
bay mount,2
nassau city,2
morgan city,2
montego bay amaica,2
hurrica,2
paint8ng,2
anaheim city,2
braden beach,2
speedway vegas,2
buona,2
sporting,2
dolceand,2
marana az,2
organ county airport,2
cancun island,2
muthai,2
couple jacuzzi,2
fushimi,2
cornville,2
west baden springs,2
btonx,2
b.j.'s,2
roc city,2
las vegas zip line,2
virgínia beach,2
park rapids,2
wisconson,2
ottumwa,2
sonoma county orthopedic,2
yacht fort,2
gatlinsburg,2
mechanville,2
salt lake downtown,2
claremore,2
bay lake,2
barkley,2
west herr,2
forrest hills,2
jersey gardens,2
america beach,2
emerald hills,2
fort pier,2
aquarioum,2
hawaiana,2
bradley beach,2
pro1,2
las vegas tahiti,2
atlington,2
costa  rica,2
mckinney,2
chesterfield county,2
san francisco's,2
okhana,2
midas,2
west suburban,2
glencoe beach,2
raddisson,2
nan,2
las vegas package,2
madamouselle,2
sri lanka,2
cucina,2
latvia,2
corolla beach,2
river city marina,2
the chicago river,2
moss creek,2
lido island,2
frazetta,2
lancaster city,2
oyama,2
st methuem ma,2
stage hill,2
rumfish beach,2
fairis,2
andalia,2
ew york city,2
seal beach,2
eufoton,2
hydra-fortifiant,2
lupton,2
ican republic,2
kama,2
yogurland,2
skyzone columbia,2
quebec city old,2
materasso,2
sanctuary beach,2
batana,2
safaris park,2
virginian,2
grindr,2
keramo,2
mochigan,2
mannassas,2
new jersey rock,2
marriott savannah,2
virginia beach beach,2
new yourk city,2
van nuys,2
la bare,2
f25,2
bhai,2
alifornia,2
water[arl,2
daysport,2
miami plane,2
lanier islands beach,2
maraquana,2
messi,2
minami,2
c.b.,2
forsyth,2
skatong,2
la rouge,2
west chester township,2
hocking hills,2
west hill,2
buscg,2
kathina,2
nobu,2
forbidden kingdom,2
keriten,2
weirton,2
chicaco,2
castaway beach,2
oxo,2
catalin island,2
asiana,2
hugoton,2
vigina beach,2
briyani,2
world aquatica san,2
cedar hill,2
car\,2
italy beach,2
atl park,2
kiwanis island,2
magic kingdom theme park,2
willliamsburg,2
east northport,2
biloxi beach,2
sun city west,2
ng beach,2
soakie mountain,2
bentura,2
sommerville,2
new hampshire weekend,2
bayside beach,2
moon bay,2
tempe,2
dino park,2
kozys,2
fernanda beach,2
makutus island,2
teopicana,2
c.w.,2
san jose stage,2
oak hills park,2
stroudburg,2
gwl,2
caliornia,2
qc,2
ikg,2
la gree,2
uprova,2
inter island,2
altan,2
san destin gulf,2
rapids city,2
san antonio’s,2
houstan,2
looez,2
komogir,2
santa cruz’s,2
metro park,2
mertal beach,2
skyr,2
east peoria,2
santa cruz county,2
montpelier village,2
san benito,2
braselton,2
las vegas atv’s,2
las vages,2
melanotan,2
las caletas beach,2
dinne,2
glacier bay,2
manhathan,2
ilusiona,2
inviaca,2
fresno island,2
streetsville,2
la labo,2
medillin,2
magic kingdom kingdom,2
bacca,2
manipuri,2
los angelous,2
mystic village,2
kilolani,2
olin,2
mrtyel beach,2
ocola,2
legola,2
90019,2
concordia,2
belmont beach,2
kimgston,2
car mount,2
doubletap,2
sundial beach,2
miami sip and sea,2
renta;s,2
viginia,2
south corona,2
baguette,2
fox valley,2
olaplex,2
lapton,2
san gabirel,2
fort jackson south carolina,2
spartan trail,2
calendela,2
east texas,2
japango,2
crystal mountain gondola,2
moana,2
usa park,2
lagoon park season,2
marmelade,2
mideast,2
nighr,2
pennsvenya,2
massachussetts,2
kauia,2
manga,2
○,2
del rio south,2
hamaica,2
la lanterna,2
knowville,2
az republic,2
st louis gateway arch,2
jackson mississippi,2
karena,2
salashan,2
slick city park,2
osakas,2
mystic,2
ri,2
hyralonic,2
rwanda,2
jew york,2
marujana,2
sup rentals,2
bioxi,2
normandy,2
south padre golf car,2
portofino city,2
donn,2
park vegas,2
lakea,2
warrington,2
kyyak,2
leesburg va,2
discoveri,2
kbay,2
aquatico,2
bounton beach,2
timonium,2
west palm aiport,2
buck county river,2
cocia beach,2
las vegas zipline,2
leamington,2
monmouth,2
west 47th street,2
replica beach,2
taba,2
san francisvo,2
oaska,2
litchfield park,2
orchard hills,2
san d,2
summerville south carolina,2
miami tours,2
san diego air space,2
acana,2
lagoon beach,2
minnea,2
prince george’s county,2
phantasia,2
la connor,2
south union,2
romeoville,2
missipoli,2
diamond hills,2
montagna,2
nagaria,2
brittania beach,2
quonset,2
springfield lego,2
sprong,2
acrykic,2
balilan,2
dc city,2
willaimsburg,2
soho,2
cook8ng,2
whiten8ng,2
gnocchi,2
tripp,2
crami,2
encinitas,2
cuppong,2
milwaukee county zoo,2
san diego trail,2
blonda,2
quivera,2
cana beach,2
half moon bay horseback,2
cavernas,2
ballpark village,2
milwsukee,2
l’homme,2
hydra facial near,2
giorgia,2
big island manta,2
qspa,2
kickbo,2
puerto va,2
nickel beach,2
myrtile beach,2
angle island,2
liquidvida,2
las begas atvs,2
federicksburg,2
best beach,2
costa bay,2
highmark,2
san diego zoo park,2
coit,2
queens,2
strip street,2
spacagna,2
yacht miami,2
new york beach,2
warbington,2
aquarium,2
new river,2
las vegas tower,2
shipwreck panama city beach,2
indian beach,2
central park pdi,2
dominican republic’s,2
santa barbaa,2
quintessia,2
madero,2
ridung,2
tan republic albany,2
caribbean gardens,2
abraza,2
kemaha,2
cincinnait,2
las vegas golden,2
gothenburg,2
chapel hill,2
bentley beach,2
labuan beach,2
brokklyn,2
ahava,2
mer,2
monroeville,2
johnston county,2
yikang,2
blok,2
branzon,2
moana beach park,2
kampong,2
strip,2
rhiana,2
trur,2
cannada,2
matawan,2
membersihp,2
monkton,2
motorsporta,2
oroville east zion,2
autom,2
kongo,2
santa rosa beach,2
spartan,2
kanye,2
resourt,2
antwerp,2
pell city,2
washigton park,2
acqutica,2
québec,2
san francosco,2
river canyon,2
panorama city,2
cockeysville,2
mount blanc,2
white point beach,2
wisdon,2
humboldt,2
d.r.,2
juli,2
lane county,2
75035,2
humboldt park,2
kartr,2
puritan,2
cancun beach,2
aston,2
houliang,2
los ranchos,2
csrolina,2
city experiences,2
santa cruz mountain,2
palm beach beach,2
spasia,2
gastonia,2
captial city,2
nails mount pleasant,2
kavela,2
new village,2
destrehan,2
kalaria,2
san luis opisibo,2
noma,2
billabong,2
sinaca,2
galena,2
ridge hill,2
gaston county,2
caribana,2
toucg,2
rokbonki,2
kizania,2
san leon,2
san antonio plus,2
dymo,2
carlsbad beach,2
mevo,2
las vegas rail bikes,2
cabina,2
west chester airport,2
san diego children's,2
los angela,2
koronenberg,2
joppa,2
lagoon north fort,2
sandas,2
thousan island,2
kawartha,2
las vegas 2,2
las vegas plane,2
los caballeros,2
marais,2
las vegan,2
kefalonia,2
seveirville,2
valdosta georgia,2
whalestale,2
cavitationn,2
texarcana,2
las vegas buggy,2
rhode island hotels,2
ason,2
la bistecca,2
san diedo,2
diamond,2
seoul city,2
adrenaline columbia,2
speedo,2
michocana,2
dominican,2
kingdom shreveport,2
aquiam,2
jr.,2
la perla,2
gerogia,2
san jose del,2
south carilina,2
valley village,2
oklahima city,2
vaccim,2
beltsville,2
flippa,2
la ramona,2
county park,2
uhrichsville,2
san juan airport,2
olcean city,2
santa monica’s,2
stanislaus county,2
jeffersontown,2
merkado,2
seattlle,2
linthicum heights,2
new zeland,2
ravina,2
rv rentals,2
8th street,2
meyers beach,2
geogria,2
soledad,2
standa,2
drai,2
hill county,2
dresden,2
kimoto,2
k.c.,2
san diago bay,2
kalua beach,2
lake canyon,2
vdara,2
spi beach,2
oops6,2
los angelse,2
jamaica bay,2
orton,2
calina island,2
coas,2
carina,2
ft lauderdale beach,2
habatchi,2
p.a.,2
khali,2
hawaii shark cage,2
pamama beach,2
mirama beach,2
cabanas beach,2
ojas,2
manassasa,2
nosara,1
machupichu,1
amelia island hotels,1
md beach,1
khauan,1
san luis hotel,1
huntington beach rental,1
hebrew,1
missuri,1
shervport,1
las setas,1
gurnne,1
elizabethan gardens,1
pamplona,1
las vegas balagio,1
healong,1
connectionn,1
utica,1
ilaz,1
westwear.us,1
burhai,1
waiheke island,1
cassaria,1
couburg,1
asiaticos,1
ayden,1
united states virgin,1
frankenmuth park,1
migara,1
lorien,1
datona,1
msil,1
bonifay,1
bell city,1
nealy,1
wynn,1
greeley,1
arapaho,1
ocharis,1
las vegas tourbus,1
grayson county,1
entertainment orleans,1
hotel.destin,1
st louis cardinal weekend,1
vutton,1
korran,1
las vegas cicle de,1
skate city,1
hp95,1
city city,1
mt.princeton,1
margaritaville pigeon,1
ozarks heritage,1
dolson,1
breadsley,1
zonebese bay,1
geordia,1
simglu,1
inn crystal city,1
moursett,1
woodland park  zoo,1
houserhode island,1
silver lake atv,1
las  vegas couples,1
scarbough,1
trampoline park arlington,1
san diego kidway,1
mytlre,1
hanumana,1
garden island,1
oak park massage,1
kahana village,1
inn veenon hills,1
san bar,1
andalusia gardens,1
las vegas cowabanga bay,1
ball park village,1
inn orland,1
hay plaza,1
brzalin,1
medela,1
fox river trolley,1
filbert street,1
61st street,1
dowa,1
hawaii beach,1
north west michigan,1
powder ridge,1
orchard park,1
neh20,1
calahary,1
obx beach,1
acti6,1
san joaquin river,1
las vegas bakkt,1
south east asia,1
aangel,1
north carplina,1
sherwton,1
footsoa,1
del carmen mexico,1
carokina beach,1
kwon,1
chùckee,1
jilly,1
las vegas dune buggy,1
tusayan,1
asbesto,1
ivory curtains,1
east bluff,1
las vegas motorcycle,1
san diego salsa,1
massgelux,1
cincinniati,1
huntimgton beach,1
orlando® -,1
tuttu,1
myrtle south carolina,1
canvas40x30,1
st pete beach hotrl,1
lagnuna beach,1
cuisse,1
fantasy island,1
pier60,1
outbackmeal,1
oncwet,1
maitland,1
bellybutton,1
cataliba island,1
starlux,1
plantarfascitis,1
mycase,1
miami biscanye,1
marriot city,1
huntington hills,1
bollin,1
the grand canyon,1
bikre,1
treatemenr,1
47th street,1
bychotel,1
kroean,1
cannacopia,1
new youk city,1
roosevelt state park,1
ellenville,1
steinberg,1
costa de,1
ardmore,1
nebreska,1
paddle beach,1
dezerpand,1
big island green sands,1
san juan el yunque,1
orange county alladin show,1
bettany beach,1
nyc experie,1
collegeville,1
bead3d,1
el cajón,1
willcox,1
fruitiland,1
moorepark,1
kinto,1
honre lake,1
slide rock,1
mujtaba,1
ebensburg,1
appalachicola,1
tanasbor\urne,1
wal3s,1
tan republic tanning,1
san jose musuem,1
birchmont,1
shashedo,1
cavernas va,1
mb12,1
pana city beach,1
flights korea,1
j6z2s7,1
mohave county,1
krais,1
atlanta city park,1
wsginton,1
gyromania,1
yacht rentals tampa,1
southern beach,1
las vegas alien,1
mytrtle beach,1
poconos hills golf,1
mount laurel township,1
sichuan legend,1
cĺementon,1
inserta,1
alaxandria,1
san francsco,1
hoston,1
kaplin,1
st joseph,1
marina,1
phone15,1
hoteles vegas,1
rosasia,1
lemon vegas,1
atvlas vegas,1
highland mountain,1
02576,1
hawasa,1
new park event,1
haine city,1
miami dream yacht,1
nyskuna,1
chlorox,1
masagas,1
g.l.,1
curacao,1
miami parks,1
los tanitos,1
tamps bay zoo,1
hui kong,1
lunden,1
yeah.r,1
90250,1
moilas,1
hilton homewood,1
kitts,1
las vegas mini grand,1
pas vegas hotel,1
sini city,1
internationa,1
las vegas benijuana,1
adventureland park long island,1
linehof,1
budipur,1
weightsville beach,1
cruis3s,1
bookie,1
reoondo beach,1
nickeledo,1
cartalina,1
w.a.s.p.,1
blue mountain resort day,1
san simeoncalifornia,1
miami treetop teacking,1
tatinoplasia,1
hartfield-jackson airport,1
new jersey union,1
san jon,1
croatan beach,1
nyc east,1
bulva,1
darbar,1
dragona,1
marabou,1
dormeo,1
kanyakumari,1
touchedbyortizllc,1
islands beach,1
silver moon,1
tramapolen zone,1
p.shot,1
nassau county long,1
giyana,1
repetorio,1
penssylvania,1
hunnam,1
mansour,1
mount stonewall park,1
las vegashoels,1
marguerittaville,1
khela,1
ozaukee,1
mlwaukee,1
moon boat,1
batteaux creek,1
miami porto,1
bimss,1
mpls arbor lake,1
ofmiami,1
cooksculpti,1
new orleans international airport,1
new orleans  city,1
swedissh,1
indian river county,1
icebar,1
amainan,1
rincón beach,1
cheyenne county zoo,1
binehana,1
west park beauty,1
vwhicula,1
ottowa city,1
med beach,1
asilomar,1
ketchekan,1
mount botanical,1
valley,1
tourgo city,1
symphonia,1
stoli,1
philadelphia city cryise,1
beatt,1
bena,1
mesotherapu,1
bhuddha raksa,1
matuka island,1
vnuri lux,1
saint louis drag,1
cuayo,1
vegas anniversary,1
la vidorra massage,1
disneyworkld,1
dawngifford,1
filippis,1
san diego zik,1
forsythia,1
la gardenia,1
estrellas,1
virginya,1
voston,1
deatg,1
manhattan rock,1
crafts nyc,1
okcana,1
temessee,1
rhode island kayak,1
san marcos120,1
chichenitza,1
fullertonn,1
orcg,1
julyv27,1
guzheng,1
san diego city pas,1
haymar,1
the united kingdom,1
dyaon,1
ocoala,1
improvmania,1
ham[pton,1
san joseparking,1
broadway gardens,1
beverly mass,1
las vegas nvsprsy tan,1
dosbey,1
american river am,1
sandston,1
neutralizaiton,1
altisina,1
whickham,1
bay county,1
heilbronn,1
san biego,1
bettas,1
kou,1
utah county beauty,1
san dimmas,1
kauaui,1
santa barabar,1
postacne,1
stoughts island,1
moorenko,1
hotelsanjuan,1
harrem,1
kazaa,1
phoenix city,1
d.z,1
pittsburgh pa airport,1
saint louis park,1
miami art district,1
totota,1
et25,1
montera bay acquarium,1
souhth beach,1
miami boats,1
loylysauna,1
camisetas,1
san franncisco,1
lego island,1
dayß,1
new hampshire getaaway,1
souch beach,1
san francisco balboa street,1
hamptona,1
bouron orleans,1
san diego surrey7,1
valvoline mount,1
los cagas,1
san juan capstirano,1
bilippi,1
las vegas hard,1
san jancito,1
sydney park,1
farimont,1
badboy,1
frenchlick,1
riricos,1
waterwork park,1
callowaygarden,1
minhaus,1
nohas ark,1
miami ocean,1
fort mcmurrat,1
animal kingdom tikcets,1
rneton,1
tourta,1
miami south bach,1
ichetucknee springs state park,1
desth,1
amstar,1
fermosa,1
omegamar,1
las vegas greats,1
nails lake,1
payasos,1
regla,1
las vegas aquariums,1
mama,1
туристическая,1
la jolla snorkle tour,1
kaylah,1
san diegp zoo,1
laseron,1
cinam,1
el patron,1
save20,1
redbluff,1
auberge beach,1
hydra lux,1
havit,1
fesst,1
alightmeng,1
airshowhuntington beach,1
reek park,1
mei york,1
puerto rock,1
east spring,1
la madame,1
inya,1
electroysisi,1
hawaaii,1
compresin,1
oteks,1
carl;stadt,1
forrest hills stadium,1
silver eagles,1
pineapple beach,1
deserzland,1
facilsand,1
woodenwville,1
nivona,1
atlantic ocean city,1
rubao,1
puerto plaza,1
qurdt,1
pennysylvania,1
via313,1
puerto playa dominican republic,1
wickeeld,1
marina lake murray,1
armandos beach,1
miami car,1
micc,1
outpostx,1
miami shopping,1
west murder,1
dsm,1
sonoma marin county,1
comorado,1
coalis,1
mashantucket,1
jew orleans,1
pennavania,1
hawas,1
antlaty city,1
nikeloedon,1
w. virginia,1
ark encoutwr,1
magic mountain p,1
safrai park,1
hoken hills,1
kauhai,1
rehooboth beach,1
orlando dl,1
las   vegas,1
iolana,1
maithai,1
bagm,1
annamaycon,1
san francisco-airport,1
oxygenia,1
troy hill,1
bu'r'lin'ton,1
havolin,1
mulligan,1
cleabin,1
hudrafacila,1
ga.30721,1
powahattan,1
cakee,1
liarsville,1
traverse city  ,1
jurrassic,1
lyfr,1
las vegas mayan,1
organic,1
kidscut,1
hoschton,1
san  diego city,1
ulala,1
amtoma,1
park2024,1
el sobrinte,1
kishwaukee,1
riverbirch golf,1
orglethrope,1
central island,1
tan republic wenatchee,1
reno city,1
watts cafeteria,1
san jose vacation,1
strtchmark,1
teeton,1
yacutan,1
"b""js",1
pigien,1
las begas trios,1
arcade city pigeon,1
toranto,1
hi8,1
tirz3,1
wiliah beach,1
metaboli,1
san franzisco,1
san franvico,1
rubino,1
delphos,1
deerfield island park,1
dulce,1
asian beach,1
wilminngton,1
ketocalm,1
detoxificaiton,1
orlando baloon,1
calinornia,1
mirdif dubia,1
quilinaria,1
springfield lego discovery,1
pedalwagon,1
affroca,1
waie island,1
island waterark,1
inn resort,1
mairjuana michigan,1
boyne city michigan,1
n2s,1
masega,1
moroeville,1
cigoland,1
kintzheim,1
straford,1
sqairz,1
salt va e. assuage,1
murrysville,1
aurora hills,1
julianne,1
electralais,1
c.c.,1
cane county,1
crystal lake brewery,1
las vegas nail,1
ricebymama,1
salt beach,1
the kingdom zelda,1
unverisoul,1
tripadvisercharleston,1
theodosia,1
northwest beach,1
marina lake,1
cowabunga canyon,1
itek,1
kalaloch,1
schumberg,1
south west michigan,1
vegas nv,1
frassana,1
wahiston,1
fioloi,1
nissouri,1
productspepsi,1
hotel halfmoon bay,1
san antonio rentals,1
mcconnellsville,1
mount harmon,1
mongolia,1
george island beach,1
grand canyon zipwire,1
las lagos,1
dchaly,1
familia,1
san diego donut,1
massage hill,1
san diego car,1
mariott hill,1
new york laguardia  taxi,1
belmontnt park,1
jamacha,1
nelis,1
san deigi zoo,1
swinm8ng,1
moon restaurnat,1
las veags comedy show,1
la sh,1
http://www.groupon.com/deals/gl-lnc-sammy-hagar-th,1
dp-ub154p,1
plesanton county,1
hardangerfjord,1
leon,1
las vegas ferri wheel,1
las vgas strip,1
santa cruz neach,1
horseback riding park city,1
volumina,1
san edi,1
branch beach,1
gms150k,1
rehobeoth beach,1
fox hills,1
beach,1
unsung,1
rehoboth beach  de,1
quaria,1
lucca pittsburgh,1
coardzila,1
santa cataljna island,1
kontiki beach,1
norris,1
afro fest,1
tianchu,1
comfort,1
san diego safarui,1
santa ana river,1
labistecca,1
tanzia,1
macanoch island,1
va tire,1
malvasia,1
metro area,1
goi%c3%a2nia,1
newport richie,1
microdermabrasa,1
threaftd,1
rollati,1
las vegas atomic museum,1
kayak shell island,1
fica,1
dominican republic  tourist things,1
mazatlan,1
enia,1
ohana island,1
bunbao,1
ohio island,1
san diego harbor jetski,1
aribian,1
santa hussle,1
pacific alaska,1
dissplvr,1
kingls island,1
seword,1
black rock mountain,1
caymans island,1
boucherville,1
nintento,1
route27,1
gibsonville,1
trapolin,1
amelia island segway,1
palm bay flordia,1
jenison beach,1
jacksomville beach,1
las vegas shakira,1
san antonio-,1
jotele,1
bygredo,1
miramar beach hotels,1
island12,1
lucille,1
shipwreck island park,1
puerto rico air,1
plaza aztex,1
asheveille,1
biryhday,1
lucaya village,1
kansas city airport,1
san nicole,1
nurko,1
okana beach,1
la visage,1
el pollo,1
san ganero,1
loco beach,1
newport harbour,1
beryfarm park,1
mandarin bay,1
west columbia piedmont,1
fillerslaguna beach,1
jeffersin city,1
tha ks,1
rubys,1
190th,1
best vegas,1
aquazoo lynchburg,1
photoaffectionw,1
miami baycayne,1
rama rama,1
amelia island gym,1
las vegas ballpark,1
zipline park city,1
tinga,1
mourjoeno,1
eno river,1
jarasstic park,1
beach park south padre,1
xhicago,1
https://www.google.com/search?q=new york,1
san louie,1
oeford south carolina,1
las vegas flight plus,1
getyour,1
motels south lake tahoe,1
durhan,1
san joe,1
santa rossa,1
thai lake city,1
canyon lake marina,1
paintballp,1
san antonio gopass,1
san juansan juan,1
la quinte,1
auqatica sea,1
los angelescity,1
wimdshield,1
spotifyy,1
san luus obispo,1
del padre hotel,1
moraco,1
dillorsa,1
san diego ghosttour,1
meditreanan,1
las ce,1
bearaizona,1
wigwan,1
wickenberg,1
new yowk,1
madagorta,1
wyndam bonick,1
new orleans boos,1
san do county,1
laparillua,1
tan republic lake oswego,1
las vegas paintball,1
la mala,1
san woan,1
las vegas crawl,1
banenr,1
coubanga baycowabunga,1
san ta ana,1
santa villagr,1
nyc beverly hills,1
junkk,1
ashore beach,1
miami keywest,1
hiboy,1
.iami beach,1
inn south beach,1
mathewson,1
kntucky,1
us virgin islandscruise,1
viedo,1
margheritaville beach,1
jupiter scuba,1
jungke island,1
lipotropicos,1
viatar,1
bellas,1
pinery,1
doir county boat,1
miwaukee county,1
ss155dj,1
michulada,1
new east,1
san.diego,1
mizuno,1
san gabriel est,1
mexico city turicard,1
the mountain atv,1
vivobook15,1
kong beach,1
azana,1
lonh beach,1
san dimes,1
urubici,1
las begas hotels,1
grey,1
joai beach,1
pikol,1
chocago,1
el rocoto,1
la crescenta,1
fonco,1
remerton,1
asbury,1
hardwooa,1
update imac  desktop software,1
tan republic sahara,1
tahiti las vegas,1
lympathoc drainage,1
drip city,1
las vegas disillery,1
housekee,1
nausau county,1
me10472,1
isle island,1
new jersey slingshot,1
hijse,1
monmouth beach,1
21st vegas,1
yalina,1
coney island nyc,1
rpmraceway,1
manhattan-35th st,1
delmonico,1
las facial,1
gugganheim,1
duex,1
west 36th,1
mississippi giver,1
azarro,1
pubcrawl,1
boubhay,1
artritis,1
reyna park,1
las vegas scalp,1
los angekes,1
chocoloskee,1
speed1,1
tours beach,1
south pasadena,1
huntginton beach,1
nashville teenesee,1
wild kingdom,1
rollin city,1
calilifornia,1
supersplash city,1
north las vegas pedicure,1
matza,1
parot island,1
hotelsmustang island hotels,1
kayak city park,1
la boca,1
center york,1
juml,1
san diego xii,1
osteopati,1
yrtle beach,1
kumar,1
park district,1
phoenixa,1
chivago city,1
kannetah,1
dragon legal,1
queensland,1
las vegas gopass,1
isnalnd,1
ccoldstone,1
wisconn,1
groupon.com/uk,1
weinheim germany,1
nicolandia,1
mostar,1
miami plane tour,1
vacaville,1
junglegarden,1
kanaapoli,1
la berge lake,1
mo. city,1
north state street,1
david city,1
west coast  usa,1
shotartofhou,1
axicon,1
beacon hills,1
costrica,1
kelleys island,1
canobie beach,1
western houston,1
wiers beach,1
heshey park,1
tournatchez,1
hamikton,1
cheektowa,1
lkensinton,1
vsncouver,1
south carolinda,1
milwalkie wi,1
wawaii,1
chillfire,1
rocky mountain oil,1
colorado springs boat,1
ladki,1
vitaglia,1
brandon lake columbia,1
oak grove,1
twin beach,1
lalona,1
grand canyon resort south rim,1
grand canyon south rim hotel,1
del yuma,1
vorfinia beach,1
drive beach golf,1
trampalin park,1
modquito,1
huff,1
floats,1
el puente,1
bicky,1
oak island south carolina,1
sympany,1
puerto ricp,1
niayagara,1
zepherillis hills,1
forney,1
mcdonougha,1
disneyalnd,1
jopp,1
san deigozoo,1
inuyaza,1
itasca park,1
nagel,1
wayfield,1
millineum park,1
millennium park parking,1
alakala,1
tía baja,1
los cristianos,1
nickelodeon park moa,1
1xbet,1
wendella lake,1
farjardo,1
lynchburg virginia,1
san bernidino,1
myrtle wavwa,1
wrog;ey,1
mrylte beach,1
quad city hotel,1
dooney park,1
houston hou airport,1
eyelin,1
trinidad,1
godzila,1
leisur,1
kirklqnd,1
benhiana,1
tex city,1
mexican beach,1
overland park hotel,1
wilbraham,1
divinchi,1
crystal lake aquatic center,1
san francisco beach,1
santa cruz biatdwalk,1
blue mountain ski,1
boqat,1
sarasot,1
mariott harbor beach,1
weikiwa island,1
chapateo park el,1
lindo beach,1
cataba island,1
concierto de salsa,1
emrald city,1
baja cruz,1
piretsbay,1
kingdom greenville season,1
lucca,1
brycy,1
san diego zerorez,1
san dizgo,1
kickbix,1
karmi,1
san pelle,1
b.f.,1
san antonio/,1
fort launderdale beach,1
carlsbad,1
trilith,1
san diego tequila tour,1
san frsncisco,1
california republic clothes,1
https://www.bjkproduction.com/,1
ojj9,1
slinghot,1
almaden county,1
anderson,1
san diego brunch,1
tire kingdom alignment,1
ardovino,1
matagorda county,1
las vegas kid stuff,1
olympic park city,1
hairv,1
karlaria,1
microneedk,1
heatlhy,1
canyon west,1
ocean city hotel jacuzzi,1
kalea,1
mantanuska,1
ŵine,1
oak valley drive,1
m@m,1
jewaly,1
m8croneedl8ng,1
cleatwatrr beach,1
zlagrsnge,1
arliongton,1
mansion vegas,1
somalia,1
cabarete dominica republic,1
flagler county,1
tcglong island,1
crystal bio-mat,1
damng,1
indania,1
ridon,1
artoy,1
ofprussia,1
thermvia,1
sweat22,1
"washington dc, usa",1
arada,1
byes,1
spladh village,1
las vegasmonorail,1
culpeper,1
hurshy park,1
rocky mountain momo,1
ballaciana,1
ledo zza,1
baloon virginia,1
faami,1
nyc borough,1
eulogia,1
angel island island,1
wrightsville beach nc,1
wtistband,1
wyoming,1
las vegas venus,1
hort hills,1
virjinia,1
las vegas  resteraunts,1
dophin beach,1
quito,1
bay valley,1
las vegas%2c nv,1
plaza bowl,1
vancouver city,1
https://www.tripadvisor.com/attraction_review-g488,1
willowwood,1
foxbourgh,1
trampaulin park,1
stanton island,1
bus.tour,1
kicks,1
kaybela,1
parl island,1
oklahoma golf,1
sroryland,1
stockton county,1
tan republic woodburn,1
adventureland park iowa,1
jungle city,1
togamassage,1
mo state park,1
office11,1
crawldad,1
california county,1
las vegas tuscany,1
st george island,1
suavinex,1
atv california,1
myrtr,1
wtf beach,1
manhatts,1
dophin island,1
tamphotela,1
tampa bay park,1
bear mountain zipline,1
getaways virgin,1
franconia va,1
jellystone park,1
san anyonio zoo,1
north va,1
chugach,1
collana,1
wilkinson tire,1
new island,1
tucson az,1
clitoris,1
compang,1
las  vegas trip,1
cayucos beach,1
kinzamarauli,1
maicotton,1
pennsivaina,1
kingsfield,1
lipsstick,1
knudsen,1
ljb,1
fairway hills,1
new park,1
ocean city maryand,1
destinflorida,1
leigh county,1
gaylord beach,1
or3gon,1
poca beach,1
ghettysburg,1
yedam,1
sara happ,1
fort washington,1
wwe county,1
dunham,1
lebanon county libigation,1
allston,1
kahki,1
monofin,1
factoriy,1
las vegas effie’s,1
haylo,1
pennsylvania canabis,1
new holland,1
xbos,1
overeasy,1
san tanbrewery,1
floopi,1
santan gardens,1
khaliri,1
morgon,1
bueno park,1
hampden county,1
lkegoland park,1
pacino,1
kimberlington city,1
judi,1
neptunia,1
jabowackez,1
carmel beach city park,1
san die ago,1
mixeoneedli,1
victoria avenue,1
sujana,1
texas grease monkey,1
las  vegas hotels,1
alerting city,1
antelope creek,1
elk grove sky zone,1
red beach,1
san deigo old,1
sensitiviey,1
trickle creek lodge,1
tallasassee,1
gualey river,1
sprungfield,1
pittsboro,1
zooziana,1
los gatos hotels,1
kahlil,1
acny,1
t6 dslr,1
klahria,1
eagles island,1
emerald village,1
darlington,1
quee3ns,1
"mt, va",1
bpston,1
buay,1
las vegas eforea,1
hunkomaina,1
misquamicut,1
la bahia de nny,1
bbq korea,1
epperaon,1
paraail va beach,1
peridido beach,1
student2024,1
khofu,1
auyurveda,1
aan mateo county,1
yyamava,1
natahala village,1
bryce canyon park,1
halah,1
ohauhawaii,1
san diegoe county,1
vnuri,1
monte park,1
brew city,1
autotek union city,1
san francisco ymca,1
king city,1
uss midway,1
ㅜㄷㄷ읻,1
san fd,1
san juanita,1
vigna,1
blue kingdom,1
mount baker,1
san rancisco,1
san dublin,1
sukihana,1
mmplasma,1
west indiana,1
johnsonn,1
woodlin park zoo,1
yakima valley,1
salt lake tour,1
leon springs,1
palmilla beach golf,1
nooka,1
lg!,1
asmar,1
93460,1
kennethtodd,1
san diego  county,1
ftona,1
los xabos,1
oaka,1
los gatos-botox,1
pick8ng,1
nw jersey,1
san frisch,1
shipwreck waterpark,1
myanmar,1
south dekota,1
pannama city beach,1
zoonew york,1
miami south beaxh,1
gangnam madsage,1
70th street,1
boya,1
east egg,1
crandon beach,1
theaee,1
atv bay area,1
fort ben,1
lemura,1
mexico riu,1
indianan beach,1
east quogue,1
california dreiver's,1
san diegi harbor cruise,1
rehobth beach,1
polynatian village,1
front beach road airbnb,1
sturhlin,1
vidanta,1
kualoal,1
bakeryu,1
scoote4,1
greece loutraki,1
inlawton,1
hairpaly,1
l4h1j8,1
epat machien,1
hotels lynchburg,1
lezzet,1
nyc usa,1
karribean,1
emeald isle,1
valvont,1
pensalvania,1
blanquemiento,1
new york harbor dinner,1
maccron,1
homfil bowl,1
new hampshire highland games,1
clinton county,1
burma,1
thinkstodoinwinchesterva,1
calilfornia,1
morrno,1
berserk,1
skydivong,1
cancin,1
las vegas boulevard s,1
seaforth san diego deep sea,1
mississipii,1
las vegas essen,1
las vegas maverick,1
mygroup0n,1
delluxe,1
viagot,1
maruijuana,1
mango curry,1
kinoki,1
las vegas desert atv,1
disney vegas,1
las begas blvd,1
ciento,1
s8x,1
https://www.berw-il.govyn,1
kiyome,1
dsih,1
las vegas premire,1
east hamil,1
yogurtlnd,1
blazzer beach,1
milenio park,1
new york city harbor lights,1
san diego gym,1
mississippi children's,1
lavegas strip,1
las vegas santana,1
liola,1
san diego float,1
la firsta,1
photograghhy,1
reana,1
acquatica,1
potawatowie,1
brkthrgh,1
west 51st,1
montego bay river,1
cambia,1
keti,1
hambergee,1
new orleans louisiana tour,1
bagara,1
sheppard avenue,1
windmill island park,1
palm bay nails,1
emsculpt princetonn,1
maujaria,1
rhamada,1
vantina,1
hhouston,1
north europe,1
murrow beach,1
walworth county,1
melbornr,1
oreye,1
illinois kong,1
herbaly,1
las vegas gate,1
miamibeach,1
mississippi taxi,1
big thrill,1
contqct,1
barabou,1
la queinta,1
ing kong,1
skinflectiona,1
atlamtic beach,1
eyelash republic,1
niagara'\,1
reginellis,1
victoria gardens tour,1
capuccino,1
beverly holistic,1
new hampshire's,1
damsung,1
460,1
moiboston,1
criolipoli,1
ediblr,1
n ew york city,1
reastruanta,1
davinci,1
south plainfield  nj,1
ifixyouri,1
l atlantic city,1
eathai,1
san juan’s,1
steezy,1
lake george waterfront,1
richton park,1
begonia,1
ywan,1
trampoline park fort,1
nai5,1
gatilinburg,1
san lu,1
jade mexico,1
orange county children’s,1
case15,1
taxel,1
ichiyama,1
haeir,1
ultheraly,1
zootastic park,1
tomagotchi,1
bikoxi,1
yesterlnd,1
kingdom fort,1
mandalay beach,1
lauguna beach,1
motels fresno,1
deepteeth,1
gardengilroy gardens,1
racing beach,1
isadora,1
moon necklace,1
lake forest,1
eyss,1
nicolette island,1
netf,1
patrina,1
las vegas motown extreme,1
shell creek airpark,1
allergan,1
istumbul,1
zoobezibey,1
la quanta,1
hairbyhoma,1
sprytan,1
liingo,1
clarkston,1
hamilto,1
santa cruz smog,1
party city el,1
san onofre,1
san siefo,1
sandpiper beach,1
camp beach,1
north las begas,1
los cocos,1
kariton,1
xinyu,1
burntwoodd,1
airppor5,1
golf east bay,1
black moon,1
park2go,1
aberdeen,1
south lake hotels,1
las vegas ziplinng,1
paildespark,1
barsalona,1
creighton,1
mngo,1
rosticceria,1
marriott downtown,1
greek east,1
keynes,1
fillerton,1
ho chi minh hotel,1
marco island beach,1
coney island lunar park,1
san diesgo,1
josnes beach,1
ne2 york,1
san fernando calley,1
lake george ride,1
kingdom waterpark - nacogdoches,1
la vena,1
crystal eternity,1
http://www.groupon.com/deals/gl-splish-splash-in-l,1
tajai,1
west vine street,1
d.i,1
st juan island,1
kirklin,1
halland,1
quad,1
keasburg,1
c4e49181,1
nyc wooden,1
colonia nj,1
las vegas cryotherpy,1
colubia,1
louisiaana,1
san diego waterslide,1
st simon island,1
wilnington,1
mccormick south carolina,1
rospado,1
motelsd,1
disneamd,1
motels vegas,1
san diego diego zoo,1
nniosa,1
tebee island,1
las vegasm,1
hotels lynchburg va,1
the gran canyon,1
las vegas realty school,1
st. george,1
las vegas  golden,1
san dieig,1
las  vegas experiences,1
jotdan,1
jardineria,1
wonston,1
segway beach,1
black rock lake park,1
mylte beach,1
w york,1
st. luc,1
san diago2,1
maridean beach,1
las vegas v,1
iride trolley,1
west rock,1
miam7,1
jawli,1
cponies beach,1
san diego bay half,1
san antonio - stone,1
atoantic city,1
j2e1t2,1
pologne,1
boyington beach,1
black rock lake,1
llucie,1
mirar beach,1
pontoon rentals destin,1
atlantic citu,1
pruessia,1
nek york,1
inn jersey city,1
jetsey city,1
usa island,1
72nd street,1
los,1
dbox,1
tgestre,1
las vegas mani,1
las vegas baja,1
ozark trail,1
caveran,1
new iberia,1
las vegas hhitels,1
west central avenue,1
south dallas,1
santa lucya,1
barony beach,1
u.s beach,1
las vegas hotell,1
west desert,1
new orleans  zoo,1
kentucky kingdom splash,1
las vegas delas,1
lamaii,1
maic mountain,1
spartan run city,1
f lauderdale airport,1
donburi,1
los.ojos,1
michigan hills golf,1
reflexologia,1
nokeville,1
dovong,1
prolia,1
san diego zoo],1
ventura county hotels,1
hotels mount plesant,1
inn omaha,1
santa clatita,1
las vegas private airport,1
lminigolfas vegas,1
blue lake,1
city vegas,1
toa baja,1
brew8ng,1
new orleans zoo,1
las vegas hel,1
bonelli park,1
ocracoke island,1
eroun,1
miami bizcane,1
la sparks,1
funtoen,1
jaamnola,1
hibbett city,1
medina entertainment,1
pontoon rentals madison,1
san san’s,1
santa crutz,1
jamaica montegrappa bay,1
santa diego beach,1
shamilton,1
phsyix,1
haut,1
sarevay,1
saint paul,1
panama city vacation,1
santa cruz rooms,1
bervely hills,1
rentaldaytona beach,1
new orleans  atv,1
pacific island,1
vennirs,1
stlos angeles,1
statef island hotels,1
carrollwood village,1
piara,1
west adam,1
lps angeles,1
east los,1
pacific asia,1
disnelyand,1
rocky mountain mountain,1
covina,1
harmond,1
wekki,1
santa moinca,1
aquarisu,1
tripss,1
santa crispy,1
san joaquin county  fair,1
harrison county,1
la skin eve,1
san diego mission valley,1
oopll,1
smith mountain lake va,1
ontario airport,1
os15.5,1
blizzard beach,1
duke city,1
broadway pavilion,1
mati beach,1
olando,1
n.j.,1
menear,1
midflorida,1
forsyth county,1
tocatalina island,1
catslima island,1
las vegas nomad,1
mexico jacuzzi,1
kern county,1
paintong,1
parkinr,1
butterflymedspa,1
musqumicuit beach,1
omegamart vegas,1
dexafitboston,1
dannys,1
hong knog,1
hydra facial lanham,1
los glúteos,1
baldwin springs,1
lodgevirginia,1
dunes beach,1
cherrt hill,1
colomvia,1
ammathar,1
wyndham lake park,1
dubai city,1
ne2 jersey,1
chaddeston park,1
las vegags,1
las  vegas atvs,1
pollos.mario,1
kimbolton,1
lumme,1
thcmd,1
north ranqall,1
armish,1
dominican republic family vacation,1
destin island,1
mytrl beach,1
la forguna,1
parking county,1
karaton,1
duessdolrf germany,1
williamstown,1
santa cruz mtb,1
yellowston,1
tinkley,1
frontier city park,1
1283 york,1
wisconssin,1
ceda,1
dohee,1
tashami,1
kayak rentals downtown,1
misisippi,1
nola city park,1
kotwica,1
la croisere,1
tampa bay downs,1
b0c28bl4rk,1
pensilvania,1
italy grove,1
knige,1
hydra facial rahway nj,1
estate12 hour,1
caio,1
indio,1
the moon farmstead,1
lake george resort,1
kurtas,1
kempinksi,1
calmelback beach,1
new york city jetski,1
burlington county prison museu m,1
zaara,1
neno,1
marina inn,1
chareleston,1
yaqui,1
myrtl3e beach,1
sandyston,1
hawiia,1
estensions\\,1
xeimin,1
movati,1
jerseys park,1
vitgina beach,1
standardsville,1
raiz,1
makedo,1
ensenada beach,1
jordenalle state park,1
la feria,1
cannolis lake park,1
san anornio,1
maatcha,1
netcong,1
san friancisco,1
memorabillia,1
nutela,1
las ligt,1
mazatlan mexico,1
san may,1
las vegas wet republic,1
dubin,1
san jose city tour,1
bourdeaux,1
sanoma county,1
jamaica sea garden,1
la trip,1
santa cruz arcade,1
kaina,1
flww,1
russjan,1
mucoid,1
omse,1
austinburg,1
las vegas effifel tower,1
county usa park,1
sourth carolina beach,1
trampoline park fayetteville,1
weilliamsburg,1
san jose mexican,1
vountour,1
laughlia,1
airbnb carolina beach,1
departmenr,1
huatulco mexico,1
heresy park,1
kingsmill resort,1
north murtlw beach,1
cobourg,1
san diegosea world,1
cannon beach massage,1
hydra facial las vegas,1
mica moon,1
ultama circle,1
niagaa,1
juvaderm,1
wrightsvillle beach,1
headspat,1
park jersey,1
versal,1
northern colorado,1
parana,1
las vegas jersey,1
south seach,1
teryaki,1
djibouti,1
san sebastián,1
midievle,1
tuzedo rentals,1
liberty jersey,1
rockville jacuzzi,1
north mrytle beach hotels,1
vajina,1
barto,1
ellos island,1
cityfield,1
salt river lake,1
neuralgia,1
webb city,1
metro east,1
new jersey shen yun,1
oldham,1
thrill park andretti,1
tmessagehai,1
pittsburg ballet,1
wakulla county,1
cabiria,1
yankie,1
pittsbirgh,1
tennesssee,1
hark rock,1
chattan,1
testoosterone,1
books86,1
astoria park carnival,1
shashav,1
sugar hill city,1
herndon va,1
녀ㅔㄷ규ㅣㅕㄷ,1
jackson park parking,1
dutch county,1
yatcht rentals,1
page county,1
west eden,1
lyndhurst,1
district heights,1
el segundo swamp,1
pajamss,1
hydrogel,1
poinciana,1
grapeland,1
flodria,1
goorgia,1
airplan,1
hutchinsonisland,1
offa,1
owenego,1
westerly,1
mohegan,1
mohican river rafting,1
tanganykia,1
las vegas eifel tower,1
coast city,1
cardleigh,1
santa ma,1
speedsport,1
kobe itailan,1
kobe suchi,1
santa hustle,1
shibui,1
jupiter boat,1
la bohem,1
pearland boudiorpearland,1
san jalisco,1
south padre islnd,1
miami celebrity tour,1
bavati,1
facials east bay,1
duplex,1
sebastian beach,1
park21202,1
hydra facial 77024,1
ultrasound1,1
gabe,1
miami key largo,1
west york,1
natallia,1
india plymouth,1
maragnia,1
big ben,1
miami boot,1
montgomery county pennsylvania,1
circensia,1
baltimore county golf,1
orange county b12,1
dermabrassia,1
evada,1
la palma,1
santa toda,1
midland valley golf,1
cidercadia,1
alfa romeo,1
ipan,1
san anronio zoo,1
wsgon,1
animal kingdom orlando,1
aquariumboston,1
oberrad,1
cvmedia,1
bahia beach,1
los vages,1
mehjuri,1
mattson,1
reoboth beach,1
las vegas gran cayon,1
galibur tennessee,1
las vegas gondula,1
san angeles,1
sermorlin,1
healin,1
me32606,1
sa diego county,1
sevo,1
p leu garden,1
u-4,1
remoavl,1
dominican republic  resort,1
south grand park,1
cheyenne mountain  zoo,1
west xing,1
lvirtnam,1
하이롤러,1
nutramegin,1
west bilfort,1
kahlua,1
oleana,1
quedoba,1
leggi,1
onder,1
durham north carolina,1
snowpark,1
kgaxaly,1
cancun resort las vegas nevada,1
inn va,1
szklarska,1
tuba city,1
vegas freemont,1
lake grove,1
las vegas detail,1
contro,1
las vegas aria,1
brooks city base,1
san francisco lake,1
paragould,1
the bay harbor tour,1
hungigton beach,1
cesars atlantic city,1
forfeit,1
san dirgo zoo,1
bouji,1
woodland hills hotels,1
palazio,1
hyatt,1
las vegas karaoke,1
san juan island vacation,1
terranya,1
san diego broadway,1
santa barbare,1
chino hills footgolf,1
san huan,1
san fernando valle,1
tedesco,1
edisto island,1
golden hills,1
roosevelt lake,1
boynton canyon trolley tour,1
strawberry,1
san diego bundle,1
seurta,1
west baden indiana,1
wrightville,1
marylandf,1
las vegas golden knights,1
safi park,1
ionn,1
priest lake golf,1
manejar,1
apex tire,1
plastic beach,1
pittsifeld,1
activitiesarcade,1
jxs,1
01107,1
legenda,1
canton county,1
santadiego,1
del largo,1
san dest,1
san luis ray,1
eden prairiw,1
scandinavian park,1
peterberg,1
santa  massage,1
sumsang,1
san diego zoo',1
murdo,1
pacific northwest,1
tobais,1
hiveboxx,1
san vicent,1
las vegas cinco de mayo,1
san diegocounty,1
hooer dam,1
trampil,1
san diego ωøo,1
i-70,1
coronada island,1
san diogo lego,1
rod island,1
san diogo sea,1
w655hcqz,1
los palmeras,1
los cabos baja,1
traverse city old,1
san framsico,1
northern california hotels,1
shahi,1
microblado,1
yhai,1
boston dark tour,1
lake mich,1
vieginia beach,1
jeckle island,1
kimonto,1
la guardia,1
bunbur,1
anderson county,1
al hershfield,1
amati,1
va  beach,1
n.y city,1
dominican republic treehouse,1
hanesha,1
park york,1
tanningocean beach park,1
puchbowl,1
vegans beach,1
teaathre,1
las vegas  nv,1
bordwalk beach,1
deluxe city,1
misquamicut  ,1
metropoitan,1
gulf islands,1
del lago,1
rainbow city,1
scriton,1
m.cacao,1
la jolla leopard,1
victoria city tour,1
oman,1
tallaha,1
b.e.,1
omron10,1
samsz,1
descendantfs,1
fort yargo,1
morvarid,1
toronto beach,1
cocao beach,1
benzoyl,1
los rosarios,1
mashunuttan,1
marriottsville,1
spa2,1
ameica,1
monkee,1
kalanapia,1
marriott ocean city,1
glassws,1
san dj,1
temecula  ,1
zapaka,1
western marina bay,1
new york city hilton,1
collier county,1
cancun mexico riu,1
md state armory,1
mount veron,1
henrico va,1
o‘ahu city,1
nailsd,1
san franciso gardens,1
palaza,1
bernardino county,1
nue,1
whch720n,1
paloma,1
masagge envy,1
koninck,1
hystyria,1
petaloma,1
santas village park,1
west chocago,1
manhattan nj,1
wai,1
reviews island,1
kalajary,1
paly,1
manitou,1
chrisiti,1
puttin bay,1
west wardsboro,1
artplaza,1
cakes⁷,1
kalajar,1
salt laki city,1
jylarionico,1
baldwin county al,1
tayphon,1
santa catarina,1
tavwr,1
hutch,1
la vagas,1
webbed beach,1
oceart,1
gpu,1
alcaz,1
paovick,1
changsha,1
canada city,1
saint village,1
kahul,1
circus va,1
krung,1
broadway area,1
yas island parks,1
majhong,1
rosotis,1
nile il,1
midwest gymnastics,1
windcreek,1
east bank,1
new buffalo beach,1
dragón,1
famiy kingdom,1
philippines park,1
los pies,1
odontologico,1
miami scenic,1
north lake mall,1
sanona,1
maniuc,1
hlam,1
beverly oniel,1
long jersey,1
educaiont,1
west homestead/waterfront,1
hollow creek,1
emeli,1
waterpark;bloomington,1
addis ababa,1
less8,1
maasia,1
hydransia,1
shreveport waterpark,1
miami biscayne bay,1
dilbeek,1
", york",1
elk grove village pool,1
moviesbronx,1
9nb,1
hendersonville north carolina,1
new orleans  french,1
vavolo.e,1
helara,1
thornton,1
colorado  80229,1
fort ann,1
standup,1
traverse city beach,1
googenheim,1
new york city lunh,1
flights south carolina,1
parvez,1
madhu,1
hjotels,1
stk rooftop,1
balaeria,1
hanpton beach,1
granvcanaria,1
south,1
south venice,1
fasttu,1
fatoma,1
west naik,1
microneeong,1
vitginia,1
hedo,1
puerto playa resort,1
quarrey beach,1
east 185th,1
trampalin,1
florence,1
मिनी,1
cinncinnati,1
chic beach,1
new jersy,1
medicala,1
lake zürich,1
wet zone,1
helicopte,1
trampolone park,1
salsaa,1
lucas mexico,1
decca,1
winston-salem  ,1
myrt beach,1
strabuckd,1
la sunset tan,1
las vegas buffet coupon,1
furn,1
phuladelphia,1
camp creek park,1
mafic kingdom,1
kalagati,1
puerto mexico,1
cinncinatti,1
dinkadoo,1
leheigh county,1
trailer village,1
alb,1
rhode island  ,1
microsolf,1
alabama tropic,1
hazelton,1
miami yacht cruise,1
fitspresso,1
la jolla wet,1
tongeren,1
minoqua wi,1
srithai,1
observitoru,1
aggielqnd,1
schriever,1
quart beach,1
la posada,1
jeveaux,1
demaino,1
las vegas zkylofts,1
brezilian,1
khartoum,1
chicago city paaa,1
atlantic city shiwbiat,1
maraujana,1
west philadelphia,1
riba,1
baltimore city hotels,1
tecumpseh,1
vancouver province,1
betheda,1
kaco,1
pensaylvania,1
north fork mountain,1
segwsy,1
las dosis,1
d'juan,1
san jardin,1
vinyal,1
san diego petco,1
kbbw,1
mohican state park,1
santa lucia,1
ashuganda,1
lake kayak,1
xeolin,1
west pratt st,1
north cpunty,1
md wash,1
nee orleans,1
pedicure,1
destin sea,1
wadsworth,1
columbus mississippi,1
nèw england,1
stevensville,1
hx3641,1
toptoy,1
gran river,1
oceann city,1
baersgield,1
inn mount joy,1
san diego kayak,1
kampton,1
atlanta botanticap garden,1
hwy124,1
tabay island,1
jeuvua,1
motels dandrage,1
bsrbet,1
las vegas hyotels,1
bananan boat,1
ann arbor bootcamp,1
sandeigo sea,1
gilberstville,1
douglasville,1
el dorado canyon,1
clark lake golf,1
sewa,1
classrung,1
ft beach,1
jumpgeorgia,1
guadalajara mexico,1
ocean city vacation,1
lake erie,1
san antnia,1
bonya,1
san mar,1
colonn,1
axe zone,1
hydra facial new jersey,1
bilmuri,1
arizona republic newspqper,1
slysonw,1
vallarta mexico,1
san antoniofc,1
pravaba,1
budapest boat,1
new jersey river,1
miningilf,1
charlotte area,1
n diego zoo,1
maricela county,1
nuagara,1
cm73np,1
san diego 92123,1
san diego smog,1
mount washingston,1
playa mexico,1
skipton,1
chalresrton,1
cleardield,1
tanganiyaka park,1
historic city,1
clothingiro,1
medeva,1
jc-468012,1
bressmer city,1
huningtkn beach,1
north caorlina beach,1
alantic beach,1
alpacaly,1
peira,1
san amtonio zoo,1
ex17,1
las vegas nevafa,1
los panchos,1
garden marina bay,1
parham,1
catlina island,1
lexington va,1
crystal lake hotel,1
descasno beach,1
kinfolk,1
san fn,1
palm harbor area,1
mytrel beach,1
coolina,1
las vegas atv dunes tour,1
priest river,1
rocky mountain atv,1
jersey.rides,1
jcca,1
hederson,1
las brazas,1
cabana rentals aquatica,1
catawba county,1
varsitysummercmp,1
opie,1
bouton,1
coquina  beach,1
la jolla's,1
scuptung,1
kyaka,1
atalntic city,1
faifield,1
shreveport bossier city,1
sh,1
woodenville,1
haskap,1
san chappell,1
sharm el sheik,1
charolettnorth carolina,1
san fransico airport,1
manitoulin island,1
atlanitc beach,1
kiritan,1
mahana,1
ndiego,1
hardwood,1
dowan,1
south carolina usa,1
santa cruz-capitola,1
buffton,1
catrinas,1
skinspirit,1
benito,1
ocean citym,1
millersville,1
pontoon rentals portage,1
heqrt,1
cozy district,1
laa vegas strip,1
tequilaa,1
fasciael,1
califonia beach,1
las vegas - buffets,1
san diego calip,1
san deiago,1
la looks,1
western st.,1
san antonio highland,1
ventura harbor comedy,1
san va,1
napo,1
janaica,1
kesha va beach,1
oceanfront,1
dyersville,1
sanatio,1
kanguru,1
"inn, louisburg",1
trampoline park york,1
casitas lake,1
overton ridge,1
santa cruiz,1
santa cruz electrolysis,1
bolinas,1
sandboxvr,1
miniaturye,1
cali  colombia,1
eliche,1
massassas,1
joston,1
laksana,1
santosha,1
laguna beach jetski,1
saniblel island,1
kennedyville,1
mirada beach,1
macinac island,1
juvedermxc,1
puttn,1
atlantic air,1
fort lauderdal beach,1
santos beach,1
york]=,1
harrrisonburg,1
outtet,1
doraku,1
fidelia,1
lymphatic drainagemassage orange county,1
inner island,1
micdropmania,1
san ber,1
riyu,1
scottadale,1
naxima,1
maui aqyarium,1
kansa city,1
prusssia,1
jurasi,1
lynchburg virgnia,1
kentury kingdom,1
flat creek webb city,1
trampoline park - west palm beach,1
mo spas,1
san francisco\,1
gold creek,1
blue mountain beach,1
gulf coast hotels,1
lajolla beach,1
jb37,1
san fernando statue,1
makuta island,1
kauola,1
murad dark,1
san antonio park,1
frederickville,1
san juan texas,1
soloman island,1
arazonia,1
south bay inn,1
v65t,1
mescico,1
galveston bay,1
asiastu,1
fraxyl,1
shelterbunn,1
east izakaya,1
puerto rico airbnb,1
san gabriel tribune,1
tampa bay area hotels,1
miami zoo fla,1
n’t ncerrs,1
towels beach,1
keriatn,1
nail salond,1
earth vegas,1
senta village,1
brandonton,1
barbor harbor,1
trampoline park indianapolis,1
pinellas beach,1
naragansett,1
hitech city,1
tellica,1
rhide island,1
ohare park,1
civitan beach,1
d.s,1
slingshot chi,1
grover beach hotels,1
solais,1
stanardsville,1
san juan city,1
charles park district,1
abu dhabi city,1
dondey park,1
nhl jersey,1
san fransico city,1
new hampshire fri,1
worcester county maryland,1
clasico,1
hiltonmanassas,1
jawlıne,1
kikis,1
karen,1
moouth county,1
gabriola island,1
mahekal beach,1
lavallette,1
con carolina,1
xylia,1
south amboy arena,1
seafoos,1
warren county,1
nyc hydra,1
duns village,1
emerald island golf,1
wilmsburgh,1
kiran,1
hatteras island,1
la pargue4a,1
las gatos,1
san luis obpiso,1
cheeka,1
bainbridge island,1
tedt,1
06/2024,1
kingsdomn,1
towa,1
paont,1
hendrys beach,1
gujarati,1
emeral beach,1
munich city tour,1
north adre,1
crystal river manitee,1
san luis obismo,1
vegas strip club,1
cean city,1
nesorsso,1
millenvpn,1
magic mountain hotels,1
red oak,1
aquir,1
western landon south carolina,1
slidewa,1
famtasia,1
nellis village,1
shackleford island,1
mountain brook,1
aquaitica,1
san pedroca,1
pycic,1
lcwww,1
mt pleasant michigan,1
hollow beach,1
travis city michigan,1
tanzansia,1
santas village east dundee,1
san huanislands,1
hicago city,1
98387,1
samtas village,1
jordan lake boat,1
opear,1
x york,1
wilmington beach hotels,1
forrest park,1
tamelamann,1
geand island,1
desertland park,1
west hersheypark,1
conway beach,1
scarborugh beach,1
san diego gondala,1
canyon park,1
neru,1
epicott,1
s.w,1
rocky mountain cogway,1
del cruz,1
sephorna,1
new-york-c3,1
realeatateu,1
owens,1
mederia beach,1
jacuzzi rentals,1
fiesta village,1
los cabos:,1
caribbean beach,1
transmituran,1
krononburg,1
san diego gardens,1
gobdola,1
helicoptdr,1
stanley steemer,1
north las vegs,1
floorida,1
west las vegas,1
orlando wye,1
xspec,1
dreamstay,1
pictorem,1
encinas,1
clifton heritage,1
suwanee river,1
intraverse city,1
howrll,1
north kansas city flexology,1
green bay wi hair,1
nauticas,1
hyperbaric,1
road,1
jamestoen,1
kareena,1
bellemont park,1
krafty,1
marina pontoon,1
dinnr,1
hawaiivmanta,1
kualu,1
rehoveth beach,1
miami kid,1
stixs,1
nirvona,1
picton county,1
black ceeek pioneer,1
englnd,1
west maui mountains,1
flordia beach,1
meowwor,1
lichfield beach,1
carola,1
san diego doobie,1
las vegas -bacchanal  ,1
monicas,1
maples,1
cran island,1
brannson,1
avto,1
san diogo zoo,1
san diegl,1
victoria gardens,1
aniheim,1
taly,1
desniland,1
frusta village,1
ng,1
bowljj,1
san diego rooms,1
san clem,1
fort worrh zoo,1
hiawaii,1
non surgal butt lift,1
anistasia,1
galaveston island,1
leesburg asian massage,1
n bay,1
bunche beach kayak,1
commonwealth,1
steamboat,1
magazi,1
boston park plaza,1
la tech,1
limehof,1
puerto moralos,1
mona2,1
las vegas wydham,1
liquidvia,1
spashdown beach,1
carlolina,1
panamá city beach chairs,1
kimpton south beach,1
walton beach-west destin,1
gand beach,1
rufftopia,1
kps,1
familyzoo,1
satara,1
san diego  ,1
beuti,1
m⁰,1
san antino,1
la'porton,1
klyde,1
weighrloas,1
pearland,1
apostle island kayak,1
panther island,1
alabama gulf coast,1
west virginia beach,1
naples beach club,1
"st, brookfield",1
macanical,1
orland park hotels,1
iturw,1
havaven,1
newpork beach,1
judd,1
south valley bbq,1
foordah,1
meijuana,1
galvestonn,1
soith carolina,1
hany,1
rock creek,1
dauphin island sea,1
perrysville,1
zanesville,1
rockport beach,1
edinburg,1
jantala,1
tipton county,1
alamo hills,1
marrid,1
lisas,1
bueana park,1
mars,1
long beach  half,1
vacation3,1
tarmarac,1
marawana,1
los angeeles county,1
kidalina,1
door county gold,1
carnio,1
la belezza,1
e'le'c'to'l'y'si,1
crystal lake michigan,1
las et,1
mystic hills,1
brandenton beach,1
nsail,1
bodyscupltiong,1
las vegas jimmy,1
verdginia beach,1
granda hills',1
totaltan,1
satellite beach',1
hevy pullover,1
luiminia,1
aquivina,1
kingdom kingdom,1
us park airport,1
kualoa park,1
ocala county,1
calhounga,1
sightand,1
gloucester county,1
el segundo hotel,1
south east michigan,1
deshi,1
pandir,1
los angeles - san,1
coon creek,1
las vegas allegiant,1
luvmedi,1
pussy vegas,1
sehlac,1
nee england,1
animal kingdom tiket park,1
chsng3,1
sweet.tv,1
norox,1
new orleans marie laveau,1
lino carolina,1
san michele,1
locker4,1
newport beac,1
skatetiong,1
fort rapids,1
rads county,1
joifull,1
pittsburgh pap,1
romantic beach,1
lflorid,1
la nucia,1
majuiana,1
jetpark,1
pkwy,1
orlando entrance,1
barberville,1
costa rica',1
kneck,1
mount misconduct,1
crystal lake buffet,1
trrg-65zw,1
doatlanta,1
keravivee,1
broadway shiw,1
bici central park,1
san juan marriott,1
fort qorth,1
spartan race,1
las wegas,1
ivory pearl,1
atlantic jacuzzi,1
pismo beach sea,1
cnusup00016907614,1
coinas,1
heckel bassoon,1
membweahio,1
olaza,1
dragan,1
mirajan,1
chato,1
messamerica,1
salama,1
san tan valley car,1
vendela,1
stasia,1
wristband county,1
sexona,1
nebraska city golf,1
thommas,1
makotos island,1
thorpe park,1
delton,1
pearl lake beach,1
mango cbd,1
caroliana beach,1
jordan lake nc,1
hanun bay,1
virta,1
fairfax county,1
illinois slingshot,1
jhnston,1
inclusive beach beach,1
capron park,1
kumasi,1
san diet,1
xg2v,1
africa wildlufe park,1
west palm air,1
pier park panama city,1
tower city,1
pananam,1
iilusia,1
homosassa beach,1
bobn,1
atv park,1
trampoline park east providence,1
cannuli,1
feedbird,1
new york jfk airport parking,1
fairless hills,1
leesburg va  hotel,1
fluorescent beach,1
las vegaso,1
quass,1
macknaic island,1
the west valley,1
srisri,1
bairalina,1
north atlantic city,1
chula vista va,1
yorgetland,1
san ucas,1
school\,1
scotsdale,1
mississippi beach,1
salvatoris,1
north harbor,1
cornrow,1
del boat,1
artisana,1
new york times,1
yacht rentals',1
oakland hills,1
los caballeros racquet,1
bagana,1
alona beach,1
san simeon lodge,1
topanga canyon,1
memphis city,1
north carloina,1
wintersville,1
hershey park season,1
nmky-7j5n,1
marina rentals,1
altria city,1
greenfeild village,1
las vegas ole town,1
la femmina,1
san franancisco,1
lá vegas hotel,1
malden,1
mount poccono,1
las cegas strip,1
mass mulch,1
fimpfo,1
patux,1
santa cruz beach boa,1
los rios river,1
pardise beach,1
faire20,1
vollbela,1
keriran,1
new york city guitar school,1
hotfirwisland,1
palm bay activiy,1
miami lego,1
new virginia,1
los fernandez,1
d.e.j,1
161st street,1
south coralina,1
lincolin city,1
farmville,1
kickaxe,1
hiroshima,1
shanahan,1
aderlina,1
wyndham east stroudsburg,1
south florid,1
hummel,1
aldercreek,1
muro,1
cacrpet,1
kayaktou,1
severnapark park  ,1
mahathan,1
moody gardens wednesdsy,1
asada,1
eden  park,1
waterpar,1
guld island,1
cambria county,1
miami seaquariun,1
florida united states of,1
elevay,1
miami farry,1
metrapolis,1
momtana,1
lauchpad,1
highland park golf,1
orox,1
afro festival,1
bay breeze,1
myrtle beach carolina,1
p izza,1
mantecaca,1
toothbrush4100,1
new orleans sightseeing day,1
mjjc,1
zambezi park,1
syrup city park,1
kellyss,1
las vegas rio,1
butterwart,1
west hster,1
kayl,1
jerssic,1
strasburgo,1
santa barbara harbor view,1
richmod,1
mertlye beach,1
powhantan,1
mrtsl beach,1
bowlerto,1
va  ,1
broomrang,1
el ultrasonido,1
hydra faciaks,1
slatton,1
restaurants,1
in2scuba,1
phon3,1
squae,1
san antoniotexas,1
los lunaslegos,1
berks county air bnb,1
baki,1
moblre,1
myrte beach,1
caroway gardens,1
mirimar,1
assia,1
sushi village,1
fort eisenhower,1
austunn,1
eaton rapids,1
saraosta beach,1
iran city,1
zorb park pigeon,1
ad100,1
va. beach va,1
indinan beach,1
gungston,1
la crueset,1
west capital,1
oggi,1
nashville tenn,1
san marvos lake,1
coronoado island,1
caniforlia,1
san ramon car,1
misaa,1
banyo,1
core40,1
trumansburg,1
san fdancisco,1
livermorespa,1
dolcegabana,1
la rocco’s-posay,1
oklahoma city zoo,1
los gastos,1
paypall park,1
el capitán,1
partu\y,1
san francisico,1
washington beach,1
north coralina,1
ozark hills,1
masadon,1
syyz,1
midas eastern,1
miami jersey,1
san francisco 49er,1
heraheadspa,1
nosgara,1
san danielle,1
margartitaville,1
carotton,1
austin lake,1
studio7,1
التدليك,1
exdpresso,1
tan republic red,1
las vegas circo de,1
syrton,1
s.o.,1
ounta,1
doordazh,1
mauli,1
thermkst,1
black mulch,1
🛋,1
k.o.,1
atascaderp,1
san francis,1
santucci,1
kaneohesandbar,1
butifica,1
capei,1
grangham,1
alignem,1
san antonio city padd,1
expedia,1
nails columbia,1
nile duke,1
laser columbia md,1
matakana,1
hydrationn,1
ma river,1
naigra city,1
heritage park village,1
paly america,1
kahauna,1
minute4,1
microabrasia,1
mount atlanticus,1
aquarium carolina,1
mani\pedi,1
nukubati,1
pizerria,1
bauno,1
rafi,1
palin,1
chitwan,1
mydle beach,1
certipur,1
c2e5,1
arlington bar,1
klairmont,1
streeterville,1
west rin grand canyon,1
new jersey  ,1
hirnee,1
rivoltana,1
hopseadog,1
stanta village,1
west henrietta,1
quonochontaug,1
new orleans louisania,1
quechan,1
el chama,1
daikan,1
office2024,1
phito blanket,1
panlq,1
north vagas strip,1
south pittsburg,1
riato,1
baldwin lake trail,1
firsta village,1
jackson - east,1
amelia island tour,1
fastasia,1
st7,1
vegas strip pool,1
anakeesta4,1
termianl,1
castalia,1
nv  89130 united states,1
oputt,1
zooknoxville,1
las vegas astvs,1
magic mountain tour,1
reggia,1
cangon,1
las vegastour,1
las vegas rodissio,1
cawavanga,1
neihula acadmey,1
las vegas lodging,1
las vegas tgi,1
aquaatica,1
las vegas motown,1
san diego ozo,1
coal creek,1
red creek,1
las vegas air balloo,1
fort garland,1
west palm scuba,1
mmyrtle beach,1
fazoli,1
hydra facial dallas,1
mr.ballen,1
linco,1
preppa,1
new york laguardia airport,1
jayden,1
anotonia,1
plam beach tan,1
18bottlesfor;9;9.99,1
moody gardens garden,1
july25,1
north las vegas 89084,1
metro detroit,1
us vigin,1
mullberry hills,1
lubri,1
fort m,1
kyrgyz,1
rocky mount bbq,1
virgimia beach,1
sadbar,1
las vegas st,1
kohola,1
myets drip,1
politan,1
south marylan,1
las vegas steip,1
soana,1
york pennsyivania,1
21st street,1
vetarinan,1
nyc brooklyn,1
doheny state park,1
nyc east village,1
fortelaza,1
nausea county,1
alamntic city,1
west 39th street,1
santa sams,1
park jersey city,1
ogdens,1
hahansns,1
santa barbara harbor cruise,1
permemt,1
winerymasia,1
wild kingdom tickets,1
united kingdom hawkstone park,1
2park aquatica,1
goegia,1
strike city,1
balkan bay,1
notre dam,1
shipweck island,1
jacuzzi room atlantic city,1
los toros,1
kafi,1
plontoon lake,1
вертолете,1
haydelle,1
the kennebec river,1
bouba,1
atlantic atlantic city,1
aculputura,1
motowon,1
sohera vegas,1
medicalsauna,1
e.p,1
la puents,1
bear mountain ski,1
phnom penh,1
fort walden beach,1
hof,1
santa monica farmer's,1
las vegas venesia,1
durby city,1
vacayopn,1
miami seafest,1
mikosukee,1
colonbia,1
vacuna,1
mamula island,1
hinkley,1
raccoon mountain,1
nashvillin,1
las vegas stret,1
sectjon,1
botánica garden,1
times square area,1
qui;ts,1
mannino,1
d'histoire,1
san diego9,1
norikase,1
new yortk city,1
west dale hills,1
parkesburg,1
stockjolm,1
bath england,1
berlin river tour,1
chicago heights,1
orland park sky zone,1
valvilinea,1
orland park laser,1
vernon hills park district,1
bottcamp,1
billys rentals,1
east gate,1
nisgria,1
lovw,1
coumbus,1
ancona,1
guidalong,1
cerrllton,1
nimitati,1
colorado mount,1
western colorado,1
️mytle beach,1
us birgin,1
middletown,1
north carlina,1
royce city,1
tan republic santa clara,1
ivory,1
lee county,1
gainsbridge,1
estepona,1
kingdom amusement park,1
newyork city night,1
us island,1
eupepsia,1
pedicuri,1
dea;s,1
mount coat,1
uhrichesville,1
theatrd,1
florida beach vacation east coast,1
soojee,1
park dominican republic,1
canyonn city,1
peri,1
ann arbor lacrosse,1
eypt,1
del notre,1
hunsville,1
voncetts,1
las vegas atv free,1
pontoon boat lake travis,1
hairdye,1
cabala,1
penas,1
francisville,1
donahue,1
madrid city tour,1
hearin aidd,1
plum island,1
gumby,1
mamajuana,1
atlanta city city,1
charlotte zmax,1
rancheria,1
kingdom of,1
aventurepar,1
34th,1
canyon am,1
san diego safaryboark,1
hoop city,1
hidden beach,1
miami  dade,1
braziliabn,1
la nalis,1
oxen,1
mpls trolley,1
atl;anic city,1
long idland city,1
deoxyholic,1
lona park,1
del.niagara.ny,1
dolph island,1
restilin,1
deepsee,1
gppfomyp;rtsmvr,1
po ana po,1
ksamil,1
luxe lake,1
hammilton,1
sixcy,1
west palm beacj,1
kyalami,1
buccan,1
west palm beaxh,1
waton,1
panima city beach,1
krab island,1
san fernado,1
danatas village,1
northridge.ca91324,1
santa barbara',1
cleveland rock,1
miami luggage,1
vista beach,1
scultptura,1
slintshot,1
las vegas  ferris,1
pati,1
krrememe,1
jackson - east beasley,1
jurassic park rebirth,1
hotboyz,1
battle creek,1
spapsh village,1
rosatis coal city,1
las　vegas,1
nachos,1
las vegas dtrip,1
san ge,1
las cefas,1
east long,1
kearitan,1
lo angeles zoo,1
ivory springs,1
del masaje,1
santa claita,1
las vegas atv 4670,1
los iracundos,1
tint west coast,1
san monica pier parking,1
massagelego,1
san diegk,1
glatinburg,1
mutha,1
swedesboro,1
minnesoolis,1
marriot macrco,1
oprylnd,1
new orleans bakestball,1
garden village garden city,1
ovean city,1
d'mara,1
keratonyc,1
miami isky,1
nassue county,1
phénix grand canyon,1
hotelsy,1
oberon,1
west long branch,1
nigran,1
https://g.co/kgs/r8ymocf,1
84th street,1
natropathica,1
jingitown,1
tuxedo park,1
sporteay,1
pllaza,1
sasami,1
superchargd3,1
west yellowsyone,1
lake elsinor lake,1
plaza city,1
edison beach,1
iridologia,1
santa villlage,1
vitertan park,1
new jersey's,1
rahet,1
west branch michigan,1
west tropicana,1
las vegas harry reid,1
las vegas sho,1
inn las vegas strip,1
grrand canyon,1
south grand canyon,1
venue rentals,1
owenton,1
jitu,1
geifei,1
los angelescounty,1
abraxas,1
vanezuela,1
teotihuacan,1
stat island,1
ccaf,1
teraflora,1
riocozy,1
turbo city,1
santa bara,1
rendondo beach,1
nasp,1
dodgeville,1
xenomas,1
festibal,1
miami:,1
moon shower,1
sparton,1
san sebastián winey,1
puerto penasco sonora,1
afve,1
s korea,1
queenzbury,1
japanesee,1
hairdresser,1
san ramon vr,1
piamo beach,1
scorlia,1
carlifornia,1
alameds county,1
hwadspa,1
santa cantalina,1
bearstown,1
大饱口福,1
haiwathia,1
atlantic avenue,1
cillin,1
st louis area,1
themepark entrance,1
st. ann,1
quiksilver,1
stadium east,1
dorado,1
quiet beach,1
miami hoteles,1
kenelog,1
green hills clyde,1
sierra vista,1
sodena,1
cuppig,1
hyena,1
tivoli gardens,1
larnaca,1
coronado island,1
las vegas jackson,1
san diego ecoboat,1
san antonie,1
k1n,1
wymdam,1
dmss,1
sundestin beach,1
l island,1
lynyrd skynyrd,1
puerto panasco,1
jetski lake,1
makeup0,1
horseback lake pleasant,1
tempe beach park,1
dulcinea,1
washoington,1
india kitch,1
multnomah county,1
crhpto,1
fantasy island park,1
mutely beach,1
williamsurg,1
ville virginia,1
massanhuttan va,1
santa golf,1
amf lynchburg va,1
san ramon facial,1
адрес,1
san antorio,1
hanley,1
north padrea,1
gsic,1
virox,1
kingd island cedar,1
bustlenton,1
radio city,1
amazonn,1
lacuna beach,1
lauglin boat tour,1
acetaminophen,1
medina bowl,1
3rd,1
american bay area,1
new orleans zipline,1
mississippi coast,1
zoltan,1
marinunana,1
negril village,1
carrigge,1
west 54th street,1
cosmetologia,1
nokomis,1
circleline,1
st petersberg,1
panamá,1
la bonbannaire,1
scy703/02,1
laguna heach,1
san bernardino  county,1
jerssey city,1
san diego zoo zoofari,1
gton beach,1
hotellaguna beach,1
momoyama,1
adventurelandlong island,1
costa mesa day,1
mississippi brunch cruise,1
harrison beach,1
nibi,1
la hollywood,1
jetski lake las vegas,1
kentucku,1
the  ark,1
blanbutton,1
numark,1
las vegas tropicana hotels,1
huntington beach winery,1
los angeles harbor,1
santa monica airport,1
skillsaw,1
cosco city,1
knoxbury,1
smazon,1
santa monca,1
apex chiropraxtic,1
orlando bay,1
nefertiti lifr,1
san dusky,1
metalachi,1
nasheville,1
aquavina,1
hurgada,1
marcy,1
messi miami,1
fort zachary,1
miami carilloon,1
sanford,1
south beac,1
west 7mi,1
packagemiami beach,1
wyndham lake garden,1
marriott vil,1
drivesmart,1
clinton township,1
snakes atlantic city,1
odesssa,1
tampa bay ray game,1
south hyde,1
myer beach,1
deezerland park trampoline,1
tampa bay rock,1
west sea,1
grouond,1
south jacksonville,1
khalahuri,1
bowling gaitherburg,1
veneicd beach,1
japanese street,1
stafford,1
san cruise,1
warrenton va,1
america germantown,1
los angelos,1
haircolor,1
mudabilia,1
columbus park,1
fort shawnee,1
atlantqa,1
mackanac island,1
clipart,1
lo'real,1
kopp,1
hugonn,1
west palm beah,1
san joss,1
moamos,1
samona beach,1
squirrel hills,1
allstarz,1
mango mango,1
black rock park,1
oandora,1
estatica,1
splasj city,1
delmont,1
murryville,1
otherworls,1
u.s.v.i beach,1
lower antelope canyon,1
ashley york,1
willsburg,1
city lake park,1
hresham,1
dubowl,1
activitikes,1
bistouri,1
mo du,1
north amaerica,1
nitro city,1
lagoon salt lake,1
quatica,1
snorkel shark,1
laurel village,1
san francusco,1
san rafael smog,1
oakland zoo,1
dufasee island,1
batiks,1
cowabaunga,1
las vegas allegiant stadium,1
flmingo,1
merrville,1
detail8ng,1
"md, usa",1
hairdresserboston,1
nee hampshire,1
highland lake,1
drezland park,1
cannbie lake park,1
orta,1
inn buffalo airport,1
calgary grayeagle,1
hawley,1
north myrtlee beach,1
grundy county,1
montespertoli,1
spadetma,1
drury,1
pacific coast highway corona,1
hpittsburg,1
warrenville,1
scanpan,1
domonica republic,1
la zooticket,1
door jacuzzi,1
las vegas half,1
kukirin,1
culver city hotels,1
indiania,1
rehoboth beach week,1
lego huis,1
diivy,1
puerto rica getaeay,1
north dekalb movie,1
cowabnga,1
douth beach,1
tabbs,1
las vegas hari,1
wavelet hills sanatorium,1
t.kang,1
san mateo smog,1
morganton,1
suni,1
las md,1
faytina,1
solona beach,1
troy hills village,1
la touché,1
avail beach,1
blowdryy,1
pillsbury,1
reesha,1
tofte,1
hotel el reno,1
avalong,1
adventureland long island,1
san jaoquin carnival,1
east harbor,1
west akron,1
lime rock park,1
san cabo lucas,1
roebeth beach,1
coati,1
la zoom,1
madela,1
st. simons ebike,1
rokc rock climb,1
okinawan,1
kinhspa,1
catlin,1
hunhry,1
himachi,1
breezevirginia beach,1
750ml,1
penselvania,1
kealakekua bay kayak,1
kaanapali,1
uss arizona,1
kūhiō avenue,1
inn on east,1
la finest gym,1
tapoon,1
margaritavlle,1
cypress pest,1
san frrancisco,1
warenville,1
luxury vegas,1
inn park,1
new orleans saint,1
san fernadino,1
heavlin,1
jurassic pigeon,1
anneska,1
gutlinburg,1
miami activi,1
iosco county golf,1
las vegas desert tour,1
slingshot rentals vegas,1
las vegas lympahthis massage,1
hintington beach,1
hulen,1
gran canyon las vegas,1
nyc hairbar,1
la sur,1
escondedo,1
fox lake,1
chi city,1
prince dubai,1
wonton,1
kingiland,1
miami south beq,1
edwards virginia,1
west lane avenue,1
trampoline park - columbia,1
pedalea mexico,1
las vegas canabis,1
christie beach,1
avenue east,1
sweathou,1
addison,1
tedxas,1
eyelash remomal,1
europeitaly,1
adventureland park altoona,1
san franransisco,1
farmington hill,1
orgegon,1
rhode island brick,1
niami,1
erfield beach,1
afnan,1
miami sin dolor,1
las begas hotel,1
new hampshire coast,1
bags\,1
sploit,1
el sereno,1
las vegas showslas vegas,1
maimi city,1
greeng,1
pittsburg north hills,1
north carolina mountain,1
miami boat celebrity,1
eterniy,1
rocky mount nc,1
west point va,1
museums virginia,1
highlghe,1
hairbycamryn,1
oulil,1
floristeria,1
north padre beach,1
la bar,1
alastan,1
san antonio  safari,1
finest city,1
san diego padi certification,1
san diegogo city,1
winelaguna beach,1
promoción,1
galgenston,1
west lake eco,1
nanya,1
restaurants east bay,1
laserawzy,1
san francisco baseball,1
anatana,1
feemont,1
rehobeth,1
ne08721,1
haiut,1
dominican republic flights,1
mahatan,1
wet willis atlantic city,1
asbury park splash,1
https://www.groupon.com/deals/eureka-body-care-20,1
kerafin,1
mcdonald,1
school11235,1
dominican republic boca chica,1
mystic city,1
south orange,1
onenta,1
miami ft lauderdale,1
cranefield,1
huntington beach  ,1
jetstream,1
long beach',1
aburi gardens,1
sciencw,1
tampa bay beach,1
blond factory usa,1
marriott bonnet,1
cero beach,1
boynon beach,1
sarazota beach,1
adrenalina,1
inlet beach,1
pressed25,1
hoteballyss,1
asas,1
kidpop,1
santa barbara winery,1
monterey bay beach,1
monschau germany,1
neenan,1
west villa,1
hardon,1
puerto rica getaway,1
bushharden,1
city park golf south,1
america great cookie,1
idaho city,1
lake par,1
southboro,1
asbury park pool,1
eagel,1
el moca,1
wrighwill beach,1
chicago city paas,1
talina island,1
trampoline skokie,1
hotales,1
visur,1
niagara park,1
emirates park,1
vazquez york,1
feld,1
nordan,1
san anontio zoo,1
slusheeland,1
vs-1kxs,1
sanom beach,1
motel jacuzzi’s,1
america jersey,1
nyahmd,1
united rentals,1
zoombibay,1
indsiana,1
houstontexas,1
vairicosw,1
damond,1
brenham,1
siciliana,1
spokanewa,1
wasabia,1
syberg,1
kareo,1
kissmee,1
san key,1
nasam,1
rocks beach,1
hairbymorgan,1
barheigt,1
honk,1
magic mountain great america,1
nowy,1
sturgeon bay area,1
northhamphton,1
venezuela sofi,1
fairpont,1
alwxandria,1
wong kok south riding,1
chava chase,1
logiv,1
north hotels,1
city park south,1
seedona,1
new jersey day,1
zumba middle ahe,1
purico,1
west viginia,1
clevland,1
san freancisco,1
loyola,1
orowan,1
cosmela,1
sas city,1
beverly yoga,1
south franklin,1
cozimel,1
licensong,1
claudia columbia,1
park columbia airport,1
hydrolipoclasy,1
world columbia,1
replacmenr,1
lexingington,1
brussels city,1
galvston,1
denver.,1
los md,1
jveau,1
clear creek colorado,1
hampshire county ma,1
miami cquariam,1
north jefferson street,1
itlan,1
st.  petersbourgh,1
h2o island park,1
imaziong,1
vetnerian,1
olbia,1
ipad4,1
siev,1
casuno,1
domonican republic excursions,1
fernindena beach,1
αθήνα,1
realestate\,1
gowgia,1
lebanon valley dragway,1
mrthle beach,1
virigia beach,1
scitton,1
thème park,1
new york harbor brunch cruise,1
analux,1
las vegas train,1
silver mexico,1
pompaneau beach,1
east germany,1
t2y4s3,1
katrire,1
north brunswick township,1
middle township,1
networth,1
willinton,1
vurgina beach,1
abdl,1
aravia,1
dgh8,1
brady,1
aschaffenburg,1
weddingdj,1
santa baby,1
chocago city,1
tornato,1
la chocolatier,1
west lake yoga,1
las vages atv,1
las begas strip,1
jobawockeez,1
dunia,1
margarritaville,1
bloq,1
jck,1
aregntina,1
trazana,1
temecula,1
west hollywood sauna,1
dominican republic beach,1
castle city,1
hurricaneharborconcord,1
la county fair5,1
blue mountain resort ontario,1
ky\,1
timbivati,1
plancha,1
schumaumburg,1
deconso beach,1
inn key west,1
miami seaquariy,1
british colombia,1
l carnitin,1
midwest beautybar,1
wayerville,1
ogran beach,1
san frasico,1
maui rbnb,1
strip vegas,1
buffrets\,1
dinign,1
sombrero beach,1
ohyo,1
oshsas,1
u.k,1
virnia beach va,1
tussey,1
majuc kingdom,1
mass.,1
hawai’i tours,1
reorta,1
jónico,1
chirrasco,1
la nueva terapia,1
daikan park,1
jayden park,1
el san salva,1
jeubeaux,1
miami sandbar,1
moveis,1
iria,1
microdermabrassiob,1
san diego triton,1
menifee,1
west airport,1
us - jax beach,1
fsmiley,1
q-39,1
ferrari,1
seabrook island,1
speedpark pigeon,1
meckam island,1
peela,1
lana,1
misquamicut state beach,1
santa terrsa,1
resort baja,1
laa vegas,1
sandiego beach,1
los betos,1
fouton,1
san tan valley area,1
lodgencord,1
mill creek golf,1
tempoli,1
showboar atlantic city,1
zumba pittsburgh,1
clark county garage,1
canby,1
waverunn,1
sedona village lodge,1
myrtle beach old,1
backs county,1
treetop city,1
san juan bay,1
mkenna,1
san antionio river,1
karama,1
n. harbor drive,1
fddmundd,1
emsultp,1
san diego’s,1
sunshine hills,1
san shark,1
aristocrat,1
colonocs,1
dreamwroks,1
alcatraz national,1
south bay s,1
west 13th,1
west 33rd,1
wask,1
hurricane harbor jackson,1
plankton park zoo,1
la room,1
las perm,1
creativ3,1
san dirgo trolley,1
comforter beach,1
humimgton beach,1
huntignton beach,1
san diego harbor your,1
mokoli island,1
walnut city,1
golf jersey city,1
diver,1
san juan aquatica,1
susuru,1
microsoftb,1
las vegad hotels,1
mollys,1
duran duran,1
banki,1
eyelash tint west palm beach,1
marajauana,1
snorkel island,1
hevana,1
sonobellp,1
mamossa,1
vitacura,1
erey bay,1
ironmaiden,1
asia bbq,1
courtland,1
davoa city,1
miami bundle,1
hotels korea,1
augusta,1
legado,1
midas lake creek,1
eyelashes columbia,1
adventur park usa,1
ashbury park,1
ohare airport,1
campbell county virginia,1
latin cuisine,1
https://www.groupon.com/faq/ssr?order_number=1615131065,1
plum island beach,1
pet beach,1
desham,1
yayo,1
picao,1
miami sound,1
wollaston beach,1
manhantan,1
knights beach,1
wyndamham,1
pisnmo beach,1
dragon village,1
monroe township cranbury,1
malasia,1
farmingdale,1
foriphone15,1
nap york,1
floarida,1
eyelashes bay,1
kintocky kingdom,1
san   ,1
san jose technic,1
coldplau,1
inn mount,1
hai cutsspokane,1
las  vegas worldmark,1
alexanrdria bay,1
hampto beach,1
san diego airpport,1
winston salem bc,1
walleye,1
makawao,1
fansango,1
morristown,1
pleasnt hills,1
rejuvenaton,1
newport sea,1
baltimore county west massage,1
minigolf germantown,1
coumbia,1
san luis mo,1
quimbys,1
bellivlle nj,1
san franciscosan francisco city,1
airbie,1
brighton beach,1
north smithfield,1
itlaly,1
balaton,1
amrijuana,1
boerum hill,1
routye,1
rejuevensionn,1
argon,1
rancho cucamonga sky zone,1
mount desert,1
fuzys,1
lenht,1
dervo,1
houghton lake golf,1
abakee,1
la playa,1
bealeton va,1
basin harbor,1
cachael,1
north viginia beach,1
south carliona beach,1
quazzapog,1
virgnia,1
san carlos park,1
halona beach,1
hyatt park pittsburgh,1
leaague city,1
schlenberg,1
newport north carolina,1
canyon lake hill,1
san juan cap,1
beverly hill's,1
laguna beach boat,1
cirusus,1
santa rose beach,1
inroom jacuzzi tub,1
hbr rentals,1
los gatos lodge,1
aurelia,1
csml72hbc91v,1
sania,1
meyrtal beach,1
freibad,1
tinley oark,1
south west fleorida,1
massagwe3,1
kayak chicago,1
andiron,1
tavinia,1
hotelago,1
san francicso,1
canyonland,1
inn yuba city,1
las vegas april1-6,1
ophio,1
mountain village,1
martyle beach,1
willyamsburg,1
las vegas drains,1
soyokazi,1
grantsville,1
van zandt county,1
spi beach park,1
straplez,1
hurdgae,1
youngbot,1
fort worth zoo,1
konica,1
pegosa springs,1
bhaan,1
dhana,1
jwonn,1
kabsas city,1
africa wild,1
wegivy,1
lá vegas,1
anglins beach,1
san antono,1
vitalounge lake,1
valcabo bay,1
53202 united states,1
mann,1
robbinsdale,1
olypia,1
george beach,1
cajuan island,1
al city,1
downtown vegas hotel,1
zeebart,1
new  orleans,1
new orleans oak,1
las vegas vegas mini,1
los labios,1
east haddam,1
fuul,1
montego bay vacation,1
metropolitan,1
renewing2,1
rye flatland,1
hoteles,1
mount sinai long,1
yuhan,1
new york yankees  bbq,1
husdon,1
eq york,1
holyfield,1
massa8,1
south west miami,1
africa trek,1
k9,1
harquahala,1
khona,1
philadelphia park,1
big vegas,1
mayaguez,1
therapjy,1
dearfile beach,1
west palm heach,1
salsa boca,1
el dorado canyon atv,1
osx,1
jupiter legend grand canyon west rim,1
ark park,1
west jericho,1
naia,1
lagura,1
azuna,1
cota,1
macky,1
catalina island long,1
tenerife,1
xentistowl,1
mimal beach,1
athletico,1
santa villaga,1
jugle island,1
mount dora music hall,1
conch city,1
miami rapids,1
williamsburge virginia,1
santa vilage,1
midwest hotels,1
state beach,1
houese el,1
oceansidse,1
hydra f@cial,1
southern california kiteboarding's,1
jia,1
west marin,1
washiton,1
alamedad county,1
masa,1
san diego s,1
harbatchi,1
kasthuri,1
metro city,1
spirit hills,1
pronia,1
aransasa,1
tallehasee,1
tampa bay area beach,1
massage33647,1
haden,1
l.b.,1
new buffalo city,1
cambria beach,1
chukchansi,1
tire kingdom brakes,1
tarplin,1
kimberling,1
drubin369@aol.con,1
los cuates,1
gaithersbur,1
haliburton,1
http://www.groupon.com/deals/hand-stone-lehi,1
south miami south beach,1
miramar beach sandestin,1
tropicanan atlantic city,1
manta village,1
youhuoli,1
west virgina beach,1
joggerpants,1
tuckerton,1
keuka lake,1
california island,1
l9ng beach,1
new orleans expedia,1
del america,1
las vegas shooter,1
nona park trampoline,1
barmat,1
sesa.e,1
khang,1
mexitaly,1
las blvegas,1
los aveigadod,1
palm beach tan desert ridge,1
widgi creek,1
deadmou5,1
carteret county,1
massannutan resort,1
writswille beach,1
вутешые,1
jimjibang,1
campsrocklin,1
santa cruz bach,1
marriot delta,1
resodt,1
mandara wyndham,1
portablr,1
sail boca,1
spamiami beach,1
maxaroma,1
aventado,1
america boat,1
thinga,1
quickbooka,1
crown city,1
tullahoma,1
despacito,1
baku,1
laminia,1
ytah,1
wadi park,1
pilatessanta,1
rhode island novelty,1
nardonia,1
foodland park,1
texqs,1
nsas,1
cataway bay,1
yara river,1
april18,1
atv rentals,1
kingdom  park,1
az255,1
kaliharia,1
edad,1
buffalo beach,1
tivoli bowl,1
coolsculpting columbia,1
padela,1
clocktower,1
olivenail,1
savannahgeorgia,1
microbland,1
avellino,1
faciais,1
las vegas tahiti village,1
brushgraden,1
new jersey weekend,1
rhode island avenue,1
musegon,1
fairlont,1
langley city,1
kingdom tire,1
nowlong,1
basin harbor golf,1
roba,1
mount joy,1
west angels,1
taco beach,1
upgrde,1
atlanta west,1
vas4,1
las cruses,1
austin metro,1
la bestecca,1
terris,1
spartanburg,1
redford,1
md  ,1
dispaly,1
rhode island laser,1
kahina,1
1xy,1
san lane,1
florr,1
holucaust,1
shark valley park,1
jogo,1
edward county,1
fort erie zoo,1
miami speedboa,1
lagoon sea,1
las vègas,1
hichiro,1
west hartforrd,1
farmington valley,1
capitan,1
kiluaea,1
miami nice tour,1
little rock area,1
canvs,1
typoontexas,1
oak ln,1
magic kingdom disneyland,1
houson,1
branton,1
corinne,1
branson west,1
crawfordsville,1
san diego  aquarium,1
kronnenberg,1
san diego weekend,1
maalibu,1
boar,1
hardcaehe8629,1
possee,1
kalida,1
mexico city  ,1
фары,1
kidtchen,1
c45ff7f36f,1
biënnale,1
donipark,1
kypton,1
jenava,1
los cobos,1
asia nova,1
inarnia,1
chiccago,1
schaumburgh,1
jjitzu,1
new zealand - autumn,1
.new york,1
400h,1
morikami japenses,1
holton,1
pei wee,1
exercaie,1
las vegas venetian pool,1
skinphoria,1
marine city,1
oxaca mexico,1
west voast game,1
tobyhanna,1
nyc thai massage,1
spas nyc,1
sapphire hill,1
stuart beach,1
salimar,1
las veges flights,1
gattlinberg,1
beandon,1
pennicamp,1
hydra facial miami,1
goldston,1
expierien,1
franschoek,1
jacksi,1
hybrideye,1
krononberg,1
bablis,1
san durango,1
move2,1
miami biscayne,1
yactt,1
miami-beach,1
gamiong,1
miami surf,1
legolanda,1
delifield,1
sza,1
strokee,1
indana,1
gulf coast eco,1
blessi,1
n jacuzzi,1
tecxas,1
votox,1
concierto lehman,1
libertà,1
cozy,1
thyroglobulin,1
onya,1
inaba,1
sanducky,1
mthai,1
bexley,1
bay city naval museum,1
la plaza,1
san diego  hotell,1
west olympic,1
north las vegas hotels,1
asobu,1
boothnv,1
golf,1
barberspa,1
kaba,1
gondala,1
tan republic henderson,1
night strip,1
catinkina,1
spring city trampoline,1
fonrana,1
unthai,1
jujtsu,1
nee mexico,1
jackson beach,1
golf island's,1
equatica,1
libraryhuntington,1
carpenteria,1
gynomastasia,1
las vegas baloon,1
l.a . city,1
canoga park,1
kingdom themepark,1
myder beach,1
mágica,1
yogapura,1
las vegas pool day,1
speakitaly,1
inground robotic,1
union beach,1
manhattan atlantic city,1
"adults,350w",1
bahamss,1
zipcqr,1
san martion,1
holmde,1
hotel369,1
deluxi,1
paterdon,1
east brnswick,1
silver springs ocala,1
viston,1
new orleans pedel,1
san jaun capistrano,1
pontoon rentals lake,1
hai beach,1
st lucie county,1
hydra facial vortex,1
sama,1
pittsburg pa,1
se460,1
anneli,1
beaarizona,1
subs jersey,1
rmu island,1
kaialy,1
lick island,1
bangel,1
new orleans louis,1
inn resort ocean city,1
las vegas mochi,1
mosouri,1
kansas city pool,1
africa lion’s,1
pugeon,1
san frnasico,1
las vegas atv's,1
maverik vegas,1
san gennarro feast,1
lanham.,1
lad vegas bundle,1
west rim crand canyon,1
las vegas  |,1
san lucas hotel,1
la strat,1
yakee,1
https://www.tripbuzz.com/uss-lst-ship-memorial-eva,1
catalana,1
spanush,1
laquinta,1
germainia,1
west lake inn,1
brssupply.us,1
lanier islands season,1
viroqua hills,1
mount olpyic,1
gmetrix,1
martial beach,1
san clamenre,1
palm coast area,1
st.martan,1
highfield,1
oregon coosebay,1
las vegas hilton lake,1
jagua,1
stah,1
colongge,1
myre beach,1
german village,1
bound musica,1
dkisneyland,1
moronys,1
notrhville,1
chastain park,1
kfuku,1
dekalb county,1
lithiona,1
kenleyy,1
erwin,1
nintedno,1
‧,1
ltft,1
catonsville,1
braids columbia,1
oceans city beach,1
ultratan,1
alabama beach vacation,1
columbus mississippi hotels,1
garden valley trail,1
photoaffectiona,1
new orleans louisanan,1
spartan reace,1
chuck.e,1
breva4d,1
canobie park,1
orcus island,1
easton beach,1
el dorado mexico,1
headphonessamsung,1
montolivia,1
west hartford  ,1
callisto,1
vinton va,1
leatjerbys,1
san diego hyperbaric,1
mystle beach,1
west coaste,1
las rocas,1
san frrancsico,1
san raf,1
invisia,1
intro,1
newnew york,1
hillton,1
hx9066,1
gayton,1
clinuc,1
nearamelia island,1
maryland heights,1
rosmond,1
formnovelle,1
cabos,1
cpm,1
rv beach,1
heeby,1
miami rip,1
oldham county,1
sedgwic county,1
elkton,1
ddaytona,1
jalou_photo,1
idah0,1
guatemala city vulcano,1
gulf bay,1
st pete beach beach,1
lake george hotel,1
miami rbnb,1
alachua county,1
hilton virginia beach,1
braccos,1
avedo,1
http://massresort.com/,1
segneri,1
ancouver city highlights,1
iconic strip,1
zota beach,1
raven,1
birmignham,1
nayara springs,1
lesaona,1
choplin,1
fallston,1
atlanta jacuzzi,1
atlanta east,1
sandersville,1
sydney city,1
nerfy,1
sacremento,1
marylandd,1
molía,1
viringia beach,1
deep creek lake rentals,1
zau island,1
agustine beach,1
st louis river,1
jeryll island,1
south padre island rooms,1
laca,1
desona,1
bilbao,1
longues,1
los abrigatos,1
los favoritos,1
grand kingdom tour,1
pittsburgh symphooby,1
nemicoln,1
vegas golden,1
zaxbya,1
willianburg,1
march2026,1
.ountain,1
hx6064,1
amazon.com/mc,1
skydiv,1
sasha,1
yejas,1
los enanos,1
san digo airport,1
paicif beach,1
las vegas la san,1
san raphael,1
contra county,1
san mateo  ,1
san francissco,1
holibachi,1
ontaria,1
jackson park,1
donicia,1
t.v. mount,1
winnepisaukee,1
curucao,1
retro,1
bossier city,1
discord,1
north tonawanda,1
n city,1
las vegas hiteld,1
trampoline park el,1
fort laurdel,1
hagler village,1
calirfornia,1
osheng,1
dominican republic santiago los caballeros,1
krakatoe,1
miamk,1
michighan,1
https://www.hubptc.com/,1
honolulu beach,1
shiodara,1
ameraicana,1
ofi,1
north  hills,1
king creek,1
rhode island rock,1
weila beach,1
nrg park,1
jaminca,1
las vevegas,1
san diego],1
san diego sail tour,1
apothek,1
tuftopia,1
wayne county,1
downtown columbia,1
arkansa,1
heritage village park,1
zaida,1
north myrtle sou,1
trioci,1
liciro,1
http://www.groupon.com/deals/tamor-day-wellness-sp,1
mt greenwood,1
wijn,1
n. ireland,1
northern bay golf,1
nitox,1
chum,1
scuderia,1
puerto rcio,1
adelaide hills,1
trimboli,1
watcho,1
napervklle,1
viscoelastico,1
shenzhen,1
midwest clinic,1
las vegas golf nv,1
las vegas  zipline,1
colerain,1
el cozumeleno beach,1
dash mount,1
earrings beach,1
myrtle beachboat,1
midasa,1
inn rock,1
kalpan,1
new jersy beach,1
las vegas carrott top.how,1
north caronlina,1
park south,1
bowling christiansburg,1
bay creek,1
teh park,1
las angels city,1
nevada city county,1
observatpry,1
san free ancisco,1
truxel,1
las vegas hotelws,1
san antonio river tour,1
south coast plaza,1
kethican,1
pizookie,1
hot7,1
san siago,1
santa cruz road,1
san jose park,1
san louis obispo hotrl,1
san rfael,1
san grancisco,1
san h,1
pleasaton,1
san f r,1
santa clara smog,1
trnd,1
alamenda county,1
san luis obspio,1
northern caifornia,1
las vegas myseums,1
motels rocky mount nc,1
media beach,1
budaploosa,1
los brisas,1
prescripción,1
karf,1
south lshore bay,1
condo,1
west palm beachzoo,1
alca,1
begina,1
mre82ll,1
charlotte n. carolina,1
hundington,1
showboat park atlantic city,1
brown beach,1
aizona,1
blac,1
roesville,1
presscott,1
@alisha,1
gold canyon az,1
africa az,1
scottsdael,1
winston salem zoo park,1
pittsburgh north hills,1
harmar,1
hamn,1
strip district tour,1
nw portland,1
nordick village,1
aqurio,1
mystic river,1
santa cruz warf,1
javaeri,1
blue sea float,1
blue mountain ridge,1
big beach,1
mateina,1
dianond,1
balkansprong,1
golden village,1
hereshey park,1
new orleans drag,1
dustin beach,1
vinyl beach,1
parking park plaza,1
rhode island train dinner,1
xfintiy,1
san diego dennys,1
olean,1
grafart,1
dominio,1
asbury park silverball,1
salondplorana,1
skywhee,1
mrytell beach,1
fanatsia,1
south padre deep sea,1
nradil,1
manresa,1
parki city,1
monta,1
salt lake citi,1
june7,1
dallas city paas,1
headspabuford,1
terry vador vegas,1
jekell island,1
las vas,1
san diego concert,1
caribbean sea,1
brazlia,1
san franciscochina,1
derik,1
anthol,1
sliver city,1
pancylvania,1
saint louis ballet,1
brighton,1
lowestprice,1
facl,1
homosas,1
dimitria,1
tampa bay:,1
infina,1
o.k.,1
ozarks lake,1
resporta,1
metrotown,1
pg county maryland,1
md  20877 united states,1
sherna,1
virginia united states of,1
zuma beach,1
philiadalphia,1
bum bum butt lift,1
pa.ha,1
san luca,1
kalahairy,1
san clemente gym,1
decaladh,1
waite,1
new hampshire vacatiob,1
tan republic springfield,1
b.a.r.e,1
canavox,1
alognnt,1
ballaria,1
hollywood beach day,1
ballearia,1
cicu,1
san lucaa,1
dr.raja,1
miton,1
pittsburg city,1
ocean city nd,1
backbaynoston,1
kahai,1
colorado slingshot,1
rocky mountain balloon,1
hzooouston,1
san luise,1
san marus,1
wilmilington,1
w orleans,1
chemicao,1
alianta,1
las vegas tgrandcanyon,1
san monica pier,1
san gennero,1
las vegaxs,1
las vegas 89134,1
los ve,1
mosquito lake,1
ohio beach vacation,1
northern mariana,1
stephani,1
anderson south carolina,1
carribean tesort,1
animal kingdom florda,1
garden city beach,1
muela,1
las vegasnova,1
flaco,1
river valley,1
ranchi,1
everton park,1
costa meloneras,1
hypnia,1
las vegasi,1
santa de,1
lower antelope,1
san antnio river,1
memento,1
avantis mount,1
ambrosia orland park,1
america viaggio,1
lapton extender,1
ohio east,1
xl-45,1
pasnida,1
beelin,1
bahamas beach vacation,1
dfw.,1
san anotonio,1
colorado springs city,1
dasj,1
hifu east,1
machu.pichu,1
west rim zip line,1
san barbara county,1
mary;s,1
vietmon drip,1
west end avenue,1
tonelle,1
inclusive york city,1
candelinghall,1
west garden massage,1
inraston virginia,1
el hudson,1
nineth,1
oco,1
coast rica,1
oldeuorpe,1
ojai,1
sosua,1
las vegas hibiscus,1
zenshay,1
235th,1
san barbara county salt,1
kee gardens,1
england ireland  ,1
avelina,1
brintania,1
north las vegas manicure,1
sarahmclaughlin,1
ac city,1
sellappan,1
lescada,1
bullseye,1
darlington county,1
sculptur,1
mount miu,1
jademagnoliaspala,1
west highland,1
las vegas gran canon,1
lvluo,1
las vegas atv dune tour,1
las vegas limo airport,1
las vegas helicopt,1
las vegas magician,1
tausad vegas,1
theraphu,1
shepora,1
el segundo massage,1
san giego zoo,1
huntington park gardens,1
san diego zoom,1
las vegas liberace,1
san ferando,1
rhode island usa hotels,1
las vegas windham,1
miami lakes vet,1
miami brickell,1
mosquito bank,1
kenosha county,1
hidri,1
ens.,1
milwaukee county soo,1
mahjongg,1
sibley county,1
bay area beach,1
tacos el pollo,1
key beach,1
nhcg,1
centerton,1
hawiana,1
artimedica,1
south virginia street,1
san frasisco,1
los chorros,1
jackson lake,1
musculi,1
historymiami,1
orlando west,1
san diego dophin,1
wanderinghummingbird,1
ipl virginia,1
hotels mount pleasant,1
tryon nc,1
now york,1
mount baldy,1
ontario  ,1
pedicurde,1
colonialwilliamsburg,1
armory,1
trampoline park marlborough,1
tropicsatl,1
tcao,1
domincaan,1
cypress knoll,1
tan republic medford,1
red river valley,1
benroya,1
ridge island,1
east hartford golf,1
masaj,1
gastro,1
agricul,1
los pargos,1
midwest de,1
las cages,1
sandco,1
east coasrt,1
santa cryz beach,1
half moon bay trail,1
tirechoice,1
ocean el farro,1
san diego surf,1
angline,1
la rancherita,1
west sightseeing  tour,1
benzonia,1
atlana,1
casessamsung,1
sculptsur,1
dominicaqn republic,1
los gatoa,1
bio2,1
dwlaware beach,1
dinehland,1
miami spin,1
toy mount magic,1
holmes county victorian house,1
hersheu,1
wliminton beach,1
north idaho,1
nails beach,1
la andmark,1
tampa bay cosmetic,1
cokumbia city,1
laptj,1
britannica,1
acuaticos,1
fort worth lake worth,1
flayton,1
san juan capistano mission,1
spa columbia,1
facial.masa,1
vewin,1
forestville,1
mens dark,1
rania,1
san franciso big,1
los marichitas,1
san diego kona,1
sun strip,1
donrbey park,1
las vegas chao,1
south mississippi,1
miayami beach,1
hwxagon,1
las vegas duned,1
nintoch,1
san feansisco,1
keyrealty,1
el salbador,1
brookiyn,1
sullivan county,1
santa monica smog,1
ortley beach,1
catania,1
wyandanch,1
polk city,1
kayak seal beach,1
ketichan,1
miami acuarium,1
haven city clw,1
mount lake,1
f.a.c.s. - n,1
the bay atra,1
typhoo,1
cran,1
omahana,1
abana,1
miami mangos,1
new ireland day,1
san di,1
santa cruz borad walk,1
jarvisburg,1
mamimosas,1
qimmiq,1
new orleans louisianna,1
west  sahara,1
centrl park zoo,1
orland park essence,1
padre islands,1
north arizona,1
headstart,1
brigham city,1
me95321,1
toetosoul,1
solomon island,1
elkart lake,1
san  fransisco,1
warbird,1
san diego gopass,1
gulf port area,1
las vegas bungee,1
schlorotheraly,1
hibachi lynchburg va,1
crystal lamos,1
san frqncisco zoo,1
screamsr,1
west vriginia,1
sahara beach,1
lake george water park,1
cancuan mexico,1
rexcentervegas,1
riverbank columbia,1
california eagles,1
vignetosweston,1
new york east,1
delaware park,1
wundabar,1
1 england,1
aclantic city,1
sora,1
san juan capistrana,1
south carolaina,1
hanover,1
hong park,1
skki,1
esas,1
north mytrel beach,1
waterpark littleton,1
ozarks pontoon,1
lohdon,1
renaissance,1
monbil,1
sandeigo city,1
dominican republic cofreci,1
eastern chi,1
hydra source conditioning balm,1
kuşadası,1
murasaki,1
moon island,1
west palm beach minigolf,1
el paseo,1
"j5n,?j",1
las vegas kanfu,1
costa del sue,1
saturi,1
socic,1
lake george beach,1
natailia,1
mellyora,1
las vegas psychic,1
hartwell,1
galvestonbeach,1
treemont,1
kayaly,1
san hacinto,1
havachi,1
heroband,1
cellulaza,1
panama city city,1
el madador,1
dollyw9od,1
amartnth,1
q.r.,1
west midlands,1
lessond,1
las vegas van,1
makutu island,1
sabula,1
fog city,1
glassblowig,1
las vegasegas,1
west sunrise boulevard,1
flyhatfield,1
goochland,1
hideaway beach,1
renam,1
keerabeba,1
europa park germany,1
kansasa,1
chelonia,1
kristallpalm beach,1
siox city,1
ashvillenorth carolina,1
nhra zmax dragway,1
west trolley tour,1
vicki beach,1
san juan pitorro,1
west 47th,1
rady,1
venetian vegas,1
kritunga,1
kahalru,1
bearrizona,1
las vegad card,1
spartan golden,1
minaco,1
glam city,1
peoria az,1
footiland,1
ashland city,1
optifiber,1
united kingdom england,1
santa monuica,1
lenexa city,1
carwash east northport,1
kulpmont,1
spring lake,1
la damasquina,1
tampopo,1
dvida,1
flaggler beach,1
hintington,1
santa monika,1
kenyucy kingdom,1
cheekie,1
cincincinnati,1
turkush beach,1
valbonne,1
twp.,1
mofusand,1
mexioco city,1
west lunn,1
loria,1
yachr,1
west oak,1
new engand,1
hunterdon county nj,1
sugarland,1
jupiter legend grand canyon,1
north america learning,1
el porto,1
cocoichibanya,1
santa cruz hontel,1
honama bay,1
wind creek casi,1
musandam,1
vaccumns,1
san clamente,1
ss united states,1
south pittsburgh,1
mo rock,1
la buena,1
west atlantic city,1
ontaario,1
eden priarie,1
p6513,1
tikie,1
mentica,1
criolipolisia,1
extensiton,1
phuket,1
סירים,1
san monica beach,1
meratina,1
los cabo,1
ravina beach,1
magee,1
buctaer,1
fort lauderfae,1
las vegas shark reed,1
moody gardens beach,1
miseanorth carolina,1
lga park,1
ddunn,1
maui south gardens,1
dmz korea,1
nederland,1
cantalina long,1
dominican beach,1
huntington beach brewing,1
ellicoit city,1
mangonada,1
san diego beaches,1
khahua,1
catalina island  ,1
leon county,1
las vegas helicpoter,1
kanehoe bay,1
new york strip,1
beaty,1
atlantic city jacuzzi,1
mount eden,1
https://www.dell.com/en-ca/shop/cty/apd/210-bhxc,1
miami bahamas,1
beaachfront,1
mexico cruz,1
el fenix,1
hanapepe,1
oakland county mich,1
oven city,1
sharm el sheikh spa,1
whiper,1
yogurtland redlands,1
n’y,1
singapore\,1
british virgin island,1
fosfatidilcolina,1
masin,1
virginiabeach,1
viona,1
fort brag,1
ocean city hotrl,1
las vegas toddler,1
pancho,1
tanning york,1
holiday park,1
los rios,1
marzjuana,1
revinia,1
ilina,1
maunabo,1
maca,1
hyerplasia,1
salona beach,1
barefoot beach,1
cypress harbour,1
las vegas suger,1
sobeautybtvictoria,1
atlanta rnbsoul,1
san fri,1
hrabdon,1
yamhill county,1
clementton park,1
bay hill,1
chirocapte,1
las gorditas,1
scuplrta,1
north bowli,1
san jose children museum,1
martley beach,1
costa de’este beach,1
el grove,1
sandiago city,1
marjuauana,1
valley canyon,1
las vegas tree,1
elkton maryland,1
kookie,1
pennselvania,1
zulu24,1
northgrand,1
earth limo,1
seaoul,1
camifornia,1
summerpass,1
west greenwich,1
tecton,1
waikkki,1
lanier park beach,1
juncos,1
san angonio,1
fasciitis,1
holbrk,1
boxvr,1
e.85th street,1
ricas,1
beach village,1
bett,1
kayak jersey city,1
kaspersk,1
gatorlznd,1
prinston,1
masouri,1
los gatas,1
beyoncr,1
san diego aoo,1
cartergena,1
sbzoo,1
messia,1
orland park swiming,1
jersey city cheap,1
dulcecabana,1
atltanic city,1
san-francisco,1
nrw york,1
jurassic park exhibit,1
horrdr,1
tanto,1
hudson beach  marina,1
atv atlantic city,1
amicolia,1
catalina island eco,1
clayton county waterpark,1
boatva beach,1
las vegaskayaks,1
las vegas babyface,1
taijii,1
homestay,1
la fitm,1
gulf stream park,1
mowy york,1
midlothan va,1
dawsonville,1
flamenco beach,1
catlaina,1
kiaki,1
loctitian,1
nailsalona,1
wilmton beach,1
r1,1
ocean beach city,1
vasquez,1
behennhana,1
kidbspa,1
gravois mills,1
amilia island,1
dominican republic hard,1
fusion27,1
moon bar rooftop,1
ayden county,1
xeormin,1
yacht river north,1
milanova,1
skinatica,1
mt ocean city,1
brunswick county,1
montega bay,1
piratevo,1
moonstone beach,1
gardens city park,1
miami keybiscayne,1
naigra nyc,1
gfd468ed95,1
oklahamo city,1
bbsc,1
sharonville,1
belfast ireland,1
mens facvialmens,1
gucic,1
marsden park,1
west bury,1
del sol,1
leien,1
notary republic,1
colorado springs tea,1
retro city,1
south hanover,1
stong,1
wilminton,1
inn auburn hills,1
jurrassic park,1
nterior,1
asia st,1
totlal,1
pauli,1
isaho,1
san diego sail,1
orlando rock,1
west edmontonmall,1
miami paseo,1
warr,1
smith island cake,1
wedtern hills,1
avid4,1
llamar,1
las vegas bufe,1
shreveport spas,1
briteway,1
montego bay riu,1
los m,1
tirzepati,1
poiciana,1
san activitiesantonio,1
woodland park zok,1
elicott city,1
leaque city,1
helium park,1
y.o.,1
lushlemon,1
southhomton,1
me18976,1
las vegay,1
louisburg,1
sauna nj,1
la jollankayak,1
ozon,1
bay wichita,1
ogunquit beach,1
kauna,1
ho leesburg va,1
motoe city,1
markton,1
qubec city,1
virginia lodging,1
morning city,1
docwolford,1
san diego air  and space,1
sarasotaaxe,1
dimond park,1
kalaharitexas,1
spain city tour,1
.kaimana,1
issouri,1
las vegas rouge,1
juvederna,1
caly county,1
san cabo mexico,1
abracombry,1
la bistrcca,1
mariotts,1
jetboat,1
west pm,1
murad vitamin,1
lego park,1
quadmix,1
san deido,1
las vegas blvd s. las vegas,1
kirbys,1
kidzonia,1
canterbury village's,1
menslong,1
harbou,1
health2go,1
helc,1
frisco beach,1
minga,1
skay zone,1
jacosa,1
wildwest city,1
brambleton,1
supernova air,1
newport ri sailboat,1
kennett square,1
spratan,1
bl0w,1
josejanj.nochebuena.33,1
marijnana,1
bear mountain state,1
inn lake george,1
lancaster pa,1
brillan,1
kansas city zoool,1
west chuckwagon,1
matressmattress,1
asbury park city,1
folorado,1
long ireland,1
menulogana,1
myrel beach,1
bar2,1
miami waterlife,1
sunwt,1
santa cruz wristband,1
madon,1
san dieog airport,1
san luis potosi,1
staunton,1
las vegas trous,1
crystal lake  beach,1
buffo,1
hydra facial south jordan,1
west jordan  oil,1
los garcia,1
oquirrh hills,1
emsculptong,1
magician,1
san diego star facility,1
padific beach,1
totth,1
san diegobdonut tour,1
st loui,1
san narcis,1
san fraancisco,1
alcatraza,1
ohgeezy,1
marina village parkway,1
sonsorio,1
victoria canada,1
miami echo,1
colorado river,1
ukraine,1
fort lauderdale city,1
nfr vegas,1
krungthepthai,1
east granby,1
minneapolis st,1
sanjuan county,1
paradise hills,1
xxx@www,1
las vafas,1
mango tropigala,1
lmilwaukee,1
kango,1
louxembourg,1
tacos el jeffe,1
ombrée,1
inlong beach,1
muleaukee,1
blackswan,1
santa de day,1
lawrencville,1
las vegas hootel,1
shipwreck myrtle beach,1
lift\,1
kirkfield,1
hershy park,1
st louis cemetary 1,1
db,1
west 38th,1
las locas,1
neportbeach,1
twij,1
new jersey delta,1
abnb sedona,1
https://youtu.be/twrfihhzawa,1
suffix county,1
besch,1
l sacramento,1
kangaroos,1
pummerola,1
thingsyo,1
qcquiriu,1
pol arctic acid,1
debania,1
new orleans ymbrella,1
bernara,1
rb3483,1
las vegasgo,1
san zdiego,1
eastern states,1
riley,1
los gatos botox,1
la lada,1
cancun mexico  atv,1
manirayn,1
favorito,1
citrus county,1
prelin,1
jeylk island,1
shemalez,1
las nubes,1
alienr,1
fionn,1
aamaung,1
charcoal kong,1
marenas beach,1
herria,1
⃗u1,1
liberty hill,1
amina,1
las vegaa city,1
cancun bay resort,1
winston salem  ,1
chinoteague island,1
williamnsburg,1
limington,1
maly,1
las vegaaas,1
salonscapt,1
canypn,1
las vegasgolden,1
rechargwe,1
village east,1
las vegas pud crawl,1
waterpark vegas,1
cowsbunga,1
dogx,1
coast vegas,1
sunmerlin,1
hévíz lake,1
hévíz,1
crystal goft,1
costa poland,1
fordham bronx,1
san diego spartan race,1
la live,1
catalina island s,1
moro,1
nile air,1
groupong,1
san onofre state beach,1
la fire,1
mt baldy,1
caitalina island,1
la lego park,1
toou,1
miami.,1
las veg,1
metrologon,1
hotels york beach,1
club york,1
jordan creek parkway,1
brada,1
hong tai massage,1
badmenton,1
south short,1
gantlinburg,1
pprp,1
la enchilada,1
avada,1
timhorton,1
mitral beach,1
apex park,1
tu4key hill,1
tannersville,1
nail york,1
gaitlin,1
glsas,1
vulcao,1
kualia,1
kualoa island,1
shirdi,1
lizzys,1
aaina,1
nitrado,1
"st, galveston",1
grand baja resort,1
la  zoo,1
trapoin park,1
anakesta mountain,1
dollywolrd,1
kinfong,1
jacuzzi,1
doninican republic,1
mi'da,1
reflexilogia,1
cococa beach jetski,1
palm bay marina,1
mescaleria,1
crystal lake  swim,1
daytoona,1
g-427b,1
aqustica,1
dezerlqnd,1
wet palm beach,1
pontoomn,1
grayson beach,1
green city,1
h2o park myrtle beach,1
mullica,1
álbum,1
dominia,1
marcos county,1
removal20,1
lad vegas city,1
instaca,1
ncnc beach,1
winston salem spas,1
keyboar,1
lower columbia,1
ocean bay,1
porlang,1
164th st,1
petersburg beach,1
new hampshire bank,1
los parques,1
oc,1
chino hills sams,1
lake square mall,1
de hernia,1
lion county safi,1
stengel beach,1
san juan bautista,1
mexico beach vacation,1
cue orleans,1
new orleans place,1
edison park east,1
"south amboy arena, inc.",1
racing,1
skyzonelong island,1
west 72nd,1
karteit,1
"kahaun""s",1
advantre park,1
burlington city,1
curiese,1
nickeloddon,1
depilado,1
lux city,1
tshape2,1
sappington,1
cross county bounce,1
suffolk county long island,1
new york adult,1
denville,1
hydrafaciañ,1
tropicanan,1
oalm beach,1
las vegas helicopoter,1
versaci,1
yongsan,1
rottnest island,1
matthen,1
mechanicsville,1
san jaun atv,1
hous4,1
captiva island,1
folley,1
thetropicana,1
hershey park area,1
sonabela,1
kayakong,1
nnew york,1
the lake getaway,1
花园兄弟核马戏团,1
kiamesha lake,1
exspedia,1
livingston county golf,1
african america pixie,1
volorado springs,1
san capistrano,1
bozenan,1
sunnys,1
las vegasice,1
trampoline park tallahassee,1
oximetrr,1
las vegas tropicana  suites,1
perspire,1
san antoniowax musum,1
burana,1
hambys,1
san diego balboa,1
santa barbars,1
mexico city beach,1
crossing columbia city,1
west aplm beach,1
miami bayfront park,1
madiline island,1
mattel beach,1
bioestimuladorez,1
propark propark - manhattan,1
noflat,1
kkaus,1
krapohl,1
nashville horrorcon,1
orland park bounce park,1
virgin,1
chicho,1
cicia,1
kamille,1
woodland park zoo,1
mount greenwood,1
dineyland park,1
la jolla jetski,1
las vvegas,1
luau beach,1
san donà,1
n virginia beach,1
tortola island,1
poconocos,1
los angelitos,1
c9dbfc48fr,1
west palm beachfl,1
santa cruz de,1
brixton,1
cinar,1
masoh,1
balisong,1
zuccas,1
dominican republic tree house,1
san stant,1
san disc,1
margaretitaville,1
lafeyette park,1
fire island getaway,1
nisimula,1
drummond island,1
ايفون١٦,1
las vegas  spa,1
lake george massage,1
storebunch,1
formaldhyde,1
vzcaya,1
manhattan korean,1
magnepan,1
bonaza,1
electric beach golf,1
mentissot,1
kasperkey,1
lake state park,1
new york bateauxdinner,1
spirulina,1
mosheim,1
spalighr,1
salano county,1
ultra zone,1
tampa bay ray ticjets,1
chumberburg,1
cencerta,1
savannah river,1
soloman islands,1
versasse,1
lake millac,1
indiainapolis,1
mrtyl beach,1
massouri,1
new orlanmississippi river,1
fivr,1
nassau valley,1
craigville beach,1
bobejaanland,1
nostolgia,1
niederhaslach,1
rhode island train,1
ketuky kingdom,1
west virgijia,1
alantic city golden,1
botoxand,1
dhamaka,1
las vargas,1
traveses city,1
san diego downtown,1
west ash street,1
santa cruz scuba,1
hkme,1
los virtuality,1
branderburg,1
waguli,1
santa clara great,1
elk grove village park district,1
keven,1
east earl,1
tru city,1
ytjnxthjn,1
northern mariana island,1
las vegas illusion,1
los posas,1
afro piano,1
san fran bay,1
kissprom,1
al downtown,1
las e r,1
moorail vegas,1
movies columbia,1
kalahari\,1
zuri,1
neauvia,1
gs-115,1
notary south carolina,1
multivitaminico,1
alleys york,1
marigot beach,1
bartlett,1
westin beach,1
clementton,1
formelyhyde,1
rhode island vacation,1
therapia,1
verde valley az,1
arlington virginia hotels,1
cascara,1
dem.boyz,1
pensaco,1
acania,1
microsoft365mac,1
las vegas rtv,1
los vegas  ,1
marina pina,1
philidlia,1
ln,1
selbie,1
mudlothian va,1
west glacier,1
khruang,1
las vegas - las vegas,1
blue mountain park,1
flights carolina,1
fued pigeon,1
russina,1
dominica island,1
san  marcos golf,1
orange county virginia,1
north eberetg,1
lgb,1
http://www.groupon.com/deals/go-city-orlando-explorer-pass-3?utm_campaign=userreferral_mih,1
aprilplazamarina,1
cam9,1
disneylândia,1
fort pigeon,1
mount *,1
spring lake nc,1
salt lake county,1
diária,1
physioflex,1
koru village,1
las vegastorrance,1
nouvelle orleans,1
frampton,1
pagua park,1
sail portland,1
skinnedica,1
liquivivida,1
new orleans yaht,1
sripraphai,1
dorinda,1
san diego seaworl,1
la’ua,1
miami tow,1
ridgeway,1
atanta city,1
cucamong,1
disneylsnd,1
resue,1
deale,1
salon127,1
north billerica,1
santa spring,1
middlburg,1
lelgoland park,1
pocolandia,1
hyloralonic,1
alabama city,1
gundela,1
east street,1
nyc china,1
churasscaria,1
michigan island,1
las vehgas,1
auroura,1
illlinois beach,1
magaritville,1
música,1
yaco,1
lavana,1
bowlinghouston,1
prismatica,1
mississippi taste,1
napavalley,1
midwest dog,1
philoadelphia,1
lonh island,1
cirvo,1
slingshot virginia beach,1
saint louis cemetery,1
las  vegas  magic,1
santa crus beach,1
adonia,1
laguns beach,1
rochesternew york,1
hgarden,1
strada,1
santa cruz beachboardwalk.com,1
liseberg,1
hotels east brunswuck,1
henderson vegas,1
synthetica,1
soffolk county,1
pana city,1
wisconsin dale city tour,1
dobson,1
maine city,1
inn pigeon,1
san jose scuba,1
alababa,1
chesdan,1
nervana,1
san ginero,1
aaquatica,1
vail village,1
oak creek fitrness,1
west broad st,1
san jauan,1
cocoal beach,1
goodlamd,1
jrny,1
las vegas  rv,1
kraw,1
falsgs,1
zoombeizee,1
desneyword,1
peck beach,1
bamd,1
artarama,1
vinozona,1
crystal bay,1
san luis creek,1
miami\,1
little york,1
santa cruz boardwalm,1
san diego garden,1
reno lake,1
newnam,1
prague city,1
north darthmouth,1
teton county,1
medeira beach,1
south hulen street,1
harriet island,1
picosue,1
leiden,1
la fitte,1
coralmedd,1
silk city,1
san francisco  airport,1
the pittsburgh area,1
crystal lake pool,1
los  ,1
south brunswick,1
jefferson township,1
razi,1
calzedonia,1
stu2019,1
az republic newspqper,1
seatle,1
black creek pioneer,1
la vegas package,1
san marcoa,1
houseclean,1
ardsley,1
hoyel beach,1
atlnta,1
broadway beach,1
fenton,1
li citu,1
talbot,1
abenturen,1
tanzinia,1
la vegas 4,1
us united states,1
lmoviw,1
long besch,1
garden city long island,1
boston city harbor,1
fort worh zoo,1
yacht rentals miami,1
rangingwater,1
runne,1
green hill,1
lake mills,1
cruiseamerica,1
movara,1
nyc eye,1
froma,1
circus,1
• atlantic city,1
hidromania,1
las vegas comedians,1
warrinton,1
sebego,1
raq,1
joggwr,1
waterpark clayton county,1
fillinga,1
morrongo,1
chingona,1
san juan bacardi tour,1
greek,1
salt spas,1
famiglia,1
san diego bahia,1
umalo creek kayak,1
west rafting,1
linchfield park,1
tampa bay tint,1
puerto arico,1
brevard county air,1
coco beach floridia,1
cctx,1
mathr,1
springfielld,1
santa roaa,1
biharis,1
lakeway,1
huebsch,1
pashima,1
san frncisco,1
bikam,1
grand island tire,1
myboxoffice.us,1
zephyr hills fla,1
jjamaica,1
buselton,1
relaxing beach,1
gitfs,1
charlies,1
tower america,1
pal beach,1
hudson,1
syrasburg,1
belmmont park,1
blossom hill,1
ggb100,1
miamar,1
nicarágua,1
diamondgliw,1
pałac,1
whitewall,1
los vest,1
wusong,1
huntingdon valley,1
san diego ducky,1
eagle creek,1
west integrated,1
san d iego,1
las vegas day  tour,1
ennlas vegas,1
delta township,1
n.myrtle beach,1
mauderdale,1
la volie,1
new orleans riverboat,1
omahanevraska,1
san diego parking air,1
la croise,1
hershey,1
bikran,1
nuluk,1
medical.marijuana,1
yuba city racquet,1
salt lake-west valley city,1
antcuatica,1
downtowb,1
west booomfield,1
walton beach golf,1
mo bettas,1
west wego,1
injectionn,1
troon golf,1
robbinsville,1
pennesylvania,1
ㅊㅁㄱ,1
orange county day,1
los gatos day,1
mygroupens,1
magic mountain sixflags,1
pedia,1
al.,1
saint pete,1
green lake,1
manhatten beach lodge,1
marina jacks,1
san diego bungalow,1
new foundland,1
los vegas south,1
travels city,1
massagesaraota,1
manipegi,1
latina beach,1
al inclusive,1
wister lake  ,1
f.m.,1
zhanga,1
taglia,1
c2e2 show,1
marina dell,1
haircutai,1
pfpm,1
yachtamerica,1
livevibr,1
hocking hill,1
coney island jetski,1
stephens city,1
shala,1
grest.wolf,1
chama gaúcha,1
trampoline park brunswick,1
monchu,1
liberty park,1
cuiaba,1
inn orlando,1
montgomery village,1
west workd,1
sanctualy,1
hill beach,1
hanna street,1
perdito key,1
cooca beach,1
holikme,1
express park,1
pensacola bay city,1
smith mountain lake,1
venezuela - copa,1
terraza,1
drivexotica,1
puerto penasco,1
brailiam,1
hardeeville,1
nutragenia,1
armonia,1
chicato city,1
chateaux elan,1
diago,1
cheekey,1
san juan helicoplter,1
franklin farm va,1
nyc long,1
barcelo mexico city,1
microwavw,1
ca.92630,1
litchfield park zoo,1
campovida,1
boomerang,1
ne york city,1
lewiston  niagara,1
salt lake shred,1
gop1,1
beaver lake,1
trampoline park union,1
leonia nj,1
nail kingdom,1
jekll island,1
nickoloadin,1
lim9,1
ncongito,1
baverton,1
quitopia,1
guatemala city airport,1
dollywiod,1
nadri,1
ha.pton,1
hoiston,1
njnear,1
san doego sea,1
aztectan,1
almeda beach,1
sjsu,1
scaveng,1
west che,1
copa america final,1
ispimo beach,1
solera beach,1
miami yault,1
𝘛𝘪𝘳𝘦𝘴,1
lawry park,1
jeanie”s,1
san diedgo bay,1
nyc amsterdam,1
catalina island para,1
united ccs,1
san franciscp,1
neso beach,1
san juan isalnd,1
tennisin,1
oegon,1
hommassaa,1
las vegas wynn,1
sntas village,1
ink8ng,1
miami beachmassage,1
lynova,1
moorehead city,1
wachu,1
ivory sia,1
sherid,1
las vegas voice actor,1
las vegas atomi,1
seapcb,1
washington park,1
pennsylavania,1
cloud beach,1
aiyana,1
hub city,1
inn east baltimore,1
hotels east,1
arlington yoga,1
kybella%20treatment,1
nantucket island,1
las vegas mogles,1
puravida,1
taino beach,1
la princessa,1
malbu,1
p[laza,1
lake nona eaterpark,1
schools pittsburgh,1
nobleworks,1
sage moon,1
center hill,1
central park west  parking,1
las vegas awaken,1
asia times square,1
fitchsburg,1
san antonio winery,1
catalina island newport,1
wyndham vegas,1
talyi,1
obx beach toy,1
hawaii circle island,1
splik rock,1
united kingdom cardiff,1
jiveserm,1
edition14,1
new orleans bounce house,1
panama republic,1
west 54th,1
charles city,1
san sebastián hotels,1
getaway mexico city,1
new hampshire usa,1
watchiong,1
essencene,1
inn west yellowstone,1
partiañ,1
professiona,1
microdermabrasionn,1
magic kingdom prlando,1
catalina island catalina island golf cartgolf,1
bulwake,1
concho,1
west entertainment,1
king beach,1
rancho cucamonga driver,1
kalayana,1
mich massage,1
la tou,1
getoutpassutah,1
hurshey,1
hutson,1
san halo,1
lakepark,1
roseland,1
disney24,1
oaklama city,1
farlin,1
skip island,1
me21043,1
santa yanez,1
kuahai,1
las vegas self,1
grand canyon south rim atv,1
morik,1
250cc,1
oracle park,1
wilmingto beach,1
san monica peer,1
stratas,1
nationals park,1
montecilo beach,1
san diego hotesls,1
hofsas,1
west state,1
eu,1
paddlefird,1
santa barabats,1
hilton columbia center,1
rockford park district,1
las vvwgas,1
trolley city,1
aruba island,1
dayyona beach,1
jantzen beach,1
myati,1
north lake palm beach,1
yamhil county,1
woodley hills,1
mercadotecnia,1
massaqge,1
medina county,1
nanjing,1
inn maryland,1
lafurtade,1
hurshy,1
guac city,1
kamekshun,1
deluna,1
new york ellis island,1
schuylkill county,1
.ario,1
magazinea,1
mount lurel,1
spartan adventure park,1
medrord city,1
stonomn,1
africa portugal,1
las vegas pool cabana's,1
bricola,1
demario,1
inn bay,1
las begas atv,1
las egavegas,1
san diego inclusive,1
los angeles - arcadia,1
miamiatv,1
indina beach,1
bontoyn beach,1
chase park,1
caswell beach,1
tortington,1
west scottsdale,1
kidcabin,1
british colimbia,1
east sideeye,1
south dekalb,1
bronx city,1
italy gondala,1
columbuz,1
trindad,1
san diego mss,1
untha,1
rv rentals near,1
togq,1
vistana village,1
dondola,1
cinninnati,1
bay boat,1
highlights ardsley,1
ananeska,1
oksana,1
america-mesa,1
pearl city,1
meritan,1
manassaa,1
winston salem nc dream asian,1
decosauna,1
spotslvania,1
mnia,1
laguna hills,1
la moon,1
silveton,1
fhai,1
petersbur beach,1
karizma,1
dominican republic punta cana,1
new york c3 city,1
western york,1
santa cruz boat,1
woden,1
uhiwai,1
la suute,1
las vegas fogo de chao,1
san jose blvd,1
san fernando zoo,1
santa cruz floor,1
joplin mo,1
southern park mall,1
frankmuth,1
graham,1
cologon,1
historygraina,1
atlantic coast beach,1
monkeyland dominican republic,1
chamberburg,1
las vegas effiel tower,1
musumea,1
bladensburg,1
agora hills,1
myrna beach,1
ranchi cucamonga,1
marcelina,1
bbeef,1
new orleans children's,1
rhode island united states,1
122nd,1
metru,1
las vegas  city,1
cypress area,1
san juan bio bay,1
makeovef,1
colour12,1
san san juan,1
santa monica piet,1
glen park,1
east coast highway,1
airbub,1
west cork ireland,1
medina ihio,1
escapomania,1
cusco,1
trveñ,1
lincolntton,1
woof beach,1
puxton,1
quietan,1
valcasno bay,1
south kingstown,1
ganda,1
925 moon,1
hairluxy,1
northern ireland day,1
@fifth,1
montigoc bay,1
yealy,1
houston.,1
funtown beach,1
west arbor eye,1
el salavador,1
uganda,1
corsicana,1
dcf,1
mamouth valley park,1
botoxeye,1
scotland ireland vacation,1
mirado,1
monpheus8,1
pantasia,1
myteral beach,1
airplane city,1
quebec street,1
las vegas west rim tour,1
jeans,1
crystal lake ill,1
strikeand,1
la mirad,1
la puente fire,1
salt lake cityaquarium,1
oishi,1
lyphatic drainge,1
las vegas bob marely,1
kendri,1
pm beach gardens,1
san degio city,1
ny- dominican republic,1
beavercreek,1
mojosia,1
rico bioluminescent,1
laugna beach,1
keyona beach,1
yogasix columbia,1
tampolin park,1
santa cruz beack boardwalk,1
mohican island,1
busan,1
kentlands,1
malucky,1
inn atlantic city airport,1
sauna shoreline,1
typhoonn,1
miyaki,1
jalgaon,1
orland park pool,1
modelle,1
beverely hills,1
cowbang,1
lisbon city,1
san diego hotelwith,1
yesstlye,1
mango tropical,1
https://residentdirect.appliancewhse.com/,1
nyc lower east,1
shy beach,1
eagles mount,1
aj,1
inroom jacuzzi,1
las vegas west canyon,1
san dieog bay,1
barefootbay,1
eyelash extentioms,1
sunny miami,1
san diiego,1
marina gulf,1
sands beach,1
sforno,1
clakston,1
muňecas,1
bestito,1
https://temu.to/m/upmwiij95or,1
san diego 2024,1
durham raleigh,1
trampoline rock,1
nugg,1
cleareater beach,1
big island sea,1
aurathai,1
hampton beach park,1
alabama beaches memorial day weekend,1
miami eyelashes,1
marrocaan,1
jefferson city hotels,1
inn santa cruz,1
poipo beach,1
cabo4,1
onterio,1
nickeolden,1
variry,1
door county wisconsin,1
igia,1
westbury,1
las vegas thermafe,1
extenaiona,1
fertenmina,1
las vegas horseback tour,1
caitalana,1
munich city,1
negrill,1
marriott atlantic,1
las vegas superkart,1
markham ontario,1
lehman,1
san mat,1
miami weekend,1
chocalate kingdom,1
kolbys,1
west peoria,1
system5,1
nhrollersport,1
micromassaj,1
mount bernon,1
ellis,1
durrango,1
aalexandria,1
waunakee,1
veganic,1
northridge,1
eestin,1
san jose air0port,1
hotels mexico city,1
nyc time,1
hollidaysburg,1
botanicalardens,1
kosas,1
eastern united states,1
mount rainier gondola,1
martihroxal,1
md jacksonville,1
taipei stone oak,1
chankanaab park,1
spa columbia md,1
camden harbor,1
deliciosa,1
jostena,1
restaurna,1
ferreira package,1
orlando hotels,1
myltre beach,1
salt lake aity,1
rhode island brick convention,1
las vegas murder mystery,1
winton salem,1
biriani,1
prince crofton,1
la prin,1
los cuatr,1
las vegas sr frogs,1
kingdom hudsonoaks,1
rock park,1
el matador,1
st. loluis park,1
kappibara,1
mcdougha,1
pococns,1
mount pleasant south carilina,1
honki,1
waterpark island,1
salt lake discovery,1
fort union,1
los angeles jacuzzi,1
las vegas part,1
huntersvilloe,1
nadie,1
b08kccn89p,1
victoria sea plane,1
massageme,1
nyc ellis island,1
payless20,1
darna,1
vi#eos,1
skewe,1
southeast beach,1
135th,1
veterinarian,1
para adulto,1
las matgaritas,1
wecasa,1
anna virginia,1
bloomfield village,1
santaclara county,1
albirmingham,1
alancic city,1
po ark,1
san antonio hotwls,1
las vegas thai massage,1
new jerseyty,1
maxville lake,1
palo alto  hotel,1
los cabanos,1
marigitaville,1
south ocean boulevard,1
hirginia,1
west lemont,1
scoot city vegas,1
veeneairs,1
ndoorwaterpark,1
san antonio  i35,1
san fieh,1
echo park speedway,1
western village sparks,1
las vegas thermage,1
east boca,1
julho,1
olympiua,1
rotellia,1
shashta,1
pasadena county,1
euthanazia,1
sf bay,1
fayetteville ncsky zone,1
voulusia county,1
richmond virginia,1
perry highway,1
decor,1
panamo city beach,1
golf beach,1
miran,1
west dallas,1
san nation city,1
motels gulf,1
salty beach tan bar,1
las vegas area,1
metroplitan,1
osteopat,1
mareiott,1
desi,1
vitalia,1
oceanbreezewaterpark,1
bostonia,1
san diego keratin,1
hampon beach,1
palm beach plus,1
massam,1
audio city,1
maura,1
miami keywest day,1
san lucase,1
west point lake,1
5hr,1
carrabelle beach,1
hofu,1
vinya,1
ny york city,1
laingsburg,1
burke,1
myrtle beach sea,1
baeleria,1
pontoon,1
tonroto city,1
xperia ocean,1
honeymoon key west,1
limousine vegas,1
boynton beach medium,1
dezreland,1
maui mountain,1
las vegas kids,1
south amboy,1
be7487a5,1
rosso23,1
aquamarina,1
nnewark,1
virgniia beach hotels,1
virginian beach,1
san diego aladdin airport,1
gesmm,1
calif road,1
west palm beacg,1
enstyle,1
nioxen,1
sickie,1
new orleans air bnb,1
norfolk beach,1
upbp,1
kellner,1
laguna beach lodge,1
alcatraz angel island tour,1
carronton,1
hotelchicago,1
supersod,1
avaloncart,1
las out,1
new york sushi,1
microblading york,1
musmse,1
airfire,1
amigafaitaly,1
hilton gardens square time square new york,1
ma'belle,1
los angeles l,1
mag.olia,1
herahy,1
jaclyn,1
manatee springs,1
dominicain republic,1
dalina,1
minosas,1
lympati,1
willamsbutg,1
black canyon vegas,1
puerto ri o,1
dubya,1
san antonioo,1
slingshots vegas,1
jakuzi̇,1
md va,1
stokoe,1
marriott lake,1
juno beach jetski,1
snorkelingmiramar beach,1
mammoth springs,1
waterloo,1
santa monicamassage,1
bregen county,1
murad rapid dark,1
jeunasse,1
clothong,1
peire39,1
sarfari,1
caledonia golf,1
alabama resort's,1
unlockee,1
macintosh island,1
charm marini,1
savannah georiga,1
steinbach,1
belizeindibesia,1
u2 las vegas,1
holistic ellehomme,1
myer drip,1
j.p.'s,1
dana island dominican,1
gold canyon,1
massachusetts beach,1
the republic grille,1
columbus rock,1
lake gaston,1
hydroxocobalamin,1
https://www.groupon.com/deals/jiffy-lube-pva-georgia,1
world centervlle,1
nh beach,1
beverly oaks pet,1
nashville africa,1
willisston,1
krakatau,1
san luis obispo children,1
west gates,1
amf lynchburg,1
nassau bay,1
buzzys,1
hudson city,1
piemonte beach,1
la county fir,1
update imac,1
new york city airport,1
expedia vegas,1
canyon ziplime,1
ftichburg,1
oak harbor,1
dehilas,1
signam,1
geauga county,1
brighwaterlagon,1
washington dc's,1
medeville time,1
vickies,1
north franklin,1
hydra faciials,1
hais,1
west key west,1
meditatiaon,1
klamath,1
pedelton,1
san antoniyo,1
n.m.,1
walton beach destin,1
jurassic park golf,1
calatina island,1
la mode brooklyn,1
tel-aviv,1
las vegas lynk,1
kanas city,1
tampa bay kayak,1
camden park coupon,1
huntungton beach,1
area15 vegas,1
mylami,1
thalia,1
chatswoeth,1
jerseymiddlesex county,1
185th,1
a.f.,1
dront,1
chino hills smog,1
washington county school,1
mens jersey,1
kirchen,1
اخوات,1
los river,1
emerland,1
haulover beach,1
weihhtlosd,1
deodoran,1
massagluxe,1
eastern iowa,1
new orleans children’s,1
waxahacjie,1
millenia lakes boulevard,1
las calinas,1
nam county,1
ayurvef,1
24 karat,1
burr ridge,1
brokkfield,1
kansaa,1
las vegas windham suite,1
san  pedro,1
cx3n,1
myrter beach,1
chichago,1
movein,1
mpls boat,1
yogurt beach,1
tinaco,1
rent beach,1
new jersey massage,1
jetski va beach,1
wyndhan,1
camp creek east,1
dublin ireland airport,1
c.a.m.p,1
restaurantthai,1
noxi,1
catalaina,1
brurnswick,1
las vegas desert,1
d’massi,1
nnew jersey,1
islã,1
koolina,1
marifana,1
the moon art,1
east oakland park,1
kaleharia,1
buffalo.ny,1
tall beach,1
v.i.,1
lomg beach,1
foreverspa,1
el flaco,1
newport beach jr,1
panama city bch,1
jackson garden,1
avalanche beach,1
brooklyn park hotels,1
bernheim,1
keansburg beach,1
las vehasv,1
azaela,1
rontonda,1
magnilia,1
ramen,1
spafrica,1
antelope boat,1
macao beach,1
boul,1
ussr,1
huntersville,1
northpointe,1
veero,1
chuk,1
snoe,1
hydra facial md elite,1
las vegask,1
spas.with jacuzzi,1
lifestyleresort,1
tan republic lancaster drive,1
dectijuana,1
neq york city,1
bouston,1
buffalo springs lake,1
kalarhai,1
glutf beach,1
hartsfield-jackson airport parking,1
magnolia beach,1
woma,1
shaina,1
manhattan city,1
tonyzone,1
trusdville,1
lauflin,1
maachu,1
rahwaynj,1
san antgonio,1
deug,1
new orleans bayou,1
firever beach,1
rutherford county,1
bethesda,1
logan,1
wpplf,1
jerseyville,1
karamd,1
acedemy,1
universasoul,1
costa rico air,1
horseback south mountain,1
la push,1
st. tho,1
teppanyaku,1
wilsonville,1
las vegas city package,1
kaloko,1
arcadia city,1
whitenin8ng,1
washi gtom,1
los ageles,1
clayton county international,1
cuyuna hills,1
lighh,1
osceola pioneer,1
colina park golf,1
san juan kayak,1
darkstar,1
los sombreros,1
akylin,1
omiebox,1
mcghanseyville virginia,1
spf beach,1
boxoz,1
king kong v godzilla,1
jetski rentals lake,1
spriti,1
catania italy old,1
backham,1
new jersey rooms,1
streetsboro,1
carolina creek,1
zu\,1
keychsin,1
miami cuban,1
coac?h,1
west 3rd street,1
bew orleans,1
evera beach,1
edon rock,1
coco beach rbnb,1
san fran airport,1
san e,1
stalle,1
xi’an,1
wyndham columbia,1
barkley lake,1
frog island,1
vieques bio bay,1
el divo,1
https://www.groupon.com/deals/suite-skincare-buy-m,1
moreton island,1
https://www.groupon.com/deals/gl-lnc-staind-breaki,1
crystal lake manatee,1
animal kingdom disnay,1
turle beach,1
huckleberry,1
nuzxelle,1
maraijuana,1
brazlin,1
czrlton,1
south pqdre,1
west creek trail,1
solidwor,1
santa  street,1
la jola,1
san diego comedy,1
carlsband,1
okawa,1
orcale park,1
america-cal,1
ssn francisco city,1
fort ross,1
pizzaon park,1
san francisco chopper,1
south san,1
vancas,1
biryani,1
emerald hills golfland,1
santa cruz bea,1
monterey bay acqurium,1
san iose improv,1
cotina,1
yoga mount vernon,1
console-128,1
north seattle,1
hiram,1
mmmm,1
monjouri,1
puertovallarta,1
san antonio season,1
frederiskburg,1
oneida county,1
midwest usa,1
yuma county,1
miedo,1
dominican republic sane island,1
mukutus island,1
salt river river,1
mouli,1
satelite beach,1
tan republic bridgeport,1
las vegas hollywood,1
fort laudersale,1
rhode island mansion,1
scottland ireland,1
atlanticbeaxh nc,1
petfolk,1
staffordva,1
la paguera,1
las vegas chai,1
east virginia,1
mangham,1
kashmir,1
east strasbourg,1
san juannisland,1
los angels city,1
new york vegas hotel,1
8th st,1
sac county,1
floriser,1
linbergh,1
thailand beach,1
kids beach towels,1
harvot,1
antico,1
nuni,1
goiart,1
new lincoln,1
lowden,1
escape city,1
silver coast,1
kayak mount,1
north wilkesboro,1
veluxe,1
kamehachi,1
ochirs,1
namwon korea,1
deewaterpark,1
احزية استوكات,1
aran,1
🏡,1
inn lake zurich,1
deerfieldbeach,1
vivo beach,1
highalnd park,1
palm springs califrnia,1
nutura,1
river east,1
bingx,1
pria,1
trampoline park vernon hills,1
central park hotels,1
mustery hill,1
crystal river pontoon,1
la roma,1
nyc salsa,1
boston city gopass,1
faridabad,1
zillah,1
valcona,1
kimpton key west:,1
dragon panama city beach,1
south boston va,1
scf347/06,1
santa csanta cruz beach,1
maddison heights red oak,1
bikini beach,1
alaina,1
las vegasatv,1
oxen hill,1
san quan,1
lovettsville,1
pedikyr,1
potomac mills,1
laptoos,1
.costa rica,1
kraiokee,1
femand,1
jamaica eden bay,1
harrisb,1
beathany beach,1
promenade3,1
san diego vacation,1
western jersey city,1
whihala beach,1
frrmont,1
tower vegas,1
southeast mountain,1
los bobos,1
parkinnassau county,1
camo beach,1
romana,1
huntinngton,1
west 42nd street,1
san diego yacht,1
monte rey park,1
baldwin hills,1
bersa,1
san diego zooo,1
b0dp23bqkg,1
west lake las vegas,1
vavi,1
new orleans bayou tour,1
long  beach,1
rowenta,1
lasweraway,1
alabama zoo,1
animal kingdom fl,1
lova,1
miami seaqaurim,1
kirocz,1
miiami,1
islamorada,1
masacre,1
las vegas ebike,1
latibule,1
las vegas helicoper,1
gaoveston,1
san luis galveston,1
iah park,1
eeyd,1
texas city lagoonfest,1
texas lake,1
new orleans atv,1
messina,1
san atoino,1
friedricksburg,1
north al,1
los.,1
west flora,1
san betnardino,1
transalvania,1
mpls.,1
utaly,1
jekyll island,1
junkell island,1
greenbrier county,1
magic village yards,1
capital city airport,1
columbiana county,1
马戏团,1
west rim grand,1
las  vegas crawl,1
mandala bay,1
miami keys,1
santa park,1
west international,1
los pitufos,1
charolette,1
ocrean city,1
lake george area,1
bet atlantic city,1
ellis island tur,1
hollywood nyc,1
aesthetis,1
las vegas 1401 airport,1
winshield rock,1
tusconarizona,1
meowolg,1
massagesspa,1
las vehas,1
luguna hills,1
long beach bbq,1
avenid,1
san predo,1
cummberland island,1
united kingdom park,1
flororida,1
puerto rico paddleboard,1
magui,1
yuna,1
mango fest,1
melpl,1
owings,1
rocky river,1
fashionbnova,1
oianos,1
west saint paul,1
brooklin,1
mieneje,1
hyatt beach,1
matgarittaville,1
new york city',1
the moon wit,1
cidy beach,1
la vergne,1
mcco,1
las vegas  near,1
miami ski,1
manhattan drip,1
norh carolina,1
hilton va beach,1
shys,1
waterpark island park,1
central.park,1
cancum,1
penesylvania,1
korea village,1
miami waterpark,1
del marina,1
broadway  nyc,1
south street sea,1
clemton park water park,1
haramain,1
museo naval nyc,1
koko,1
qmfjhu,1
passchicago,1
haunama,1
bilizard beach,1
kingdpm,1
kimgdom,1
costa de esta,1
orla,1
bobbycreek,1
kayak riviera beach,1
west pram beach,1
dubois park,1
palm beach city,1
atlantic city sea,1
las  vegas arte,1
franklin,1
atlantic ocean beach,1
outlaws,1
marylalnd,1
ueban wax/,1
new york vegas,1
emsculpr,1
chasefield,1
hardin,1
pttsburgh,1
sandich las vegas,1
foord,1
mayfield lake,1
hyperbarrec,1
tan republic molalla,1
new york city empire,1
margavitaville,1
san franscisco city,1
alameda,1
chuli,1
san agustine,1
gaitlenberg,1
daswamp,1
yuma city,1
city park north,1
janapan,1
remova,1
jumpstar,1
charlotte jacuzzi,1
por east river,1
expedia nyc,1
okeria,1
la weave,1
nyc museum,1
bj\,1
bronx park,1
tiziana,1
fhrye,1
restaurant york,1
gailenbu,1
pompton lakes,1
mytyle beach,1
mount clair,1
deyailin,1
las vegas gold coast,1
grease island,1
costa mesa highland,1
puerto vallaerta,1
golf york,1
yellow springs,1
nioxi,1
broadway oakland,1
santa cruz  ,1
insanta cruz,1
western eden,1
ecoshield,1
donomar,1
bbbc,1
meowttopolitan,1
south padre  island,1
san juan bicardi,1
west murder mystery,1
mo - branson,1
west port social,1
santa-claus,1
dysporta,1
saftey harbor,1
gangchu,1
sundira,1
dasota,1
gaspar,1
mangrove beach,1
spotsvania va,1
sculptranora,1
zanya,1
san few,1
gpastonia,1
piitsburgh,1
long beach harbor,1
america tire,1
new hampshire inn,1
san mateo cunty,1
island mansion,1
las vegasc,1
jungle rapids park,1
tranpolian park,1
santa cruz vacation,1
bike rentals lake,1
zephyr beach,1
zapopan,1
u.a.e,1
cedar island,1
danmaku,1
redkem,1
san licas,1
san drago,1
west water canyon rafting,1
hydra facial utah,1
stickton,1
san antonio78259,1
san antonoo,1
san diefo,1
clumbplus,1
catilnia island,1
alamedsa county,1
south san francisco smog,1
livermore,1
acupunctuur,1
cailforina,1
california smog,1
alabama golf,1
naperville park district,1
kyabela,1
hotels strip,1
mde,1
eglinton,1
hunstville,1
traversae city,1
east green bay,1
oncefront,1
bobos,1
killdevil hills,1
l’s,1
saauna,1
sa.'s,1
harrisbvurg,1
herhseypark,1
mount holyoke,1
lime rock,1
hawaian island,1
san francisco yeart,1
ka‘anapali beach,1
maui ocean,1
ochio,1
montego bay excursion,1
jessric park,1
island bay,1
pama beach,1
noodls,1
haertscan,1
west kingdom,1
habchi,1
tai chi class,1
milliona,1
schmick,1
fairfield township,1
xinxinnati,1
clevelnd,1
las vegas horel,1
springs asthetics,1
echo canyon,1
neo columbia,1
tatton park,1
fort meyers,1
san antonio mini,1
print beach,1
mañana,1
las vegas zip lining,1
mens mountain,1
altemesa,1
las vegas entertain e,1
san antinio sea,1
little rock usa,1
la lobe,1
seaforth boat,1
orlando north,1
nationn,1
us park middlebelt airport,1
fort wyane,1
airboatg,1
kolacja,1
santa ann zoo,1
la quintaomni,1
wil mountain,1
los berry,1
toutdaotang,1
palm springs memorial,1
aucklnd city,1
estero beach,1
mondrian,1
hiltongarden,1
mens mexico,1
newport long beach,1
buenan,1
trdonfo beach,1
newport harbor charter,1
manntthan beach,1
italaly,1
las vegas children museum,1
bronxe,1
kwai,1
yorba,1
santas village lake,1
kentukcy kingdom,1
n zone pigeon,1
mackniac island,1
el abdomen,1
miamk beach,1
miami waterjet,1
canterbury park season,1
vegina,1
balloonn,1
la fest,1
rhode island tour,1
los patrones,1
decaree,1
santa monica park,1
enve,1
east bay avenue,1
salura,1
fort jefferson,1
susji,1
triple moon tour,1
https://speedvegas.com/driving-experience/lamborgh,1
pittsburgh children's,1
las vegas highland,1
highland games,1
train,1
tevolo,1
lsa vegas strip,1
u.s. virgin islands,1
park lake las vegas,1
quads lake las vegas,1
hotel strip,1
cowahunga,1
west sahara,1
las vegas ball park,1
las vegas videographer,1
vegas beach,1
las vegas cannibus,1
fort boonesbourgh,1
sup,1
castle york,1
kiahuna,1
han sums bay,1
kingdom york,1
icelqnd,1
fort lupton,1
myterl beach,1
miami helicoper,1
northville hills,1
rollerrama,1
oklanoma,1
wdmonton,1
edson,1
las  hotels,1
las vegas helico[ter,1
kensington beach,1
hernan,1
north perry,1
eutanasia,1
pahamas,1
montego bay day,1
neela,1
omega park quebec,1
green bay botanical gardens,1
joccassee,1
wilmington city,1
va mountain,1
jackson virginia beach,1
del.,1
west heven,1
navasota,1
juvid3rm,1
meath ireland,1
nelco,1
wyndham gardens,1
acai,1
sicilia,1
gdynia,1
zig-e’s funland,1
duapge,1
pica,1
fremont strip,1
brazolin,1
santa villiage,1
kayak lake michigan,1
funland st,1
meiyu,1
hwasa,1
kingspan,1
arikok,1
kueirg,1
travisscott,1
flamingo beach,1
st louis city,1
xp9400/89,1
oswegoland,1
fazzenda,1
madluv,1
burntwood,1
chesterland,1
clevaland,1
brennan,1
semagluyid2,1
kontota,1
geargia,1
millford hills,1
jon,1
catalina island tour,1
california island hotels,1
las uñas,1
quevedo,1
mangattan beach,1
williamton beach,1
lake rentals,1
el novillo,1
south miami jetski,1
kontrolfreeks,1
seaquariam,1
miami coast,1
miami-fortlauderdale,1
bear beach,1
oostburg,1
alabama shores,1
милирование,1
prince - paisley,1
dakotaon,1
mankatomn,1
lyca,1
https://launchfamilyentertainment.com/prattville,1
san francinsco,1
sonoma county zip lining,1
paradux,1
calabria,1
nashville tennessee city,1
los agelas,1
kualoa beach,1
busan korea,1
las vegas fantasy show,1
kronberg,1
san bernardino speedway,1
las vegalas veags strip,1
xoxhimilco,1
ontario park,1
lngveach,1
uv beach,1
fernadina,1
san quentin,1
machupicchu,1
las vegas bvd,1
legoland park bundle,1
calabonga,1
fatburg,1
las  vegas tour,1
vegas strip hotels,1
venitian,1
las vegas foot,1
vertica,1
alania,1
las vegastonio,1
las vsgas,1
las vegas zoo,1
kinda island,1
diamond park,1
vacation united states,1
camel bach,1
inn skokie,1
kenbridge va,1
hournw york city,1
sip bay area,1
atchedesbanya,1
pattaya beach,1
san bruno massage,1
aegadian island,1
retreat beach,1
rouge vegas,1
palo alto zoo,1
landshark,1
san luis bay,1
monnterey bay,1
tropline,1
east bay street,1
mast park,1
"horn,2 spring",1
red bliff,1
breantwood bay,1
malatang,1
shreveport louisia,1
london ireland,1
mulino,1
lovelle,1
niagargara park,1
hilton park,1
south west air lines,1
mt. vernon,1
las vegas children’s,1
san agustin,1
momofuku,1
san diego fait,1
midfloris,1
wineris,1
medicalmar,1
tan republic sherwood,1
tuscan,1
xeonmin,1
sichuan city,1
mcminville,1
edmundston,1
black creek hill,1
activitts,1
kings beach,1
southpadre beach,1
dekalb ill,1
trevers city,1
bellarina,1
tan republic redding,1
pasa,1
change84074,1
inn west airport,1
longneck,1
san antonio city lights tour,1
wynn vegas,1
san diego limousines,1
san diego tous,1
san diego bbq,1
ramsay,1
san diego zipline,1
san diego-scripps,1
clrearwater beach,1
hydra facial sarasota,1
osamason,1
marquette,1
oitaidts,1
newnana,1
east township,1
forbidden kingdom edc,1
oz/10,1
mikes tire,1
elksplaza,1
unicoi state park,1
jemyll island,1
hong cong massage,1
lorena,1
sara ridgeway,1
alabama va,1
epcoit,1
hilighta,1
medialmarijauna,1
softball,1
orlanao,1
la fabrica,1
fugakyu,1
catamarran,1
las svegas,1
island park showboat,1
atlantic citi,1
wake park,1
butt,1
hx9912/99,1
atlanta park n,1
microdermabrasia,1
gloq,1
arctic edge,1
aniversario,1
brrooksville,1
torledo,1
dominnican,1
santa’s,1
schaj,1
scf394/62,1
secsucus,1
knuckleheadsatlantis,1
mauritius island,1
santa cruz boatdwalk,1
m.d,1
sabaithai,1
pitsburgh,1
armami,1
cleaninglocust,1
clifton va,1
bealeton,1
pennsylviania,1
diosas,1
l and l bbq,1
willamsburg,1
margartiaville,1
pleasant hills,1
kapan,1
fort ticonderoga,1
venece beach,1
las vegas showsbeatlescirque,1
dhot,1
honololu,1
blowouy,1
weird beach,1
new england city,1
biston,1
niygara,1
iphone18929,1
cnew york city,1
pocnocs,1
nickelodron park,1
plainsboro township,1
pier village,1
j'f'k,1
boomerang boat,1
travinia,1
sullivan island beach vacation,1
clipchamp\,1
lemark resort,1
n.y mets,1
mckenlynberg county,1
mid beach,1
las vegas atv rental,1
stoney island,1
skb,1
nyew york city,1
kalaahati,1
green bay wi hotels,1
brookefield,1
silver lake michigan,1
midas hoover(up,1
launch park,1
chateua,1
oxbow,1
hersheypark park,1
europe city,1
hydradnitis,1
nathalia,1
south padre air bnb,1
las vegas venetian,1
micodermbraison,1
mystiq,1
phylis,1
clackamas,1
hudson beach,1
hernado beach,1
highlightz,1
new orleans drury,1
newarkairport,1
haircut bucks county,1
framington hills,1
villas,1
oncee river,1
north georgia county,1
penlac,1
datoyna beach,1
atlaza city,1
san antanio sea,1
north london,1
chicaco river,1
steel park atlantic city,1
talbott,1
santa clause,1
rhode island exhibit,1
sarong,1
tickets beach,1
san juan del cabo,1
healdsberg,1
kinnaird,1
bay jetski,1
windmill island gardens,1
northern carolina,1
adventura beach,1
west palm beach ben,1
emana,1
fort laudalw,1
fort laudale,1
golf8ng,1
las vegas#_=,1
sanyana,1
md clin9c,1
scy701/91,1
cellifina,1
frang,1
rhde island,1
oceanrentalsltd,1
viringa beach,1
virignia,1
las vegas hotesl,1
los cenotes,1
nee jersey east,1
corny island,1
southfork,1
san fransisco city tour,1
w8ndy city,1
txas,1
bh1022/01,1
san antônio,1
st louis blues,1
aafu,1
coal city,1
la morte,1
hidrolipoclasia,1
okaokana,1
napernail,1
santa little village,1
cilogne,1
kingsisland park,1
hotels sea,1
filler44023,1
ka'anapali beach,1
poolin,1
blennerhassett island,1
stumy,1
mellenia,1
san fransicso city,1
pedichre,1
trampoline park lake,1
petzmania,1
venice city,1
mirarar beach,1
las vegas dunes,1
nolia,1
berhany beach,1
scentbird,1
welmont,1
822xl,1
baf4rt,1
fort eglin,1
fran island,1
escapoplis,1
northern virginia hotels,1
franklinville,1
hatboro,1
brigantine beach,1
xenormin,1
circus vegas,1
alfoccino auburn hills michigan,1
bearizonia,1
lunaria,1
dade,1
liposcultp,1
brownville,1
velo city,1
pittsburgh paintball,1
north pittsburgh,1
sightsee,1
medicaton,1
horoscope,1
las vegas omega,1
chebeague island,1
dg551,1
jamboline park,1
hopsy,1
gatorlnd,1
hambirguer,1
wyndam myrtle beach,1
summerbay,1
tosan juan,1
veebera,1
muraco,1
fahado puerto rico,1
lifestyle beach,1
bonton,1
psdc,1
dimarley,1
fortona,1
wilco,1
mastercard,1
juc,1
oria,1
kinnelin,1
sauna jersey city,1
lachlin,1
walden,1
fhsaa,1
oklahoma city memorial,1
doson,1
san juan hills golf,1
catalina island par,1
duffylong beach,1
huntington beach e-bike,1
kareoka,1
https://www.groupon.com/deals/gl-the-catalina-flyer-6?redemptionlocationid=8b5638fb-7e1f-bac5-abc4-01689360b7f8#:~:text=round%20trip%20ferry%20tickets%20on%20the%20catalina%20flyer%20boat%20from%20newport%20beach%20to%20catalina,1
huntington beach fireworks,1
underarma,1
weldon,1
tacoma park,1
alcatraz boat,1
aarna,1
zarna,1
car mount phone,1
san susi,1
miami fla,1
dafauskie island,1
santa cruz tour,1
keens,1
hibbett sporta,1
rapids city south,1
rehovot,1
ballpark,1
luenell vegas,1
micgrosoft,1
i'pl,1
india beach,1
jahan,1
bradenton  beach,1
flagz,1
olnj,1
las vegas discovery museum,1
nails east gate,1
miami seaaquirum,1
wahoo,1
san diegosesame place,1
las vegas bodies,1
new orleans hilton,1
san jose broadway,1
jackson park golf,1
humon,1
union city mexico,1
i.v.,1
facialfredericksburg,1
na8l,1
beach park south padrea,1
san juan del valle,1
isla beach park,1
hotels bay area,1
kcpenny,1
la spas,1
fantazia,1
snowbasin,1
utah county parade,1
wildliferanchtexas,1
san antonio boat tour,1
mountainso vegas,1
sunshine mountain,1
koremburg,1
san doago,1
dalya,1
staton,1
tierzepatide,1
san diego air ort,1
san diegocarpet,1
san county,1
san juan del sur,1
san ramon ipl laser,1
interieor,1
port city,1
veranda beach,1
symphon3,1
offroada,1
rocky mountain dog,1
kuala beach,1
maluaka beach,1
nepali coast,1
ho'omaluhia,1
jumper,1
oana,1
dennysl,1
vonn,1
cyndia,1
san beenardino,1
pomana,1
olivewood,1
sevierville county,1
abigon,1
alcatraz east museum,1
tennessee pigeon,1
east pittsburgh,1
san jya,1
haines city,1
atcv,1
las vegas boob,1
las vegas hummer,1
san generro,1
bar las vegas,1
las vegas soleil,1
kx,1
skia,1
virigina beach,1
rela,1
north humberland,1
san antonion zoo,1
san diagonzoo,1
aubrey,1
avanta,1
hawaaiian,1
las vegas  helicopter,1
nerdvana,1
arbor hills,1
sullivans island,1
san diego tall,1
south denver,1
rapid city city,1
keenesburg,1
dimonddale,1
virgin island usa,1
c.j. barrymore’s,1
tan republic klamath,1
las  vegas zombie,1
fairfield county chorale,1
cypress jiffy,1
nrush,1
charlotte county,1
aurbon hills,1
miami wayerparks,1
rollin hills,1
wikki beach,1
ㅜㅑㅁㅎㅁㄱㅁ,1
las vegas tv,1
new vegas vip,1
ohio village,1
ornia,1
conn creek winery,1
ssebago,1
kayak rentals naples,1
sniw,1
winnie lake,1
kingdom water park nacogdoches,1
certay,1
marine village lake,1
boyd,1
jada kingdom,1
mount lauren,1
new york city salsa,1
billie,1
kybellina,1
jericho long,1
nyc nyc,1
kartwright,1
nusana,1
san da,1
panico,1
hydra facial jersey city,1
salt lake citu,1
las vegas shiw,1
hunninton beach,1
aqutaica,1
s.b.,1
orlando south park,1
chick,1
canterbury park,1
hurricane west virginia,1
edinboriugh park,1
series9,1
bum bum rio de janeiro,1
long island hyperbaric,1
island empanas,1
ubatuba,1
lymphatic,1
pacificlong beach,1
caatalina,1
la area,1
los angeleszoo,1
san francisco airport - south,1
mariachu,1
videois,1
san diego children’s,1
santa barbara air baloon,1
adela,1
southern california kiteboarding,1
kingdom diamond,1
willimaton beach,1
fon du lac aqua park,1
miami f1gp,1
me33404,1
womans beach,1
yatah,1
reflexogaly,1
tiana,1
paran,1
dalllas,1
vagiba,1
4th street fillin station,1
san lukas,1
athina,1
san diego zee,1
aviña beach,1
las vegas fkights,1
san fransicozoo,1
venia,1
monterery bay,1
yakima county,1
skagit valley,1
kingdom nacho,1
grand county inn,1
toyss,1
miriam beach,1
noblr,1
st louis tours,1
langeri,1
yhe beach,1
miami formula,1
wiamoma,1
quesabirria,1
tampa /st,1
breakfast york  city,1
bradon beach,1
point york,1
santa cruz tea,1
isamoeada,1
centrolia,1
65r15,1
montereybay,1
aquatalia,1
smaart,1
sierta beach,1
boothbay,1
new hampshire vacation,1
sandbar key west,1
tonysuno,1
zx6r,1
specurm,1
kingdom reno,1
va beach beach,1
san franvisco,1
san diego zoo n,1
hamp[ton,1
elkton va,1
world aquatica parking,1
siam ivory,1
kkitchen,1
sandiego county,1
san diego harbot,1
foodielqnd,1
san luis gonzaga,1
concer6,1
wolfloadg,1
mission beach hotels,1
santa cruz winery,1
san franisco airport,1
san ramon smog,1
sfo park,1
sabathai,1
los vegas city,1
heckle island,1
midas cedarpark,1
san crancisco,1
san juab,1
gina,1
south tennessee,1
smithville,1
tuckerton boat,1
hhi beach,1
n. carolina,1
tyetribbet,1
aprma,1
copa america tocket,1
senden,1
margaritas oak park,1
lebanon township,1
sabri,1
oakpark,1
orland park spas,1
cervinia,1
kentacky kingdom park,1
oha,1
slicjk city,1
hwa,1
nston,1
sharm el-sheikh,1
marriot key west,1
kriemer,1
north field,1
west chestwr,1
nattoway,1
montgomery county flypark,1
gamgnam,1
northern virginia foot,1
gunship vegas,1
arlington cemetery tour,1
arlington vio,1
schonbrunn,1
edinburgh,1
dare county nc,1
cannon,1
matsu,1
arrington,1
north falmouth,1
khaleria,1
пяти часовой онлайн,1
niagraq,1
enfield,1
lrhighton,1
splaah village,1
groupgolferg,1
vingia,1
clarkesville,1
oila,1
advanta,1
renn,1
south polo,1
blackfin,1
inn mcdonough,1
san lucas mexicoairport,1
fort pierce boat,1
orlando maitland,1
las vegas david copperfoeld,1
buchgarden,1
tan republic east,1
west palm county,1
sa foxwood,1
san framcosco hotels,1
dermapilin,1
south oceran,1
driv3e,1
north east usa,1
pompono beach beach,1
eyelash tent,1
n2h20,1
galeveston,1
oak mount winery,1
manitou island,1
park virginia beach,1
potomac va,1
hersheyhersheu park,1
new haven,1
restur,1
myrtle beach shark,1
los cabins,1
maalea bay,1
jabbowakee,1
manta sea,1
san antgonio hotel,1
new york city dinner,1
malibu jacks,1
zinus,1
las vegas zipling,1
fedora village,1
hydra facial denver,1
broadway street,1
willis,1
la mega,1
oak brook il,1
ivme,1
zig es funland,1
amercina,1
saudi india,1
huntley il,1
las vgeas,1
kashuk,1
benahana,1
r.e.a.l,1
animal kingdom/florida,1
optometris,1
dyton,1
mariwaba,1
rule3,1
los cages,1
ohio beach,1
lexuri,1
oklohama city,1
yantis,1
tyler,1
rocky mountain cigar,1
officebasic,1
lean,1
white river park,1
italy vegas,1
marriott river,1
sale@wanasllc.co,1
louisville river,1
ozarks dog,1
tate county,1
barcomiami,1
n drip,1
nasau beach,1
fisher island,1
miami south yatch,1
bayfront park hotel,1
sail key west,1
resinosa,1
las vegas pool tour,1
unloatt,1
las vegas hyels,1
sasharoxx,1
sarafi park,1
weatherford,1
https://www.youtube.com/watch?v=g_lrbst4vj4,1
gulf island park,1
altatic city,1
ans ellis island,1
tramploine park,1
foundationn,1
jibes beach,1
america argentina,1
suzan,1
skyport,1
samu,1
las vegas event,1
la columbia,1
la dodger stadium,1
bike beach,1
mens island,1
s.w.a.t.,1
alcarez,1
alcatraz east crime,1
jumpnflorida,1
fort resort beach,1
baja chase,1
las vegas birthday,1
podgorica,1
ilan,1
las vegas atv dessert tour,1
las vegas winery,1
las vegas blvd s,1
ooffice\,1
cumberland lake,1
lon*island,1
flp,1
publicidad,1
lajolla village,1
tacos el superior,1
san diego groupin,1
las vegas rroms,1
las vegas  aquarium,1
la downtown,1
mucota,1
keahou,1
tapbao,1
bronzeville,1
rehobot beach,1
trampoline park san diego,1
bruschi rentals,1
san siego county,1
san diego kyaking,1
alcatraz angel island,1
corica park,1
alameday county,1
montaray bay,1
jump,1
san luis float,1
tybe island,1
nambia,1
tybee,1
sallin,1
golf vegas,1
leavanworth,1
farmerville,1
vegas go city,1
nitpicky,1
oak valley golf,1
nyc gopass,1
san franscico hotels,1
blue mountain lake,1
sahel island,1
lagoon south bay,1
crystal river area,1
captiva beach,1
la sultana,1
san deigo harbor,1
san antonio tx airport,1
percocos,1
west gate park city,1
los inquietos,1
yacht rentals philadelphia,1
awhatukee,1
makuti,1
verrado,1
soaregina,1
stone90 minute,1
pagua,1
turbotax2023,1
jamaica island,1
handyman pittsburgh,1
"st, pittsburgh",1
ohiopolpy,1
njiagara,1
san fracisco city,1
dormont,1
cowtxo,1
pounton,1
hapmton beach,1
nrwp,1
san jose beach,1
tan republic mollalla,1
south p,1
africa nobility,1
canyonville,1
west sacram,1
ipsf,1
southeast bay,1
skidaway island,1
lenceria,1
salt columbia,1
la\,1
https://www.caveworldwide.net/events?fbclid=paaaa4,1
baconton,1
aletha,1
mecca south,1
perdico beach,1
walkway,1
chunkyd,1
nickoloedon,1
belleco,1
charleston county water park,1
charlotte rock,1
camden south carolina,1
san dieqo,1
atlantic virginia beach,1
https://www.jiffyatl.com/reservation/book/,1
sulmona,1
la isla,1
east walton,1
booktopia,1
cox bay beach,1
masqge,1
los angeloszoo,1
barselona,1
del padre,1
gaitlingurg,1
imdiana,1
fingers2,1
oceana atlantic city,1
los angeles celebrity,1
galloway atlantic city,1
perfumes carolina,1
waterbury park,1
nixob,1
williamsburg city tour,1
crystal luxe lash llc,1
catoctin,1
las vagas canyon,1
la playa beach,1
creationn,1
karatae,1
massannuten,1
las vegas motels,1
leawood,1
hartvulle,1
naval park buffalo,1
veneer beach,1
aquatoria,1
ヘンリーフォード,1
travers city,1
finsup lake lanier,1
feradina beach rooms,1
pensecola beach,1
para,1
walley,1
coyuchi,1
san luis obospo,1
carina island,1
injectiona,1
persian chakra,1
kitsilano beach,1
kwang,1
okada,1
hanauama bay,1
lei mexico,1
la massage,1
meño,1
rejuran,1
weeknf,1
world santa clause,1
handgeld,1
linburg,1
south besch,1
miama,1
joila beach,1
chaye,1
las vegas experiences,1
miami florda,1
miami seaquarium,1
foreveryoungwisconsin,1
maiden rock,1
las vegas eddie,1
lebanon hills,1
weightlosas,1
mattera,1
pocelyn,1
bear river,1
kas,1
oklossa island,1
rushton,1
clatemont,1
midas dumont,1
l.a county,1
savannah heritage,1
baggd,1
coloardo springs,1
anakee,1
pansecola beach,1
fort desoto park,1
city,1
petersurg,1
neblibana,1
hypn,1
las vegas eye,1
bellacio,1
hotel vegas strip,1
amyway,1
las vegas air conditioning,1
khoury,1
las vegas men’s,1
las vegas neon,1
camden park  discount,1
adventurelqnd,1
viana,1
benihiana,1
las angelas airport,1
la freeze,1
kamaaina,1
lipo korea,1
northdrigr,1
longwood park,1
adventureland park island,1
matanzas,1
anatasia,1
dominican republic excursions,1
heryshey park,1
mount kailash,1
park kingdom,1
apocalyptica,1
kalahira,1
south bowl,1
gambria,1
alantic city beach,1
coolcabana,1
hondai,1
philadelphai,1
angelynas,1
las vegas fremont street,1
northen,1
odysee,1
clarkdale,1
cannon beach park,1
yasmin valley,1
winston dash,1
nagrona,1
ditka,1
poetland,1
tan republic west linn,1
oracas island,1
laurentien,1
valvelin,1
sanarosa,1
lflorida,1
facial.and,1
pizzavola,1
rotterdam city,1
coney island island,1
viracus,1
demaplane,1
del globo,1
realstateru,1
cartergena columbia south,1
marjiunana,1
kalye,1
mt vernon va,1
ombré highlights,1
washingtonn,1
battermans island,1
hylaronic,1
ovala,1
salt lake xuty,1
provo county,1
omana,1
bvlgarl,1
ashwiganda,1
huntngton beach,1
cataluna island,1
pacific long beach,1
placntai,1
honeymoon harbor,1
venice of america,1
blizard beach,1
jeklx,1
new york city yaht,1
new hampshire mount,1
clayton county beach,1
college park,1
atlanta united,1
hinye,1
lagoos,1
pacton,1
margaretta,1
elliott city,1
cedar bluff,1
new england park,1
new york lake,1
dalin,1
musquito,1
woodford,1
khatiyawadi village,1
y.l,1
merytale beach,1
famoly kingdom,1
herskey park,1
beverly united,1
aitana,1
candado,1
coke,1
cook county pool,1
komplett,1
elit8,1
ramenshinchan,1
mount pro,1
acworth beach,1
ekouaer,1
santa village park,1
helen,1
synerg,1
ho chi minh,1
montgomery county’s,1
us legal,1
yuridia,1
togaf,1
sou,1
reynoldsburg,1
denang,1
colombia south america,1
grafiti,1
chase city,1
mcfarland,1
nynds york,1
san antino sea,1
zdp8bg,1
las veggas,1
hiawassi,1
manina,1
ocean city air show,1
rentalscondo rentals,1
marshcreek,1
east mountain,1
skyzone,1
kachemak,1
linville,1
concert6,1
barlett,1
hinkley hills golf,1
trampoline park covina,1
san antonio beach,1
bradford beach,1
volvela,1
moody beach galveston,1
-houston,1
san barrbara,1
ponk,1
paleteria,1
mountaij,1
v beach,1
wight county spring,1
boonsboro,1
west wynd,1
quaryville,1
laz park,1
retai,1
kanapali beach,1
day\,1
south padre island island,1
fedricksburg,1
pflugerville,1
german park,1
syalavan beach,1
moon place,1
pomona county,1
san verdad,1
balba beach,1
nonna,1
splask kingdom,1
fox river valley,1
noria,1
busmiami,1
inn chicago,1
wendella lake tour,1
chicao city,1
bayernpark,1
hot beach,1
cuyana,1
clubexec,1
porcao,1
arctic cool,1
mcana,1
mansoonlagon,1
mount prin,1
doveneck,1
brusheez,1
milina,1
entertaienr,1
hollland,1
dermott,1
pretoria,1
san paulo,1
juveaux,1
inn central park,1
tuxedo,1
sat mexico,1
krispy krunch,1
udmy,1
georfe,1
we york city,1
bahamas virgin island,1
canyon mountain,1
las vegas atv rentals,1
quiglys,1
tex orleans,1
cero,1
gadsden,1
palm springs area hotels,1
san diego wild life,1
san diego zoo day,1
hungington beach,1
ps4k,1
los angelesfood,1
marijuama,1
boca,1
jerkly island,1
amelia island beach,1
strawberry hills,1
kansas city city,1
okalhoma city,1
boong,1
pidgon,1
tire kingdom,1
greek mediterranean,1
kenan,1
bay canyon,1
las vegas ace,1
maxrelax lake,1
las  vegas atv,1
west air red rock,1
relax8ng,1
san diego paintball,1
noah,1
las vegas henderson,1
hawaiia,1
arlington trampoline,1
nicemania,1
la grange greatwolf,1
protinr,1
brazzos bluff,1
texas states,1
josef,1
hyland hills,1
escanaba,1
jahala,1
tagawa gardens,1
west golden,1
colmbia,1
baoshi,1
piggy beach,1
marketville,1
dinnner pigeon,1
jcpennys,1
meadowvale,1
infraredsauna,1
las vegas eiffel,1
south mills,1
pagan,1
naisi,1
brignoli,1
kaneoha bay sandbar,1
nachodaddy,1
venus\,1
dolphjn,1
cellpheno,1
ls03fa,1
sttaen,1
sf city,1
nokian tire,1
oklahoma city airport,1
india village,1
diomond,1
hbk,1
puerto penasco mexico,1
animal kingdom tiket,1
whyndham,1
rapids park,1
magic kingdom them park,1
jelyll island,1
hong knong,1
west palm airport,1
deljin,1
las vegas venician,1
brasia,1
kqrt,1
oceon city,1
city philadelphia,1
sail city,1
congo rapids,1
gensia,1
climanton park,1
keyshua,1
monstser,1
msnchicago,1
san gabrial,1
santa brunch boat,1
las vegas  limousine,1
crystal park,1
las vegas deala,1
the bay fireworks,1
la oo,1
cateringtaco,1
timbati,1
jsk,1
miam beach gym,1
suncurvesmiami,1
deerfeild beach,1
north miamibeach,1
el agua,1
zarasota beach,1
miami ensella,1
punta,1
north east metro,1
cross lake,1
wyndam,1
hoolah,1
sonoma county beach,1
monterey bay aqua,1
usa beach vacation,1
natchz,1
fiji island,1
puerto maya jungle,1
las angelouse,1
lübeck,1
westnvirginia,1
lipob12,1
santa  cruz board,1
hama,1
san diego yoga,1
alais,1
silvara,1
mount rushmore tour,1
park republic,1
mo ripley's,1
dart,1
tampa city day,1
anamarie beach,1
puerto rio airport,1
inn south park,1
thermivia,1
barton creek,1
cabeleireiro,1
silver spring stage,1
funland fredericksburg,1
hare rock,1
big kahunasahara sams,1
vatica,1
dolphun,1
washtenaw county,1
apex bowl,1
zoro,1
wntertrainmemt,1
wiiliamburg,1
halfmoon  new york,1
las vegas  trips,1
santa vruz,1
city park place,1
santa cruz hotel dog,1
san ju,1
la pea,1
south padre horseback,1
hiperbárica,1
20\,1
south pardre,1
richm,1
kingsdomina,1
la es,1
sacramento county fait,1
hydra facial sacramento,1
lifesculp,1
leg,1
gpct3381,1
san nation,1
san antonio hours,1
creolle,1
cybela,1
san antonio  north,1
car2go,1
san diego w,1
shogun,1
san leandro smog smog,1
emeryville,1
decorr,1
puerto trico,1
golfalnd,1
new mexico river,1
master4,1
santa massage,1
surface beach,1
dybai,1
las vegas wheelchair,1
enam,1
ziba,1
mooloolaba,1
frankfurt germany,1
durham united kingdom,1
horley,1
leington,1
harrison township,1
ondiana,1
twickenham,1
batabia,1
cobblestone,1
catalnia island,1
bol\,1
nailia,1
pasqutsi,1
smiley,1
laveen az,1
orawan,1
nashhille,1
las vegas june10-14,1
5090gpu,1
lastoria,1
lyre,1
mannheim germany,1
wirlin,1
jellyjar,1
georgia renisance,1
museumjersey city,1
duuth georgia,1
atlanta beach,1
panda beach,1
chanteau elan,1
greek village,1
lsilver,1
attractiona,1
gc,1
san anta,1
las vegas criss,1
deepcreek,1
uzuri thai massage,1
gmbc,1
quiropractir,1
inn flamingo atlantic city,1
elkton virginia,1
dancong,1
utaho,1
nashua,1
dominican republic packages,1
spasauna,1
agawan,1
francos,1
fitnessh,1
ce,1
moutian creek,1
playamerica,1
spas pittsburgh,1
bruschu,1
south lake thaoe,1
sanfransico,1
san franscial,1
san ragael,1
archamidesbanya,1
moffett,1
santa cruz boardealk,1
san martin,1
monterey bay acquarium,1
pasmo beach,1
san luis obispo children's,1
santa cruz spas,1
north peninsula,1
seascape beach,1
huntington island,1
satellai,1
park village's,1
dickerson park zoo,1
horizon city,1
wolfe park,1
san francisco  ,1
amaricana,1
sait,1
miami bobbie,1
st louis air show,1
yogi park,1
las vegas zach,1
h$r,1
sky beach,1
san fran city,1
buggie vegas,1
joplo,1
south san franisco,1
south padrea,1
seaquest lynchburg,1
letherbys,1
santa cruz broadway,1
san dieago weekend,1
yuba city smog,1
west salem tan republic,1
u.s virgin island,1
las vegas l,1
kayenta,1
lakce city,1
himiko,1
rio vegas,1
beek,1
san antonio acuarium,1
huntington beach activties,1
san diego driver,1
nailpop,1
alana,1
kn-95,1
madigan,1
san diego bay jetski,1
nashbille city,1
san diego zzoo,1
san rafeal,1
san francisco premi,1
san maeto,1
airli,1
kimanchi,1
north va beach,1
tafton,1
atl 18th,1
trapoline park,1
la baza,1
viñedo,1
spaland,1
touchland,1
illinois city,1
bell county,1
kayak lake travis,1
bakersfield beach,1
ferdango,1
ragon,1
hotels va beach,1
hun valley,1
portarica,1
louisiana river,1
cwac,1
irish village,1
scd306/12,1
crowneplaza,1
cheektowaga,1
sunshine village,1
oneida lake,1
rhode island providence,1
cyrola,1
edison island,1
jc penneys,1
las vegs del,1
las vegas gym,1
santa cruz thread,1
kamala,1
sapnea,1
bg5025/40,1
bt9810/40,1
plaza tire,1
leguna park,1
trampoline park/jax fla,1
jetsuitex,1
west valley bowl,1
zarah,1
las vegas fan,1
catseye,1
dyasport,1
central california coast hotels,1
southern california renaissance faire,1
alamo dra,1
pirela,1
getttysburg,1
los angele,1
loudon county,1
geogio,1
okaly,1
san francisco calif,1
chesterfield  va,1
aqua park,1
river county,1
detoit,1
south san pedra island,1
south padre island hotels,1
south chesterfield,1
lace,1
hueston,1
laplaya beach,1
hydra facial md antiox,1
berry hills,1
music city,1
lebonan,1
anakeesha,1
la hotels,1
palmetto beach,1
new orleans golf,1
vacation dominican republic,1
jcpennwy,1
las  comedy tour,1
east setsuket,1
new york city museum,1
county.ny,1
wama,1
confidenncee,1
dominican republic transport,1
microonedlung,1
west 75th street,1
potomac eagles train  ridevw,1
essex county zoo,1
splashwine,1
staton island,1
kalarhi,1
siboney beach,1
coney island luna park,1
humboldt county,1
orange  beach,1
nasssu county,1
canadinn,1
san louise,1
linen,1
cupe america,1
new beach,1
slingshot las vegas,1
highland park bowl,1
vitami drip,1
la piazza,1
cancunn,1
picolandia,1
knotts sosk city,1
san franscis,1
deep sea,1
savannageorgia,1
inn lake geneva,1
martin,1
oilchang,1
palmetto bay,1
west botanical garden,1
rosd,1
clase,1
brighwate4,1
miami eye,1
vitertan,1
marsel,1
hamnburg,1
south minneapolis,1
nyc spas,1
kalahario,1
obx,1
qucbec city,1
photoshoot beach,1
panam city beach,1
desitin beach,1
diggerlamd,1
la aroma,1
juvadetm,1
jerome,1
ocean park inn,1
glasseseye,1
kina,1
grand canyon park,1
makutas island,1
asteticd,1
roslynn,1
osoft,1
mediterranean diet,1
michaels island,1
poncho pittsburgh,1
sunshade beach,1
hong hot pot,1
oreong,1
monhegan island,1
north bowl,1
steel hill,1
south dartmouth,1
prattsville,1
rosas,1
west p,1
kingdong,1
poo pouri,1
artesania,1
el morro,1
mauntan creek,1
fotografiska,1
aidonia,1
barley beach,1
ardona,1
somona,1
north mytel,1
leasermd,1
long island bbq,1
west irlo bronson,1
delwaee,1
nachos de columbia,1
coolscuplt,1
frontier city,1
tamagatchi,1
tint south orange county,1
newort beach,1
parasailikg,1
san diego lodging,1
long beach gran,1
los ángela,1
nalloon,1
huntington beach harbor,1
west africa gyana,1
tire kingdom boca raton,1
miami start,1
dd23x28p506b,1
comendy,1
roberta,1
ponta,1
contour8ng,1
cresent city,1
legs mississippi,1
kauai sea,1
conctnc,1
lamico,1
bklyn,1
dorsia,1
51st street,1
jujitzu,1
sandbanksontario,1
new york city park,1
atlantic ciy,1
maramara,1
spanbeonx,1
hotels jersey city,1
kiwami,1
facial jersey city,1
sweitzerland,1
arielle yoga,1
mexico jetski,1
atkantic city,1
la viea,1
asbury beach,1
kissmasee,1
las bvegas,1
berry farm park,1
martlet beach,1
most beach,1
teen roadto safety,1
it6aly,1
san diego little,1
colima,1
catlaina island,1
san demes,1
marriotte woodland,1
los roke,1
catli,1
kronenburg,1
los angles city,1
solvgan,1
beverly hill’s,1
santa baraba,1
madeiria beach,1
africa necklace,1
yolonda,1
hoteol,1
dominican republic vacation package,1
schenelbys,1
inn lower east,1
seati,1
miami jerskis,1
40th st,1
cabana beach rental,1
miami childre,1
hutchinson beach,1
stocholm,1
santa amusement park,1
san diego l,1
brizilianjie,1
lax.,1
palo alto  californoahotel,1
vaya,1
la lunamassages,1
las vegas delano,1
califiornia,1
easgle mountain,1
braydenton,1
new york city day,1
deep creek,1
balvenara,1
calribou,1
sephre,1
las vegas spher,1
tualina,1
saco,1
oceanfront carolina beach,1
united kingdom tour,1
jetski lake gaston,1
orlando county convention,1
ark encounyer,1
las vegas rodizio,1
genoa,1
salt lake ci,1
melina,1
knoabelse,1
clifton springs,1
cleanenr,1
circicisum,1
az  85028 united states,1
arizona county,1
margo,1
las vegas golden gate,1
west beverly,1
santa francisco,1
san  spa,1
pigs beach,1
saunatica,1
dyndport,1
signin,1
daniel island beach,1
new jersey hacketstown limphatic,1
kayak rock,1
west orange resort,1
africa gate,1
samaná dominican republic,1
catania boat,1
spa beach,1
cours,1
palm beach láser,1
dulong,1
minnesota bbq,1
west palm spa,1
el clear,1
litany,1
ace island,1
jersey city planetarium,1
pennslyvania,1
kubotan w/,1
clemton park,1
philippines,1
long island children's,1
mtyle beach,1
saint louis mo,1
valvoline-0hio,1
north west ohio,1
peach beach,1
chuckeecheese,1
west  jacksonville,1
quarz,1
san juan atv,1
ðaytona,1
clearwwater beach,1
colorado mountains,1
las vegad hotel,1
hanna matsuri golden,1
palisade,1
zeroez,1
sensitivit,1
kalarhia,1
trailszoo,1
new orleans vacation,1
yotsuba,1
ford,1
west bloo.fid,1
cantonbury village,1
dearborn,1
ligestex,1
https://locations.massageenvy.com/michigan/canton/42791-ford-road.html?_gl=1*c6891d*_up*mq..*_gs*mq,1
chamge,1
roseburg,1
gagg city,1
lake ks,1
marriotsville,1
inn in columbia,1
dean,1
dominican republic all,1
212xl,1
mypermitcalifornia,1
saint louis city museum,1
las vegas kayak tour,1
marbett,1
اجنبي,1
포르투칼,1
pigiami,1
kass city,1
skinkvario,1
trapoline park',1
n orleans,1
ravinia park,1
shipshawana,1
marcos island,1
comombia,1
samara village,1
ludovico,1
maon,1
castawaybay,1
leadville mount,1
martel beach,1
lexani,1
skydive carolina,1
brakes columbia,1
norgh,1
floida  beach day,1
camplong island,1
mosai,1
beachfront beach,1
tokoy,1
ripley'aquarium gatlinburg,1
handelbar,1
cinana,1
farry,1
harbor island dr,1
canconn,1
la santa cecilia,1
peddle beach,1
fernadina beach fla,1
america pigeon,1
alcatraz east crime museum,1
south west air,1
electric vegas rentals,1
las vegas s,1
kagoubanga,1
las vegas mimosa,1
chiefts,1
lqs vegas,1
tacos el jefes,1
las vegas comedy,1
san ddeiog zoo,1
banto,1
las vegas stri,1
las vegas minigrandprix,1
lexingon,1
sauba,1
santa wonderland,1
hilton beach hotels,1
san diego air care,1
http://www.groupon.com/dispatch/us/deal/reevas-iv-,1
miami sequrium,1
mesamerica,1
microfost,1
tlinburg,1
fort worth park,1
jurassic zone,1
davis,1
santa monoca,1
adventur park,1
del,1
hiju,1
el sarape,1
beachfront,1
nails va beach,1
jetski virginia beach,1
highland county va,1
fun park virginia beach,1
obxh20,1
nails york,1
bida,1
mopad rentals,1
halekala,1
keaho,1
la vage,1
olivit,1
new orleans hel,1
el coyote,1
west pete,1
crystal basin,1
cyans,1
fresh20,1
hami,1
https://anakeesta.com/pricing/?gad_source,1
alcatraz east crime museum alcatraz east crime museum,1
las vegas brunch,1
facialx,1
las vegas dune,1
las vegas strip hotels,1
baskt,1
las vegas struo,1
las vagas atv rental,1
las vegas cirque de soleil,1
exca,1
las veges strip,1
venetitan,1
miami slice,1
north grand canyon helicopter tour,1
kentucky kingdom theme,1
flowe,1
oris,1
moon landing,1
descanado,1
los ange,1
san diego zoon,1
aceub,1
catolina,1
west los angeles smog,1
savannah city,1
yahoo city,1
fibromayalgia,1
san diego winery,1
mahalu,1
luan,1
haunama bay,1
hapuna beach,1
kuhola,1
hanama bay,1
makapu'u,1
vetenerian,1
san diego golf,1
costa rincon,1
taraoko,1
san antonio hotel,1
netallica,1
silck city,1
qquafoum,1
ne york,1
cuty beach,1
white rock park,1
white river canoe,1
halliburton jersey,1
eagle creek park,1
san diego  zio,1
ivory curtain,1
laguna beach hotels,1
green valley vegas,1
finnys,1
west las vegas hotel,1
el segunda,1
san digeo zoo,1
mystic moonlit,1
opry,1
alcatraz pigeon,1
tneessee,1
new orleans city park,1
new orleans airbot,1
desi vegas,1
miami yacht's,1
cabrera dominican republic,1
134th street,1
nassa county,1
trampoline park brooklyn,1
owo,1
hydra facial nyc,1
monjuro,1
hibachu,1
astro park,1
md   diamond,1
nassaa county,1
nycgo city,1
stasi,1
new york city city,1
salonn,1
hydra facial hicksville,1
tonysuno knee brace,1
meisha,1
bettlefield vegas,1
house,1
queens county,1
dolche beach,1
kydown,1
san fernando valley smog,1
miromar,1
los angeljiffylubees,1
san diego atvs,1
uzuri,1
west san fernando valley,1
woodland hills massage,1
washington d.c.,1
kentucky kingdom park,1
los solas,1
daquri,1
inn1,1
miamiu beach,1
miami cruise,1
virginia key,1
miami bech,1
miami ferris,1
acai bowl,1
munigolf,1
замен,1
yhe city,1
hotel,1
edinborough park,1
spaavia,1
gulf coast zoo,1
quickbooms,1
tropic,1
panama city beach city,1
sonoma county zipline,1
hamde,1
juvuderm,1
hurrisburg,1
asbury park hotels,1
kathyawadi village,1
jfk\,1
diggerlqnd,1
ocean county nj,1
epicot,1
dermaplanong,1
north myre beach,1
aaa carolina,1
rural hills,1
carowinds carolina harbor,1
giantcauseway,1
north michigan,1
buckinghamshire,1
muscoskeletol,1
las vegas flights,1
chu,1
nimal kingdom,1
melaka,1
heoria,1
race49 spartan race,1
st. village,1
airasia,1
maquina madrid,1
miles city,1
la foire du,1
bobbys,1
kahneetah,1
broadway musical,1
quad city,1
braisser,1
nakiska,1
asutralia,1
eric,1
karkhai,1
las vegas link,1
puerto peñasco,1
kaliheria,1
nba jersey,1
sabana beach,1
cooper city,1
gealorgia,1
lil asthetics,1
mountaisia,1
teleflora,1
pegosa,1
getaways beach,1
parkocean city,1
maryland city,1
plumpton park,1
las vegas activites,1
aeria,1
pamana city beach,1
alabama water park,1
guadalajara jalisco,1
pran,1
boxe,1
shutter island,1
nyc harbor lights,1
isaca,1
kindbelly,1
johannes,1
el debarge,1
san deiqgo,1
yorkton,1
stone el,1
crashboat beach,1
tacos mexico,1
val,1
west 53rd,1
miami homestead,1
yoma,1
quicbooks,1
kingdom wild west,1
austin lake travis,1
las vegas drinks,1
hydra.,1
reptillia,1
sultan tent,1
bramlea city,1
keewati,1
la faccia beauty,1
shem creek,1
virginia lake,1
compsany,1
foy2front,1
truck york,1
oola,1
cafetacuba,1
edon resort,1
genesee county parks,1
roledo,1
africa egypt,1
emfacd,1
fort lau,1
grandiaon,1
fusabowl,1
braidsa,1
west end  ,1
philadalphia,1
san diego kayak tour,1
inn berlin,1
spith carolina,1
slink city,1
topsail,1
mcgee beach,1
haruichi,1
africa america,1
montego bay excursions,1
magzt,1
south san padre island,1
new york city gopass,1
lewesiville,1
gloas,1
trampoinr park,1
allen,1
capilan0,1
scandania,1
hotelsdaytona beach,1
moon donut,1
dermaplaninng,1
conectico,1
ferrox,1
trae,1
ncr delhi,1
telangana,1
highland park movie,1
empinada,1
vs1,1
narihuana,1
east zion,1
carowi,1
shark park,1
eurpe,1
caribbena,1
kidmania,1
blanca beach park,1
krashada,1
san dian,1
habbichi,1
paradice island pool,1
los tras,1
jurassic city,1
wisfom,1
miami speedway,1
cosmiatria,1
hollywood beaxh,1
moon golf,1
miami bash,1
medamerica,1
miami hollywood,1
las vegas\,1
san diegi zoo,1
la poblanita,1
viaggi,1
cebu,1
california beach vacation,1
ventian,1
kinya,1
las vegas ceaser,1
jansville,1
getaway vegas,1
acl,1
chocsbeauty,1
kidzden,1
storybook park,1
zoomania,1
valley beach,1
moivea,1
vcny,1
san's,1
churascaria tropeiro,1
obserwatoryy,1
san pedre island,1
new york city pool,1
las vegasmadame,1
america east,1
myeye,1
dominican republic excursion,1
puerto lo rico,1
nortj,1
willington beach,1
bundaberg,1
villanova beach,1
k rock,1
white mountains hotels,1
knotts sock,1
ksonville beach,1
north africa,1
moji beach towels,1
the kingdom mo,1
las vegas bustour,1
anakeesta park gaitlanburg,1
oskaloosa island,1
mariquuana,1
dominican republic resort,1
n.y. yankees,1
cowabunga vegas,1
las vegas atv tour,1
hotelsin vegas,1
las vegas atv nevada,1
world vegas,1
las  vegas entertainment,1
linterna,1
las vegas  massage,1
bryce canyon city,1
skyzon3,1
scarfs,1
normandy beach,1
nagasaki,1
nyc west,1
iphone9,1
st. james,1
karisma east,1
san deigo city,1
santa  barbara mission,1
grand rapids airport,1
las vegas roo,1
tadeshi,1
hanadon,1
haircloro,1
nauticus,1
montego island,1
ville,1
showboat waterpark,1
sarsota beach,1
williansburgh,1
easy beach,1
kouala,1
auana,1
hawai’i botanical garden,1
mauna kae,1
bavaro beach,1
red river bbq,1
hydra facial houston,1
south padre hotels,1
horseback trail,1
lagoon el,1
katy,1
kicky,1
galveston houston,1
serville,1
gambridgefield,1
nindiana,1
bum bum,1
las vegas escape,1
putts,1
jeuvdrem,1
saint sauveur,1
rosemary beach,1
miami thrill,1
phonexville,1
airand,1
vapebrat,1
rv park islander,1
mycalifornia,1
cottonwood,1
vipairsoft,1
tan republic woodburn red,1
nyc hiphop bay,1
san juan  puerto,1
nyc south,1
rhode island getaway,1
apexnc,1
chicktegue,1
testostrone,1
san juan del rio,1
hill city aqua,1
la catina,1
wake island park,1
fort bragg train,1
san fransosco,1
los linley,1
salan,1
matchu pitcchu package,1
tesemorelin,1
morimaki,1
nona lake park,1
stye beach,1
shutterfy,1
nassau suffolk,1
hypnothearpy,1
new jersey ren,1
colonia bbq,1
miyrohuan,1
scrotox,1
new orleans vegas,1
invisalin,1
hx3641/02,1
scd306/11,1
bre700/04,1
scy903/03,1
san diego safaree,1
soartan,1
san dieo sea,1
san diego bahia cruise,1
linda,1
san andre,1
seattle central district,1
la raiders beach,1
lico beach,1
st lucie west,1
yemassee,1
fort lauderdale airport,1
west grate lake,1
margaritaville kissimme,1
oshot,1
selma,1
notth carolina,1
seaford,1
mayan mexico,1
st louis union,1
ill,1
wort,1
city island park,1
metro south,1
lowrey park zoo,1
sarasota area,1
tampa bay sun,1
new richie,1
cashel,1
smart strip,1
araba,1
myrtlebeeach,1
lonn,1
river city bowl,1
kehlani,1
trxas,1
floriana,1
moon lake,1
www.hilton.detroit,1
.ohio,1
alatica city,1
sesas,1
charlstonsouth carolina,1
miami beavh,1
city york,1
fairfield ocean city,1
whales,1
san juan day,1
san  antonio tx,1
kirkalnd,1
san ansronio,1
haircut san,1
san diego magic,1
los angekas,1
san diego trolley,1
moenia,1
san diego sheridan hotel airport,1
san diegozoo,1
san diego atv,1
sunshine mountain vineyard,1
zipping beach,1
san diegonzoo,1
san frsn,1
east ocean,1
western marina district,1
la tira,1
stinson,1
santa cruz zipline,1
tseol,1
alkatraz island,1
waterslides,1
colorado park,1
santa cruis,1
disnalnd,1
los gatos house,1
pizmo beach,1
santa cruz hotels,1
san cisco,1
manta raya,1
lonhorn,1
ropicana,1
aylan,1
iska,1
marmont,1
queens-4,1
reedcode,1
hydra facial phoenix,1
rocky point,1
oahou,1
xkxx,1
daytonal beach,1
calofornia,1
san  zoo,1
baha,1
varicosas,1
san jose golf,1
laughland,1
gambia,1
jugar,1
yogaville,1
buckingham va,1
vehicle2019,1
raccoon lake,1
ashtabula county,1
mclaughlin,1
fana,1
muchos,1
blippi portland,1
avola,1
werck island,1
kennebunkport,1
ookaloosa island,1
privae,1
bear creek,1
hotels east elmhurst,1
avalon cantalina,1
spygamwa,1
ellis island tour nyc,1
san diego flights,1
atalntioc city,1
frenchtown,1
nicksloden,1
east idaho,1
utah county visual,1
nabrska,1
scd838/06,1
catatlina island,1
chibanya,1
cabrillo beach,1
lake el senor,1
kako,1
magic kingdom par,1
st. simons,1
rum island,1
islandh20,1
harbor city,1
marinjana,1
jungala,1
tampa sea,1
tan republic red light,1
mandarian,1
haward beach,1
san diego north harbor,1
alcatraz is;and,1
whaterpark,1
teaspoon milpitas,1
santa cruz beacg,1
chicsago,1
st simon’s,1
scotch creek,1
victoriamilan,1
icrocurrentm,1
t'hai,1
marko island,1
nopakkao,1
newm york,1
pyromania,1
mo.63366,1
pinellas county beach,1
madri,1
new york city vacation,1
east  bay,1
alabama comfort inn,1
belcherbingo,1
washington island,1
jhonn,1
saana island,1
nawaii,1
roadhou,1
norfolk va,1
kblx,1
balinsas,1
las vegas excursions,1
belmont park pool,1
capron park zoo,1
winston drive,1
trubyouti,1
shackleford,1
microeconomics,1
us virgin island vacation,1
jena,1
swimrva,1
gym virginia beach,1
dominionn,1
gsrcinia cambogia,1
letchworth park,1
bew4,1
sac city,1
salt lake connection,1
alcatraz zombie,1
sotah,1
rumbi island,1
san antonio tx,1
misas,1
heidelburg,1
san ox,1
santa maria bay,1
san diego explore,1
san diegoactivities,1
viicky,1
san diego city tour,1
dominican republic republic,1
http://www.groupon.com/deals/ga-bk-cofresi-palm-be,1
virginia va,1
el paso county,1
s.o,1
tinr,1
millonaire island,1
fort laudere,1
grandville,1
mirabilandia,1
mccafé,1
l6y0v8,1
las vegas cirq du,1
pomtoon rentals,1
swv xscape,1
unisoul,1
frederick,1
carnival york,1
maku,1
mauna kea,1
jurassic park tour,1
mauna lani,1
africa arizona,1
las vegass,1
daydona beach,1
lymphoma,1
larimar,1
marachi,1
dominican republic  punta cana,1
la zo,1
moonlight beach,1
miami county,1
princeton hills,1
slumblr,1
huron beach,1
tatto place,1
man'ta,1
w.g.,1
sybais,1
pondarosa,1
kolhs,1
colorago,1
sparkle city,1
lake ozarks,1
columbusp,1
slide city,1
boun,1
kidsmania,1
edición,1
dimond,1
new jersey rennaissance,1
pristige,1
bahamas city,1
slick city frisco,1
gymnas,1
focomx,1
marim county,1
tecnologia,1
glo-1,1
dexqla,1
greenfield village henry,1
greenville village,1
slaska,1
vbeqm,1
manalipan,1
gold city,1
brown county indiana,1
calloway beach,1
lake mendoza,1
smart plugswyze,1
eyelash west palm beach,1
miami key,1
ft lauderdale airport,1
door county hotels,1
quickbooks2023,1
las vegas voie,1
miami md,1
shwarmania,1
fuml,1
certifi,1
holmes county ohio,1
medonico,1
jensport,1
malco,1
jackson wy,1
jambola,1
hydrobath,1
smrnya beach,1
newportb beach,1
new york city subway,1
ciccinati,1
new.,1
stella island,1
los virtualit,1
magic mountain park,1
seregentia,1
jeyskie catalina island,1
vibratord,1
itialy,1
amelia island cruise,1
budapest river,1
shoal creek,1
jccc,1
miramer beach,1
biltmre,1
tighteneng,1
wstwrpark,1
las vegas omega mart,1
las vegas vivica fox,1
magic las vegas 2024,1
lincon city,1
"t""s",1
las vegasbuffets,1
las vegas brooklyn,1
las vegas message,1
kinderland,1
beverly drive,1
nail island,1
cieba,1
san digeo,1
equipmenr,1
catralina island,1
griffin park,1
las vegas pampas,1
lapislázuli,1
scy906/93,1
montania,1
monsterpolooza,1
south bay airport,1
san diego zioo,1
las vegas fontain,1
los amigos golf,1
los angelies,1
nautulus,1
4753,1
oriville,1
mount olymphs,1
noha,1
bacteim,1
palm beach tan coupon,1
bietnam,1
miami ski rental,1
restartspamiami,1
trump beach,1
yuno beach,1
https://www.tripadvisor.de/attractionproductreview-g34438-d25324546-miami_sunset_and_city_lights_cocktail_cruise-miami_florida.html,1
miami yaht,1
atlanta greatwolf,1
minnetona,1
jerkey,1
greek street,1
exibet,1
mendocino county,1
hopkinsville,1
nashville4,1
vivoli,1
san ffrancisco,1
new orleans collection,1
mansion rentals,1
las vegas crown,1
las vegas aqua park,1
cowabango,1
lake vegas,1
las vegas injections,1
vegas canyon,1
las vegasbbvvbb,1
bay sea,1
las vegas ice,1
los begas,1
las vegas johnny cash,1
las vegas navadq strip,1
kayak lake las vegas,1
tavoli village,1
slingshot vegas,1
diggens,1
imac,1
sitan gym,1
domini,1
nightlige,1
beautyfluff,1
mryle beach,1
optiplex,1
monte bay,1
yaht rentals,1
san diego hotesl,1
downy,1
la 70117,1
marriott long island east,1
las vegas ethel m,1
mens jammer,1
coronado beach,1
chino hills salons,1
https://www.groupon.com/deals/license-tom-llc-2-1?p=4,1
ameilia,1
hibbachi,1
mcguffin,1
quiroprata,1
swan hills,1
kayak springs,1
peele island,1
potoon rentals,1
oakaloosa island,1
sizehand,1
camden county nj,1
tilted10,1
irvs,1
arizonia,1
santa rosaa,1
"or,97229",1
hibachi city buffet,1
faiont,1
matukas island,1
kayak lake powell,1
minj,1
tacqueria,1
san francisci,1
sup canyon lake,1
oeange county,1
pw5s-2z7z,1
dubai united,1
anaheim beach,1
govenor,1
absecon,1
l nyc,1
west 57th street,1
las vegas extreme,1
transferdominican republic,1
playland beach,1
coney beach,1
north arlington,1
laurelton,1
profit365x,1
inn pleasantville atlantic city,1
new york-laguardia,1
red moon,1
pennslyvannia,1
workouy,1
nyc beach,1
slide city park,1
morpheu8,1
lifestye beach,1
catania millburn,1
nyc village,1
wenzhou,1
pendilvanya,1
ringconn,1
outlandia,1
la viv,1
north las vegas 89081,1
absynth,1
san diego zlo,1
office\office2024,1
combogia,1
wedtford,1
mount,1
konasee,1
pier village beach,1
holden beach golf,1
nirth carolina,1
acwuaroum,1
culantro,1
transylvania county,1
фистинг,1
principal york,1
wendella city,1
watford,1
tavoli,1
elthan,1
asia street,1
st. joh's,1
arina beach,1
chicacago,1
selden,1
alexxas,1
grand canyon village,1
tfol,1
suvarna,1
brokefield,1
non west,1
dorchester county,1
c:\program files\microsoft,1
illinois boat,1
bowlero columbia,1
zamboozy,1
mud county,1
l mountain,1
west bay beauty,1
ciclopirox,1
agoura hills smog,1
forkswashington,1
travellers beach,1
gaithersberg,1
oc city,1
idago,1
leonardo,1
strataca,1
castle county,1
xeom,1
parkersburg,1
vibrati,1
nigria,1
oxo brew,1
acquum,1
new orleans whitley,1
kanes county,1
trap city,1
ganganam,1
savanna beach,1
lampasas,1
san puerto rico,1
green valley golf,1
ukrainian village,1
las vegashotel,1
west palm zoo,1
photofacialthre,1
galeveston island,1
africa lion safari,1
oceanbrrrze,1
willisburg,1
merryland,1
west hartford float,1
island united states,1
honn,1
maui mountain horseback,1
moody gardens galveston,1
thoughtstorm mountain park,1
hotwrox,1
margartaville,1
beach park south padre island,1
ipndiana,1
fortville,1
slicl city,1
luffa,1
san dieigo,1
idyllwild park,1
plam springs airport,1
winchield,1
pa county,1
san sebastian,1
campbell county,1
savannah goriga beach,1
tbe beach,1
tamarac,1
highsierra,1
prana,1
milkwaukee,1
ark exhibit,1
shell creek airpark-f13,1
zoombesi,1
miami internatoinal airport,1
maroon lake,1
garcinia,1
motels middleburg heights,1
kais,1
kidzmania,1
sensiti,1
springvtrxas,1
subnautica,1
ndayton,1
taku,1
aquae,1
pw87gxe6,1
big city,1
c.j barry,1
dragqueenbingo,1
waterpark el,1
windhield,1
nueva york estados,1
taco mexico,1
yacht fort lauderdale,1
привіт,1
мілі,1
asia gardens,1
rose11,1
park city city,1
motels columbia,1
kitsch,1
cinn,1
hydra acid,1
geico,1
lexigton,1
webbie,1
kleberg,1
sprintervan,1
kidzina,1
hiñton,1
hunt county,1
dollas,1
antelope park,1
sanantonia,1
chioma,1
san  marcos,1
cheyenne mountain soo,1
west des moinez,1
red ligbt,1
c.j. barrymore's,1
paducah,1
castle va beach,1
campo beach,1
la rouch posay,1
azia bay,1
west pa beach,1
hydra facia,1
mulcj,1
cleveland heights,1
fort wprth zoo,1
italiian village,1
sarj,1
semihlutan,1
lancheira artic,1
la puente facial,1
kreme,1
yvonn,1
kyvela,1
retreatt,1
nino de,1
eastern el-galala,1
myjnia,1
new tire mount,1
margareterville,1
luaukona,1
lasalle county,1
las vegas zip,1
charleston county park,1
fergamo belt,1
san die'go,1
nhra66,1
chuna,1
anna bay,1
summer20,1
wilahala beach,1
salsannati,1
dulzura,1
zaffiro,1
scarbrough,1
muicrosoft,1
st petersnurg,1
hydra facial md,1
las vegus helecopter,1
las vbig,1
las vegas pool cabana,1
las massage,1
nellis,1
north las vegas reflexology,1
lava island,1
lad vegas speak,1
san cabo,1
fairmount park,1
k city,1
urgiría beach,1
ubrania,1
leo state beach,1
vina,1
las vegas hotela,1
kidlos angeles,1
pregnan,1
santa monica peer,1
spas korea,1
san digeo hotels,1
baldwin park massage,1
ho springs,1
weir,1
obama,1
jammin moreno,1
echeveria,1
las rageous,1
roomhenderson,1
tidewater beach,1
touscon,1
silver lake beach,1
makinaw city,1
los poconos,1
jersey park,1
south san fransisco,1
san ramon ca,1
moody gardens park,1
dprp,1
laskh\\,1
new orleans lakefront arena,1
excursionmyrtle beach,1
qmc,1
i-45,1
franklin indiana,1
san bernadino county,1
regressionn,1
magic mountain themepark,1
sheisedo,1
los vaquero's,1
foutian,1
yuoth,1
butler beach,1
sorbet park,1
artego,1
lakepoont,1
orlandlo,1
hotels vegas strip,1
keansberg,1
norelco,1
pe'r'ri,1
carmel bach,1
faciañ,1
costa ri,1
las vegas convention,1
edmonton,1
leg massage 1hr,1
outpost,1
cruml,1
las vegas voice,1
bear creek trail,1
canary islands,1
st. genevieve,1
alameda county fiar,1
monterey bay sea,1
mackinak island,1
kruk,1
chenango,1
diver city,1
massagejp,1
petesburgh,1
xperia pigeon,1
ottawa county,1
uprova promo,1
speingfield,1
hx9911/78,1
museumst louis,1
lax park,1
sanjuan marriot,1
acqurami,1
tickthai,1
salt spring,1
san jose mini,1
el mirasol,1
fille4,1
san diego  tacos,1
michel korea,1
qale,1
tijauana,1
san - nyc,1
san diego trolley tour,1
san fisgo,1
oceanside,1
san diego bbl,1
san dirgo sea,1
disneylqnd,1
san diego  night,1
las  vegas buffet,1
santa cruise,1
south san fran,1
yosemiti,1
san  mateo county,1
gilroy gardens park,1
harbin,1
koeran,1
kayak rentals mccovey,1
san jo,1
cinelux,1
almeda county,1
hydra facial cupertino,1
warrioe,1
keirtan,1
uss mount,1
san juan de puerto,1
aubree,1
ann arbor eyelash,1
eyebriw,1
kingdom south carolina,1
kennsaw,1
clayton county spivey,1
cinébistro halcyon,1
atami,1
yukatan,1
lakepo,1
new york city paas,1
clayton county water park,1
los rieleros,1
ocean city marylnd,1
dinong,1
arundel mills,1
nin,1
tour dominican republic,1
maraq,1
summit beach,1
sanchez beach,1
salt lake zoo,1
marib,1
rhode island versa,1
ririn,1
japonese,1
braintree,1
m959k8,1
magnolia mount,1
johnna,1
colorado spring,1
lubelexington park,1
alexandra virginia,1
columnia,1
mount vernoon,1
new york river,1
trusculpy,1
kettlebel,1
carton kenilworth,1
georgia beach,1
mount tire,1
dunlurk,1
blandensburg,1
md rocky,1
kingspachicago,1
meaza,1
yas island,1
arctic king,1
vanderbilt beach,1
digimon,1
west chester massage,1
newcaslte de,1
marsh creek lake,1
cannobie lake park,1
chibuli,1
uph orleans,1
park el,1
harboe,1
católica island,1
khlaria,1
san lucas atv,1
scf391/62,1
hx6871/49,1
san diego air bnb,1
sántas village,1
riverspirit,1
caremel,1
geourgia,1
quan,1
chiropractr,1
miami children's,1
milwaulkee,1
new west laser,1
eyelash extentio,1
morcan,1
taco rock,1
darnestown,1
dellia,1
lessburg,1
forefront,1
curseros city,1
hela,1
las vegas restraunt,1
selina - union,1
papparrazi,1
joelle,1
n.s.,1
javvy,1
west chester birthday,1
fort lad,1
st pete beach hotel's,1
hydoviv,1
scy903/01,1
san luis obispo county's,1
santa aria,1
lashmania,1
santa cruz boardwa,1
dafuskie island,1
mimosa,1
tybee island hotels,1
snowy village,1
chodang,1
youhou,1
boulder beach,1
las vegas dealsvegas,1
track4,1
fugitve beach,1
pittsburgh hotels,1
latin salsa,1
yatchstarshil,1
annamarie island,1
dearfield,1
nasau county long island,1
dishwashre,1
portclinton,1
oreillys,1
the illinois river,1
bartlesville,1
hcfa,1
davenport roadhouse,1
bethany beach de,1
jskidoo rentals,1
san luis tribune,1
dominican republic kitchen,1
kelkenburg,1
lona,1
hydra source,1
broadway grand proc,1
hollywood south carolina,1
james island county park,1
san salvdor,1
resum,1
laurinburg south carolina,1
st rock hill,1
my42nd,1
scottsboro,1
midwest river,1
moviepark germany,1
epperton,1
mijdreht,1
east midlands,1
las vegas chopper,1
dor county,1
lakespur,1
leiria,1
joe beach,1
suf city,1
naperville beach,1
costa maya beach,1
horsebend canyon,1
anamaria island,1
san fransisco city,1
anyi,1
los cocinas,1
ultimat beach,1
shangrilillama,1
skyzon,1
myrtle beach',1
garcinia prohibitics,1
ywca,1
sch'dy,1
viaport,1
mariahana,1
jamaica montego bay hotels,1
hotels bay city,1
tescumbia,1
animal kingdom resort,1
riely,1
microneeelong,1
central park nye hotels,1
shateau elan,1
wyoming united states of,1
eastern china,1
north gaatlanta,1
san m,1
dickerson,1
bali springs social,1
gaming city,1
o.c.,1
pingpong,1
margitiville,1
las vegas gocity,1
santa barbara sea,1
dominican republic trip,1
mississippi boat,1
kertan,1
picosuee,1
pundakana,1
rockway beach,1
nysci,1
wyndham lake buena,1
nickelodeon park,1
needlin,1
cozy earth blanket,1
queenslazerbar,1
flychicago,1
annabel,1
lipoplastick,1
crystal run,1
exploria,1
nickelmania,1
kangaroozoo,1
branson strip,1
nt5600/62,1
scy900/91,1
palo santos,1
huntington beach massage,1
neeport beach,1
tolangtongo,1
karoakee,1
yogasux,1
terrana,1
catslina island,1
manhatan city,1
br3,1
highlights lake,1
gramecy park,1
stout island,1
peagon,1
briar bay,1
miami garden,1
myteril beach,1
west rbnb,1
davia,1
santa marina,1
southboston,1
tokens,1
oak creek gym,1
wisconsin lake,1
black hills south dakota,1
klever,1
mississippi golf,1
albert,1
petunia,1
trowbridge creek zoo,1
pool beach,1
san diego zoo wild,1
jasper hills,1
nashvillehilton,1
san tan city,1
las vegas bellagio cirque,1
mt orab,1
mándaly,1
stroudburgs,1
zolaso,1
millenia,1
san jose star,1
marty beach,1
santa cruz season,1
san juan atv tour,1
facial lynchburg va,1
taichu,1
dreamin,1
funderlqnd,1
scadia,1
reno river,1
ausha,1
koolminds,1
starzz,1
olympic park,1
chateaux park city,1
lagoon salt lake city,1
denton county,1
bodoir,1
north west loop,1
bohannan,1
san diego limo,1
spooky2,1
handm,1
san dieto,1
stretchu,1
discover kingdom,1
andulasia,1
las vegas majic,1
san salvado,1
cynnda,1
charlotte n.c,1
xcarat,1
holdsboro,1
la-z-boy,1
manatee beach,1
aris,1
akuatica,1
pasadena hills,1
prince edwards island,1
mismi sea,1
west pslm beach,1
jong,1
pensicola beach,1
privé,1
palmo beach,1
lasweaway,1
camden nj,1
obliphica,1
mijuana,1
canyon lake az,1
scrin,1
hikina,1
cardina,1
mount everest base,1
pittsvurgh,1
el sabor,1
vs-4zg3-x6jr-mc5z-15kx,1
artemisia,1
rhodesia island,1
buffalo labes,1
benya,1
extractiona,1
pensylvenia,1
hammonasset beach,1
los vegas vacation,1
omaya,1
united emirates,1
las vegas bevada,1
los vasgas,1
la breeze,1
hermosa beach hotels,1
san diego zoo season,1
oska,1
santa mocnica,1
tarannea,1
whittier village,1
san luis obidpo,1
sundra,1
monona,1
professional2021,1
berna,1
s beach,1
w miami beach,1
las vegas  atr,1
inn frankenmuth,1
lake street,1
minnesota arboritum,1
san dsy,1
heqldsburg,1
hotelsnashville,1
boutte,1
casltw,1
wantah,1
frenasia,1
paramoun,1
renr,1
lovasa,1
friendswood,1
hblr,1
pleasur,1
ludovico eunaudi,1
key\,1
tramvay,1
huntintong beach,1
san diego sup,1
loguna beach,1
santa cruz paleo,1
chong cbd tincture,1
west palmwest,1
banson,1
rhum,1
las vegas children's,1
venetaian,1
hershy,1
las vegas fountainbleu,1
lsmog,1
vegas orleans,1
las vegas purplr,1
mandolin bay vegas,1
nv  89113 united states,1
west entrance,1
reef beach,1
ultheasonicnew york,1
midtown east,1
msnta,1
mikkasa,1
natica,1
hvac\,1
game1,1
1\,1
hiragana,1
amrica,1
san antonio  ,1
caronlina beach,1
arona,1
sandcas,1
bay  ,1
radiensee,1
rhou,1
west berli,1
kayak rentals southport,1
la terraza,1
caroline county,1
calavarus county,1
arlignton,1
north padre,1
buzbys,1
maven,1
trampoline park -vista,1
san dig,1
south coast winery,1
san diegoairport,1
sesami,1
expesia,1
tampolina,1
65th,1
uyteiry,1
mahanttan,1
dominican republic activities,1
vitbrttu,1
gocart atlantic city,1
new jersey hacketstown,1
lav vegas trip,1
legolaond,1
puerto valarta,1
verizon,1
ocsalsa,1
dallas county,1
mcfadden,1
tire kingdom brake,1
liberty city cruise,1
magic kingdom ti,1
coaco beach,1
pin̈iero,1
h20 park,1
deazerland park,1
kingdom disney,1
china kingdom,1
loxahatchee river,1
mens mocassin,1
pontoon island,1
mirmar beach,1
the middle east,1
turkish beach,1
the west coast,1
caresha,1
iden,1
san joe beach,1
inn york,1
tenn pigeon,1
hcking hills,1
ninteno,1
las vegas lextor,1
santa fee,1
camel beach park,1
tipsi,1
walworth county fairground,1
myrt!e beach,1
trap,1
boty,1
keyton,1
savannah district,1
lithonia grorgia,1
gwinett county,1
rgypt,1
savana beach,1
palm beach airport,1
xebec,1
catallina island,1
perragon,1
rhode island newport,1
lake blackshear,1
ma  ,1
seacrest falmouth,1
rayond,1
montego bay resort,1
linkin park zoo,1
wrentham,1
vatalina,1
b.tan,1
north mrtyle beach,1
st louis armoury,1
bicyvle,1
tampa bay doens,1
josue,1
spasand,1
ybor city,1
bellwether beach,1
south shire bay,1
kalahre,1
eufala,1
sattelighr beach,1
barry soak city,1
tacuba,1
k17,1
orange grove,1
laserıce,1
cypress lenens white,1
linfático drainage,1
trampoline park woodbridge,1
warrenton va massage,1
marlboto,1
east potomac,1
birginia beach,1
mayo beach,1
pannsylvania,1
shampoom33.8,1
metro rock,1
activivty,1
las vegaspackage,1
baravo beach,1
bay zee bay zoo,1
irael,1
miami thriller,1
mount dora lake tour,1
cheyenne  mountain zoo,1
la bastica,1
metro beach,1
oblong,1
sheffield island,1
marijiuwana,1
pompono beach,1
west coast beach,1
ogbyn,1
loin county,1
anna mania,1
panther island pavilion,1
popeyws,1
las vaagas,1
vakelburg,1
coolsculpr,1
el.,1
québec city,1
green springs,1
mastedon,1
va virginia,1
galloway township,1
luveva,1
115th,1
hilton park plaza hotel,1
inn  orlando,1
la bonne,1
toli,1
jasperalberta,1
highlights/,1
tilghman island,1
atlantica,1
north  beach,1
castaway island,1
folley beach massage,1
desrin,1
check24,1
quin,1
tinkley park,1
avonturen park,1
manipedo,1
tinley,1
coolscilptikg,1
skokie emissions,1
otange beach,1
lolland,1
banska,1
pikolin,1
hydrafaviala,1
veola,1
teatro zinzanni,1
eyelash berwyn,1
guatamala city,1
stocktonca,1
expedia south lake tahoe,1
ofshanghai,1
laugana beach,1
cowabunga park,1
chino hill,1
juverdetm,1
blydenburgh park,1
hutington,1
nasau county,1
gui'f'ri,1
las vega,1
diro,1
rapport beach,1
nountain,1
westinn,1
las vegas frempnt steet,1
miami pool day,1
hungering beach,1
natire,1
sheperdsville,1
madidon,1
obys,1
mimai beach,1
blueskymiami,1
miami pink,1
west kendall lexus,1
miami resort,1
miami: city,1
net york,1
keywedt,1
manda,1
limosina,1
st francis,1
lipoenzimas,1
half moon island,1
lunnar,1
galveston rentals,1
galveston  beach,1
roden,1
lakes,1
messageluxe,1
bhurj,1
hitch mount,1
camby,1
waterpsrks,1
linn,1
las vegas mutao,1
https://email.coupons.com/pub/cc?_ri_=x0gzc2x%3daq,1
cantalina island,1
laguna beach day,1
92711,1
dermabrosia,1
inn kansas city,1
santa photos,1
anakesa,1
island island,1
houssaba,1
avodale,1
lound beach,1
las vegas highroller,1
las vargas strip,1
jetski beach,1
st. paul,1
kkna,1
san deigo zoo',1
squizofrenia,1
marinuan,1
eyelashes strip,1
queen‎,1
lascko,1
utbv,1
medina makeovers,1
showboat island city,1
nakuru island,1
mediterranean cbd,1
san diego great,1
guitat,1
san tan valley hotels,1
35th union,1
battleship carolina beach,1
north huntingdon,1
moorea beach,1
murraysville,1
mt bachelor,1
la terranas dominican,1
mt vernot,1
allica,1
wilimungton,1
white lake beach,1
kartplus,1
springfield virginia,1
mechanicsville va,1
tacomania,1
incredivle,1
nickeloloden,1
catalina island gold,1
dahalia,1
jwoww,1
new orleans la 70130,1
barataria,1
orlando skypark,1
amenitiesin atlantic city,1
86th street,1
mahagaba,1
sosua beach,1
dominicus dominican republic,1
orlando thame,1
nyc west 63rd,1
ruba,1
domincan republic el gran,1
east brunswick - south,1
paranomal vegas,1
hentietta,1
mt juliet,1
governors island,1
salvati,1
dominincan republic,1
07603,1
lukas.,1
western europe,1
thloveland,1
vegas!,1
costa mesa airport,1
lua7,1
kapiolani,1
mariposa county,1
mount st.,1
eknei,1
lynew york,1
el poblado,1
playland park rye,1
oklahoma county,1
teriaki,1
los pinos,1
wyncotte,1
la lux,1
wirlley,1
sodoma,1
canolbie lake park,1
pittsfield,1
maiden north carolina,1
aleyaka,1
south carolina u.s.a,1
kangua,1
atlanta city day,1
entertainmenamusementt,1
fort davis,1
luminar,1
lashes columbia,1
ivory essential,1
thermopilis,1
home2023,1
corona village,1
lá hills,1
aysia,1
mpls hotels,1
zoo york,1
tan republic happy,1
armerica park,1
htidon,1
bay street,1
happyholliw,1
san ta,1
nails bay area,1
saino,1
snorkeong,1
fairfield savannah,1
tan republic klamath falls,1
haircolpur,1
tulips skagit,1
airlinr,1
nygrafall,1
smokee,1
ofallan,1
jas,1
segovia,1
miami air,1
palm beach jerk,1
mercato beach,1
united snakes tampa,1
kaldeesee island,1
synki,1
the dominican republic.,1
symryna beach,1
patrica island,1
hotel south bay,1
franconia park,1
pruassia,1
kingdom waterparl,1
u.s. 50,1
las cabo,1
dominican republic private,1
theate4,1
juggarnaut,1
bit8x,1
jabonga,1
cowabunga vegas waterparks,1
bryan,1
victoria hills,1
sexenda,1
boris,1
las vegas musem,1
riverbpat,1
evada beach,1
ballat,1
strike10,1
west rentals,1
brandson,1
tĥe island,1
lemon creek,1
shllac,1
miami package(travel,1
blue mountain hotels,1
coursera\,1
-york,1
virgunia beach,1
cheyenne mount zoo,1
green valley golf range,1
plymouth sea,1
san gimignano,1
hotels fitchburg,1
rhode island wineries,1
puerto rico bundle,1
ruana,1
marawan,1
atlant8c city,1
rentaly,1
hotels mount,1
northern nj,1
jedddah,1
schaumburg park district,1
nyc oak park,1
miami ballet,1
raisu,1
d'orta,1
o.r.,1
highland park mini,1
plaska,1
jimbaran beach,1
moyne,1
palos park,1
gotlinburg,1
mackinau island,1
poppadux,1
joilet,1
lamgham,1
san juan salsa,1
bird kingdom niagar,1
mastetpark,1
vanda,1
nassau county children,1
labelle,1
zipline\,1
adiro,1
leeki,1
gamwa,1
brickton,1
onlahoma,1
st katalina,1
corona beach,1
ling beach,1
membresiavrenova,1
morimoto asia disney,1
melina orlando,1
marriott lake bu,1
cabana bay resort,1
activtae,1
aignia,1
sun city beach,1
sirenas,1
jeykel island,1
jupiter inlet,1
el marahaci,1
west palm boat,1
huntingdon,1
vagina beach,1
hainesport,1
ocean  atlantic city,1
paliseyd,1
rockpelle,1
xdnslygyebih,1
mosaic district,1
knotts soak city,1
trampoline city,1
meinkee,1
mount olypymus,1
west vine street lexington,1
dirección,1
miami getaway,1
canvas24x36,1
oxygenea,1
mansion mai mai,1
skisouth beach,1
xx-30,1
janexville,1
luxe bay,1
winona,1
archerye,1
doulas,1
la concert ticketmaze,1
okloosa island,1
hilderbrandt,1
panselvqnia,1
ahoynew york,1
the bay resort,1
flighzs,1
ac island park,1
match.co,1
canvsas,1
canyon lake  cruise,1
caliofornia,1
championn,1
pacidic beach,1
san diego pontoon,1
middle south,1
lacatraz island,1
san pablo barber,1
pleasanston,1
cambrian park area,1
san jose almaden,1
aqmc,1
wet,1
calabassas,1
marina california,1
oraca,1
mount rainier tour,1
las vegas bruno,1
haughton,1
culedo beach,1
airu,1
mercedis,1
shanhai,1
la fuente,1
fqga,1
las vegas kajaktour,1
san josé va airport,1
oswego county,1
chanteclerc,1
miami aeropuerto,1
shang,1
imperil beach,1
jasi,1
dct451,1
ling beach island,1
mourphouse,1
sun city w,1
snowdonia national park,1
papago park,1
frutopia,1
eupgoria,1
magiquest pigeon,1
cozemul mexico,1
awhonn,1
monroeville pennsylvania,1
p   l,1
trolley mansion,1
amelia beach,1
myrette beach,1
whitevill beach,1
buckroe beach park,1
wilminton beach,1
thrill south padre,1
animal kingdom orland,1
jivago,1
trampoline park lynchburg va,1
lake genevea river cruise,1
elk grove tint,1
winsshield,1
angeles city,1
del cornado,1
simlilac,1
bottomless.mi.osa,1
wyattt palm springs,1
nanimal kingdom orlando,1
santa illage,1
montecalm east,1
bay kayak,1
mayham,1
bıkın,1
chiswick,1
masgae,1
bloomingdale,1
fulton river district,1
dvidia,1
culebra beach,1
in.plush,1
nottingham belfast,1
the d vegas,1
las vegas q,1
la maracione,1
celtic sea,1
paraon,1
aroya,1
tint columbia,1
rebana,1
jefferonville,1
ohio state,1
las vegas brunch crawl,1
03pk,1
marriot resort lake,1
gymnati,1
san lucas excursions,1
doñana,1
hannover germany,1
ppi,1
bufffet,1
chemica,1
ibanez,1
ñew york,1
harrsburg,1
zone7175 oakland mills,1
margitville,1
boston park plaza hotel,1
jewleru,1
ochard beach,1
new emgland,1
narrangansett,1
caanobie lake park,1
incoln,1
itlay,1
navel park buffalo,1
heritage village,1
pomeroy kananaskis mountain lodge,1
sierra springs,1
knockerbubbl,1
jersey cape,1
nashville sea,1
motels myrtle beach,1
florinda,1
tightn8ng,1
pusan south korea,1
lichfield,1
laz vegas air far,1
benton park st.,1
district dr,1
h101-102,1
prince vegas,1
san diego sushi,1
pasteleria,1
las vegas monirail,1
panagia,1
minna,1
san diego bay harbor,1
el láser,1
las vegas motor,1
rubberized beach,1
binghamimans park,1
kitras,1
edgewater beach,1
las vegas japanese,1
las vegas lion,1
san genaro feast,1
cassy beach,1
makai island,1
las vegas seaquest,1
downtown vegas bar,1
micchael,1
las vegas antelope canyon,1
castaways beach,1
invitiona,1
oceanv,1
new medica,1
rigo,1
bi'g,1
san diegoo,1
san antonio  hotel,1
dayrona,1
herman park petal,1
cheyenne  mountain,1
bellco,1
sea moines,1
san anoto,1
west plan beach,1
nowy york,1
la vie mediterranean,1
7495,1
florida 32819,1
las ges,1
las ol,1
miami bayfront,1
miami cruiseport parking,1
rib city,1
gamego,1
msproperslashn,1
kaweah,1
manchebo beach,1
las vegas vintian boat,1
vhorsebackirginia beach,1
n virginia,1
ct\,1
south gardens,1
ri'ding,1
rizeye,1
marquis.houston,1
wantilan,1
san juan mexico,1
floridorama,1
artvana,1
suntan city jackson,1
cuatica,1
annamaria island,1
miami carnival,1
miami sauna,1
wiskie creek,1
miami dade zoo,1
miami science musuem,1
trensas,1
capton,1
milwaaukee,1
fenix5,1
lingfatig,1
wabasha,1
upham beach,1
penington,1
mississippi waterpark,1
alantic city ocean,1
bay ridge bklyn,1
plainss,1
jamaica west,1
san juan puertorico  car,1
nrewark,1
parking city,1
new york point,1
north arlingtonn,1
abura,1
talitha,1
kilronan,1
ouisville,1
ve8n,1
south bay smog,1
piigon,1
mimami beach,1
magickindon,1
detona beach,1
cypress garden bowling,1
west rim canyon,1
las vegas monarail,1
las vegasstrip,1
las vegas strip sputh boulevard,1
las vegas atv runs,1
xouplea thinga,1
las vegas gran canyon,1
las vegas  atv,1
becca,1
hermosa,1
nrw york city,1
hybdrid,1
conney island,1
las tunas,1
cartalina island,1
ocado,1
canton city,1
e-104,1
alina island,1
palmeri,1
bunton,1
west san fernando,1
mackenaw island,1
mt creek water park,1
xscaoe,1
muama,1
wilmimgton,1
beach carolina beach,1
santa cruz rafting,1
green valley mountain,1
indycart,1
crystal lake  ,1
kombi,1
north nevada,1
san antonionio,1
fredericskburg,1
san antio,1
cironado,1
new orleans mardi,1
san to,1
san dieogwhale,1
konenberg,1
four moon,1
san diego pas,1
san duego county,1
silver bluff,1
san ma,1
waker island,1
by.lexiepreciado,1
del monte golf,1
st josephs hospital,1
quinalt beach,1
quanilt beach,1
oregonn,1
flinston,1
sauna rirchfiels park,1
wexford,1
west 25th street,1
lbi beach,1
jenna,1
oklahoma river,1
trampoline park orange county,1
skyparksky park,1
kronaburg,1
oldwatercreek,1
megalodon,1
west midland,1
marítima,1
animal kingdom  park,1
dezerland park,1
lotta,1
silverballmuseum33446,1
kahuba,1
sandaway beach,1
las vef,1
celemton park,1
md-lux,1
i. atlantic city,1
locas,1
san diego gocity,1
jeep,1
myrtle beach city,1
harmerville,1
moena,1
tenn.,1
san  mateo,1
lithia,1
bringinton,1
merida,1
tunez,1
nanthahala,1
creek,1
north augusta south carolina,1
fredrricksburg,1
canyon lake cabin,1
laugina beach,1
cresswellvhonda,1
moryes,1
naiñs,1
vynle,1
jvpenny,1
las  vegas strat,1
funkaloosa,1
new hampshire ren faire,1
bilerica,1
molin,1
heights beach,1
united kingdom hotels,1
aglantic city,1
norrh,1
cotal beach,1
aboardwalk,1
icacos,1
akribos,1
carolina beach lake park,1
fantasy island long beach,1
las vegas transmission,1
tennessee city,1
animal kingdom tickets,1
the south east coast,1
west toledo,1
san diego county hotels,1
san luis potosí,1
kampei,1
mrytke beach,1
rodizio,1
oxygèno,1
arizoa,1
ventura dog,1
alexrandria,1
lucas hill,1
good11,1
america dale city,1
tire columbia md,1
yorktown beach,1
dulles,1
la groupon.com,1
si'x,1
fuji mount,1
jekeyll island,1
wichita city,1
dewe,1
morry,1
marjuiana,1
brqke,1
gionino,1
forbidden city,1
lake genesa,1
bowling beach,1
jetundo,1
seaquarium,1
highland beach,1
shineblys,1
assaugge,1
margarita beach package,1
marriot mount,1
neli,1
celta,1
franklin va,1
s virgin,1
bethelham,1
kuhai island,1
seabrook,1
kottu,1
the houston area,1
kok,1
indianapolia,1
new orleans cadino,1
south bedn,1
xcatalina,1
south canyon,1
palm canyon drive,1
aan diego county,1
la icetown,1
meridian,1
janscille,1
kickb,1
miami orquídeas,1
kerho,1
el rollo,1
fredricksburgh,1
hottuba,1
noa beach,1
rezerwacja,1
edition10,1
perugia,1
los angeles gopass,1
astana,1
machigan,1
mount batur,1
garicina cambogia,1
hauntville,1
kalara,1
ninjaciti,1
44273,1
microdermatio,1
twin creeks,1
nexzen,1
mandu,1
skatepark,1
red valley,1
delfina,1
eastern hills,1
kingdom come,1
us park parking,1
miami limo,1
mesker park,1
mystic valley,1
mt tire,1
lil america,1
nearmashantucket,1
os angeles,1
kingdom®,1
taco city,1
houston lake,1
jekyl island beach,1
reedsburg,1
tiscornia beach,1
peluqueria,1
122nd st,1
cortina,1
milaukee,1
makinac island,1
al beach,1
seattle creeks golf,1
santa cruz boardwqlk,1
san fransisico,1
acupoloco,1
sedgwich county,1
hong nails,1
broadway district,1
escursiona,1
emiscultp,1
nasaau county,1
highights znd,1
bayside nyc,1
libertyellis island,1
mills jersey,1
new york city party,1
horse beach,1
laguna beach golf,1
manthatan,1
las vegas green door,1
los vegas strip,1
zuru,1
africa lion safari burlington,1
soaly,1
florida united,1
allegheny mountains,1
dianosur,1
las vegads,1
daylight beach,1
las vegas emerald,1
nww york,1
las vegas max,1
las viegas,1
jabbawockee,1
nati,1
omega mqrt,1
japanewe,1
shoreham long island,1
hydra facial los angeles,1
los hombre,1
n west los angeles,1
doplee,1
bruush15,1
la basilica,1
las vegaws,1
fort bragf,1
nexlev.io,1
el bronx,1
pokemongo,1
diamond valley lake,1
san diago city,1
new yrok city,1
cranoyola,1
bustleton avenue,1
laveen village,1
oscilatong,1
copa america quarterfinal,1
p.f .chang's,1
revi,1
las vegas<,1
nc city,1
sunsplasj,1
laser528,1
california  usa,1
victoricos,1
middlboro,1
coast carolina,1
merry beach,1
miami hifu,1
therabeauti,1
san diego mararhon,1
wiisham,1
kentuvky,1
it's,1
245/45/1,1
ca;ifornia,1
northern california coast,1
tan republic roseburg,1
walkypark,1
hqnd,1
humacao,1
park county,1
west 25th,1
md boat,1
bergen nj/nyc,1
crunchie,1
cinegética,1
doheny state beach,1
lagunia hills,1
rm,1
san gaberal,1
chino hills facials,1
mywrs,1
ecko park,1
mississippi ri,1
n summerlin,1
gayorland,1
stetson mansion,1
the domininan republic,1
h20 island,1
kravis,1
childersburg,1
welligton,1
virginia beach va,1
west palm massage,1
orane beach,1
glo'up,1
luna,1
kem atlantic city,1
kalifornia,1
fort couch,1
charles,1
la santa,1
climbignng,1
blaz,1
belinia,1
virginia tire,1
keegel,1
laytonsville,1
capitol,1
naildust,1
las vegas hele,1
las vegas erotice museum,1
deptford,1
costa lake county,1
marriott lake  george,1
mount poconos,1
gulf hotels gulf,1
renan,1
kuroshio,1
mimar,1
fit2,1
morgan county,1
seawor4ld,1
quinta lake,1
kerbey,1
lifec,1
marriott lake rosseau,1
bedford village,1
las vegas pronotions,1
vergina beach,1
southenr,1
crys5,1
britannia coal,1
the east bay,1
el salvador hotels,1
san luis obispal,1
santa maría,1
u.s polo,1
pikre,1
orange california,1
black canyon city,1
prairie creek boat,1
santa cruz zoo,1
clifton springs hospital,1
парфюм,1
yacht boat,1
nuphoria,1
gatorla,1
nremt,1
inniskillin,1
los angeles's,1
keoran,1
hawai’i ocean,1
sandcastle beach,1
saylirville,1
tan republic newbeg,1
san diegiego,1
whitieng,1
bellimgham,1
new york trail,1
bussington,1
wescott,1
las vegas maverick hellicopter,1
kidzaina,1
southfield expressway,1
chairs beach,1
pravana,1
1000ml,1
west jacen,1
las vegas buffetgroupon,1
east atlantic boulevard,1
pelican beach grand,1
dockside,1
margeritaville beach,1
stephenville,1
gonadola,1
fort qorth zoo,1
eciton,1
fort york,1
mohre,1
kajana,1
miami beach's,1
powahtriomstan,1
trsin,1
vuvuzela,1
houston downtown,1
gaitherburg,1
carribewan,1
buana,1
san jacinuo,1
sanom,1
west grand,1
frisco lake,1
tripp island,1
fort stevens,1
dfw park,1
south east england,1
rox city,1
earp,1
columbia trvel,1
autohuur,1
tingley park,1
medellín,1
iidl,1
west st,1
soldierfield,1
lybia,1
gattinburg,1
el salto,1
medeville,1
crystal lake aquatic,1
keriti,1
pontoonn,1
jamestowne,1
martal beach,1
flyong,1
pingon,1
columbus south,1
kleton,1
san antonior,1
fcs,1
cryosculpong,1
zeronia,1
germany1,1
haircut marin,1
whitecap beach golf,1
collectacon,1
baghdad,1
retilia,1
navarra beach,1
las vegas thai,1
las vegas sunbuggy,1
san bermardino,1
los veges,1
west grandon,1
las vegas memorial day,1
las vegas yoga,1
lucielle,1
chilliz,1
las vegas north,1
kassi beach,1
las pampas,1
las vegas’s,1
monterrey mexico,1
spellbou,1
ahava deadsea water,1
la pizzeria,1
long island's,1
catalina island atv,1
santa monitca,1
bowlikg,1
lone beach,1
santa barbra,1
tykwando,1
whitecap beach cart,1
jeli,1
jehkyl island,1
hawaiiiuan,1
visilia,1
kartway,1
essece,1
virvinia beach,1
powertan,1
western east park,1
turkey hills,1
reboot beach,1
snirklong,1
manya,1
hawaii circle,1
kailua - kona,1
laau,1
earth las vegas,1
kaulau,1
north west maui,1
costa mejures,1
kingwood,1
l polli,1
ghanam,1
san luis villa,1
galvaston beach,1
kumi,1
eagle creek canyon trail,1
las  egas,1
riversidse,1
keratian,1
paxk,1
dinaurs park,1
vegas planet,1
metro point,1
korneburg,1
rhai,1
bike rentals jacks,1
park.kansas,1
versa,1
carnival mexico,1
las vegas pkg,1
west palm kesha,1
miami blue laggoon,1
ph023,1
bucky county,1
clenmenton park,1
amumwnt park,1
west express,1
buck county,1
las nvegas,1
mina,1
oddessey,1
leg rica,1
la parillia,1
rose city,1
venice vegas,1
quicky,1
resturnatd,1
hemotoma,1
north carolin,1
luguna beach,1
san juan  capistrano,1
miami golf cart,1
noww,1
vizcaya park,1
miami culinary,1
south dade,1
miami salsa lesson,1
gandia,1
bunker beach park,1
america storea,1
minneaolis,1
chunchula,1
saza,1
doogs,1
strkie00,1
peurto rica,1
new orleans jazzboat,1
dominica republic all inclusive,1
atlantic city park,1
mpofmyihy,1
mens spring,1
hydra facial brooklyn,1
muythai,1
karteite,1
miamisouth beach,1
chiscaba,1
newport jersey city,1
kahlahai,1
east canyon reservoir,1
cabria,1
montego bay jamaca,1
gulfstream park,1
perris,1
apple beach,1
ventura park,1
engravee,1
lusby,1
takedo,1
westin virginia beach,1
north west atlantic,1
md—,1
lowe,1
ocean city sea,1
ac delhi,1
unirvesal,1
iowa city children's,1
catawba island,1
sunny hill,1
may\,1
kaliheri,1
san antonio wildflower,1
ocee,1
simon island,1
kegels,1
comfort zone,1
botánicas gardens,1
scurry county,1
bakesfield,1
scarpet cleaningcience,1
severna park,1
beverally hills,1
matteo,1
miami baloon,1
acadicana,1
trampolice,1
san diego couty,1
san  diego shark cage,1
®,1
san diego wineries,1
san diego gaylord,1
san diengo,1
san grandson bay,1
the bay sf,1
san jose discovery,1
los angel,1
esin,1
san jose star smog,1
portar,1
crystal wand,1
hydra facial tacoma,1
palm beach tan lake oswego,1
skyzone mount lake,1
cruiw,1
uae,1
canandagua,1
dragonfyre,1
pere,1
xdavenport,1
meni,1
rwplacemwnt,1
hong bbq,1
house beach,1
finksburg,1
tuscaloosa,1
eséna,1
horseback northern,1
گیفت,1
actoin park,1
brrington,1
park3,1
xhuckey,1
vienne,1
ashai,1
iniana beach,1
miami valley nail,1
rochelle,1
decaf,1
coopona,1
twanya,1
dominican republic horse,1
highlights south jersey,1
riogaithersburg,1
san antononio,1
sonoma valley,1
bear creek park horseback,1
mackina,1
south  carolina,1
kalahiara,1
troy city cryolounge,1
lake arbesta,1
massages el,1
trucktoy,1
cosmopoitan,1
san clemente del tuyu,1
ukraine village,1
castle island,1
chicago city pas,1
philidelphia city,1
dellaria,1
nhou,1
colonade,1
awet,1
quad city river,1
jamesburg,1
insectroli,1
ocean township,1
fernandiyo,1
low county,1
romanic beach,1
atlayic beach,1
wakanda,1
xilin,1
thaki,1
waireki,1
san severino park,1
marylebone,1
heydy,1
ss@,1
ecos,1
martinelli,1
quimico,1
south carolin,1
ball factory mount,1
clardon hills,1
purina,1
california america’s,1
hotel bay area,1
canyon village,1
cannary,1
lpscon,1
springs preserve,1
jabbawockeez vegas,1
utensary,1
las vegas tattoo,1
las vegas shin lim,1
ketucky,1
hntington,1
west l.a.,1
tardiada,1
los calif,1
los angeles  ,1
bonfanley gardens,1
los angeles union,1
salena,1
cruceros,1
derby city louisville,1
air sea,1
margaritaville sea,1
bayfront park miami,1
coopertwon,1
crystal lake hotels,1
miluakee,1
bufflos,1
nee zealand,1
solomon,1
west ri,1
las vegas children,1
grayson lake,1
las vegas anne,1
va besch,1
jniversoul,1
kbelle,1
facial york,1
ivoryton,1
aloha moon,1
tyohoon,1
the lake lake livingstone,1
77407,1
la crawfish,1
a'cu'pu'n'c'tu'e,1
san antonio marriott resort,1
courtyardbymariott,1
villastay,1
wa'xing,1
spatran,1
bum bum facisl,1
san diego fireworks,1
howland,1
san jose jacksonville,1
sams beach,1
isia,1
tritan,1
overland park eye fliier,1
okahoma city,1
near30752,1
fort mackinaw,1
owa waterpark,1
hurricane mills,1
pearl island beach,1
san juan zipline,1
maurijana,1
ft lauderdale park,1
tint america,1
premises,1
parasailung,1
panama city air,1
pennsbury,1
delaware city,1
thirllzs park,1
115h,1
makatu island,1
las vegase hotels,1
ondoor,1
sesona,1
verna,1
paque,1
booking18,1
littchfield,1
winston salem nc usa,1
las vegas tropicana,1
condado beach,1
tong-d,1
palm beach fla,1
wilminggton,1
gilroy gardens,1
concord2in1,1
grand canyon zion,1
st petes beach,1
animal kingdom studio,1
chatnoonga,1
hetol,1
las vegas car de,1
gc wake park,1
west muscle,1
spaxe,1
floataton,1
pig island,1
hyperpigmentaton,1
azura beach,1
spartan stadium,1
medi drip,1
palsevnya,1
moyad,1
brikton,1
diamond rock,1
delaware river rafting,1
new jersey formaldehyde,1
aurba,1
mew jersey,1
prussia lego,1
indian creek,1
pircutre,1
san diego zoológico,1
hanar,1
carlin,1
long beach city,1
monkey beach,1
mexico city airport,1
bushgarden,1
santa claus village,1
powhattan resort,1
brannan island,1
rock city gardens,1
elwv8,1
floridada,1
manmade beach,1
nike.cim,1
luggeg,1
arcon,1
90047,1
bowlong las vegas,1
las vegas samstown,1
marnelade,1
serta bed,1
exoforma,1
tuxsedo,1
miami queensland,1
hairwig,1
greenfield park,1
fort knox,1
brocato”s,1
philidphia,1
d.l.,1
durchwonderland,1
las vegazs,1
oldd,1
narriganset,1
hylarionico,1
palacod,1
fort michillimac,1
milwaikee,1
belvida,1
u city,1
quart park,1
santa cruz lodging,1
la beute,1
san diego trrip,1
alamo river,1
wally,1
belmondo park,1
b.c,1
solana beach,1
encenada,1
tropicana vegas,1
san diego zoos,1
la holland,1
san diego harbor bay,1
brazil sou,1
fox strip,1
bhuddha,1
grand city,1
san francisco explor,1
massages beach,1
san ramon valley,1
vacaille,1
las vaegas,1
santa cruz spenga,1
kayak lake union,1
traverse city insane,1
tailszoo,1
srafton state park,1
beathany beach de,1
las vegas delilah,1
east jordan,1
norwalk,1
mikki,1
bowling grove city,1
whitecap beach,1
topgood,1
new lake,1
montego bay holiday,1
kingdam,1
kingdom canyon,1
san antionio city,1
bhama beach,1
blanton,1
weld county,1
struggleville,1
khlong,1
masri,1
virinia beach,1
west edmonon,1
el mont,1
samsung book2,1
crescent city,1
fliwet,1
offerdahls,1
orlando islands,1
ho chi minh city tour,1
valvoline beach,1
monteray beach,1
winton,1
eden park,1
glacier sea,1
west jamaica,1
hylanex,1
medida,1
alexanders key west,1
callaway beach,1
hydra facial georgetown,1
pfluggerville,1
parkville,1
north atterboro,1
nijoli,1
namibia,1
national mississippi river,1
birth moon frame,1
oceancrat,1
marina ocean city,1
lincolnton,1
myrtle beach landmark,1
hidden city,1
fostoria,1
myuna,1
las vagrs,1
dragon empire,1
manon,1
nickel city xtreme,1
kanopy,1
zoas island,1
joma,1
marriott portland lake oswego,1
bay river,1
eastern usa,1
san trafael,1
summerlin las vegas,1
shisiedo,1
jungle zone,1
seaquest vegas,1
las vegas skating,1
cihldrens,1
san ontonio,1
hteol,1
san gaberial,1
los ageles county,1
spartan runs,1
bike rentals beach,1
vista california,1
las vegas prince,1
la vegas hotels,1
catalina beach,1
los angelr,1
mucroneedleing,1
georigia,1
hillscabin,1
nmrtyle beach,1
mount ympus,1
parir,1
montego bay hotels,1
laserhair,1
bahamabreaza,1
west chester philadelphia pretzel,1
nikki beach day,1
last vegas hotels,1
oaly,1
raymond,1
las vegas  vacation,1
arlington tx hidrafacial,1
r.e.s.t.,1
kingsview village,1
hairbyginala,1
thaiwan,1
sieverille,1
valvoline york,1
ocean beach park,1
big island circle,1
ko‘olau,1
xanthalasma,1
texas - sae,1
ais'sas,1
mereils beach resort ii,1
mmalibu,1
idianapolis,1
kentunky kingdom,1
san diego air show,1
las vegas restaraunts,1
skinmedicca,1
la finest,1
san sanatorium,1
ober tennessee,1
cumberland county,1
davenport fl,1
margaritas vegas,1
new orleans luisianna,1
las vegas  sow,1
jewelrydown,1
las vegas grand canon,1
shonan,1
mount palamour,1
lake marina,1
arizona republic paper,1
fregon,1
ankeny hills,1
motels long beach,1
windowsws,1
hiwasee,1
tee5h,1
grand canyon south rim plane,1
the reno strip,1
rose beach,1
las vegas sign museum,1
nellysford,1
viginia winery,1
colohne,1
kauai beach,1
tan republic newport,1
the wilamette valley,1
salt lake massage,1
inn strip,1
nickelcade,1
trampoline park hutto,1
fun park,1
la jolla shark,1
sev east village,1
san diego ballboa park,1
lessons91367,1
san kuis,1
sbusct,1
mimar beach,1
al area,1
fort lauresle,1
conn creek,1
jacimos,1
gras,1
miami deap sea,1
regae,1
otesaly,1
manhattan plaza,1
bear mountain resort,1
li,1
matchpoint nyc,1
las vegas elara,1
ishai,1
sonia,1
myythai,1
brt atlantic city,1
prasong,1
new york city york city,1
keratinnyc,1
juvamed,1
orcas,1
ameila island,1
lernont,1
aqatica sea,1
miami catamaran,1
catamiran,1
birox,1
maco island,1
south padre island bay,1
kingd island,1
trampoline park webb city,1
st louis arch entrance,1
los lideres,1
strata beach,1
torch lake,1
sirinan,1
seattle island,1
dominiqu republic,1
tybee island savannah,1
central park bicicleta,1
remodelin,1
vouri,1
lovedrop,1
frederiksburg,1
bommerang,1
cozmos,1
yucatan beach,1
n.e.,1
new hartford,1
wiliston,1
las vegas cooking,1
abq bio park,1
madison heights,1
yogli,1
panama south america,1
hibbett,1
south polo colong,1
jiffypube,1
fold6,1
kumbatcha,1
theairport,1
buna park,1
san juan smog,1
south padre island gravity,1
san antojio,1
lacatera,1
san ntoni,1
bachelorett,1
san diego downtrown hotels,1
vista92084,1
mohnaxky escondido,1
http://www.groupon.com/deals/straight-off-the-vine-wine-tours-7?utm_campaign=userreferral_mih,1
san macros,1
skagwai,1
the bay california,1
eagle idaho area,1
california republic,1
manyica,1
san francisco children’s,1
san jose rockin,1
san deago city,1
https://www.groupon.com/search?query=jungle,1
trampoline park san jose,1
santa cruz baordwalk,1
monsterey bay,1
chamberlin,1
oakland island,1
kutchen island,1
kennassaw,1
nuubu,1
z-roc,1
odana,1
sliders beach,1
carnival atlantic city,1
eyelash lyftunf,1
michigan ireworks,1
transilvania,1
willaimssburg,1
new york city york,1
puerto de la cruz,1
world city trail,1
konto,1
95th street,1
museaum,1
murda beach,1
kinfs island,1
south padre park,1
carpat,1
sage beach,1
hiwiaan,1
klea,1
t1x0p8,1
outdoof,1
nassa,1
flagler beach fla,1
cay island,1
swimleasson,1
fentermina,1
evaro beach,1
west suburban limousine,1
brinkley,1
renesancr,1
finns beach,1
puttsgacl,1
baton rouge city,1
watwroark,1
san antonio  oo,1
facial beach,1
froggi,1
oak mountain lane,1
alabama splash park,1
metforman,1
thai village,1
boston beach,1
new york niagara falls4,1
kresha,1
cean,1
.i,1
aw3d,1
07047,1
kendall park,1
travels jersey,1
fundayes,1
springfield l,1
lulus beach,1
las vegas gopool,1
robobet beach,1
summerville south garden,1
tennesse,1
antalya,1
north lake pakway,1
lithia springs,1
west gate park,1
fort de,1
crysral beach,1
sarasota sea,1
samorelin,1
las vegas lefty’s,1
bernville,1
darby creek,1
cartagena,1
zoológicos,1
ottowa,1
stoney river,1
dophlin,1
fayaletteville,1
south china,1
washington county playhouse,1
san fransco,1
azalia,1
flamenco,1
kingstowne,1
elmsford jacuzzi,1
jpstens,1
rowan county,1
biwlung,1
north elston avenue,1
delaware rock,1
mayfield village,1
lympat,1
las angeles's,1
tampa bay aqua,1
kennessaw,1
chine,1
machu,1
springs hills,1
santa cruz railroad,1
alliyah,1
san ramon mini,1
san luis o,1
califoornia,1
alemda county,1
flotsam,1
las vegas strip nv,1
menlo park laser,1
underground gardens,1
san luis onispo,1
summerland beach,1
santa babara zoo,1
las vegas carrott,1
quiropactico,1
paroba,1
muithai,1
https://sellout-tickets.com/event/show/one-hour-semi-private-boat-cruise-for-up-to-six-with-lake-union-charters-adventures-now-42-of-1552306,1
peridido beach resort,1
eagles mount pleasant,1
dickerson park,1
silver dollare city,1
pontoon beach,1
ririco,1
walton beach',1
el burro loco,1
new mexico lake,1
united way,1
san diego  house,1
mount maya,1
limpieaza,1
this las vegas,1
amrerica,1
stranton,1
aquaport,1
ruska,1
paris vegas pool,1
serta dog bed,1
linar,1
gocarta,1
alamo drafthousr,1
baham beach,1
dsytona,1
hitspringa,1
pasley park,1
"reduction/,southfield",1
royalnthai,1
imani,1
genessee county,1
western meditteranean,1
lauderdalefl33,1
dixie hy,1
hamar,1
flannigan,1
markham park,1
cinnaabon,1
kingdom massage,1
niudalia,1
belgium rentals,1
centervalley,1
playstation4,1
berlin township,1
las vegas car,1
hotelsdaytona,1
cornelia,1
barron,1
muffle beach,1
conttol,1
sprivy,1
west kinzie,1
dogeball,1
new orleans air boar,1
kmichelle,1
dr.hong,1
lake george .ny,1
curingbrush,1
vernon township,1
mount pleasant south carolina,1
lake wiley,1
vitiamin,1
bt7670/40,1
west rim vegas,1
aylanta,1
la-piscina,1
sail lake michigan,1
west dublin ireland,1
matuku island,1
hydra time,1
sdbrow,1
caloforina,1
cun,1
los anageles,1
microneedlw,1
la vitamin,1
new york pizza-,1
leor,1
del reybcruise brunch,1
miami ocean tour,1
atlantic holistic,1
erotica,1
berry marriot,1
miami yaht rental,1
dezetland park,1
doir county,1
marina bay,1
al rentals,1
mytryle beach,1
san tan cruz,1
miramat beach,1
new orleans st.,1
st juan,1
ptussia,1
succul,1
jikeden,1
sonny island,1
new york city - detriot,1
xeominxeomin,1
nyc jetski,1
metropoliatan,1
tolina,1
san diego harbour tour,1
cavi,1
san diego\,1
johns county,1
crabby beach,1
kawaihawaii,1
inn kansas,1
skylight park,1
rocky city gardens,1
ober gatlinburg,1
southern bay,1
new east west,1
las vegas gran prix,1
las vesgas zip lining,1
nreakfst,1
las vegas trophy truck,1
las vegas tour valley,1
las vegas  party,1
las vegas crand canyon,1
kawabanga,1
san deig,1
vouchers0,1
las  attraction,1
visage east,1
objjstaff@proton.me,1
cardia,1
santa diego,1
san  lucas,1
bayside marina,1
san pedro port,1
massageseden,1
frael,1
san diego vein,1
los taquitos,1
kernersville,1
tunica mississippi,1
coast island,1
tri city,1
bridgeport village,1
yael,1
getavay quebec city,1
boston logam,1
sampson,1
masj,1
santa monicaca,1
bremen,1
lecington,1
roch city,1
inwashington,1
san fansico,1
long beach jacuzzi,1
las vegas farris,1
monterrey beach,1
friederisckburg,1
south pardre island,1
san jose mission,1
the south pacific,1
san diego tattoo,1
wingspan,1
lucury beach,1
pranyama,1
bearuzona,1
salt lake tubing,1
ophtica,1
mukutsu island,1
new mexico riu,1
powder drip nail,1
middle county,1
services08540,1
tempolin park,1
80th,1
kamsas,1
lmg beach,1
videro,1
shoeteria,1
kenolg,1
san deigo airport,1
hildago,1
querida columbia,1
west orlando,1
aquati,1
jetti park,1
hibachi lake,1
ski beach,1
kobar,1
jupiter palm beach gardens,1
ornmond beach,1
08322,1
kahlahati,1
latin carribean,1
micrshadong,1
vriginia,1
rosisia,1
south shorebay,1
las vegas shouws,1
l lo massage,1
k1sperd,1
cornado,1
eastern virgin,1
the bay night,1
san franscosco,1
ducky,1
san franaisco,1
carousel beach,1
lincoln,1
harleston,1
oradina,1
bourdoir,1
louisiaba,1
springfield south dakota,1
tsushima,1
prince island,1
jurassic island,1
san clemente montebello,1
santa cruis beach,1
mexico island,1
folding beach,1
darien lake,1
silver park,1
virgin island's,1
andango,1
bioluminescent island,1
hardrock,1
san vicente tesort,1
san luis obispio,1
cappybara,1
pomerado,1
north grand canyon,1
disneylang,1
merle beach,1
winston salem no brqzilkian,1
jefferson hills,1
kabala,1
pittsburgh stadium,1
pittsburgh pennsylvania,1
winaton,1
skamania,1
earnesto,1
markham hill,1
west forks,1
san jose jose,1
wrightstown beach,1
marriot va beach,1
biomulescentbay,1
las jaras,1
las estacas,1
oroville,1
santa cruz air bnb,1
séka hills,1
cartegena columbia,1
salt lake christmas,1
san antonio trampoline,1
port arabia,1
south padre island margaritaville,1
chaco beach,1
san diego whate,1
cartegagena columbia,1
spokenword,1
volente beach leander,1
kabul,1
fort mchenry,1
solomans island,1
norfolk county,1
cranklin park,1
"june,22",1
beverly islands,1
baniff,1
mosqica,1
vacation south carolina,1
clementina park,1
englishtownn.j,1
natl park,1
north mytrle beach,1
palmerston,1
west virgenia,1
rannalli,1
santas village season,1
western village,1
orida,1
ravnia,1
repblica,1
modi,1
calze,1
lass vegas,1
poopuri,1
querntin,1
canoe river,1
casstaway bay,1
hillcrest park zoo,1
panamal city beach,1
zaharia,1
jeaveaux,1
norwiegon,1
mohab,1
ausbury park,1
garaku,1
am'axluv,1
cosmoplitan,1
nofok va,1
woodbridge va,1
anna va,1
teusxulptd,1
facial balston va,1
louden county,1
visarta,1
400ml,1
vocalno island,1
rum village,1
faroe island,1
mission beach ski,1
mohong,1
east coase,1
higham,1
amesterdam,1
pontoon boat lake,1
christmas city,1
hawaiianspa,1
las vegas eiffel tour,1
las vegas daily,1
grand canyon weest,1
actvit,1
las vegas popstroke,1
las vegas - arte,1
santa crux beach,1
vru,1
babey,1
san genero,1
mandaly bay shark,1
las vegas camp,1
las vegas strip eiffel tower,1
oklana,1
little rock ark,1
isignia,1
idoit,1
beverly oaks vet,1
class south bay,1
mountasia santa clarita,1
sifi,1
laguana beach,1
orange  county brazilian blow,1
neport beach,1
garcinia cambogia,1
beverly hills',1
san pedro beach,1
palo west,1
gardens beach,1
kalahrib,1
las vegasbuffet,1
casper,1
el paso airport,1
diod,1
kanone rentals,1
mryrtle beach,1
pixela,1
savarna’a,1
smiithfield,1
west virginia lake,1
qholesale,1
aloha circle island,1
roland,1
houston trampoline park,1
juevaux,1
kimokawaii,1
moody- gardens,1
hilton island galveston,1
las vegas sun coast,1
u.s space,1
west ohio street,1
ndiana,1
dermapan,1
atascocita,1
los portalas,1
itvinr,1
atlanta sea,1
san juanpuerto,1
jekyllnisland,1
san sebastián winery,1
las vegas dream,1
disnaland,1
la bare strip,1
dominican republic waterfall,1
orlardo,1
raritan,1
furlyn,1
fronteir city,1
okclahoma city,1
las vegas horñtels,1
huntgington beach,1
newport  beach,1
dana point,1
hummer rentals,1
los california,1
plannt,1
kissm,1
capone,1
las casitas,1
world east colonial,1
lux3,1
parachu,1
apopka,1
lake worth beach,1
yoshida,1
benihna,1
kidsname beach,1
mimosa city,1
slumbae,1
caydem,1
birkham,1
picana,1
puerto rico alll,1
ample hills,1
miami tendam,1
mricrobraison,1
cayo,1
kybrll,1
bangord,1
florida city,1
fort lauderdsle,1
sequriam,1
la bahia de san diego,1
st paul,1
lashesbylia,1
myvee,1
escambia county,1
alabama wild safari,1
john;santigua,1
mossouri,1
kenner,1
new orleans steamboat tour,1
new orleans parking union,1
atlantic hotels,1
adventurelamd,1
placas,1
remitida,1
bostona,1
central park south,1
poconn,1
mo de,1
broadwaynew york,1
las brisas huatulco,1
san dieggo,1
las vegas mixology,1
south cobb,1
san andres colombia,1
ljublijana,1
akton,1
staycozy,1
west colorado,1
obio,1
meeina,1
de'x'a,1
chriati,1
quitan,1
spa#_=,1
las vegas dhotel,1
la shre,1
lil kickes,1
teisto,1
hydra special,1
summit county mountain,1
ridgon,1
fontenelle,1
fille4r4,1
noord,1
seraton,1
zuyu,1
south pearl,1
fort meyer beach,1
fm beach,1
parker county,1
schitterbahan,1
boone creek,1
navepei,1
m4b2l2,1
boddy,1
coucos,1
airbornex,1
anniston,1
hallowrrn,1
sanburton,1
hamton beach,1
la qu,1
gettysberg,1
las vegas week,1
hutulco,1
shelby park,1
aeuba,1
scania,1
kyrgyzstan,1
arctic air,1
cedar lake,1
san miniato,1
orange county califonia,1
isadorra,1
solaaria,1
evanton,1
granberg,1
thaila,1
stuttgart,1
demerara,1
leg discoloration,1
na.me,1
trampoline park gainsville,1
kidsport,1
the pearl columbia,1
sourth america,1
las vegas boneyard,1
las vegas  facials,1
nellis landing,1
avit,1
liv beach,1
las vegas presidential,1
national park atv tour,1
new york cabana,1
south valley,1
las veagas,1
bryce canyon national park,1
yacht lake las vegas,1
las vegas atvs,1
passgenr,1
jonina,1
brazalin,1
southhampton long island,1
vvida,1
eyelash santa ana,1
incredi,1
hotels6,1
san brenardino,1
hanko,1
yazi,1
catalina island long beach,1
k,1
marrekech mediterranean,1
eforea las vegas,1
piegon,1
yoka,1
billloretta,1
clifton hills niagara,1
leslieville,1
원더랜드,1
ogród,1
sauna kit,1
sea hill,1
rentalvirginia beach,1
luxe virginia beach,1
revolution york,1
uss elissa,1
shela,1
quatar,1
aceavle,1
kyntucky,1
san diego marriott mission valley,1
xp700,1
jeudbeaux,1
san antnonio,1
greenex,1
quimby,1
las vegas sea,1
hysteria,1
palamar,1
mo ie,1
fsirfield,1
fugative beach,1
coaster tennessee,1
mushkoka,1
spa columbia maryland,1
amonia,1
grayton beach,1
laurel township,1
mitrl,1
chum dam,1
puussia,1
downey,1
dedo,1
bearozina,1
bp-157,1
eastern carolina,1
jills beach,1
amc carolina,1
bmichael,1
north carolinia,1
south tahoe,1
spotsylvania va,1
coco beach boat,1
la justicia,1
toseville,1
caloifornia,1
muir beach,1
facsia,1
yocha,1
oregon sea,1
san antonio.botanical,1
mzsszge,1
san diego parking airport,1
las catalinas,1
center city philadelpia,1
jupiter harbourside,1
san francsico airport park,1
sigle island,1
moulian rouge,1
astroria,1
broadway.p,1
air4,1
kybellea,1
plaza central park,1
tahiland,1
fort myets,1
heartscan,1
discount2024,1
west bend ia hotels,1
san dom,1
quincenia,1
santa montica,1
san diego space museum,1
wayham,1
miami park,1
miami océan beach,1
animal kingdom flordia,1
getorland,1
animal kingdom hotel,1
deezerland park,1
smokey mountain,1
reserva,1
arcan,1
neogenix,1
wake shark park,1
san diego carlsbad,1
virginia street,1
alexadria virginia,1
buxks county river,1
fayeteville,1
north las vegas springs preserve,1
waukewan,1
whitewater rapids,1
prince edward usland,1
md esthics,1
prince george county,1
virjinia beach,1
new river zine,1
bobbyvan,1
ditigal,1
al hotels,1
olivia garden,1
clugb,1
johnston city,1
west jefferson,1
dahlonega,1
jackson mississippi airport,1
tinseltoen,1
tramploi,1
nolensville,1
jaimaca,1
montego bay jamacua,1
north boulevard,1
san marcos river,1
ocean city air bnb,1
dirgury,1
laguna beach inn,1
ventnor city,1
skystar,1
las vegas south point,1
las vesgas,1
cavela,1
san ramon hydrafacial,1
santa clar,1
hyddra,1
abelka,1
nyc  rooftop,1
scotts valley,1
south king county,1
traah,1
survay,1
park bowl,1
cheewe,1
ozark mountain,1
st . louis,1
sicaly,1
st louis botanical garden,1
khalsa,1
sombrero,1
oak park ice,1
san joaquin county fairground,1
adventur island,1
certificationn,1
belladona,1
san  juan excursions,1
ohio lake,1
morris,1
nrihula,1
las vegas kiyak,1
halveston,1
inn rehoboth beach,1
las vegas monorsil,1
south bass island,1
sedu,1
dominican republic all inclusie,1
las vegas stripper,1
vs-13yl,1
shrit,1
thorpe,1
air city,1
mich.,1
los amigos,1
fleetfeet,1
marharitaville lake lanier,1
amei,1
west georgia,1
d.p.,1
atlanta sportpark,1
brickfest columbia,1
geronimo island,1
vole,1
facials columbia md,1
annapolis.,1
wahoo pigeon,1
rpaid city,1
adven,1
microneedle?l,1
conn.,1
barn34,1
nyc sightseeing night,1
repairboyz,1
cosmpolitan,1
san petersburg,1
bellagnea,1
sunwest park,1
moranda,1
mount rushmore south,1
yacht rides las vegas,1
eyelash extensions park,1
las vegas grand,1
newport long island,1
monoroeville,1
portofina,1
greenport village,1
mill avenue,1
tempenyaki,1
kyibela,1
vallea,1
kymina,1
solama beach,1
foxylady,1
west baden springswest,1
baden,1
playstationn,1
kalahati,1
bayse,1
northern marina island,1
aspen hill,1
arlington natioal,1
invidia,1
pennsivania,1
west islands,1
quadlock,1
mount titlis,1
rekei,1
fort myers,1
indinana beach,1
nrah20,1
cinnamon creek,1
west fort,1
wawona,1
neweport beach,1
omina,1
popovich vegas,1
ventre island,1
smeglu,1
tomytrle beach,1
sohpia,1
kollia,1
massages york,1
newville,1
hartdford,1
hanamau bay,1
maioli,1
acton park,1
l;as vegas,1
numerologia,1
san antoino city,1
moody beach,1
faceit,1
montego bay rafting,1
bathbodyworks,1
elizabrth city,1
troy city,1
repliyes,1
qualia,1
miami beaxh,1
oemregon,1
atlamtic city,1
north  spartan,1
eyelash south,1
cirques vancover,1
xiam park,1
las egas,1
buffaco creek,1
khaliga,1
eventmania,1
la grange park,1
satan village,1
panama city usa,1
sammonica,1
foodielandtexas,1
epiz,1
las vegas bachelor,1
dallas city tour,1
meacham,1
manatou springs,1
https://mycodes24.com/contact-mycodes24/,1
faromton,1
frisco bay,1
baseda,1
docmjrecheck,1
bot0x,1
segundo beach,1
puerto de,1
.fuchsia,1
yellow beach,1
pensavina,1
burgan county,1
elreno,1
plans beach,1
temicula,1
huntountington beach,1
disneylandia,1
dubai strip,1
mademe,1
rejuvia,1
mariott,1
tensee,1
kaykayung,1
imac kingdom,1
interiro,1
hitbachi,1
magic kingdom  day,1
epicot park,1
la chica,1
sarazota,1
animal kingdom entrance,1
maria island beach,1
milada,1
newsrt,1
morikami gardens,1
sussex county n.j,1
long branch beach,1
beacon beach,1
poshhai,1
badmiton,1
lanier island park,1
pontoon porch,1
miami cirgiry,1
inn stamford,1
belearia,1
las vegas  atracción,1
kingdom games,1
potowatami,1
kayak river tour,1
pewaukee,1
labia minora,1
green bay hotels,1
valey,1
motels pigeon,1
new orleans paddleboat,1
new orleans east,1
pogo vegas,1
mozy lower east,1
removql,1
st pete's,1
st thomss,1
ocean eden bay,1
mrijuana,1
virginia beach',1
mosaico,1
scheuwan,1
pinat island,1
bear creek mountain,1
indian rocks beach,1
cafetacuva,1
san devil space,1
san dunes atv,1
sfzoo,1
broadwalk beach,1
sail sf bay,1
sausalito w/,1
pkeasanton,1
cocoon bay,1
san la,1
ke'y,1
chubkie,1
san hose airport,1
kart,1
savannah moon,1
sodam shoreline,1
telangectasia,1
san tour,1
novilho,1
maui lau,1
bounna,1
plymouth village,1
frewin,1
kris,1
tpry,1
schaumburg county,1
saint louis arch,1
nile river,1
electrolisi,1
madsage eden,1
las  vegas arts,1
cocobong,1
moon messsage,1
crystal frat,1
san tan garden,1
sscuba,1
scottsdalle,1
las vegas timesahre,1
nagshead beach,1
kensignton,1
nemacoli,1
semorlin,1
north west largest,1
marston,1
lodgng,1
san juna,1
puerto rico vacation san juan,1
studioflorida,1
san juan:,1
pigon,1
virhinia beach,1
snong,1
pe'r,1
v.s las vegas,1
salt lake park,1
las vegas caesar's,1
woodhou,1
sligshot rentals,1
massages hill,1
zipline lake,1
west cork ireland hotels,1
slydeck,1
amimal kingdom,1
cont beach,1
new youk carriage,1
midland va,1
south express park,1
rehoboth beach hotels,1
motels atlantic city,1
ritmos,1
unfiltrd,1
san diego zo0,1
las vegas karake,1
heratige park,1
zermatt,1
columbia river,1
vacatuona,1
west sedona,1
elevate6,1
avairy pittsburgh pa,1
laquinta rock hill,1
wxcellencw,1
indian monsoon,1
beàch,1
va - w,1
me07960,1
mcgaheysville va,1
fuqua,1
seaquest lynchburg va,1
st pete,1
black rock,1
mixology nyc,1
europe amsterdam,1
lazboy,1
south jamaica,1
fort luaerdeal,1
botoxastoria,1
taversn,1
new hydepark,1
osakana,1
hayplaza,1
harlem nyc,1
northlandzz,1
keoku,1
tautphaus park zoo,1
san jayne island,1
remington park,1
baltimore city golf,1
okona,1
brazilian beach,1
catallina golf cart,1
las vegas rock,1
westcott,1
salvang city,1
san dieogo,1
hilton vegas lake,1
melbourne,1
san jose's,1
puedo,1
brevard beach,1
east vine st kissimmee,1
dogma2,1
san luus,1
hitlton,1
condo beach,1
venice beach beach,1
san daigo,1
dominican republic wedding venue,1
lasjed,1
shlang,1
daly city eyelash,1
olivia gardens,1
hanaki,1
oventura,1
smith island tour,1
alexandria virginia,1
vergenia,1
las vegas adenturedome,1
camp creek,1
spascottsdale,1
jung,1
anlatic city,1
las vegas buffert,1
poconos,1
teaxas,1
jordan park,1
nissa,1
tasia,1
south padre golf,1
jetan,1
me78757,1
tehachapi,1
puerto rio international airport,1
los vágás,1
caberna,1
sunkan,1
san diego downtown lodge,1
horseback vegas,1
funki,1
korenberg,1
san diego baot,1
yountville,1
san francsico airport,1
olivia rodriquez,1
san francisi,1
tonga,1
san cruz broadwalk,1
sfo city tour,1
tanduri,1
half moon bay kayak,1
picmosa beach,1
nigragra,1
huc,1
savanahgeorgia,1
lincond city,1
skip rock,1
biskt,1
dresden germany,1
la image vito,1
chuckeagon,1
hartford park,1
300ah,1
coquina,1
denturi,1
long nassau county island,1
alabama  coast,1
qdobe,1
aujla,1
la crusas,1
llitchfield county,1
shopbronx,1
comfort lauderdale,1
la troba,1
allen county,1
couples beach,1
crystal canyon,1
apolo beach,1
san deliego,1
algonquin park,1
christal beach,1
knotts island,1
baysge,1
inn east hartford,1
quads park,1
oahu island island,1
khuala,1
coria,1
knp,1
loserville,1
cidercade,1
naturaly,1
world houston,1
zeplin,1
costa rica w air,1
san frisco,1
pictuo,1
jeuveaux,1
grand lake,1
catermeran,1
oslo,1
cxp5,1
watvh,1
costa dorado,1
chicago skokie,1
il‌,1
quarry park,1
chubbys,1
el rio,1
matris,1
xpark,1
taoyuan,1
144hz,1
parma,1
hotelsin columbia,1
north myrtle beach vacation,1
sweetland,1
springcreek,1
new orleans swaom tour,1
vindu,1
plaquemine,1
luby,1
banana republic factory,1
yogurtville,1
ellis county,1
port beach,1
east falmouth,1
fort worrh,1
southwest orlando,1
scalptreatment,1
dr.kwang,1
làs vegas nevada,1
santa yenez,1
microsoftoffice.comn,1
los  angelos,1
pbliw01,1
hermesa beach,1
santa barbara zoo,1
suerta,1
fort eaton beach,1
rocky point beach,1
157th,1
nettles island,1
creatina,1
c.b smith,1
milwaukee county  zoo,1
san deugo,1
trumplin,1
karaye,1
nolas,1
scandana,1
santa cruz cruz,1
rosarito baja,1
sierra city,1
keeywadien,1
south naples,1
nyc time square,1
.mrytle,1
reptilecon,1
san anotionia,1
netflx,1
mangnam,1
memah,1
smokie mountains,1
femmefunn,1
l  county,1
hawaii county,1
the virgin islands vacation,1
kehs,1
utan,1
blackshear,1
kannas,1
minsk,1
haven park  chitenago,1
tahití village,1
las vegas bach,1
las vegas las,1
volvalin,1
semiglutai,1
laas vegas,1
las vegas titantic museum,1
nv  89148,1
salt creek beach,1
marlys,1
great britain,1
eli,1
san fee lanes,1
nasssau county,1
jeveneau,1
stonington harbor,1
shouado,1
dsyelsia,1
massalge,1
indian river beach,1
yayyoo,1
west palm bea,1
aquaglow,1
miami hotel days,1
midas street,1
new orleans bourbon street,1
nthai,1
japn,1
canoeing,1
sedona city,1
bowlero-,1
red mountain park,1
barezona,1
orlando lego,1
tacosburgh,1
bridgeport west virginia,1
xz4i]?e1*\.m=<k,1
teampoline park,1
st portland,1
las vegas canna-bus,1
meridian park,1
kayak carolina beach,1
south pardra island,1
inn south,1
nueva york city,1
el golfo de mexico,1
artisan ravioli,1
sev river,1
santa cruz pet friendly,1
susainabke,1
valley city,1
highland lake golf,1
west carrollton,1
kesa,1
black beach,1
new orleans chuck,1
city park golf,1
broadway museum nyc,1
dessy,1
jeronimos,1
govenor island,1
atalic city,1
bloomtanica,1
bridgewa,1
aesthetic island,1
dominican republic vacation,1
dorica,1
orlando orange lake,1
phobia,1
midas bay,1
metrolitan,1
columbus circle,1
aanaheim,1
hunton,1
beaux,1
matkina,1
myofacsia,1
hydra lux facial,1
nickoledon,1
brockville city,1
ledo beach,1
weeli,1
horels vegas,1
kmcm,1
nyc.,1
eorgia,1
chico river tour,1
las vegas mandalay bay,1
kingdom weatherfird,1
nikeolodan,1
behesda,1
papilloma,1
la tomate,1
michelham,1
jemica,1
positan,1
miami gray,1
renoboth beach,1
san cabo excursions,1
mount cuba,1
atlantic city city,1
jersy,1
parkboston,1
darrow,1
fairfield queensbury,1
lebanon va,1
mishael,1
west lumsden,1
muay,1
west h st.,1
south lake taheo,1
las vegas limo tour,1
waco beach,1
salt lake families,1
del rio massage,1
hotegrand,1
costa rica yoga,1
puerto valletta,1
oaklandzoo,1
santa cruz weekend,1
san facisco golden gate bay,1
solivana,1
microdebrada,1
montetey,1
santa cruz  oardwalk,1
santa cruz boa,1
south meridain,1
kontakt,1
lincohl city,1
riverman,1
billin,1
kxly,1
mid columbia,1
ostrich beach chairs,1
kimberling city,1
tazi,1
the.ozarks,1
st louis lambert,1
ukulele paint,1
jesslin,1
inn  york,1
san domingo,1
kugoo,1
náutica,1
corado,1
myertal beach,1
kettlebl,1
palm beach tan frisco,1
margo island,1
uptura,1
san anotion sea,1
fredricksberg,1
nrh2go,1
mclennan county,1
charginng,1
kisse,1
haldi,1
boututigue,1
ia.,1
weightli,1
mount clemens,1
us park dtw,1
westland trampoline park,1
manta termica,1
watugua,1
teh city,1
richmond va  broad street,1
airb rentals,1
x20x1,1
keretan,1
portican,1
green brook,1
hatian,1
nyc broadway,1
thymo,1
cko jersey city,1
murtyle beach,1
los angelis,1
san fransicp 49ers,1
garden city inn,1
kayak colorado river,1
redi,1
mercer county park,1
soesterberg,1
strzelnica,1
jam orleans,1
pro4,1
aregentina,1
las terranas,1
park mount,1
łeba park,1
chalet hills,1
santa ann,1
qdauna,1
caay,1
hunigton beach,1
mirdif city,1
durbin,1
bridlepath,1
cota rica,1
lebanon county,1
miami slingshot,1
dakhla beach,1
las vegad strip,1
galveston cuise,1
hydra facials garden city,1
vegas rours,1
quickpark,1
cortinas,1
los   ,1
sun river resort,1
las bar,1
glamifornia,1
kehls,1
santa minica,1
santa barbarahotel,1
legoland\,1
hyde park area,1
san inez,1
zentara,1
buslos angeles,1
novaluna,1
loreto baja,1
ventura bowl,1
san diedo harbor,1
obj,1
iopll,1
lake luisa state,1
escensia,1
muir park,1
dys[port,1
bynati,1
south las vegas blvd,1
hawaii village,1
grand canyon vegas,1
lanakai beach,1
mauna key,1
kanapali,1
konhana,1
koalu,1
wakiki beach,1
kayak big island,1
scho,1
jurassic park exhibet,1
notatorium,1
clawmania kingdom,1
palmila beach,1
turpin hills,1
green bay packer cornhole,1
isla carolina,1
santa cruz bordwalk,1
jujitu,1
karolina,1
karem,1
shops8653,1
st.louis park,1
bromont,1
north korea,1
san ramon sport,1
las vegas atv dune,1
las vegas cosmopolitan,1
md las vegas,1
northmyrtle beach,1
new jersey sea,1
sterlinga,1
myytrl beach,1
las vegaseiffel tower,1
south padre island beach park,1
dyso,1
kamei,1
north salt lake jiffy,1
plsama,1
ultra2,1
south oadre island,1
ctalina island,1
kansas city bbq,1
labuan hills,1
sherat,1
santa carolina,1
san diego air[port,1
hunjamania,1
san dirigiert,1
mormon nyc,1
la jolla scuba,1
operan,1
oak park oakland,1
highligth,1
scul05,1
a'la'me'da,1
slovania,1
massapleasanton,1
los largos,1
scotts vakkey,1
reggaton,1
san jau,1
whidbet island,1
atlanic beach,1
hubtington beach,1
san diego safair park,1
santa monthca,1
santa ana  airport,1
san deign air,1
new posrt beach,1
ithai,1
palm bay hotel,1
holmes beach chair,1
dalian,1
abraska,1
je't,1
north east philadelphia,1
yacht va beach,1
propark,1
yellowston park,1
homachi,1
macado,1
hotelarixona,1
phx area,1
humingbird,1
persian fine,1
melia beach,1
us beach vacation,1
mertlle beach,1
santa billage,1
dino village,1
the seattle area,1
mazama,1
los ángeles county,1
miami key west trip,1
nw - washington,1
cuirton,1
jodhpuri,1
floridaadeira beach,1
bailin,1
mytale beach,1
san mari,1
las vegas jeff,1
talaricos,1
cincanati,1
mo dinosaurpark,1
fort worth tower,1
island park ac,1
dtail,1
amszterdam,1
lake george  new york,1
north ada,1
knoebelsq,1
dermsbyamaria,1
malibu park,1
south carlina,1
bodycam,1
los bravos,1
autoparta,1
kubu,1
ocean city jetski,1
nottingham,1
dubai united arab,1
al ain,1
crystal mount,1
cedar beach,1
chela,1
stg present,1
colombia city,1
dressas,1
louisana,1
hamilton beach  freezers,1
branson rapids,1
dickerson park zoozoo,1
esthec8,1
st louis airshow,1
masszge,1
whythville va,1
robertsville,1
miha,1
ami beach,1
remedi,1
san peterburgo,1
kahihari,1
alabama rentals,1
jabawaki,1
owasso,1
aliston,1
airtophia,1
camp,1
carmel bach beach,1
las vegas  v,1
west palm  beach,1
acuarium long beach,1
kosama,1
puerto vlalllarta,1
hydra dacial,1
green bay laser center,1
pei,1
va lottery,1
buttah,1
sutton south carolina,1
inn germany,1
catarmaran,1
ho'omana,1
ka’anapali,1
bontego bay,1
kalahararound rock,1
marshmallow vegas,1
bullybay,1
jebeaux,1
san antonii,1
san ntonio,1
south lousiana,1
urbana park district,1
las cañadas baja,1
sb county,1
la vegas hotel,1
western park place,1
tranquilsandsspa,1
capriotis,1
okatoma creek,1
mrens,1
gegorgia,1
muskegon trampoline,1
arlington tx,1
thirty8,1
lilia,1
arta,1
ontario street,1
miami bach,1
fendina beach,1
hyacynth,1
savannah gorgia,1
fort jackson,1
south catolina,1
inn columbia,1
hocky,1
astria asthetics,1
lexington entrance,1
life婆,1
samatone,1
american river,1
penacooa beach,1
mrytal beach,1
rinnova,1
jamipton,1
frisco bay marina,1
us park coupon,1
mystic creek,1
meskwr park,1
hill city south,1
http://www.groupon.com/deals/starbucks-1-1?utm_campaign=userreferral_mih,1
high beach,1
west golkey west golf,1
las vegas faris,1
vegas eden,1
kansas city vacation,1
crawdaddys,1
la pointe,1
nearst beach,1
jabawockee,1
rollandia,1
carvana,1
missu,1
skinlogica,1
gallatinburg,1
jackson park tour,1
atlanta kit,1
https://outlook.live.com/mail/0/inbox/id/aqmkadawa,1
quinn dale,1
las vegas mandalibay,1
laguli,1
niagraha,1
tshirta,1
xtras,1
nazi germany,1
west nyc,1
neville island,1
canoe lake louise,1
magiv kingdom,1
rouge-540-extrait-de-parfum-3-,1
hôtel jersey city,1
keansburd,1
inn midwest city,1
jamil,1
east bethel,1
miami beach jetski,1
las vegas showlas vegas,1
anamaria,1
kayah lake,1
las bahamas,1
north shoreline boulevard,1
tan republic green valley,1
las vegas hardrock,1
ecperiencr,1
dixie,1
keels creek trail,1
new york musicisn,1
lago beach,1
facialand,1
carbonat,1
nyc trsin,1
anima park,1
ozempia,1
santa barbarba,1
naillywood,1
san fran day,1
cosmedi,1
bradington beach,1
miami salsa,1
miami facial,1
miami jungleworld,1
mount battery,1
lámpara,1
requin,1
miami  zoo,1
fort eustis,1
marjyuana,1
tyrzepitan,1
catinlina island,1
magic village,1
taco island,1
palm beach laer,1
animal kingdom disney/,1
indigo beach,1
mitamar,1
indian delhi palace,1
san ignacio,1
san carlos mexico,1
kahlaria,1
mount air,1
dang,1
tan republic canby,1
ninjas vegas,1
innseason,1
portofino,1
virginai beach,1
adurham nc,1
funland frederucjsburg,1
copa marina,1
rocky mount va,1
kokki,1
bingham city,1
in$,1
la finiquita winery,1
nirth county,1
libraryy,1
akaii,1
newport beach harbor,1
san frans,1
annuallong beach bbq,1
osakq,1
panteón,1
mediera beach,1
sf bay area,1
montego bay clear,1
gamnola,1
haircut jersey city,1
bandgeeks,1
nw york city,1
lsaa,1
massage'\,1
brightion beach,1
filin,1
maderoterapia,1
dominican republic boat,1
fangdango,1
trmpelin,1
east africa,1
vorginia,1
veneiro,1
margaritas east hartford,1
windsornew york,1
t3,1
meyrtl beach,1
vanille,1
inflate america,1
veraspa,1
santa nella,1
oreilley,1
jaimaica,1
tizepatidecompound,1
accokeek,1
eletric beach,1
long besch island,1
cañón,1
botego,1
asian island ii,1
newport rhodesia island,1
wormss,1
bellin,1
echo legde east,1
kalamjari,1
ac beach,1
mens hai,1
tenn   hotels,1
brasstown valley,1
hydragcaila,1
soha,1
middlesex,1
deway beach,1
cityean city,1
blue mountain resort collingwood,1
mount ida,1
sun valley resort,1
san jac,1
hilton park plaza,1
zippered beach,1
ilsan korea,1
autoboun,1
dansk,1
catilin island,1
mass8,1
alamada county,1
kumne,1
santa cruz beachwalk,1
santa cruz  activites,1
pacifica beach,1
del monte beach,1
las vegas rueda,1
msterpark,1
sinaloa mexico,1
east coast usa,1
xperi,1
rumas,1
satallite beach,1
mount shasha,1
kayakung,1
caladissi,1
meriden beach,1
cleninga,1
parrish,1
borst,1
las vegas showe,1
las  vegas strip,1
kahouna,1
winnespaukee,1
west 46th,1
las vegas rex,1
ventura va,1
dariy,1
kukui watershed,1
west hai,1
bowling rock,1
south lyon mich,1
m3,1
miami key west tour,1
âmzon,1
fiahung,1
congo beach,1
heyenne,1
thoirnton,1
daham,1
inn downtown,1
horizon city chin,1
park city hall,1
taudaotang,1
xain,1
miani,1
fabbar,1
ichyami,1
lido key beach,1
resteyne,1
xterime,1
noir,1
quuin,1
mount museum,1
koun,1
apex va beach,1
bowleroma,1
kalah,1
adem,1
malaa,1
miami strip,1
rgia,1
cannabil,1
cleveland city,1
buffalo city,1
rick atlantic city,1
charleston county parks,1
️nhop,1
rocky mount n,1
highland creek,1
north charlotte,1
costro,1
tenbessee,1
las angeles beach,1
jenzens,1
canoton,1
koozy,1
spacolombia,1
teacheang,1
lechona,1
maddison,1
las vegas buffet packages,1
ipad11,1
chankanaab beach,1
amc7,1
trael,1
animal kingdom universsal,1
oajan,1
kasur,1
motel york,1
manhattan downtown east,1
agawam,1
big island manta ray night,1
southernmost beach day,1
khauna,1
heber springs,1
picton,1
34th street,1
k city bbq,1
camping lake,1
honalolu city,1
ipl imac,1
san frasisco city,1
santa clartia,1
tarzana area,1
san diego wild park,1
las vegas brizian bbq,1
rumany,1
raffie,1
acai republic,1
nadi,1
passkentucky,1
united states beach,1
lardadelle,1
south incheon,1
san puerto,1
san marttin,1
semaglitudw,1
holt,1
dexerland park,1
las vegas nascar,1
las vegas paddleboard,1
las vegas balloon,1
arcadian moon,1
san luis potosi mexico,1
etribbet,1
east houston,1
dragonshield,1
austib,1
el taconazo,1
neosoul,1
windfield,1
san diego `zoo,1
berry park,1
the california coast,1
miami area,1
harrison county mississippi,1
las vegas dunes atv tour,1
diging zone pigeon,1
anakeeska,1
nagria,1
myrtele beach,1
las vegas mini prix,1
las vegas dunes atv,1
buffet@asia,1
las vegas marriot,1
los validates,1
los vegas fremont,1
las vegas grand prix,1
san francisxo,1
maoston,1
