name,kind,state,lat,lon,population,variants
Henderson,city,TX,32.15322,-94.79938,13529,Khenderson|hndrswn|hndrswn  tgzas|Хендерсон|هندرسون|هندرسون، تگزاس
Fort Hunt,city,VA,38.73289,-77.05803,16045,Fort Khant|Fort-Gant|frt hant|frt hant  wyrjynya|fwrt hnt|Форт Хант|Форт-Гант|فرت هانت|فرت هانت، ویرجینیا|فورت هنت|フォート・ハント
Trinity,city,FL,28.18085,-82.68177,10907,
Villas,city,FL,26.55035,-81.8687,11569,Vajlas|bhillosa|wei la si|wylas|wylas  flwryda|Вајлас|Виллас|Віллас|ویلاس|ویلاس، فلوریدا|भिल्लोस|維拉斯
Bessemer,city,AL,33.40178,-86.95444,26730,Besemer|bei se mo|bes'semara|beseomeo|bsmr|bysmyr|Бесемер|Бессемер|بسمر|بيسمير|बेस्सेमर|贝瑟默|베서머
Paducah,city,KY,37.08339,-88.60005,24864,PAH|Padaka|Padjuka|Paduka|Pekin|badwka|pa di you ka|padeyuka|pdwka  kntaky|peodyuka|Падака|Падука|Падјука|بادوكا|پاڈوکاہ، کینٹکی|پدوکا، کنتاکی|パデューカ|帕迪尤卡|퍼듀카
Birmingham,city,AL,33.52066,-86.80249,196357,BHM|Bermincham|Bermingkham|Birmingam|Birmingamas|Birmingem|Birmingema|Birmingham i Alabama|Birminhem|baminguhamu|baminhamu|barmingahema|barmingahyama|beominghaem|birmingemi|bo ming han|brmnghham|brmyngm  alabama|parminkam|Μπέρμιγχαμ|Бермингхам|Бирмингам|Бирмингем|Бірмінгем|ברמינגהאם|برمنغهام|برمنگھم، الاباما|برمینگم، آلاباما|बर्मिंगहॅम|बर्मिङ्गह्याम|பர்மிங்காம்|རྦིར་མིང་ཧམ།|ბირმინგემი|バーミングハム|バーミンハム|伯明翰|버밍햄
Cordova,city,TN,35.15565,-89.7762,68779,
Buda,city,TX,30.08521,-97.84028,13705,Bjuda|Do Pray|Du Pree|bwda|bwda  tgzas|bwda  tkzas|byuda|Бюда|Бјуда|بودا|بودا، تکزاس|بودا، تگزاس|ビューダ
Calera,city,AL,33.1029,-86.7536,13213,Buxahatchie|Kalera|Lime Kiln|Lime Plant|Lime Station|ka lai la|kalra|kalyra|kyalera|Калера|كاليرا|کالرا|क्यालेरा|卡莱拉
Center Point,city,AL,33.64566,-86.6836,16655,Senter Pojnt|Sentr-Pojnt|sentara po'inta|sntr bwynt|sntr pwynt  alabama|zhong xin dian|Сентер Појнт|Сентр-Пойнт|سنتر بوينت|سنتر پوینت، آلاباما|سەنتەر پۆینت، ئەلاباما|सेन्टर पोइन्ट|中心点
Chelsea,city,AL,33.34011,-86.63026,12059,Chelsi|celsi|chelsi|chlsy  alabama|qie er xi|tshylsya|Челси|Челсі|تشيلسيا|چلسی، آلاباما|چێلسی، ئەلاباما|चेल्सी|切尔西|첼시
Cullman,city,AL,34.17482,-86.84361,15350,Kallmen|Kalman|Kalmen|Kulman|ka er man|kalamyana|karuman|keolmeon|klmn  alabama|kwlman|Каллмен|Калман|Калмен|Кулман|Кълман|كولمان|کلمن، آلاباما|کەلمەن، ئەلاباما|कलम्यान|カルマン|卡尔曼|컬먼
Daphne,city,AL,30.60353,-87.9036,24896,Dafni|Daphney|Hollywood|da fu ni|dfny  alabama|dyaphne|dyfny|Дафни|Дафні|دفنی، آلاباما|ديفني|دەفنی، ئەلاباما|ड्याफ्ने|达芙妮
Decatur,city,AL,34.60593,-86.98334,55437,DCU|Dekejter|Dekejtur|dekatara|di kai te|dikeiteo|diketa|diketara|dykatwr|dykytr  alabama|Декейтер|Декејтур|ديكاتور|دیکیتر، آلاباما|دیکەیتەر، ئەلاباما|ڈیکیٹر، الاباما|डिकेटर|डेकाटर|ディケーター|迪凯特|디케이터
Dothan,city,AL,31.22323,-85.39049,68567,Cawthons Cowpen|DHN|Dotan|Dothen|Poplar Head|dosan|doseon|dothana|dothyana|duo sen|dwthan|dwthn  alabama|Дотан|دوثان|دوثن، آلاباما|دۆتەن، ئەلاباما|ڈوتھن، الاباما|डोथान|डोथ्यान|ドーサン|多森|도선
East Florence,city,AL,34.80953,-87.64947,35733,Sweetwater
Enterprise,city,AL,31.31517,-85.85522,27978,Drake Eye|ETS|Ehnterprajz|Enterprajs|Enterprajz|antrbrayz|antrprayz  alabama|en te pu lai si|intarapra'ija|Ентерпрайс|Ентерпрајз|Энтерпрайз|إنتربرايز|ئینتەر پرایز، ئەلاباما|انترپرایز، آلاباما|इन्टरप्राइज|恩特普赖斯
Eufaula,city,AL,31.89127,-85.14549,12596,EUF|Eufala|Irwinton|Jufola|you fu la|yufora|yuphaula|yupolla|ywfla  alabama|ywfwla|Јуфола|Юфола|אופאולה|يوفولا|یوفلا، آلاباما|یووفۆلا، ئەلاباما|युफौला|ユーフォーラ|尤福拉|유폴라
Fairfield,city,AL,33.48594,-86.91194,10907,Corey|Feerfild|Ferfild|Feurfild|fei er fei er de|fyrfyld|fyrfyld  alabama|peeopildeu|pheyaraphilda|Ферфилд|Феърфилд|Феєрфілд|فيرفيلد|فیئرفیلڈ، الاباما|فیرفیلد، آلاباما|فێرفیلد، ئەلاباما|फेयरफिल्ड|费尔菲尔德|페어필드
Fairhope,city,AL,30.52297,-87.90333,18730,Alabama City|Feehrgoup|Feergoup|Ferkhoup|feahopu|fei er huo pu|fyrhwb|fyrhwp  alabama|pheyarahopa|Ферхоуп|Феэргоуп|Феєргоуп|فيرهوب|فیئرہوپ، الاباما|فیرهوپ، آلاباما|فێرھۆپ، ئەلاباما|फेयरहोप|フェアホープ|费尔霍普
Florence,city,AL,34.79981,-87.67725,40026,Florencija|Florens|flarns  alabama|flwrns|flwrns  alabama|fu luo lun si|furorensu|peullolenseu|phlorensa|Флоренс|Флоренция|فلارنس، آلاباما|فلورنس|فلورنس، الاباما|فلۆرەنس، ئەلاباما|फ्लोरेन्स|フローレンス|弗洛伦斯|플로렌스
Foley,city,AL,30.40659,-87.6836,17218,Foli|NHX|fori|fu li|fwly|fwly  alabama|pholi|polli|pwlyy|Фоли|Фолі|פוליי|فولى|فولي|فولی، آلاباما|فۆلی، ئەلاباما|फोली|フォーリー|弗利|폴리
Forestdale,city,AL,33.57011,-86.89638,10162,Forestdejl|Foristdejl|fu li si te dai er|fwrystdyl|fwrztdyyl  alabama|pharestadela|Форестдейл|Фористдејл|فارست‌دیل، آلاباما|فورزتدئیل، آلاباما|فوريستديل|फरेस्टडेल|福里斯特戴爾
Fort Payne,city,AL,34.44425,-85.71969,14150,Fort Pejn|Fort-Pejn|fwrt bayn|fwrt pyn  alabama|pei en bao|pharta peyana|Форт Пејн|Форт-Пейн|فورت باين|فورت پین، آلاباما|فۆرت پەین، ئەلاباما|फर्ट पेयन|佩恩堡
Gadsden,city,AL,34.01434,-86.00639,36084,Double Springs|GAD|Queen City of the Coosa|gaejeudeon|gazuden|gdsdn  alabama|ghadsdn|gyadsdena|jia ci deng|Гадсден|Ґадсден|غادسدن|گدسدن، آلاباما|گەدسدن، ئەلاباما|ग्याड्स्डेन|ガズデン|加兹登|개즈던
Gardendale,city,AL,33.6601,-86.81277,13711,Gardendejl|gardenadela|gardndyl  alabama|ghardndyl|jardndyl|jia deng|qardndyl  alabama|Гардендейл|Гардендејл|Ґардендейл|جاردنديل|غاردنديل|قاردندیل، آلاباما|گاردندیل، آلاباما|گاردندەیل، ئەلاباما|गार्डेनडेल|加登
Gulf Shores,city,AL,30.24604,-87.70082,11131,GUF|Galf Shors|Galf-Shors|galf shwrz  alabama|galpha sorsa|ge er fu hai an|ghlf shwrz|Галф Шорс|Ґалф-Шорс|غلف شورز|گالف شورز، آلاباما|گەلف شۆرز، ئەلاباما|गल्फ शोर्स|格尔夫海岸
Hartselle,city,AL,34.44343,-86.93528,14493,Gartsell|Hartsel|Hartsell|Hartsell's Station|Hartsells|Kharcele|Khartsel|ha te sai er|hartasela|hartsl  alabama|hartsyl|hrtsl|Гартселл|Хартсел|Харцеле|הרטסל|هارتسل، آلاباما|هارتسيل|ھارتسێل، ئەلاباما|हार्टसेल|哈特塞尔
Helena,city,AL,33.29622,-86.8436,18264,Cove|Gelena|Hillsboro|Hillsborough|Khelena|Khelina|Lees Cove|hai lun na|hlna  alabama|hylyna|Гелена|Хелена|Хелина|هلنا، آلاباما|هيلينا|ھێلێنا، ئەلاباما|हेलेना|海伦娜
Homewood,city,AL,33.47177,-86.80082,25708,Goumvud|Khomvud|homavuda|homuuddo|huo mu wu de|hwmwwd|hwmwwd  alabama|Гоумвуд|Хомвуд|هوموود|هوموود، آلاباما|ھۆموود، ئەلاباما|होमवूड|ホームウッド|霍姆伍德
Hoover,city,AL,33.40539,-86.81138,84848,Guver|Khuver|fuba|hu fu|hubhara|hwfr|hwwr  alabama|Гувер|Хувер|هوفر|هوور، آلاباما|ھووڤەر، ئەلاباما|ہوور، الاباما|हूभर|フーバー|胡佛
Hueytown,city,AL,33.45122,-86.99666,15710,Earnest|G'juitaun|Huey|Khjuitaun|hu ai zhen|hwytawn|hyuyata'una|hywyytawn  alabama|Гьюітаун|Хјуитаун|هويتاون|هیوئیتاون، آلاباما|ھیویتاون، ئەلاباما|ह्युयटाउन|胡艾镇
Huntsville,city,AL,34.7304,-86.58594,215006,Gantsvill|HSV|Hantsvila|Hantsvilis|Hantsvill|Hunts Spring|Khantsvil|Khantsvill|Khuntsvil|Twickenham|hantsabhila|hantsubiru|hantswyl  alabama|heng ci wei er|heoncheubil|hntsfyl|Гантсвілл|Хантсвил|Хантсвилл|Хънтсвил|האנטסוויל|هانتسویل، آلاباما|هنتسفيل|ھەنتسڤیل، ئەلاباما|ہنٹسویل، الاباما|हन्त्सभिल|ハンツビル|亨茨维尔|헌츠빌
Irondale,city,AL,33.53816,-86.70721,12423,Ajrondejl|a'iranadela|ai ang dai er|ayrndyl  alabama|ayrwndyl|Айрондейл|Ајрондејл|آيرونديل|آیرندیل، آلاباما|ئایرۆندەیل، ئەلاباما|आइरनडेल|艾昂戴尔
Jacksonville,city,AL,33.81382,-85.7613,12222,Drayton|Dzeksonvil|Dzheksonvill|Greens Trading Post|Jackson|Jackson Ville|Jacksoonville|Jaksonville|Madison|jakswnfyl|jakusonbiru|jie ke xun wei er|jkkswnwyl  alabama|jksnwyl  alabama|jyakasanabhila|Џексонвил|Джексонвилл|Джексонвілл|جاكسونفيل|جکسنویل، آلاباما|جککسونویل، الاباما|جەکسنڤیل، ئەلاباما|ज्याकसनभिल|ジャクソンビル|傑克遜維爾|杰克逊维尔
Jasper,city,AL,33.83122,-87.27751,14071,Dzasper|Dzhasper|bi yu|gspr|jaeseupeo|jasbr|jaspr  alabama|jspr  albama|jyaspara|Џаспер|Джаспер|גספר|جاسبر|جاسپر، آلاباما|جاسپەر، ئەلاباما|جسپر، الباما|ज्यास्पर|碧玉|재스퍼
Leeds,city,AL,33.54816,-86.54443,11936,Cedar Grove|Lids|Oak Ridge|li ci|lidsa|lydz|lydz  alabama|Лидс|Лідс|ليدز|لیدز، آلاباما|لیدز، ئەلاباما|لیڈز، الاباما|लीड्स|利兹
Madison,city,AL,34.69926,-86.74833,46962,Medison|Mehdison|madysn|mai di xun|mdyswn  alabama|myadisana|Мадисон|Медисон|Медісон|Мэдисон|ماديسن|مدیسون، آلاباما|میڈیسون، الاباما|مەدیسن، ئەلاباما|म्याडिसन|マディソン|麦迪逊
Millbrook,city,AL,32.47986,-86.36192,15314,Milbruk|Millbruk|mi er bu lu ke|milabruka|milbeulug|mylbrwk|mylbrwk  alabama|Милбрук|Міллбрук|ميلبروك|میلبروک، آلاباما|میلبروک، ئەلاباما|मिलब्रूक|米尔布鲁克|밀브룩
Mobile,city,AL,30.69436,-88.04305,183289,La Mobila|La Mobile|MOB|Mo-il-la|Mobajl|Mobil|Mobila|Mobilas|Mobille|Moville|mo bi er|moba'ila|mobil|mobila|mobili|mobiru|mwbayl  alabama|mwbyl|mwbyl  alabama|Мобајл|Мобил|Мобіл|מוביל|موبائل، الاباما|موبيل|موبیل، آلاباما|मोबाइल|मोबिल|მობილი|ម៉ូបាល|モービル|莫比尔|모빌
Montgomery,city,AL,32.36681,-86.29997,195287,MGM|Mantgomery|Mons Gomerici|Montgomeri|Montgomeris|Montgomuri|Montnkomeri|mamtagomeri|mantagomeri|mantgameri|mantkamari|meng ge ma li|mong-gomeli|mongomeri|montagomari|mwntghwmry|mwntgmry|mwntgwmry|mxn t kx me xri|Μοντγκόμερι|Мантгомеры|Монтгомери|Монтгомері|Монтгомъри|Մոնտգոմերի|מאנטגאמערי|מונטגומרי|مونتغومري|مونتگمری|مونٹگمری|مونٹگمری، الاباما|माँटगोमेरी|मान्टगोमेरी|मोन्टगोमरी|मोन्तगोमरी|மான்ட்கமரி|ಮಾಂಟ್ಗಾಮೆರಿ|มอนต์กอเมอรี|მონტგომერი|モンゴメリー|蒙哥馬利|蒙哥马利|몽고메리
Moody,city,AL,33.59094,-86.49082,12593,Moodys|Moodys Crossroads|Mudi|mu di|mudi|mwdy|mwdy  alabama|Муди|Муді|مودى|مودي|مودی، آلاباما|موودی، ئەلاباما|मूडी|ムーディー|穆迪|무디
Mountain Brook,city,AL,33.50094,-86.75221,20691,
Muscle Shoals,city,AL,34.74481,-87.66753,13706,Chustanaluyi|Dagunahi|MSL|Maskl Shols|Masl Shouls|Masl-Shols|Quad Cities|The Shoals|Tri-Cities|ma si er xiao er si|masala solsa|masl shaywlz  alabama|msl shwls|Маскл Шолс|Масл Шоулс|Масл-Шолс|ماسل شائولز، آلاباما|مسل شولس|مەسل شۆلس، ئەلاباما|मशल शोल्स|马斯尔肖尔斯
Northport,city,AL,33.22901,-87.57723,24772,Canetuck|Kentuck|North Port|North Tuskaloosa|Nortport|narthaporta|noseupoteu|nosupoto|nuo si bo te|nwrth bwrt|nwrthpwrt  alabama|Нортпорт|نورتپۆرت، ئەلاباما|نورث بورت|نورثپورت، آلاباما|नर्थपोर्ट|ノースポート|诺斯波特|노스포트
Opelika,city,AL,32.64541,-85.37828,29527,Big Swamp|Opelajka|Opelikan|Opillaka|Owls Roost|awbylyka|awplyka  alabama|opela'ika|ou pei lai ka|Опелайка|Опелајка|Опеліка|أوبيليكا|ئۆپێلیکا، ئەلاباما|اوپلیکا، آلاباما|ओपेलाइका|ओपेलिका|欧佩莱卡
Oxford,city,AL,33.61427,-85.83496,21249,Lick Skillet|Lickskillet|Oksford|Snow Creek|Snows Creek|aksapharda|aksfwrd  alabama|awksfwrd|niu jin|ogseupeodeu|Оксфорд|آکسفرڈ، الاباما|آکسفورد، آلاباما|أوكسفورد|ئۆکسفۆرد، ئەلاباما|अक्सफर्ड|牛津|옥스퍼드
Ozark,city,AL,31.45906,-85.64049,14719,Bullards|Merrick|Merricks|OZR|Woodshop|ao suo ka|awzark|awzark  alabama|ojarka|Озарк|أوزارك|ئۆزارک، ئەلاباما|اوزارک، آلاباما|ओजार्क|奥索卡
Pelham,city,AL,33.28567,-86.80999,22885,Pelam|Shelby Courthouse|Shelbyville|blham|pei lei mu|pelahyama|plham  alabama|Пелам|بلهام|پلهام، آلاباما|پێلھەم، ئەلاباما|पेलह्याम|佩勒姆
Pell City,city,AL,33.58621,-86.28609,13646,PLR|Pel Siti|Pell-Siti|byl syty|pei er cheng|pella siti|pl syty  alabama|Пел Сити|Пелл-Сити|Пелл-Сіті|بيل سيتي|پل سیتی، آلاباما|پێل سیتی، ئەلاباما|पेल्ल सिटी|佩尔城
Phenix City,city,AL,32.47098,-85.00077,37570,Browneville|Brownville|Feniks-Siti|Finiks Siti|Finiks-Siti|Knights Station|Lively|Phoenix|feng huang cheng|fnyks syty  alabama|fynyks syty|phiniksa siti|Фенікс-Сіті|Финикс Сити|Финикс-Сити|فنیکس سیتی، آلاباما|فينيكس سيتي|فینیکس سیتی، ئەلاباما|फिनिक्स सिटी|凤凰城|鳳凰城
Pleasant Grove,city,AL,33.49094,-86.97027,10260,Earle|Frog Pond|Plezant Grouv|Plezent-Grov|blyznt ghrwf|plijenta grobha|plyznt grww  alabama|pu lai sen te ge luo fu|Плезант Гроув|Плезент-Ґров|بليزنت غروف|پلیزنت گروو، آلاباما|پلێزنت گرۆڤ، ئەلاباما|प्लिजेन्ट ग्रोभ|普莱森特格罗夫
Prattville,city,AL,32.46402,-86.4597,35420,Prattvill|Pratvil|Pratvill|bratfyl|prtwyl  alabama|pryatabhila|pu la te wei er|Пратвил|Пратвилл|Праттвілл|براتفيل|پرتویل، آلاباما|پرەتڤیل، ئەلاباما|प्र्याटभिल|普拉特维尔
Prichard,city,AL,30.7388,-88.07889,22351,Prichard Station|brytshard|pricarda|prychard  alabama|pu li cha de|Причард|Прічард|بريتشارد|پریچارد، آلاباما|پریچارد، ئەلاباما|प्रिचार्ड|普里查德
Saks,city,AL,33.69871,-85.83969,10744,
Saraland,city,AL,30.82074,-88.07056,13906,Alvarez Station|Cleveland|Cleveland Station|Saralend|sa la lan|saralyanda|Сараланд|Сараленд|سارالاند|साराल्यान्ड|萨拉兰
Scottsboro,city,AL,34.67231,-86.03415,14722,Sage Town|Scotts Mill|Scottsborough|Scottsville|Skotsboro|Skottsboro|askatsbra  alabama|si ke ci bo luo|skatasbaro|skwtsbwrw|Скотсборо|Скоттсборо|اسکاتسبرا، آلاباما|سكوتسبورو|سکۆتسبۆرۆ، ئەلاباما|स्कटस्बरो|斯科茨博罗
Selma,city,AL,32.40736,-87.0211,19519,Ecor de Bienville|High Soapstone Bluff|Moores Bluff|Piachee|Piachi|SEM|SES|Sel'ma|sai er ma|seruma|slma|slma  alabama|Селма|Сельма|سلما|سلما، آلاباما|سێلما، ئەلاباما|सेल्मा|セルマ|塞尔玛|셀마
Sylacauga,city,AL,33.17317,-86.25164,12657,Chalakagay|Clevelands Store|Cuillicoga|Cyllacogga|Marble City|Scille Coggy|Silakauga|Silakoga|Sillacogga|Suellocauga|Suillacouge|Suyllecogga|Sylacogga|Syllacauga|Syllacogy|shirakoga|silakauga|silleokoga|sylakawgha|sylakawja|sylakwga  alabama|sylakwqa  alabama|xi la ke jia|Силакауґа|Силакога|סילאסוגה|سيلاكاوجا|سيلاكاوغا|سیلاکوقا، آلاباما|سیلاکوگا، آلاباما|سیلاکۆگا، ئەلاباما|सीलाकौगा|シラコーガ|锡拉科加|실러코가
Talladega,city,AL,33.43594,-86.1058,15709,ASN|Bride of the Mountain|Highland City|Taladega|Taladiga|Talatekah|Talladegee|Talladiga|Talladigger|Teledega|Telladega|Tulladega|ta la di jia|taelleodiga|taladega|taladiga|taladygha|Таладига|Талладига|Талладіґа|تالاديغا|टालाडेगा|ടാലദീഗ|塔拉迪加|탤러디가
Tillmans Corner,city,AL,30.59019,-88.17084,17398,Three Notches
Troy,city,AL,31.80877,-85.96995,18853,Centreville|Deer Stand Hill|TOI|Troj|Zebulon|te luo yi|teuloi|tro'i|trwy|trwy  alabama|Трой|Трој|تروي|تروی، آلاباما|ٹرائے، الاباما|ट्रोइ|特洛伊|트로이
Trussville,city,AL,33.61983,-86.60888,21023,Trassvill|Trasvil|Truss|te lu si wei er|trasabhila|traswyl  alabama|trwsfyl|Трасвил|Трассвілл|تراسویل، آلاباما|تروسفيل|ट्रसभिल|特鲁斯维尔
Tuscaloosa,city,AL,33.20984,-87.56917,111338,Black Warrior Town|Druid City|Louiseville|Matildaville|Shelbyville|Shelleyville|Shelltown|Shellytown|TCL|Taskalusa|Tuskalloosa|Tuskaloosa|ta si ka lu sa|taskalusa|taskalwsa  alabama|tasukarusa|teoseukeollusa|tsqlwsh|twskalwsa|Таскалуса|טסקלוסה|تاسکالوسا، آلاباما|توسكالوسا|टस्कालूसा|ടസ്കലൂസ|タスカルーサ|塔斯卡卢萨|터스컬루사
Vestavia Hills,city,AL,33.44872,-86.78777,34174,Vestavia
Arkadelphia,city,AR,34.12093,-93.05378,10745,Arcadelphia|Archadelphia|Arkadelfija|a ka de er fei ya|arkadelphiya|arkadlpya|arkdlfya|Аркаделфија|آرکادلپیا|أركدلفيا|आर्कादेल्फिया|阿卡德尔菲亚
Batesville,city,AR,35.7698,-91.64097,10668,BVX|Batsvil'|Bejtsvil|Bejtsvill|Big Bottom|Greenbriar|Napoleon|Oil Trough Bottom|Poke Bayou|betsabhila|btswyl|bytsfyl|Батсвіль|Бейтсвилл|Бејтсвил|بتسویل|بيتسفيل|बेट्सभिल
Bella Vista,city,AR,36.4807,-94.27134,27999,Bela Vista|Bella Vista Village|Bella-Vista|bella bhista|bellabiseuta|blawysta|byla fysta|Бела Виста|Белла-Виста|Белла-Віста|بلاویستا|بيلا فيستا|بیلا وسٹا، آرکنساس|बेल्ला भिस्ता|벨라비스타
Benton,city,AR,34.56454,-92.58683,34177,benatana|benteon|bntwn|Бентон|بنتون|بینٹن، آرکنساس|बेनटन|벤턴
Bentonville,city,AR,36.37285,-94.20882,44499,Bentonvil|Bentonvil'|Bentonvill|Osage|ben dun wei|benatanabhila|bentanavhila|benteonbil|bentonbiru|bntwn wyl|bntwnfyl|Бентонвил|Бентонвилл|Бентонвилле|Бентонвіль|بنتون ویل|بنتونفيل|بینٹنویل، آرکنساس|बेनटनभिल|बेन्टनव्हिल|ベントンビル|本頓維|벤턴빌
Blytheville,city,AR,35.9273,-89.91898,14694,BYH|Blajtvil|Blajtvil'|Blajtvill|Blaytvill|Bljtkhevile|blayt wyl|blayt wyly|bleithabhila|blythfyl|bu lai xi wei er|buraisuvuiru|Блайтвилл|Блайтвиль|Блайтвіль|Блајтвил|Блйтхевиле|بلایت ویل|بلایت ویلی|بليثفيل|ब्लेीथभिल|ブライスヴィル|布萊西維爾
Bryant,city,AR,34.59593,-92.48905,19986,
Cabot,city,AR,34.97453,-92.01653,25587,Kabot|ka bo te|kabotto|kabwt|kaebeos|kyabota|Кабот|كابوت|کابوت|کابوٹ، آرکنساس|क्याबोत|カボット|卡博特|캐벗
Camden,city,AR,33.58456,-92.83433,11347,CDH|Choteau de Fabri|Corea Fabre|Ecor a Fabri|Ecore Fabre|Ecore a Fabre|Fabres Bluff|Fabres Landing|Fabris Bluff|Fabrys Bluff|Kamden|L'Ecore a Fabri|LaCore Fabre|kaemdeon|kamdn|kyamdena|Камден|كامدن|کامدن|کیمڈن، آرکنساس|क्याम्डेन|캠던
Centerton,city,AR,36.3598,-94.28521,12023,Centerpoint|Senterton|sen te dun|sentaratana|sntrtwn|Сентертон|سنترتون|सेन्टरटन|森特頓
Conway,city,AR,35.0887,-92.4421,64980,Conway Station|Konuehj|Konvej|kanve|kanwy|kon-wei|kwnwy|Конвей|Конвеј|Конуэй|كونوي|کانوی|کونوے، آرکنساس|कन्वे|콘웨이
El Dorado,city,AR,33.20763,-92.66627,18386,ELD|Ehl'-Dorado|El Dorejdo|El'-Dorado|Eldorado|al dwradw|aldwradw|el doryado|Ел Дорејдо|Ель-Дорадо|Эль-Дорадо|إل دورادو|الدورادو|एल् डोर्याडो
Fayetteville,city,AR,36.06258,-94.15743,82830,FYV|Faetvil'|Fejetvil|Fejetvilis|Fejetvill|Washington Courthouse|faytfyl|fayt‌wyl|fei ye te wei er|feiettobiru|peiesbil|phayetabhila|phetavhila|Фаєтвіль|Фейетвилл|Фејетвил|פאייטוויל|فائیٹویل، آرکنساس|فايتفيل|فایت‌ویل|फायेटभिल|फेटव्हिल|フェイエットビル|费耶特维尔|페이엣빌
Forrest City,city,AR,35.00815,-90.78983,14672,FCY|Forest City|Forist Siti|Forrest|Forrest-Siti|farst syty|fwrst syty|pharesta siti|Форист Сити|Форрест-Сити|Форрест-Сіті|فارست سیتی|فورست سيتي|फरेस्ट सिटी
Fort Smith,city,AR,35.38592,-94.39855,88194,Belle Point|FSM|Fort Smit|Fort-Smit|fotosumisu|fwrt asmyt|fwrt smyth|pharta smitha|pwrt smyt|shi mi si bao|Форт Смит|Форт-Смит|פורט סמית|فورت اسمیت|فورت سميث|فورٹ سمتھ، آرکنساس|फर्ट स्मिथ|フォートスミス|史密斯堡
Harrison,city,AR,36.22979,-93.10768,13138,Crooked Creek|Garrison|HRO|Kharison|Kharrison|haryswn|hryswn|hyarisana|Гаррисон|Гаррісон|Харисон|Харрисон|هاريسون|هریسون|ह्यारिसन
Hot Springs,city,AR,34.5037,-93.05518,35635,HOT|Hot Springs National Park|Khot-Springs|Man-a-tak-a|Valley of Vapors|Warm Springs|Хот-Спрингс
Hot Springs Village,city,AR,34.67204,-92.99879,12807,Got-Springs-Villedzh|Khot Spring Vilidz|Khot-Springs-Vilidzh|hata springas bhileja|hwt sbrynghz|hwt sbrynjz|wen quan cun|Гот-Спрингс-Вилледж|Гот-Спрінгс-Вілледж|Хот Спринг Вилиџ|Хот-Спрингс-Вилидж|هات‌اسپرینقز ویلج، آرکانزاس|هات‌اسپرینگز ویلج|هوت سبرينجز|هوت سبرينغز|हट स्प्रिङ्गस् भिलेज|溫泉村
Jacksonville,city,AR,34.8662,-92.11015,28643,Dzeksonvil|Dzhehksonvill|Dzheksonvil'|Dzheksonvill|LRF|g'qswnwyl|jaegseunbil|jakswnfyl|jakusonbiru|jie ke xun wei er|jkkswnwyl  arknsas|jksnwyl|jyakasanabhila|Џексонвил|Джексонвилл|Джексонвиль|Джексонвіль|Джэксонвилл|Ջեքսոնվիլ|ג'קסונויל|جاكسونفيل|جکسنویل|جککسونویل، ارکنساس|ज्याकसनभिल|ジャクソンビル|傑克遜維爾|杰克逊维尔|잭슨빌
Jonesboro,city,AR,35.8423,-90.70428,73907,Dzhonsboro|Dzhounsburou|Dzounsboro|JBR|Jonesborough|jonasbro|jonjeubeoleo|jonzuboro|jwnsbwrw  arknsas|jwnzbrw|jwnzbwrw|qiong si bo lei|Џоунсборо|Джонсборо|Джоунсбъроу|جونزبرو|جونزبورو|جونسبورو، آرکنساس|जोनस्ब्रो|ジョーンズボロ|琼斯伯勒|존즈버러
Little Rock,city,AR,34.74648,-92.28959,202591,Acropolis|Anilco|Arkopolis|LIT|La Petit Roche|Litl Rok|Litl Rokas|Litl Roks|Litl-Rok|Litlroka|Littlerock|Litul Rok|Old Channel|Old Channel Little River|Petit Roche|Petit Rochelle|Petit Rocher|lie du luo bu|litala raka|litala roka|liteullog|litil rak|litila raka|littil rak|lytl rak  arkanzas|lytl rwk|lytl rwq|ritorurokku|xiao shi cheng|xiao yan cheng|Λιτλ Ροκ|Литл Рок|Литл-Рок|Литъл Рок|Літл-Рок|Լիթլ Ռոք|ליטל ראק|ליטל רוק|ليتل روك|لٹل راک|لٹل راک، آرکنساس|لیتل راک، آرکانزاس|लिटल रॉक|लिटिल रक|लिटिल् राक्|लितल रक|லிட்டில் ராக்|ලිට්ල් රොක්|ლიტლ-როკი|リトルロック|列度洛埠|小岩城|小石城|리틀록
Magnolia,city,AR,33.26707,-93.23933,11669,AGO|Frog Level|Magnolija|maghnwlya|mgnwlya|myagnoliya|mygnwlya  arknsas|Магнолија|ماغنوليا|مگنولیا|میگنولیا، آرکنساس|म्याग्नोलिया
Malvern,city,AR,34.36231,-92.81295,10928,Malvern Junction|malfyrn|malwrn|myalbharna|Малверн|مالفيرن|مالورن|म्याल्भर्न
Marion,city,AR,35.21453,-90.19648,12292,Marion City|Mehrion|marywn|marywn  arknsas|meriyana|Марион|Маріон|Мэрион|ماريون|ماریون|ماریون، آرکنساس|मेरियन
Maumelle,city,AR,34.86676,-92.40432,17931,maumela|mawmwly|mawmyl|ماومولی|ماوميل|मौमेल
Mountain Home,city,AR,36.33534,-92.38516,12330,Rapps Barren|Rapps Barrens|WMH
North Little Rock,city,AR,34.76954,-92.26709,66504,Argenta|Barling Cross|De Cantillion|De Cantillon|Huntersville|Hunterville|Norda Eta Roko|Nort Litl Rok|Nort-Litl-Rok|bei xiao shi cheng|bei xiao yan cheng|nartha litala raka|noseuliteullog|nosuritorurokku|nwrt lytl rak|nwrt' lytl rwq|nwrth lytl rwk|Норт Литл Рок|Норт-Литл-Рок|Норт-Літл-Рок|נורת' ליטל רוק|نارتھ لٹل راک، آرکنساس|نورت لیتل راک|نورث ليتل روك|नर्थ लिटल रक|ノースリトルロック|北小岩城|北小巖城|北小石城|노스리틀록
Paragould,city,AR,36.0584,-90.49733,27900,Center Hill|PGR|Paraguld|Parmley|The Crossing|baraghwld|paragwld|pyaragolda|Парагулд|باراغولد|پاراگولد|پیراگولڈ، آرکنساس|प्यारागोल्ड
Pine Bluff,city,AR,34.22843,-92.0032,44772,Mount Maria|PBF|Pajn Blaf|bayn blaf|pa'ina blapha|painbeulleopeu|payn blaf  arkanzas|payn blf  arknsas|Пајн Блаф|باين بلاف|پائن بلف، آرکنساس|پاین بلاف، آرکانزاس|पाइन ब्लफ|파인블러프
Rogers,city,AR,36.33202,-94.11854,63159,ROG|Rodzers|Rodzhers|lojeoseu|luo jie si|rajrz  arknsas|rojarsa|rwgrz|rwjrz|Роджерс|Роџерс|راجرز، آرکنساس|روجرز|روگرز|रोजर्स|罗杰斯|로저스
Russellville,city,AR,35.27842,-93.13379,29166,Raselvil|leoselbil|raselabhila|raslfyl|raslwyl|rslwyl  arknsas|Раселвил|راسلفيل|راسلویل|رسلویل، آرکنساس|रसेलभिल|러셀빌
Searcy,city,AR,35.25064,-91.73625,24196,Frankford|SRC|Sersi|seosi|sirsi|syrsy|Серси|Серсі|سيرسي|سیرسی|सीर्सी|서시
Siloam Springs,city,AR,36.18814,-94.5405,16081,Hico|SLG|Sajlom Springs|Sajlom-Springs|Siloam City|sairomusupuringusu|sayaloma springja|saylwm sbrynghz|saylwm sbrynjz|silo'ama springas|sylwam aspryngz|sylwam asprynqz|xi luo ya mu si pu lin si|xi luo ya wen quan|Сайлом-Спрингс|Сайлом-Спрінгс|Сајлом Спрингс|سايلوم سبرينجز|سايلوم سبرينغز|سیلوام اسپرینقز|سیلوام اسپرینگز|सायलोम स्प्रिंग्ज|सिलोआम स्प्रिङ्गस्|サイロームスプリングス|西罗亚温泉|西羅亞姆斯普林斯|西羅亞溫泉
Springdale,city,AR,36.18674,-94.12881,77859,SPZ|Shiloh|Springdejl|Springdejl'|aspryngdyl  arkanzas|sbrynghdl|seupeulingdeil|springadela|supuringuderu|Спрингдейл|Спрингдејл|Спрінгдейль|اسپرینگدیل، آرکانزاس|سبرينغدل|سپرنگڈیل، آرکنساس|स्प्रिङ्गडेल|スプリングデール|스프링데일
Texarkana,city,AR,33.44179,-94.03769,30353,Miller Court House|Teksarkana|Texarcana|tegsakaena|teksarkana|tekusakana|tksarkana|tyksarkana|Тексаркана|تيكساركانا|تکسارکانا|ٹیکسرکینا، آرکنساس|टेक्सार्काना|テクサーカナ|텍사캐나
Van Buren,city,AR,35.43676,-94.34827,23081,Phillips Landing|Van Bjuren|Van-B'juren|Van-Buren|Vanburen|bhyana burena|fan bywryn|vuanbyuren|wn bwrn|Ван Бјурен|Ван-Бурен|Ван-Бьюрен|فان بيورين|ون بورن|भ्यान बुरेन|ヴァンビューレン
West Memphis,city,AR,35.14648,-90.18454,25052,AWM|Arevmtyan Memfis|Campo de Esperanza|Hopeville|Okcidenta Memfiso|Uehst-Memfis|Vest Memfis|Vest-Memfis|mmfys ghrby  arkanzas|uesutomenfisu|vesta memphisa|weseuteumempiseu|wst mmpys|wyst mmfys|xi meng fei si|Вест Мемфис|Вест-Мемфис|Вест-Мемфіс|Уэст-Мемфис|Արևմտյան Մեմֆիս|וסט ממפיס|ممفیس غربی، آرکانزاس|ويست ممفيس|ویسٹ میمفس، آرکنساس|वेस्ट मेम्फिस|ウェストメンフィス|西孟菲斯|웨스트멤피스
Adams Morgan,city,DC,38.9215,-77.0422,15830,adamz mwrgan|adamz mwrqan|ya dang si mo gen|آدامز مورقان|ادامز مورگان|ایڈمز مورگن|亞當斯摩根
Shaw,city,DC,38.91206,-77.02137,17639,xiao qu|שאו|شا، واشنگٹن ڈی سی|شاو|肖區
Washington,city,DC,38.89511,-77.03637,689545,D.C.|District of Columbia|Federal Capital|Federal City|Federal Town|Ouasinkton|Ranatakariahshne|Ranatakariáhshne|Territory of Columbia|Vashington|Vasingtonas|Vasingtonia|Vasingtono|Vaŝingtono|Vašingtonas|WAS|Washington City|Washington D. C.|Washington D.C.|Washington DC|Waszyngton|hua sheng dun te qu|wosingteon D.C.|wosingteon DC|Ουάσιγκτον|Вашингтон|华盛顿特区|워싱턴 D.C.|워싱턴 DC
Bear,city,DE,39.62928,-75.65826,19371,Bear Station
Brookside,city,DE,39.66706,-75.72688,14353,Brookside Park|Bruksajd|brukasa'ida|brwksayd|brwksayd  dlawyr|bu lu ke sai de|burukkusaido|Бруксайд|بروكسايد|بروکساید|بروکساید، دلاویر|ब्रूकसाइड|ブルックサイド|布魯克賽德
Dover,city,DE,39.15817,-75.52437,39403,DOV|Douvur|Dover i Delaware|Dovera|Doveres|Doveris|Doverės|Ntover|doba|dobeo|dobhara|dovar|dovhara|duo fu|dwbr|dwfr|dwwr  dlawr|tovar|Ντόβερ|Довер|Доувър|Դովեր|דאווער|דובר|دوفر|دوور، دلاور|ڈwwr|ڈوور|ڈوور، ڈیلاویئر|डोभर|डोवर्|डोव्हर|दोभर|டோவர்|ドーバー|多佛|도버
Glasgow,city,DE,39.60483,-75.74521,14303,Aikens Tavern|Aikentown|Glasgovo|Glazgo|ge la si ge|ghlasghw|glasago|glasgw|gurasugo|qlasqw  dlawyr|Глазго|غلاسغو|قلاسقو، دلاویر|گلاسگو|گلاسگو، ڈیلاویئر|ग्लासगो|グラスゴー|格拉斯哥
Hockessin,city,DE,39.78761,-75.6966,13527,Hocesion|Hockessing|Khokesin|Occasian|Occasion|Ockession|Okesan|Okeshion|Okesian|Okession|hokesina|Хокесин|होकेसिन
Middletown,city,DE,39.44956,-75.71632,20372,Middle Town|Middleton|Midltaun|mi de er dui|midalata'una|midorutaun|mydltawn  dlawr|myldtawn|Мидлтаун|ميلدتاون|مڈل ٹاؤن، ڈیلاویئر|میدلتاون، دلاور|मिडलटाउन|ミドルタウン|米德尔敦
Milford,city,DE,38.91261,-75.42797,10252,North Milford|South Milford|mi er fu de|milapharda|milpeodeu|mirufodo|mylfwrd|mylfwrd  dlawr|mylfwrd  dlawyr|Милфорд|Мілфорд|ميلفورد|میلفورد، دلاور|میلفورد، دلاویر|میلفورڈ، ڈیلاویئر|मिलफर्ड|ミルフォード|米尔福德|米爾福德|밀퍼드
Newark,city,DE,39.68372,-75.74966,33817,N'juark|New Worke|Niouark|Njuark|Nyuark|n'yu'arka|niu wa ke|nyuaku|nyueokeu|nywark|nywark  dlawr|nywark  dlawyr|Νιούαρκ|Њуарк|Ньюарк|Нюарк|Նյուարկ|ניוארק|نيوارك|نیوآرک، دلاور|نیوارک، دلاویر|نیوارک، ڈیلاویئر|न्युआर्क|ニューアーク|紐瓦克|纽瓦克|뉴어크
Pike Creek Valley,city,DE,39.73622,-75.69827,11217,Pajk-Krik-Velli|payk kryk wly|payk kryk wly  dlawyr|Пайк-Крик-Велли|Пайк-Крік-Веллі|پایک کریک ولی|پایک کریک ولی، دلاویر
Smyrna,city,DE,39.29983,-75.60465,11319,Cross Roads|Duck Creek|Duck Creek Cross Roads|Duck Creek Town|Smirna|smirna|smyrna  dlawr|Смирна|سمرنا، ڈیلاویئر|سميرنا|سمیرنا، دلاور|स्मीर्ना
Wilmington,city,DE,39.74595,-75.54659,70898,Christinahamn|Fort Altena|Fort Christina|ILG|Uilmingtan|Uilmington|Uilmingtun|Vilmington|Vilmingtona|Vilmingtonas|Vilmingtonia|Vilmingtono|Walmington|Willington|Willingtown|Wilmington (Delaware)|Wilmington City|Wilmington i Delaware|uiruminton|vilmingatana|wei er ming dun|wilmingteon|wylmnghtwn|wylmyngtwn|wylmyngtwn  dlawr|Вилмингтон|Вілмінгтон|Уилмингтон|Уилмингтън|Уілмінгтан|וילמינגטון|ويلمنغتون|ویلمینگتون، دلاور|ویلمینگٹن، ڈیلاویئر|विल्मिंगटन|უილმინგტონი|ウィルミントン|威尔明顿|윌밍턴
Allapattah,city,FL,25.81454,-80.22394,54289,Alapatakh|Allapatah|a la pa ta|alapata|alapatah|Алапатах|آلاپاتاه|الاپاتا|阿喇帕塔
Altamonte Springs,city,FL,28.66111,-81.36562,43159,Altamont Springs|Altamonte Spgs|Altamonte-Springs|a er ta meng te si pu lin si|altamonte springas|altamwnt aspryngz  flwryda|altamwnt sbrnghz|Алтамонт Спрингс|Алтамонте-Спрінгс|آلتامونت اسپرینگز، فلوریدا|ألتامونت سبرنغز|अल्तामोन्ते स्प्रिङ्गस्|阿尔塔蒙特斯普林斯
Apollo Beach,city,FL,27.77308,-82.40759,14055,Apollo-Bich|Apolo Bich|a bo luo hai tan|apwlw bych  flwryda|epolo bica|Аполло-Бич|Аполло-Біч|Аполо Бич|آپولو بیچ، فلوریدا|एपोलो बीच|阿波羅海灘
Apopka,city,FL,28.67617,-81.51186,48382,Ahahpopka|a bo ka|abwbka|apoppuka|apwpka  flwryda|epopka|Апопка|آپوپکا، فلوریدا|أبوبكا|ابوبكا|एपोप्का|アポップカ|阿勃卡
Atlantic Beach,city,FL,30.33441,-81.3987,13193,Atlantik Bich|Atlantik-Bic|Atlantik-Bich|Atlantik-Biç|aeteullaentigbichi|atlantyk bych  flwryda|atlantyk bytsh|atorantikkubichi|da xi yang hai tan|etlantika bica|Атлантик Бич|Атлантик-Бич|Атлантик-Біч|Ատլանտիկ Բիչ|אטלנטיק ביץ'|آتلانتیک بیچ، فلوریدا|أتلانتيك بيتش|اتلانتيك بيتش|एट्लान्टिक बीच|アトランティックビーチ|大西洋海滩|애틀랜틱비치
Auburndale,city,FL,28.0653,-81.78869,15035,Oberndejl|abarnadela|ao ben dai er|awbwrndal|obanderu|Оберндейл|Оберндејл|أوبورندال|اوبورندال|اوبورن‌دیل|اوبورن‌دیل، فلوریدا|अबर्नडेल|オーバーンデール|奥本代尔
Aventura,city,FL,25.95648,-80.13921,37649,Adventura|Aventjura|a wen tu la|abenchura|aebeontula|afyntjwra|awntwra  flwryda|ebhencura|Авентура|Авентюра|أفينتجورا|افينتجورا|اونتورا، فلوریدا|एभेन्चुरा|アベンチュラ|阿文图拉|애번투라
Avon Park,city,FL,27.59587,-81.50619,10086,AVO|Ehjvon-Park|Eivon Park|Ejvon Park|Ejvon-Park|afwn bark|awwn park  flwryda|bi hu hua yuan|ebhona parka|Έιβον Παρκ|Ейвон-Парк|Ејвон Парк|Эйвон-Парк|آوون پارک، فلوریدا|أفون بارك|افون بارك|एभोन पार्क|エイヴォン・パーク|碧湖花园
Azalea Park,city,FL,28.54111,-81.30062,12556,Azalija-Park|Azejlija Park|Azelija-Park|azalya park|azalya park  flwryda|ejaliya parka|ying shan hong gong yuan|Азалия-Парк|Азелия-Парк|Азелія-Парк|Азејлија Парк|آزالیا پارک|آزالیا پارک، فلوریدا|एजालिया पार्क|映山紅公園
Bartow,city,FL,27.89641,-81.84314,18972,BOW|Bartou|ba tuo|barato|bartaw  flwryda|bartw|Бартоу|بارتاو، فلوریدا|بارتو|बारटो|巴托
Bayonet Point,city,FL,28.32667,-82.68343,23467,Bajonet Pojnt|Bajonet-Pojnt|baywnt pwynt|baywnt pwynt  flwryda|be'oneta po'inta|ci dao dian|Байонет-Пойнт|Бајонет Појнт|بایونت پوینت|بایونت پوینت، فلوریدا|बेओनेट पोइन्ट|刺刀點
Bayshore Gardens,city,FL,27.42532,-82.59038,16323,
Belle Glade,city,FL,26.68451,-80.66756,18251,Bel Glejd|Bel'-Glejd|bei er ge lai de|bele glyada|bl ghlyd|bl glyd  flwryda|bl jlyd|bl qlyd  flwryda|Бел Глејд|Бель-Глейд|بل جليد|بل غليد|بل قلید، فلوریدا|بل گلید، فلوریدا|बेले ग्ल्याड|贝尔格莱德
Bellview,city,FL,30.46159,-87.31497,23355,Belleview
Bloomingdale,city,FL,27.89364,-82.24037,22711,
Boca Del Mar,city,FL,26.34508,-80.14671,24244,Boka-Del-Mar|Loka Del Mar|boka dela mara|Бока-Дел-Мар|Лока Дел Мар|बोका डेल मार
Boca Raton,city,FL,26.35869,-80.0831,93235,BCT|Boca Ratone|Boca Ratón|Boca de Ratones|Bocaraton|Boka Raton|Boka-Raton|WTA Boca Raton|bo ka la dun|boka retana|bokaleoton|bokaraton|bwka ratwn|bwka ratwn  flwryda|Бока Ратон|Бока-Ратон|באקא ראטאן|بوكا راتون|بوکا راتون، فلوریدا|बोका रेटन|ボカラトン|博卡拉頓|보카러톤
Bonita Springs,city,FL,26.33981,-81.7787,51704,Bonita-Springs|bo ni ta wen quan|bonita springas|bwnyta aspryngz  flwryda|bwnyta sbrnghz|Бонита Спрингс|Боніта-Спрінгс|بونيتا سبرنغز|بونیتا اسپرینگز، فلوریدا|बोनिता स्प्रिङ्गस्|博尼塔温泉
Boynton Beach,city,FL,26.52535,-80.06643,73966,Bojnton Bich|Bojnton-Bich|Boynton|bo yin dun hai tan|bo'inatana bica|bointeonbichi|bwyntwn|bwyntwn bych  flwryda|Бойнтон-Біч|Бојнтон Бич|بوينتون|بوینتون بیچ، فلوریدا|बोइनटन बीच|博因顿海滩|보인턴비치
Bradenton,city,FL,27.49893,-82.57482,54437,Braden Town|Bradentown|Braiden Town|Braidentown|Brejdenton|beuleideunteon|bradenatana|bradntwn|bradntwn  flwryda|bu lei deng dun|bureidenton|Брейдентон|Брејдентон|برادنتون|برادنتون، فلوریدا|ब्राडेनटन|ბრადენტონი|ブレイデントン|布雷登顿|브레이든턴
Brandon,city,FL,27.9378,-82.28592,103483,Brando|Brandun|Branton|Brehndon|Brendon|Brendona|Brendonas|beulaendeu|braindana|brandan|brandwn|brendana|brndwn|brndwn  flwryda|bryandan|bryandana|bu lan deng|burandon|pirantan|Μπράντον|Брандон|Брандън|Брендон|Брэндон|ברנדון|براندون|برندون|برندون، فلوریدا|برینڈن، فلوریڈا|ब्रैंडन|ब्र्यान्डन|ব্রেন্ডন|બ્રેન્ડન|பிராண்டன்|బ్రాండన్|ಬ್ರ್ಯಾಂಡನ್|බ්‍රැන්ඩන්|แบรนดอน|ブランドン|布兰登|布蘭登|브랜드
Brent,city,FL,30.46881,-87.23608,21804,brenta|Брент|ब्रेन्ट
Brownsville,city,FL,25.82176,-80.24116,15313,Braunsvil|Braunsvill|bra'unsabhila|brawnzwyl|brawnzwyl  flwryda|bu lang si wei er|Браунсвил|Браунсвилл|Браунсвілл|براونزویل|براونزویل، فلوریدا|ब्राउन्सभिल|布朗斯維爾|布朗斯维尔
Buenaventura Lakes,city,FL,28.33584,-81.35313,26079,Buehnaventura-Lejks|Buenaventura|Bvejnaventura Lejks|bu you na wen tu la hu|bywnawnchwra lyks|bywnawnchwra lyks  flwryda|Бвејнавентура Лејкс|Буенавентура|Буэнавентура-Лейкс|بیوناونچورا لیکس|بیوناونچورا لیکس، فلوریدا|布尤納文圖拉湖
Callaway,city,FL,30.15298,-85.56993,14405,
Cantonment,city,FL,30.60853,-87.33998,26493,Canton|North Pensacola
Cape Coral,city,FL,26.56285,-81.94953,175229,Cabo Coral|Keip Koralas|Kejp Koral|Kejp Korul|Kejp-Koral|kai pu ke lei er|keipeukoleol|kepa korala|kepukoraru|kyb kwral|kyp kwral  flwryda|qyyp qwrl|Кейп Коръл|Кейп-Корал|Кејп Корал|קייפ קורל|كيب كورال|کیپ کورال، فلوریدا|کیپ کورل، فلوریڈا|केप कोरल|ケープコーラル|開普科勒爾|케이프코럴
Carol City,city,FL,25.94065,-80.2456,63031,
Carrollwood,city,FL,28.05002,-82.49287,33365,Greater Carrollwood
Carrollwood Village,city,FL,28.06752,-82.52093,40949,
Casselberry,city,FL,28.67778,-81.32785,27056,Kaselberi|ka xi bei li|kasylbyry|kslbry  flwryda|kyaselaberi|Каселбери|كاسيلبيري|کسلبری، فلوریدا|क्यासेलबेरी|卡西贝利
Cheval,city,FL,28.14862,-82.51454,10702,Sheval|qi wa er|sebhyala|shywal|shywal  flwryda|Чевал|Шевал|شیوال|شیوال، فلوریدا|शेभ्याल|契瓦爾
Citrus Park,city,FL,28.07835,-82.56982,24252,
Citrus Ridge,city,FL,28.33385,-81.64232,13285,Four Corners
Clearwater,city,FL,27.96585,-82.8001,117292,CLW|Clearwater Harbor|Kliruoter|Klirvoter|Klirvoteris|Kliuruotur|ke li er wo te|keullieowoteo|kliyaravatara|klyrwatr|klyrwatr  flwryda|kuriauota|Клирвотер|Клируотер|Клиъруотър|Клірвотер|كليرواتر|کلیئرواٹر، فلوریڈا|کلیرواتر، فلوریدا|کلیرواٹر|क्लियरवाटर|クリアウォーター|克利爾沃特|클리어워터
Clermont,city,FL,28.54944,-81.77285,32390,Klermont|ke lai meng|kleramonta|klrmwnt  flwryda|klyrmwnt|Клермонт|كليرمونت|کلرمونت، فلوریدا|क्लेरमोन्ट|克莱蒙
Cocoa,city,FL,28.38612,-80.742,17711,COI|Koko|ke ke|koko'a|kwkaw|kwkw  flwryda|Коко|كوكاو|کوکو، فلوریدا|कोकोआ|可可
Cocoa Beach,city,FL,28.32055,-80.60922,11595,COF|Koko Bich|Koko Bijch|Koko-Bich|ke ke bi qi|koko'a bica|kokoabichi|kwkaw bytsh|kwkw bych  flwryda|Коко Бийч|Коко Бич|Коко-Бич|Коко-Біч|كوكاو بيتش|کوکو بیچ، فلوریدا|कोकोआ बीच|ココアビーチ|可可比奇|코코아비치
Coconut Creek,city,FL,26.25175,-80.17894,59302,Kokonat Krik|Kokonat-Krik|kokonata krika|kwkwnat kryk  flwryda|kwkwnt kryk|ye zi xi|Коконат Крик|Коконат-Крік|كوكونت كريك|کوکونات کریک، فلوریدا|کوکونٹ کریک، فلوریڈا|कोकोनट क्रीक|椰子溪
Coconut Grove,city,FL,25.7126,-80.25699,20076,Bay Heights|Cocoanut Grove|Kokonat-Grov|ye lin|Коконат-Гров|מיאמי/קוקונט גרוב|ココナッツ・グローヴ|椰林
Conway,city,FL,28.50278,-81.33062,13467,Konvej|kang wei|kanve|kanwy|kanwy  flwryda|Конвей|Конвеј|کانوی|کانوی، فلوریدا|کونوے، فلوریڈا|कन्वे|康韋
Cooper City,city,FL,26.05731,-80.27172,35364,Kuper Siti|Kuper-Siti|ku po shi|kupara siti|kwbr syty|kwpr syty  flwryda|Купер Сити|Купер-Сити|Купер-Сіті|كوبر سيتي|کوپر سٹی، فلوریڈا|کوپر سیتی، فلوریدا|कूपर सिटी|库珀市
Coral Gables,city,FL,25.72149,-80.26838,51117,Koral Gejbls|Koral-Gejblz|ke lei er gai bu er si|koleolgeibeuljeu|korala gyabalsa|kwral ghyblz|kwral gyblz  flwryda|Корал Гејблс|Корал-Ґейблз|كورال غيبلز|کورال گیبلز، فلوریدا|कोरल ग्याबल्स|科勒尔盖布尔斯|코럴게이블즈
Coral Springs,city,FL,26.27119,-80.2706,129485,Koral Springs|Koral Springsas|Koral-Springs|ke lei er si pu lin si|koleolseupeulingseu|korala springas|korarusupuringusu|kwral aspryngz  flwryda|kwral sbrnghz|Корал Спрингс|Корал-Спрингс|Корал-Спрінгс|كورال سبرنغز|کورال اسپرینگز، فلوریدا|کورل اسپرنگز، فلوریڈا|कोरल स्प्रिङ्गस्|コーラルスプリングス|科勒爾斯普林斯|코럴스프링스
Coral Terrace,city,FL,25.74593,-80.3045,24376,Koral Teras|Koral-Terras|Koral-Terrejs|korala teresa|kwral trs|kwral trs  flwryda|shan hu tai|Корал Терас|Корал-Террас|Корал-Террейс|کورال ترس|کورال ترس، فلوریدا|कोरल टेरेस|珊瑚台
Country Walk,city,FL,25.63399,-80.43228,15997,Kantri Vok|Kantri-Uolk|Kantri-Vok|kantri vaka|kantry wak|kantry wak  flwryda|xiang cun lu|Кантри Вок|Кантри-Вок|Кантри-Уолк|Кантрі-Вок|کانتری واک|کانتری واک، فلوریدا|कन्ट्री वाक|鄉村路
Country Club,city,FL,25.94815,-80.317,47105,
Crestview,city,FL,30.76213,-86.57051,23270,CEW|Krestvju|ke lei si te wei|krestabhyu|krystfyw|Крествју|كريستفيو|کرست‌ویو، فلوریدا|क्रेस्टभ्यू|克雷斯特韦
Cutler,city,FL,25.6151,-80.31061,18117,
Cutler Ridge,city,FL,25.58066,-80.34672,26831,
Cypress Lake,city,FL,26.53813,-81.89925,11846,Sajpres Lejk|Sajpress-Lejk|Sajpris-Lejk|sa'ipresa leka|sai pu lei si hu|Сайпресс-Лейк|Сайприс-Лейк|Сајпрес Лејк|سایپرس‌لیک|سایپرس‌لیک، فلوریدا|साइप्रेस लेक|賽普雷斯湖
Dania Beach,city,FL,26.05231,-80.14393,31446,Dania|Danija-Bich|Dejnija Bich|Modello|da ni ya tan de|danya bych  flwryda|danya bytsh|deiniabichi|dyaniya bica|Дания-Бич|Данія-Біч|Дејнија Бич|دانيا بيتش|دانیا بیچ، فلوریدا|ड्यानिया बीच|デーニア・ビーチ|达尼亚滩的|達尼亞灘的|데이니아비치
Davie,city,FL,26.06287,-80.2331,100882,Dehvi|Dejvi|Devi|dai wei|debhi|dyfy|dywy  flwryda|Деві|Дейви|Дејви|Дэви|ديفي|دیوی، فلوریدا|डेभी|戴维
Daytona Beach,city,FL,29.21081,-81.02283,72647,DAB|Daytona|Dejtona Bich|Dejtona Bijch|Dejtona-Bich|dai tong na hai tan|daytwna bytsh|deitonabichi|detana bica|dytwna bych  flwryda|teytona katarkarai|Дейтона Бийч|Дейтона-Бич|Дейтона-Біч|Дејтона Бич|دايتونا بيتش|دیتونا بیچ، فلوریدا|डेटना बीच|டெய்டோனா கடற்கரை|デイトナビーチ|戴通納海灘|데이토나비치
DeLand,city,FL,29.02832,-81.30312,30195,De Land|de lan|de lyanda|delandi|dwlnd  flwryda|dyland|Деланд|دولند، فلوریدا|ديلاند|डे ल्यांड|დელანდი|德兰
DeBary,city,FL,28.88305,-81.30868,19998,De Bary|Deberi|de bai rui|de byari|dwbary  flwryda|dybary|Дебери|دوباری، فلوریدا|ديباري|डे ब्यारी|徳拜瑞
Deerfield Beach,city,FL,26.31841,-80.09977,79768,Deerfield|Dirfild Bicas|Dirfild Bich|Dirfild Bičas|Dirfild-Bich|Ntirfilnt Bits|di er fei er de hai tan|diafirudo|dyaraphilda bica|dyrfyld bych  flwryda|dyrfyld bytsh|dyrpyld byz'|Ντίρφιλντ Μπιτς|Дирфилд Бич|Дирфилд-Бич|Дірфілд-Біч|Դիրֆիլդ բիչ|דירפילד ביץ'|ديرفيلد بيتش|دیرفیلد بیچ، فلوریدا|ड्यरफिल्ड बीच|ディアフィールド|迪尔菲尔德海滩
Delray Beach,city,FL,26.46146,-80.07282,66255,Del Ray Beach|Delrej Bich|Delrej-Bich|de la hai tan|delre bica|derureibichi|dlray bytsh|dlry bych  flwryda|dlryy byz|Делрей-Бич|Делрей-Біч|Делреј Бич|דלריי ביץ|دلراي بيتش|دلری بیچ، فلوریدا|डेल्रे बीच|デルレイビーチ|德拉海灘
Deltona,city,FL,28.90054,-81.26367,88474,de er tuo na|deltana|dltwna|dltwna  flwryda|Делтона|دلتونا|دلتونا، فلوریدا|डेल्टना|დელტონა|德尔托纳
Destin,city,FL,30.39353,-86.49578,13523,DSI|Dester|VPS|de si tan|destina|dstyn  flwryda|dystn|Дестин|دستین، فلوریدا|ديستن|डेस्टिन|德斯坦
Doctor Phillips,city,FL,28.44945,-81.49229,10981,Doktor Filips|Doktor-Fillips|Dr. Phillips|daktara philipsa|dktr fylyps|dktr fylyps  flwryda|fei li pu si bo shi|Доктор Филипс|Доктор-Филлипс|Доктор-Філліпс|دکتر فیلیپس|دکتر فیلیپس، فلوریدا|डक्टर फिलिप्स|菲利普斯博士
Doral,city,FL,25.81954,-80.35533,75874,dorala|duo la|dwral|dwral  flwryda|Дорал|دورال|دورال، فلوریدا|डोराल|多拉
Dunedin,city,FL,28.0199,-82.77323,36164,Dandin|Danedin|Danidin|Djunedin|Jonesboro|da ni ding|dandyn  flwryda|daniden|dunedina|dwndyn  flwryda|dywndn|Дандін|Данедин|Данидин|Дюнедин|داندین، فلوریدا|دوندین، فلوریدا|ديوندن|डुनेडिन|ダニーデン|达尼丁|達尼丁
East Lake,city,FL,28.11085,-82.69482,30962,
East Milton,city,FL,30.61519,-87.02163,11074,
East Naples,city,FL,26.13842,-81.76648,22951,Naples Thoir|ayst nyplz|ayst nyplz  flwryda|dong na bu lei si|ایست نیپلز|ایست نیپلز، فلوریدا|東那不勒斯
East Pensacola Heights,city,FL,30.42881,-87.17997,54104,
Edgewater,city,FL,28.98888,-80.90228,21566,
Egypt Lake-Leto,city,FL,28.01769,-82.50619,35282,Egypt Lake-Leto CDP|Idzhipt-Lejk-Leto|Idzipt Lejk-Lito|ai ji hu-lai tuo|ayjpt lyk lytw|ayjpt lyk lytw  flwryda|ijipta lekleto|Іджипт-Лейк-Лето|Иджипт-Лейк-Лето|Иџипт Лејк-Лито|ایجپت لیک لیتو|ایجپت لیک لیتو، فلوریدا|इजिप्ट लेक्लेटो|埃及湖-萊托
Elfers,city,FL,28.21668,-82.72232,13986,Ehlfers|ai er fu si|alfrs  flwryda|elpharsa|Елферс|Элферс|الفرس، فلوریدا|एल्फर्स|埃爾弗斯
Englewood,city,FL,26.96201,-82.3526,14863,Englvud|Inglvud|anghlwwd|anglwwd|anqlwwd  flwryda|en ge er wu de|eng-geul-udeu|enjelavuda|Енглвуд|Инглвуд|إنغلوود|انقلوود، فلوریدا|انگلوود|एंजेलवूड|恩格爾伍德|엥글우드
Ensley,city,FL,30.51881,-87.27275,20602,Ehnsli|Enslej|Ensli|ansly|ansly  flwryda|en si li|ensli|Енслей|Енсли|Енслі|Энсли|انسلی|انسلی، فلوریدا|एन्स्ली|恩斯利
Estero,city,FL,26.43814,-81.80675,30799,Istero|Естеро|Истеро|एस्तेरो
Eustis,city,FL,28.85277,-81.68535,19986,Justis|awstys  flwryda|you si di si|yustisa|yusutisu|ywstys|Јустис|Юстис|Юстіс|اوستیس، فلوریدا|يوستيس|युस्तिस|ユースティス|尤斯蒂斯
Fairview Shores,city,FL,28.59111,-81.39424,10239,Fehrv'ju-Shors|Fejrv'ju-Shors|Fejrvuju-Shors|Fervju Shors|fei er wei you hai an|frwyw shwrz|frwyw shwrz  flwryda|pheyarabhyu sorsa|Фейрв'ю-Шорс|Фейрвъю-Шорс|Фервју Шорс|Фэрвью-Шорс|فرویو شورز|فرویو شورز، فلوریدا|فیئرویو شوریس، فلوریڈا|फेयरभ्यू शोर्स|費爾維尤海岸
Fernandina Beach,city,FL,30.66968,-81.46259,12339,Amelia Beach|Egmont Town|Fernandina|Fernandina Bich|fei nan di na bi qi|frnandyna bych  flwryda|frnandyna bytsh|pharn'yandina bica|Фернандина Бич|فرناندينا بيتش|فرناندینا بیچ، فلوریدا|फर्न्यांडिना बीच|费南迪纳比奇
Ferry Pass,city,FL,30.5102,-87.21247,28921,Feri Pas|Ferri-Pass|pheri pasa|Фери Пас|Ферри-Пасс|फेरी पास
Fish Hawk,city,FL,27.85058,-82.21092,14087,Finsh-Gok|Fish Khok|Fish-Khouk|fei shen huo ke|fyshhawk|fyshhawk  flwryda|phisa haka|Финш-Гок|Фиш Хок|Фиш-Хоук|Фінш-Гок|فیشهاوک|فیشهاوک، فلوریدا|फिश हक|菲什霍克
Flagami,city,FL,25.76232,-80.31616,50834,
Fleming Island,city,FL,30.0933,-81.71898,27126,
Florida City,city,FL,25.44789,-80.47922,13085,Florida Siti|Florida-Siti|Urbo Florido|flwryda syty|flwryda syty  flwryda|flxrida si ti|fu luo li da shi|furoridashiti|peullolidasiti|phlorida siti|Флорида Сити|Флорида Цитy|Флорида-Сити|Флорида-Сіті|فلوريدا سيتى|فلوريدا سيتي|فلوریدا سیتی، فلوریدا|फ्लोरिडा सिटी|ฟลอริดาซิตี|フロリダシティ|佛罗里达市|佛羅里達市|플로리다시티
Florida Ridge,city,FL,27.58031,-80.38672,18164,Florida Ridz|Florida-Ridzh|flwryda ryj|flwryda ryj  flwryda|fu luo li da li qi|phlorida rija|Флорида Риџ|Флорида-Ридж|فلوریدا ریج|فلوریدا ریج، فلوریدا|फ्लोरिडा रीज|佛羅里達里奇
Forest City,city,FL,28.66678,-81.44334,13854,Forest-Siti|Forist Siti|farst syty|farst syty  flwryda|pharesta siti|sen lin cheng|Форест-Сити|Форест-Сіті|Форист Сити|فارست سیتی|فارست سیتی، فلوریدا|फरेस्ट सिटी|森林城
Fort Lauderdale,city,FL,26.12231,-80.14338,183146,FLL|Fort Loderdeil|Fort Loderdeilas|Fort Loderdejl|Fort Lodurdejl|Fort-Loderdejl|Fortloderdeila|Ft. Lauderdale|f xr tlxde xrdel|fotorodaderu|fwrt ladrdyl  flwryda|fwrt lawdrdal|lao de dai er bao|pharta la'udaradela|phorta lodaradela|poteulodeodeil|pwrt lwdrdyyl|Форт Лодердејл|Форт Лодърдейл|Форт-Лодердейл|פורט לודרדייל|فورت لادردیل، فلوریدا|فورت لاودردال|فورٹ لاؤڈرڈیل|فورٹ لاوڈرڈیل، فلوریڈا|फर्ट लाउदरदेल|फोर्ट लॉडरडेल|ฟอร์ตลอเดอร์เดล|フォートローダーデール|劳德代尔堡|포트로더데일
Fort Myers,city,FL,26.62168,-81.84059,74013,FMY|Fort Majers|Fort-Maers|Ft. Myers|Myers|fotomaiyazu|fwrt mayrz|fwrt mayrz  flwryda|mai er zi bao|pharta mayarsa|poteumaieoseu|Форт Майерс|Форт Мајерс|Форт-Маєрс|فورت مايرز|فورت مایرز، فلوریدا|फर्ट मायर्स|フォートマイヤーズ|麥爾茲堡|포트마이어스
Fort Pierce,city,FL,27.44671,-80.32561,44484,FPR|Fort Pirs|Fort-Pirs|Ft. Pierce|fwrt byrs|fwrt pyrs  flwryda|pharta piyarsa|pi er si bao|Форт Пирс|Форт-Пірс|فورت بيرس|فورت پیرس، فلوریدا|फर्ट पियर्स|匹尔斯堡
Fort Walton Beach,city,FL,30.42059,-86.61707,21817,Camp Walton|Fort Volton Bich|Fort-Volton-Bich|Ft Walton Beach|VPS|fotouorutonbichi|fwrt waltwn bych  flwryda|fwrt waltwn bytsh|hua er dun bao tan|pharta valatana bica|poteuwolteonbichi|Форт Волтон Бич|Форт-Волтон-Бич|Форт-Волтон-Біч|Форт-Уолтон-Бич‎|فورت والتون بيتش|فورت والتون بیچ، فلوریدا|फर्ट वालटन बीच|フォートウォルトンビーチ|华尔顿堡滩|華爾頓堡灘|포트월턴비치
Fountainebleau,city,FL,25.77288,-80.34783,59764,Fountainbleau
Fruit Cove,city,FL,30.11107,-81.64176,29362,
Fruitville,city,FL,27.32977,-82.4576,13224,Fruitvile|Frutvil|Frutvill|frwtywyl|frwtywyl  flwryda|fu lu te wei er|phrutabhila|Фруитвиле|Фрутвил|Фрутвилл|Фрутвілл|فروتیویل|فروتیویل، فلوریدا|फ्रुटभिल|弗魯特維爾
Gainesville,city,FL,29.65163,-82.32483,145214,GNV|Gainesopolis|Geinsvilis|Gejnsvil|Gejnsvill|Hog Town|ga'insabhila|gai en si wei er|geinjeubil|geinzubiru|ghynzfyl|gynzwyl  flwryda|gyynswwyl|Гейнсвил|Гейнсвилл|Гейнсвілл|Гејнсвил|גיינסוויל|غينزفيل|گینزویل، فلوریدا|गाइन्सभिल|ゲインズビル|蓋恩斯維爾|게인즈빌
Gibsonton,city,FL,27.85364,-82.38259,14234,Gibtown
Gladeview,city,FL,25.83926,-80.2356,11535,Glejdv'ju|Glejdvju|Glejdvuju|ge la de wei you|glyadabhyu|glydwyw|qlydwyw  flwryda|Глейдв'ю|Глейдвъю|Глейдвью|Глејдвју|قلیدویو، فلوریدا|گلیدویو|ग्ल्याडभ्यू|格拉德維尤|格拉德维尤
Glenvar Heights,city,FL,25.7076,-80.32561,16898,
Golden Gate,city,FL,26.18787,-81.69509,23961,Golden Gejt|Golden-Gejt|ge er deng gai te|gldn gyt|goldena geta|qldn qyt  flwryda|Голден Гејт|Голден-Гейт|قلدن قیت، فلوریدا|گلدن گیت|गोल्डेन गेट|戈爾登蓋特
Golden Glades,city,FL,25.91176,-80.20033,33145,Golden Glejds|Golden-Glejds|ge er deng ge lai zi|gldn glydz|goldena glyadsa|qldn qlydz  flwryda|Голден Глејдс|Голден-Глейдс|قلدن قلیدز، فلوریدا|گلدن گلیدز|गोल्डेन ग्ल्याड्स|戈爾登格萊茲
Goldenrod,city,FL,28.61028,-81.28868,12039,Golden Rod Station|ge er deng luo de|goldenarada|qwldn rad  flwryda|Голденрод|قولدن راد، فلوریدا|گولدن‌راد|गोल्डेनरड|戈爾登羅德
Gonzalez,city,FL,30.58158,-87.29136,13273,Gonsales|González|gang sa lei si|ghwnzalys|gnzals|gonjaleja|qnzals  flwryda|Гонзалез|Гонсалес|غونزاليس|قنزالس، فلوریدا|گنزالس|गोन्जालेज|冈萨雷斯|岡薩雷斯
Goulds,city,FL,25.56261,-80.38228,11446,Gulds|ga'uldsa|gu er zi|gwldz|qawldz|qwldz  flwryda|Гоулдс|Гулдс|قاولدز|قولدز، فلوریدا|گئولڈز، فلوریڈا|گولدز|गाउल्ड्स|古爾茲
Greenacres City,city,FL,26.62368,-80.12532,32963,Greenacres
Groveland,city,FL,28.55805,-81.85119,11528,Grouvlend|Grovland|ge luo fu lan|ghrwfland|grobhalyanda|grwwlnd  flwryda|guroburando|jrwfland|qrwwlnd  flwryda|Гровеланд|Гровланд|Гроувленд|جروفلاند|غروفلاند|قروولند، فلوریدا|گروولند، فلوریدا|ग्रोभल्यान्ड|グローブランド|格罗夫兰|格羅夫蘭
Gulf Gate Estates,city,FL,27.25173,-82.51471,10911,
Gulfport,city,FL,27.74836,-82.70343,12322,Galfport|Galfporta|Gulf Port|galphaporta|garufupoto|ge er fu bo te|ghwlfbwrt|jwlfbwrt|qwlfpwrt  flwryda|Галфпорт|Галфпорта|Гулфпорт|جولفبورت|غولفبورت|قولفپورت، فلوریدا|گالف‌پورت|گلف پورٹ، فلوریڈا|गल्फपोर्ट|ガルフポート|格尔夫波特|格爾夫波特
Haines City,city,FL,28.1145,-81.62009,22807,Gejns-Siti|Khaines City|Khejns Siti|ha'insa siti|hai en si cheng|hainzushiti|hynz syty|hynz syty  flwryda|Гейнс-Сити|Гейнс-Сіті|Хаинес Цитy|Хејнс Сити|هينز سيتى|هينز سيتي|هینز سیتی، فلوریدا|हाइन्स सिटी|ハインズシティ|海恩斯城
Hallandale Beach,city,FL,25.9812,-80.14838,39488,Gallandejl|Hallandale|Khalandejl Bich|Khallandejl-Bich|ha lun dai er hai tan|halandyl bych  flwryda|halandyl bytsh|halyandela|Галландейл|Халандејл Бич|Халландейл-Бич|هالانديل بيتش|هالاندیل بیچ، فلوریدا|हल्यांडेल|ハランデール・ビーチ|哈伦代尔海滩|哈倫代爾海灘
Hialeah,city,FL,25.8576,-80.27811,237069,Hajalija|Khajalia|Khajalija|hai e li ya|haiaria|haieollia|hayali'ah|hyalya  flwryda|hyalyh|Хайалиа|Хаялия|Хаяліа|Хајалија|هياليه|هیالیا، فلوریدا|ہیالیاہ، فلوریڈا|ہیالیح|हायालिआः|ハイアリア|海厄利亞|하이얼리아
Hialeah Gardens,city,FL,25.8651,-80.3245,23926,Khajalija Gardens|hayali'ah gardensa|hyalya gardnz  flwryda|hyalyh ghardnz|Хајалија Гарденс|هياليه غاردنز|هیالیا گاردنز، فلوریدا|हायालिआः गार्डेन्स
Highland City,city,FL,27.9653,-81.87786,10834,Gajlend-Siti|Khajland Siti|Khajlend-Siti|gao de cheng|ha'ilyanda siti|haylnd syty|haylnd syty  flwryda|Гайленд-Сити|Гайленд-Сіті|Хайленд-Сити|Хајланд Сити|هایلند سیتی|هایلند سیتی، فلوریدا|हाइल्यान्ड सिटी|高地城
Hobe Sound,city,FL,27.0595,-80.13643,11521,Khob Saund|hoba sa'unda|Хоб Саунд|होब साउन्ड
Holiday,city,FL,28.18779,-82.73955,22403,Golidej|Kholidaj|Kholidej|ha le di|halydy|halydy  flwryda|holide|horide|Голидей|Голідей|Холидай|Холидей|Холидеј|هالیدی|هالیدی، فلوریدا|होलिडे|ホリデー|哈樂迪
Holly Hill,city,FL,29.24359,-81.03756,11943,Golli-Gill|Kholi Khil|Kholly Khill|hali hila|huo li xi er|hwly hyl|hwly hyl  flwryda|Голли-Гилл|Голлі-Гілл|Холи Хил|Холлy Хилл|هولى هيل|هولي هيل|هولی هیل، فلوریدا|हलि हिल|霍利希尔|霍利希爾
Hollywood,city,FL,26.0112,-80.14949,149728,Gollivud|HWO|Hollywood by the Sea|Kholivud|Khollivud|halivuda|halliudeu|halywwd  flwryda|hao lai wu|hariuddo|hwlywwd|Голливуд|Голлівуд|Холивуд|Холливуд|הוליווד|هالیوود، فلوریدا|هوليوود|ہالی ووڈ، فلوریڈا|ہولی وڈ|हलिवूड|ハリウッド|好萊塢|할리우드
Homestead,city,FL,25.46872,-80.47756,80737,Gomsted|HST|Khomsted|homasteda|homusuteddo|huo mu si te de|hwmstd|hwmstd  flwryda|hwmstyd|hwmztyd  flwryda|Гомстед|Хомстед|הומסטד|هومزتید، فلوریدا|هومستد، فلوریدا|هومستيد|होमस्टेड|ホームステッド|霍姆斯特德
Homosassa Springs,city,FL,28.80359,-82.57593,13791,
Hudson,city,FL,28.36445,-82.69343,12158,Gadson|Gudzon|Khadson|ha de xun|hadsana|hwdswn  flwryda|Гадсон|Гудзон|Хадсон|هودسون، فلوریدا|ہڈسن، فلوریڈا|हड्सन|哈德遜
Hunters Creek,city,FL,28.36056,-81.42229,14321,
Immokalee,city,FL,26.41869,-81.4173,24154,IMM|Immokali|Imokale|Imokali|aymwkaly|aymwkaly  flwryda|im'mokyali|imokari|yi mo ka li|Іммокалі|Иммокали|Имокале|Имокали|إيموكالي|ایموکالی|ایموکالی، فلوریدا|इम्मोक्याली|イモカリー|伊莫卡利
Iona,city,FL,26.52036,-81.96398,15369,
Ives Estates,city,FL,25.96231,-80.17671,19525,Ajvis-Istejts|Ajvs Estejts|Ajvs-Estejts|a'ibheja estetsa|aywz astyts  flwryda|yi fu si zhuang yuan|Айвис-Истейтс|Айвс-Естейтс|Ајвс Естејтс|آیوز استیتس، فلوریدا|आइभेज एस्टेट्स|伊夫斯莊園
Jacksonville,city,FL,30.33218,-81.65565,1009833,Ceksonvill|Cow Creek|Cow Ford|Cowford|Dzeksonvil|Dzeksonvila|Dzeksonvilis|Dzhaksnvil|Dzhehksanvil|Dzhehksonvill|Dzheksonvill|Džeksonvila|Džeksonvilis|Gaksonvilo|Iacsoniapolis|Iacsonvilla|JAX|Tzaksonvil|Wakka Pilatka|Zhehksonvill|gqswnwwyl|jaegseunbil|jaikasanavila|jaiksanavila|jakcanvil|jakswnfyl|jakusonbiru|jeksanavhila|jeksonvili|jie ke xun wei er|jyakasanabhila|jyaksanabhila|jyksn wyl|Ĝaksonvilo|Τζάκσονβιλ|Џексонвил|Джаксънвил|Джексонвілл|Джэксанвіл|Джэксонвилл|Жэксонвилл|Ջեքսոնվիլ|גקסונוויל|جاكسونفيل|جکسون‌ویل|جیکسن ویل|जॅक्सनव्हिल|जैक्सनविल|ज्याकसनभिल|জ্যাক্সনভিল|ਜੈਕਸਨਵਿਲ|ஜாக்சன்வில்|แจ็กสันวิลล์|ჯექსონვილი|ジャクソンビル|杰克逊维尔|잭슨빌
Jacksonville Beach,city,FL,30.29469,-81.39314,23064,Dzeksonvil Bich|Pablo Beach|jakswnfyl bytsh|jie ke xun wei er hai tan|jyakasanabhila bica|Џексонвил Бич|جاكسونفيل بيتش|جکسون‌ویل بیچ، فلوریدا|جککسونویل بیچ، فلوریڈا|ज्याकसनभिल बीच|杰克逊维尔海滩
Jasmine Estates,city,FL,28.29306,-82.6901,18989,Dzasmin Estejts|Dzhazmin-Estejts|Dzhesmajn-Istejts|jasmyn astyts|jasmyn astyts  flwryda|jyasmina estetsa|mo li hua zhuang yuan|Џасмин Естејтс|Джазмин-Естейтс|Джазмін-Естейтс|Джесмайн-Истейтс|جاسمین استیتس|جاسمین استیتس، فلوریدا|جیسمین اسٹیٹس، فلوریڈا|ज्यास्मिन एस्टेट्स|茉莉花莊園
Jensen Beach,city,FL,27.25449,-80.22977,11707,Dzhensen-Bich|Jensen Bich|jensena bica|Јенсен Бич|Дженсен-Бич|जेन्सेन बीच
Jupiter,city,FL,26.93422,-80.09421,62707,Dzhjupiter|Dzupiter|Júpiter|jupita|jwbytr  flwryda|zhu bi te|zhwpytr  flwryda|Џупитер|Джюпітер|Юпитер|جوبيتر، فلوريدا|ژوپیتر، فلوریدا|ジュピター|朱庇特
Kendale Lakes,city,FL,25.70816,-80.407,56148,Kendejl|Kendejl Lejks|Kendejl-Lejks|kenadela leksa|kndyl lyks|kndyl lyks  flwryda|Кендейл|Кендейл-Лейкс|Кендејл Лејкс|کندیل لیکس|کندیل لیکس، فلوریدا|केनडेल लेक्स|ケンデール・レイクス
Kendall,city,FL,25.67927,-80.31727,80241,Kendal|kendala|Кендал|Кендалл|केन्डल
Key Biscayne,city,FL,25.69371,-80.16282,12990,Ki Biskeinas|Ki Biskejn|bi si kan wan|ki bis'sayana|ky byskayn|ky byskyn  flwryda|Ки Бискејн|كي بيسكاين|کی بیسکین، فلوریدا|की बिस्सायन|比斯坎湾
Key Largo,city,FL,25.08652,-80.44728,10433,Cayo Largo|KYL|Ki-Largo|ki largo|Ки-Ларго|की लार्गो
Key West,city,FL,24.55524,-81.78163,25755,Allentown|Bone Island|Caio Os|Cayo Hueso|Cayo Huesso|Cayo de Huesos|EYW|Keywest|Ki Vest|Ki Vestas|Ki-Uehst|Ki-Vest|ji wei si te|ki vesta|kiuesuto|kiweseuteu|ky wst  flwryda|ky wyst|qy wst|Ки Вест|Ки-Уэст|Кі-Вест|Кі-Уэст|קי וסט|كي ويست|کی وست، فلوریدا|की वेस्ट|კი-უესტი|キーウェスト|基韋斯特|키웨스트
Keystone,city,FL,28.15585,-82.62121,24039,
Kings Point,city,FL,26.44535,-80.13977,12201,Kings Pojnt|Kings-Pojnt|jin si bo yin te|kingas po'inta|Кингс Појнт|Кингс-Пойнт|किङ्गस् पोइन्ट|金斯波因特
Kissimmee,city,FL,28.30468,-81.41667,69152,Kisimi|Kissimmi|ji xi mi|kishimi|kisime|kysymy|kysymy  flwryda|qysymy|Кисими|Киссимми|Кіссіммі|קיסימי|كيسيمي|کیسیمی، فلوریدا|किसिमे|キシミー|基西米
Lady Lake,city,FL,28.91749,-81.92286,14717,Ledi-Lejk|Lejdi Lejk|ledi leka|lydy lyk|lydy lyk  flwryda|sheng mu hu|Леди-Лейк|Лејди Лејк|ليدي ليك|لیدی لیک، فلوریدا|لیڈی لیک، فلوریڈا|लेडी लेक|圣母湖
Lake Butler,city,FL,28.50167,-81.54091,15400,Lake Butter
Lake City,city,FL,30.18968,-82.63929,12161,LCQ|Lejk Siti|lai ke cheng|leka siti|lyk syty|lyk syty  flwryda|Лејк Сити|ليك سيتي|لیک سٹی، فلورایڈا|لیک سیتی، فلوریدا|लेक सिटी|莱克城
Lake Magdalene,city,FL,28.07418,-82.47176,28509,
Lake Mary,city,FL,28.75888,-81.31784,16021,Lejk Meri|leka meri|lyk mary|lyk mry  flwryda|ma li hu|Лејк Мери|ليك ماري|لیک مری، فلوریدا|لیک میری، فلورایڈا|लेक मेरी|玛丽湖
Lake Wales,city,FL,27.90141,-81.58591,15541,Lejk Vejls|Lejk-Uehjls|Lejk-Vejls|leka velsa|lyk wylz|lyk wylz  flwryda|lyyq wls|reikuueruzu|wei er shi hu|wei er si hu|Лейк-Вейлс|Лейк-Уэйлс|Лејк Вејлс|Լեյք Ուելս|לייק ולס|ليك ويلز|لیک ویلز، فلورایڈا|لیک ویلز، فلوریدا|लेक वेल्स|レイクウェールズ|威尔士湖|威爾士湖|威爾斯湖
Lake Worth Beach,city,FL,26.61708,-80.07231,37498,Lake Worth|Lejk Vort|lai ke wo si|leka vartha|lyk wrth  flwryda|lyk wwrth|Лејк Ворт|ليك وورث|لیک ورتھ، فلورایڈا|لیک ورث، فلوریدا|लेक वर्थ|莱克沃思
Lake Worth Corridor,city,FL,26.61649,-80.10102,20635,Lake Worth Corridor CDP|Lejk-Uehrt-Korridor|leka vartha karidara|lyk wrth kwrydwr|lyk wrth kwrydwr  flwryda|wo si hu zou lang|Лейк-Уэрт-Корридор|لیک ورتھ کوریڈور، فلورایڈا|لیک ورث کوریدور|لیک ورث کوریدور، فلوریدا|लेक वर्थ करिडर|沃思湖走廊
Lakeland,city,FL,28.03947,-81.9498,104401,LAL|Lehjklehnd|Leiklandas|Leiklande|Leiklant|Lejkland|Lejklend|Leyklend|lai ke lan|leikeullaendeu|lek lyand|lekalainda|lekalamda|lekalenda|lekalyanda|leklent|leklyand|lykland|lyyqlnd|reikurando|Λέικλαντ|Лейкланд|Лейкленд|Лејкланд|Лэйклэнд|לייקלנד|ليكلاند|لیک لینڈ، فلورایڈا|لیک‌لند|لیک‌لند، فلوریدا|लेकलँड|लेकलैंड|लेकल्यान्ड|লেকল্যান্ড|લેકલેંડ|லேக்லேண்ட்|లేక్ల్యాండ్|ಲೇಕ್ ಲ್ಯಾಂಡ್|ලේක්ලන්ඩ්|เลคแลนด์|レイクランド|莱克兰|萊克蘭|레이클랜드
Lakeland Highlands,city,FL,27.95975,-81.95008,11056,Lejkland Khajlands|Lejklend-Gajlends|Lejklend-Khajlends|lekalyanda ha'ilyandsa|Лейкленд-Гайлендс|Лейкленд-Хайлендс|Лејкланд Хајландс|لیک لینڈ ہائی لینڈز، فلورایڈا|لیک‌لندز های‌لندز|لیک‌لندز های‌لندز، فلوریدا|लेकल्यान्ड हाइल्यांड्स
Lakes by the Bay,city,FL,25.57233,-80.32533,11422,leksa ba'i da be|lyks bay d by|lyks bay d by  flwryda|لیکس بائے دی بے، فلورایڈا|لیکس بای د بی|لیکس بای د بی، فلوریدا|लेक्स बाइ द बे
Lakeside,city,FL,30.12996,-81.76815,30943,Lejksajd|lai ke sai de|lekasa'ida|Лейксайд|Лејксајд|لیک سائڈ، فلوریڈا|لیک‌ساید|لیک‌ساید، فلوریدا|लेकसाइड|萊克賽德
Lakewood Park,city,FL,27.54309,-80.40227,11323,Lejkvud Park|Lejkvud-Park|lai ke wu de gong yuan|lekavuda parka|Лейквуд-Парк|Лејквуд Парк|لیک ووڈ پارک، فلورایڈا|لیک‌وود پارک|لیک‌وود پارک، فلوریدا|लेकवूड पार्क|萊克伍德公園
Land O' Lakes,city,FL,28.2189,-82.45759,31996,
Lantana,city,FL,26.58674,-80.05199,11136,Lantona
Largo,city,FL,27.90979,-82.78842,81000,Largas|Larnko|la ge|lago|lar ko|larago|larghw|largw  flwryda|larjw|larko|larqw  flwryda|rarugo|Λάργκο|Ларго|Ларґо|לארגו|لارجو|لارغو|لارقو، فلوریدا|لارگو، فلورایڈا|لارگو، فلوریدا|लार्गो|লারগো|લાર્ગો|லார்கோ|లార్గో|ಲಾರ್ಗೊ|ලාර්ගෝ|ลาร์โก|ラルゴ|拉哥|라고
Lauderdale Lakes,city,FL,26.16647,-80.20838,34796,Loderdejl Lejks|Loderdejl-Lejks|lao de dai er hu|laundaradeladela leksa|lawdrdyl lyks|lwdrdyl lyks  flwryda|Лодердейл-Лейкс|Лодердејл Лејкс|لاودرديل ليكس|لودردیل لیکس، فلوریدا|लौन्डरडेलडेल लेक्स|劳德代尔湖|勞德代爾湖
Lauderhill,city,FL,26.14036,-80.21338,71579,
Lealman,city,FL,27.82114,-82.67927,19879,Lellman|Lellman Station|Lilman|Lilmen|li er man|lyamn|lyamn  flwryda|Леалман|Лилман|Лилмен|Лілмен|لیامن|لیامن، فلوریدا|利爾曼
Leesburg,city,FL,28.81082,-81.87786,21993,LEE|Leesburg (Florida)|Lijsburg|Lisburg|Lizburg|li si bao|lijbarga|lysbrg  flwryda|lysbrgh|lysbrj|lysbrq  flwryda|rizubagu|Лизбург|Лийсбърг|Лисбург|Лісбург|ليسبرج|ليسبرغ|لیزبرگ، فلوریڈا|لیسبرق، فلوریدا|لیسبرگ، فلوریدا|लीज्बर्ग|リーズバーグ|利斯堡
Lehigh Acres,city,FL,26.62535,-81.6248,86784,Leeland Heights|Lehigh
Leisure City,city,FL,25.49539,-80.42922,26324,Lezher-Siti|Lizher Siti|Lizher-Siti|lijara siti|lyzhr syty|lyzhr syty  flwryda|xiu jian cheng|Лежер-Сити|Лижер Сити|Лижер-Сити|Ліжер-Сіті|لیژر سیتی|لیژر سیتی، فلوریدا|लीजर सिटी|休閒城
Lighthouse Point,city,FL,26.27564,-80.08727,11104,Lajtgauz-Pojnt|Lajtkhaus Pojnt|Lighthouse PT|la'itaha'usa po'inta|lai te hao si bo yin te|laythaws bwynt|laythaws pwynt  flwryda|Лайтгауз-Пойнт|Лајтхаус Појнт|لائٹ ہاوس پوائنٹ، فلوریڈا|لايتهاوس بوينت|لایتهاوس پوینت، فلوریدا|लाइटहाउस पोइन्ट|莱特豪斯波因特|萊特豪斯波因特
Lockhart,city,FL,28.61944,-81.44257,13060,Lokgart|Lokkhart|lakaharta|lakhart|lakhart  flwryda|luo ke ha te|Локгарт|Локхарт|لاکهارت|لاکهارت، فلوریدا|लकहार्ट|洛克哈特
Longwood,city,FL,28.70305,-81.3384,14085,Longvud|lang wu de|langavuda|lanqwwd  flwryda|lwnghwwd|lwngwwd|lwnjwwd|ronguuddo|Лонгwоод|Лонгвуд|לונגווד|لانقوود، فلوریدا|لانگ‌وود|لونجوود|لونغوود|लङ्गवूड|ロングウッド|朗伍德
Lutz,city,FL,28.15112,-82.46148,19344,Lutc|Лутц
Lynn Haven,city,FL,30.24548,-85.64826,20156,Lin Khejven|Linn-Gejven|layn hafn|lin en bi feng gang|lina hyabhena|lyn hawn  flwryda|lyn hywn  flwryda|Лин Хејвен|Линн-Гейвен|Лінн-Гейвен|لاين هافن|لین هاون، فلوریدا|لین هیون، فلوریدا|لین ہیون، فلوریڈا|लीन ह्याभेन|林恩避風港|林恩避风港
Maitland,city,FL,28.62778,-81.36312,17463,Lake Maitland|Mejtland|Mejtlend|me'italyanda|mei te lan|meitorando|mytland|Маитланд|Мейтленд|Мејтланд|ميتلاند|میت‌لند|میت‌لند، فلوریدا|میٹلینڈ، فلوریڈا|मेइटल्यांड|メイトランド|梅特兰|梅特蘭
Mango,city,FL,27.97974,-82.30648,11313,
Marco,city,FL,25.9726,-81.72898,14879,Collier City North|Malco|Marco Island
Marco Island,city,FL,25.94121,-81.71842,17690,MRK|Marko Ajland|Marko-Ajlend|ma ke dao|marko a'ilyanda|markw ayland|markw aylnd  flwryda|markw ayslnd  flwryda|Марко Ајланд|Марко-Айленд|ماركو آيلاند|مارکو آیلند، فلوریدا|مارکو ایسلند، فلوریدا|मार्को आइल्यान्ड|馬可島|马可岛
Margate,city,FL,26.24453,-80.20644,57234,Margejt|ma gai te|mageito|marageta|marghyt|margyt  flwryda|marjyt|marqyt  flwryda|Маргейт|Маргејт|مارجيت|مارغيت|مارقیت، فلوریدا|مارگیت، فلوریدا|मारगेट|マーゲイト|馬蓋特|马盖特
Meadow Woods,city,FL,28.38556,-81.36646,25558,
Melbourne,city,FL,28.08363,-80.60811,84678,MLB|Mel'burn|Melborn|Melburn|melbarna|meruborun|mlbwrn|mlbwrn  flwryda|mo er ben|Мелборн|Мелбурн|Мелбърн|Мельбурн|מלבורן|ملبورن|ملبورن، فلوریدا|ملبورن، فلوریڈا|मेल्बर्न|メルボルン|墨爾本
Merritt Island,city,FL,28.359,-80.69,34743,
Miami,city,FL,25.77427,-80.19366,487014,MIA|Maiami|Majami|Majamis|Mayami|Miamia|Miamo|mai a mi|mai ya mei|maiaemi|maiami|mayami|mayamy|miyami|myamy|myamy  flwryda|Μαϊάμι|Майами|Маями|Маямі|Мајами|Մայամի|מיאמי|مايامى|ميامي|میامی|میامی، فلوریدا|मायामी|मियामी|মায়ামি|માયામિ|மயாமி|మయామి|ಮಿಯಾಮಿ|ไมแอมี|မိုင်ယာမီမြို့|მაიამი|ማያሚ|マイアミ|迈阿密|邁亞美|邁阿密|마이애미
Miami Beach,city,FL,25.79065,-80.13005,92312,Majami Bich|Majami Bijch|Majami-Bich|Saut Bich|mai a mi hai tan|maiaemibichi|maiamibichi|mayami bica|myamy bych  flwryda|myamy bytsh|Майами-Бич|Маями Бийч|Маямі-Біч|Мајами Бич|Саут Бич|ميامي بيتش|میامی بیچ، فلوریدا|میامی بیچ، فلوریڈا|मायामी बीच|マイアミビーチ|迈阿密海滩|마이애미비치
Miami Gardens,city,FL,25.94204,-80.2456,113187,Majami Gardens|Majami-Gardens|mai a mi hua yuan|maiaemigadeunseu|maiamigadenzu|mayami gardensa|myamy gardnz  flwryda|myamy ghardnz|Майами-Гарденс|Маямі-Ґарденс|Мајами Гарденс|ميامي غاردنز|میامی گاردنز، فلوریدا|میامی گارڈنز|میامی گارڈنز، فلوریڈا|मायामी गार्डेन्स|マイアミガーデンズ|迈阿密花园|마이애미가든스
Miami Lakes,city,FL,25.90871,-80.30866,30972,Majami Lejks|Majami-Lejks|mai a mi hu|mayami leksa|myamy lyks|myamy lyks  flwryda|Майами-Лейкс|Мајами Лејкс|ميامي ليكس|میامی لیکس، فلوریدا|मायामी लेक्स|迈阿密湖
Miami Shores,city,FL,25.86315,-80.19283,10831,Majami Shors|mai a mi hai an|mayami sorsa|myamy shwrz|myamy shwrz  flwryda|Мајами Шорс|ميامي شورز|میامی شورز، فلوریدا|मायामी शोर्स|迈阿密海岸
Miami Springs,city,FL,25.82232,-80.2895,14490,Country Club Estates|Majami Springs|Majami-Springs|mai a mi si pu lin si|mayami springas|myamy aspryngz  flwryda|myamy asprynqz  flwryda|myamy sbrnghz|myamy sbrnjz|Маями-Спрингс|Маямі-Спрінгс|Мајами Спрингс|ميامى سبرنجز|ميامي سبرنغز|میامی اسپرینقز، فلوریدا|میامی اسپرینگز، فلوریدا|میامی سپرنگس، فلوریڈا|मायामी स्प्रिङ्गस्|迈阿密斯普林斯
Middleburg,city,FL,30.06885,-81.86038,13008,Middlberg|Midlberg|Midlburg|midalabarga|Миддлберг|Мидлбург|Мідлберґ|मिडलबर्ग
Minneola,city,FL,28.57444,-81.74619,10735,Miniola|mine'ola|mineora|ming ni|mynywla|mynywla  flwryda|Миниола|Миннеола|Міннеола|מינאולה|مينيولا|مینیولا، فلوریدا|मिनेओला|ミネオラ|明尼
Miramar,city,FL,25.98731,-80.23227,137132,mi la ma er|mirama|miramara|myramar|myramar  flwryda|Мирамар|Мірамар|ميرامار|میرامار، فلوریدا|मिरामार|ミラマー|米拉馬爾
Mount Dora,city,FL,28.80249,-81.64452,13519,Maunt Dora|Maunt-Dora|Mt. Dora|ma'unta dora|mant dwra  flwryda|mwnt dwra|shan duo la|Маунт Дора|Маунт-Дора|مانت دورا، فلوریدا|مونت دورا|माउन्ट डोरा|マウント・ドラ|山多拉
Myrtle Grove,city,FL,30.42103,-87.30747,15870,Mertel-Grouv|Mertl Grouv|Mirtl-Grov|mirtala grobha|mo te er ge luo fu|mrtl grw|mrtl qrw  flwryda|Мертел-Гроув|Мертл Гроув|Миртл-Гров|مرتل قرو، فلوریدا|مرتل گرو|میرٹل گروو، فلورائڈا|मीर्टल ग्रोभ|默特爾格羅夫
Naples,city,FL,26.14234,-81.79596,21512,APF|Naples (Florida)|Neapol'|Neapolis|Nejpls|Nejplz|Nejpuls|na bu lei si|neipuruzu|nepalsa|nyblz|nyplz  flwryda|Неаполь|Нейплз|Нейплс|Нейпълс|Нејплс|نيبلز|نیپلز، فلوریدا|नेपल्स|ネイプルズ|那不勒斯
Naranja,city,FL,25.51816,-80.42283,13509,Naran'ja|na lan gu|naranja  flwryda|Наранья|نارانجا|نارانجا، فلوریدا|नरंजा|納蘭賈
Navarre,city,FL,30.40159,-86.86357,31378,Navar|Navarr|na wa er|nawar|nawar  flwryda|Навар|Наварр|ناوار|ناوار، فلوریدا|نوار، فلوریڈا|納瓦爾
New Port Richey,city,FL,28.24418,-82.71927,15842,N'ju-Pojnt-Richi|N'ju-Port-Richi|N'ju-Port-Rychy|Nju Port Richi|n'yu porta rici|nyupotoritchi|nyw bwrt rytshy|nyw pwrt rychy  flwryda|nyw pwrt ryz'y|xin li qi gang|Њу Порт Ричи|Нью-Пойнт-Ричи|Нью-Пойнт-Ричі|Нью-Порт-Ричи|Нью-Порт-Рычы|ניו פורט ריצ'י|نيو بورت ريتشى|نيو بورت ريتشي|نیو پورت ریچی، فلوریدا|न्यु पोर्ट रिची|ニューポートリッチー|新里奇港
New Smyrna Beach,city,FL,29.02582,-80.927,24298,Nea Smyrni|New Smyrna|Nju Smirna Bich|n'yu smirna bica|nyw asmyrna bych  flwryda|nyw smyrna bytsh|xin shi mai na hai tan|Νέα Σμύρνη|Њу Смирна Бич|نيو سميرنا بيتش|نیو اسمیرنا بیچ، فلوریدا|न्यु स्मीर्ना बीच|新士麦那海滩
Niceville,city,FL,30.51686,-86.48217,14714,Boggy|Najsvil|Valparaiso|na'isabhila|naysfyl|ni si wei er|Најсвил|نائیسویل، فلوریڈا|نايسفيل|نایس‌ویل، فلوریدا|नाइसभिल|尼斯维尔
Norland,city,FL,25.94898,-80.21227,23604,naralyanda|nwrlnd|nwrlnd  flwryda|Норланд|نارلینڈ، فلوریڈا|نورلند|نورلند، فلوریدا|नरल्यान्ड
North Andrews Gardens,city,FL,26.19147,-80.14421,10056,Nort Endruz Gardens|nartha endruj gardensa|nwrt andrwz gardnz|nwrt andrwz qardnz  flwryda|Норт Ендруз Гарденс|نورت اندروز قاردنز، فلوریدا|نورت اندروز گاردنز|नर्थ एन्ड्रुज् गार्डेन्स
North Fort Myers,city,FL,26.66729,-81.88009,39407,N Ft Myers|North Ft. Myers
North Lauderdale,city,FL,26.2173,-80.22588,43703,N Lauderdale|Nort Loderdejl|Nort-Loderdejl|bei lao de dai er|nartha laundaradeladela|nwrth lawdrdyl|nwrth lwdrlyl  flwryda|Норт Лодердејл|Норт-Лодердейл|نورث لاودرديل|نورث لودرلیل، فلوریدا|नर्थ लौन्डरडेलडेल|北劳德代尔
North Miami,city,FL,25.89009,-80.18671,62435,Nort Majami|Nort-Majami|bei mai a mi|nartha mayami|noseumaiaemi|nwrt myamy  flwryda|nwrth myamy|nwrth myamy  flwryda|Норт Мајами|Норт-Майами|Норт-Маями|Норт-Маямі|شمالی میامی، فلوریڈا|نورت میامی، فلوریدا|نورث ميامى|نورث ميامي|نورث میامی، فلوریدا|नर्थ मायामी|ノース・マイアミ|北迈阿密|노스마이애미
North Miami Beach,city,FL,25.93315,-80.16255,43971,Nort Majami Bich|Nort-Majami-Bich|Severnyj Majami-Bich|bei mai a mi hai tan|nartha mayami bica|nosumaiamibichi|nwrth myamy bych  flwryda|shmal myamy bytsh|Норт Мајами Бич|Норт-Маями-Бич|Норт-Маямі-Біч|Северный Майами-Бич|צפון מיאמי ביץ'|شمال ميامى بيتش|شمال ميامي بيتش|شمالی میامی بیچ، فلوریڈا|نورث میامی بیچ، فلوریدا|नर्थ मायामी बीच|ノースマイアミビーチ|北迈阿密海滩|北邁阿密海灘
North Palm Beach,city,FL,26.81756,-80.08199,12015,Nort Pam Bich|bei zong lu tan|nartha pama bica|nwrth balm bytsh|nwrth palm bych  flwryda|Норт Пам Бич|نورث بالم بيتش|نورث پالم بیچ، فلوریدا|नर्थ पाम बीच|北棕榈滩
North Port,city,FL,27.04422,-82.23593,62345,Nort Pojnt|Nort-Port|North Port Charlotte|bei gang|nartha porta|nosupoto|nwrth bwrt|nwrth pwrt  flwryda|Норт Појнт|Норт-Порт|نورث بورت|نورث پورت، فلوریدا|नर्थ पोर्ट|ノースポート|北港
Oak Ridge,city,FL,28.47112,-81.42452,22685,Ok-Ridzh|Ouk Ridz|Ouk-Ridzh|oka rija|xiang shu ling|Ок-Ридж|Оук Риџ|Оук-Ридж|اوک‌ریج|اوک‌ریج، فلوریدا|ओक रीज|橡樹嶺
Oakland Park,city,FL,26.17231,-80.13199,44319,Oklend-Park|Oukland Park|ao ke lan gong yuan|awkland bark|awklnd park  flwryda|okalyanda parka|Окленд-Парк|Оукланд Парк|أوكلاند بارك|اوکلند پارک، فلوریدا|ओकल्यान्ड पार्क|奥克兰公园
Ocala,city,FL,29.1872,-82.14009,58218,OCF|Ocola|Okala|ao ka la|awkala|awkala  flwryda|okaella|okala|okara|Окала|أوكالا|اوکالا، فلوریدا|ओकाला|オカラ|奥卡拉|오캘라
Ocoee,city,FL,28.56917,-81.54396,43608,Okoi|ao ke yi|awkwy|awkwyy  flwryda|oko'i|Окои|أوكوي|اوکوئی، فلوریدا|ओकोई|奥科伊
Ojus,city,FL,25.94843,-80.1506,18036,
Oldsmar,city,FL,28.03418,-82.6651,14170,Oldmars|Tampashores|ao de ma er|awldsmar|awldzmar  flwryda|oldsmara|Олдсмар|أولدسمار|اولدزمار، فلوریدا|ओल्ड्स्मार|奥德马尔
Olympia Heights,city,FL,25.72677,-80.35533,13488,Olympic Heights
Opa-locka,city,FL,25.90232,-80.25033,16565,Apalocka|OPF|Opa Locka|Opa-Lokka|Opa-loka|Opa-lokka|Opalocka|ao pa luo ka|awba lwka|awpa-lwka  flwryda|oparokka|opyaloka|Опа-Локка|Опа-лока|أوبا لوكا|اوبا لوكا|اوپا-لوکا، فلوریدا|ओप्यालोका|オパロッカ|奥帕洛卡
Orange City,city,FL,28.94888,-81.29867,11210,Orange City (Florida)
Orlando,city,FL,28.53834,-81.37924,334854,ORL|Orlandas|Orlanto|ao lan duo|aralyando|awrlandw|awrlndw  flwryda|ollaendo|oralamdo|orando|orlanto|Ορλάντο|Орландо|Օռլանդո|אורלנדו|أورلاندو|اورلندو، فلوریدا|اورلینڈو|اورلینڈو، فلوریڈا|अरल्यान्दो|ओरलँडो|ઓર્લાન્ડો|ஒர்லாண்டோ|ออร์แลนโด|ორლანდო|オーランド|奥兰多|올랜도
Ormond Beach,city,FL,29.28581,-81.05589,40970,New Britain|Ormond|Ormond Bich|ao meng de hai tan|armanda bica|awrmnd bych  flwryda|awrmwnd bytsh  flwryda|Ормонд Бич|اورمند بیچ، فلوریدا|اورموند بيتش، فلوريدا|अर्मंड बीच|奥蒙德海滩
Oviedo,city,FL,28.67,-81.20812,38551,Ov'edo|Ovido|ao wei ye duo|awfydw|obhi'edo|Овидо|Овьедо|أوفيدو|اوویه‌دو، فلوریدا|ओभिएडो|奥维耶多
Pace,city,FL,30.59936,-87.16108,20039,Pejs|pei si|peisu|pesa|pys|pys  flwryda|Пейс|Пејс|پیس|پیس، فلوریدا|पेस|ペイス|佩斯
Palatka,city,FL,29.64858,-81.63758,10390,Pilatka|balatka|pa la te ka|palatka  flwryda|Палатка|بالاتكا|پالاتکا، فلوریدا|पालाट्का|帕拉特卡
Palm Bay,city,FL,28.03446,-80.58866,119760,Palm Bej|Palm-Bej|balm bay|palm by  flwryda|pama be|pamubei|zong lu wan|Палм Беј|Палм-Бей|بالم باي|پالم بی، فلوریدا|पाम बे|パームベイ|棕榈湾
Palm Beach Gardens,city,FL,26.82339,-80.13865,52923,Palm Bich Gardens|Palm-Bich-Gardens|balm bytsh ghardnz|palm bych gardnz  flwryda|pama bica gardensa|zong lu tan hua yuan|Палм Бич Гарденс|Палм-Бич-Гарденс|Палм-Біч-Ґарденс|بالم بيتش غاردنز|پالم بیچ گاردنز، فلوریدا|پام بیچ گارڈنز، فلوریڈا|पाम बीच गार्डेन्स|棕櫚灘花園
Palm City,city,FL,27.16783,-80.26616,23120,
Palm Coast,city,FL,29.58497,-81.20784,82893,Palm Koust|Palm-Kost|balm kwst|palm kwst  flwryda|pama kosta|zong lu hai an|Палм Коуст|Палм-Кост|بالم كوست|پالم کوست، فلوریدا|پام کوسٹ، فلوریڈا|पाम कोस्ट|棕榈海岸
Palm Harbor,city,FL,28.07807,-82.76371,57439,Palm-Kharbor|Pam Kharbor|Southerland|Sutherland|pama harbara|Палм-Харбор|Пам Харбор|पाम हार्बर
Palm Springs,city,FL,26.6359,-80.09615,22341,balm sbrnghz|palm aspryngz  flwryda|pama springas|zong lu quan|Палм Спрингс|بالم سبرنغز|پالم اسپرینگز، فلوریدا|پام سپرنگز، فلوریڈا|पाम स्प्रिङ्गस्|棕榈泉
Palm Valley,city,FL,30.17746,-81.38758,20019,
Palmetto,city,FL,27.52143,-82.57232,13249,Palmeto|balmytw|pa er mei tuo|palmeto|palmtw  flwryda|parumetto|Палмето|Палметто|بالميتو|پالمتو، فلوریدا|पाल्मेटो|パルメット|帕尔梅托|帕爾梅托
Palmetto Bay,city,FL,25.62177,-80.32477,24439,Pameto Bej|balmytw bay|palmtw by  flwryda|zong lu wan|Памето Беј|بالميتو باي|پالمتو بی، فلوریدا|棕榈湾
Palmetto Estates,city,FL,25.62149,-80.362,13498,Palmetto-Estejts|Palmetto-Istejts|Pameto Estejts|palmeto estetsa|palmtw astyts|palmtw astyts  flwryda|zong lu zhuang yuan|Палметто-Естейтс|Палметто-Истейтс|Памето Естејтс|پالمتو استیتس|پالمتو استیتس، فلوریدا|पाल्मेटो एस्टेट्स|棕櫚莊園
Panama City,city,FL,30.15946,-85.65983,38286,ECP|PFN|Panama|Panama Siti|Panama-Siti|ba na ma cheng|bnma syty|paeneomasiti|panama siti|panama syty  flwryda|panamashiti|Панама|Панама Сити|Панама-Сити|Панама-Сіті|بنما سيتي|پاناما سٹی، فلوریڈا|پاناما سیتی، فلوریدا|पनामा सिटी|パナマシティ|巴拿马城|패너마시티
Panama City Beach,city,FL,30.17659,-85.80549,12624,Panama Siti Bich|Panama-Siti-Bich|Panamurba Plago|Panamurba Plaĝo|ba na ma shi hai tan|bnma syty bytsh|paeneomasitibichi|panama siti bica|panama syty bych  flwryda|Панама Сити Бич|Панама-Сити-Бич|Панама-Сіті-Біч|بنما سيتى بيتش|بنما سيتي بيتش|پاناما سٹی بیچ، فلوریڈا|پاناما سیتی بیچ، فلوریدا|पनामा सिटी बीच|巴拿馬市海灘|巴拿马市海滩|패너마시티비치
Parkland,city,FL,26.31008,-80.23727,30177,Parklend|barkland|pa ke lan|pakeullaendeu|pakurando|parkalyanda|parklnd  flwryda|prqlnd|Паркланд|Паркленд|Փարքլենդ|פרקלנד|باركلاند|پارکلند، فلوریدا|پارکلینڈ، فلوریڈا|पार्कल्यान्ड|パークランド|帕克兰|帕克蘭|파클랜드
Pembroke Pines,city,FL,26.00315,-80.22394,166611,Pembrok-Pajns|Pembrouk Pajns|Pembruk Pajns|bymbrwk baynz|pembeulokeupainjeu|pembroka pa'insa|penburokupainzu|peng bu luo ke pai en si|pmbrwk paynz  flwryda|pmbrwk payynz|Пемброк-Пайнс|Пемброук Пайнс|Пембрук Пајнс|بيمبروك باينز|پمبروک پائینز|پمبروک پاینز، فلوریدا|پیمبروک پائنز، فلوریڈا|पेम्ब्रोक पाइन्स|ペンブロークパインズ|彭布羅克派恩斯|펨브로크파인즈
Pensacola,city,FL,30.42131,-87.21691,53724,PNS|Pansacolas|Panzacola|Pencocolos|Pensacola i Florida|Pensacolas|Pensakola|Pensicola|bynsakwla|peng sa ge la|peng sa ke la|pensakola|pensakora|penseokolla|pnsakwla  flwryda|Пенсакола|بينساكولا|پنساکولا، فلوریدا|पेन्साकोला|ペンサコーラ|彭萨科拉|彭薩哥拉|펜서콜라
Pine Castle,city,FL,28.47195,-81.36785,10805,Pajn Kasl|Pajn-Kasl|pa'ina kyasala|pai en cheng bao|paynksl|paynksl  flwryda|Пайн-Касл|Пајн Касл|پاینکسل|پاینکسل، فلوریدا|पाइन क्यासल|派恩城堡
Pine Hills,city,FL,28.55778,-81.4534,60076,
Pinecrest,city,FL,25.66705,-80.30811,19452,Pajnkrest|baynkryst|pa'inakresta|pai en ke lei si te|Пајнкрест|باينكريست|پاین‌کرست، فلوریدا|पाइनक्रेस्ट|派恩克雷斯特
Pinellas Park,city,FL,27.8428,-82.69954,51617,Pinelas Park|Pinellas City|Pinellas-Park|bynylas bark|pa'inallasa parka|paynlas park  flwryda|pi nei la si gong yuan|Пинелас Парк|Пінеллас-Парк|بينيلاس بارك|پاینلاس پارک، فلوریدا|पाइनlलस पार्क|皮内拉斯公园
Pinewood,city,FL,25.86898,-80.21699,16520,Pajnvud|pa'inavuda|pai en wu de|paynwwd|paynwwd  flwryda|Пайнвуд|Пајнвуд|پاینوود|پاینوود، فلوریدا|पाइनवूड|派恩伍德
Plant City,city,FL,28.01888,-82.11469,37406,Plant Siti|blant syty|planta siti|plnt syty  flwryda|pu lan te cheng|Плант Сити|بلانت سيتي|پلنت سیتی، فلوریدا|प्लान्ट सिटी|普兰特城
Plantation,city,FL,26.13421,-80.23184,92560,Plantacija|Plantejshn|Plantejshon|blantyshn|plantesana|plntyshn  flwryda|zhong zhi yuan|Плантация|Плантейшн|Плантејшон|بلانتيشن|پلانٹیشن، فلوریڈا|پلنتیشن، فلوریدا|प्लान्टेसन|种植园
Poinciana,city,FL,28.14029,-81.45841,53193,
Pompano Beach,city,FL,26.23786,-80.12477,107762,PPM|Pompano|Pompano Bich|Pompano Bits|Pompano Bycas|Pompano Byčas|Pompano-Bich|Pompanobica|Pompanobīča|bwmbanw syty|pampan bic|pampano bica|pang pa nuo bi qi|pompano bic|pompano bica|pompano pic|pompanobichi|ponpanobichi|pwmpanw bych  flwryda|pwmpnw byz'|pxm pa no bich|Πομπάνο Μπιτς|Помпано Бич|Помпано-Бич|Помпано-Біч|פומפנו ביץ'|بومبانو سيتى|بومبانو سيتي|پومپانو بیچ، فلوریدا|پومپانو بیچ، فلوریڈا|पाम्पानो बीच|पोम्पानो बीच|পম্পানো বিচ|પોમ્પાનો બીચ|போம்பனோ பீச்|పాంపాన్ బీచ్|ಪೊಂಪಾನೊ ಬೀಚ್|පැම්පානෝ බීච්|ปอมปาโน บีช|ポンパノビーチ|庞帕诺比奇|龐帕諾比奇|폼파노비치
Ponte Vedra Beach,city,FL,30.23969,-81.38564,35400,Mineral City|Ponte-Vedra-Bich|bwnth fyrda bytsh|panth wdra bych|panth wdra bych  flwryda|peng te wei de la hai an|peng te wei de la hai tan|pontebedora|pwnth wdrh byz'|Понте-Ведра-Бич|פונטה ודרה ביץ'|بونته فيردا بيتش|پانته ودرا بیچ|پانته ودرا بیچ، فلوریدا|ポンテベドラ|蓬特韋德拉海岸|蓬特韋德拉海灘|蓬特韦德拉海滩
Port Charlotte,city,FL,26.97617,-82.09064,54392,Port Sharlot|Port-Sharlott|porta sarlota|Порт Шарлот|Порт-Шарлотт|पोर्ट शार्लोट
Port Orange,city,FL,29.13832,-80.99561,59866,
Port Saint John,city,FL,28.47695,-80.78867,12267,
Port Saint Lucie,city,FL,27.29393,-80.35033,164603,Port St. Lucie
Port Salerno,city,FL,27.14422,-80.2006,10091,Port-Salerno|Salerno|porta salerno|pwrt salrnw|pwrt salrnw  flwryda|sa lei nuo gang|Порт Салерно|Порт-Салерно|پورت سالرنو|پورت سالرنو، فلوریدا|पोर्ट सालेर्नो|薩勒諾港
Princeton,city,FL,25.53844,-80.40894,39308,Prinston|Принстон
Punta Gorda,city,FL,26.92978,-82.04537,18150,PGD|Panta Gorda|Punta-Gorda|bwnta ghwrda|peng ta ge er da|pwnta gwrda  flwryda|Панта Горда|Пунта-Ґорда|بونتا غوردا|پونتا گوردا، فلوریدا|पुन्टा गोर्डा|蓬塔戈尔达
Punta Gorda Isles,city,FL,26.91756,-82.07842,18306,
Richmond West,city,FL,25.6105,-80.42971,35884,Richmond Vest|Richmond-Uehst|Richmond-Vest|ricamanda vesta|rychmwnd wst|rychmwnd wst  flwryda|xi li shi man|Ричмонд Вест|Ричмонд-Вест|Ричмонд-Уэст|ریچموند وست|ریچموند وست، فلوریدا|रिचमंड वेस्ट|西里士滿
Riverview,city,FL,27.86614,-82.32648,71050,Riverv'ju|ribharabhyu|Ривервью|रिभरभ्यू
Riviera Beach,city,FL,26.77534,-80.0581,34005,Riviera|Rivijera Bich|li wei ai la hai tan|ribhi'era bica|ryfyyra bytsh|rywyra bych  flwryda|Ривијера Бич|ريفييرا بيتش|ریویرا بیچ، فلوریدا|रिभिएरा बीच|里维埃拉海滩
Rockledge,city,FL,28.35084,-80.72533,24926,Rock Ledge|Rokledz|Rokledzh|luo ke lei zhi|rakaleja|rwklydj|Рокледж|Роклеџ|راک‌لج، فلوریدا|روكليدج|रकलेज|罗克雷治
Royal Palm Beach,city,FL,26.7084,-80.2306,37633,Rojal Pam Bich|huang jia zong lu tan|royala pama bica|rwyal balm bytsh|rwyal palm bych  flwryda|Ројал Пам Бич|رائل پام بیچ، فلوریڈا|رويال بالم بيتش|رویال پالم بیچ، فلوریدا|रोयल पाम बीच|皇家棕榈滩
Ruskin,city,FL,27.72086,-82.43315,17208,Raskin|la si jin|raskina|raskyn|raskyn  flwryda|Раскин|Раскін|راسکین|راسکین، فلوریدا|रस्किन|拉斯金
Safety Harbor,city,FL,27.99085,-82.69316,17454,Sejfti Kharbor|an quan gang|sephti harbara|syfty harbr  flwryda|syfty harbwr|Сејфти Харбор|سفتے ہاربر، فلوریڈا|سيفتي هاربور|سیفتی هاربر، فلوریدا|सेफ्टी हार्बर|安全港
Saint Augustine,city,FL,29.89469,-81.31452,12975,Presidio de San Augustin|Saint Augustin|San Agustin|San Agustín|Sejnt-Ogastin|Sent-Ogastin|St. Augustine|UST|seinteuogeoseutin|senta agastina  phlorida|sentoogasutin|sheng ao gu si ding|snt agwstyn|syynt ʼwgwstyn|Сейнт-Огастін|Сент-Огастин|סיינט אוגוסטין|سنت آگوستین|सेन्त अगस्तिन  फ्लोरिदा|セントオーガスティン|聖奧古斯丁|세인트오거스틴
Saint Cloud,city,FL,28.2489,-81.28118,35183,St. Cloud
St. Petersburg,city,FL,27.77086,-82.67927,257083,SPG|Saint Pete|Saint Petersburg
San Carlos Park,city,FL,26.4673,-81.80147,16824,
Sanford,city,FL,28.80055,-81.27312,58111,Fort Mellon|Mellonville|Senford|saenpeodeu|sanfwrd|sang fu de|snfwrd  flwryda|syanpharda|Санфорд|Сенфорд|سانفورد|سنفورد، فلوریدا|स्यान्फर्ड|桑福德|샌퍼드
Santa Rosa Beach,city,FL,30.39603,-86.22883,32459,Santa Rosa
Sarasota,city,FL,27.33643,-82.53065,55118,SRQ|sa la suo ta|saeleosota|saraswta|saraswta  flwryda|Сарасота|ساراسوتا|ساراسوتا، فلوریدا|सारासोटा|サラソータ|萨拉索塔|새러소타
Sarasota Springs,city,FL,27.30894,-82.47954,14395,Sarasota-Springs|sa la suo ta si pu lin si|sarasota springas|saraswta aspryngz|saraswta asprynqz  flwryda|Сарасота Спрингс|Сарасота-Спрингс|Сарасота-Спрінгс|ساراسوتا اسپرینقز، فلوریدا|ساراسوتا اسپرینگز|सारासोटा स्प्रिङ्गस्|薩拉索塔斯普林斯
Satellite Beach,city,FL,28.17612,-80.59005,10633,Satelajt Bich|Satellajt|Satellit Bic|Satellit Biç|Satellit-Bich|sateraitobichi|satylayt bytsh|stlayt bych  flwryda|stlyyt byz'|syatela'ita bica|wei xing hai tan|Сателајт Бич|Сателлайт|Сателлит-Бич|סטלייט ביץ'|ساتيلايت بيتش|ستلایت بیچ، فلوریدا|स्याटेलाइट बीच|サテライトビーチ|卫星海滩
Scott Lake,city,FL,25.94148,-80.23199,14425,Skot Lejk|askat lyk|askat lyk  flwryda|skata leka|Скот Лејк|اسکات لیک|اسکات لیک، فلوریدا|स्कट लेक
Sebastian,city,FL,27.81641,-80.47061,24007,Barefoot Bay|Sebashchan|Sebastián|sai ba si di an|sbastyn  flwryda|sybastyan  flwryda|Себастіан|Себашчан|سباستین، فلوریدا|سيباستيان، فلوريدا|塞巴斯蒂安
Sebring,city,FL,27.49559,-81.44091,10497,SEF|Sibring|sai bai ling|sbryng  flwryda|sebringa|sybryngh|Сибринг|سبرینگ، فلوریدا|سيبرينغ|सेब्रिंग|赛百灵
Seminole,city,FL,27.83975,-82.79121,18153,Seminol|sai mi nuo er|seminola|seminoru|smynwl  flwryda|symynwl|Семинол|Семиноле|Семінол|سمینول، فلوریدا|سيمينول|सेमिनोल|সেমিনোল|セミノール|塞米諾爾|塞米诺尔
Shady Hills,city,FL,28.41,-82.54288,11523,Shedi-Khills|Shejdi Khils|Shejdi-Gills|sedi hilsa|shdy hylz|shdy hylz  flwryda|yin liang shan|Шеди-Хиллс|Шейди-Гиллс|Шейді-Гіллс|Шејди Хилс|شدی هیلز|شدی هیلز، فلوریدا|शेडी हिल्स|陰涼山
Silver Springs,city,FL,29.21664,-82.05759,10334,
South Bradenton,city,FL,27.4631,-82.58176,22178,Saut Brejdenton|Saut-Brejdenton|nan bu lei deng dun|sa'utha bradenatana|sawt bradntwn|sawt bradntwn  flwryda|Саут Брејдентон|Саут-Брейдентон|ساوت برادنتون|ساوت برادنتون، فلوریدا|साउथ ब्राडेनटन|南布雷登頓
South Daytona,city,FL,29.16582,-81.0045,12584,Saut Dejtona|Saut-Dejtona|Soutkh Daytona|nan dai tuo na|sa'utha detana|sawt dytwna  flwryda|sawth daytwna|swt daytwna  flwryda|Саут Дејтона|Саут-Дейтона|Соутх Даyтона|ساوت دیتونا، فلوریدا|ساوث دايتونا|سوت دایتونا، فلوریدا|साउथ डेटना|南代托納|南代托纳
South Miami,city,FL,25.7076,-80.29338,12242,Saut Majami|Saut-Majami|Soutkh Miami|nan mai a mi|sa'utha mayami|sauseumaiaemi|sawt myamy  flwryda|sawth myamy|swt myamy  flwryda|Саут Мајами|Саут-Маями|Саут-Маямі|Соутх Миами|ساوت میامی، فلوریدا|ساوث ميامى|ساوث ميامي|سوت میامی، فلوریدا|साउथ मायामी|南迈阿密|南邁阿密|사우스마이애미
South Miami Heights,city,FL,25.59761,-80.38061,36770,
South Venice,city,FL,27.05311,-82.42426,13949,
Southchase,city,FL,28.39306,-81.3834,15921,Sautchejs|Sautchejz|sa'uthaceja|sawt chys|sawthchys  flwryda|shao si cai si|Саутчейз|Саутчејс|ساوت چیس|ساوثچیس، فلوریدا|साउथचेज|紹斯蔡斯
Spring Hill,city,FL,28.47688,-82.52546,98621,Spring Khil|Spring-Khill|springa hila|Спринг Хил|Спринг-Хилл|स्प्रिङ्ग हिल
Stuart,city,FL,27.19755,-80.25283,16462,SUA|Stjuart|astwart  flwryda|seutyueoteu|si tu er te|stu'arta|stywart|Стјуарт|استوارت، فلوریدا|ستيوارت|स्टुआर्ट|斯图尔特|스튜어트
Sun City Center,city,FL,27.71809,-82.35176,19258,Greater Sun Center|Grejter-San-Senter|San Siti Senter|San-Siti-Senter|gretara sana sentara|tai yang cheng zhong xin|Грейтер-Сан-Сентер|Сан Сити Сентер|Сан-Сити-Сентер|Сан-Сіті-Сентер|سان‌سیتی سنتر|سان‌سیتی سنتر، فلوریدا|ग्रेटर सन सेन्टर|太陽城中心
Sunny Isles Beach,city,FL,25.95065,-80.12282,22123,Sani Ajls Bich|Sanni-Ajls-Bich|Sunny Isles|sanni a'ilsa bica|sany aylz bych  flwryda|sny aylz bytsh|yang guang dao hai tan|Сани Ајлс Бич|Санни-Айлс-Бич|Санні-Айлс-Біч|سانی آیلز بیچ، فلوریدا|سنی آئلز بیچ، فلوریڈا|صني آيلز بيتش|सन्नी आइल्स बीच|阳光岛海滩
Sunrise,city,FL,26.13397,-80.1131,84439,Sanrajz|sanrayz  flwryda|sen lai si|seonlaijeu|snrayz  flwryda|Санрайз|Санрајз|سانرایز، فلوریدا|صنرايز، فلوريدا|森赖斯|선라이즈
Sunset,city,FL,25.70594,-80.35228,16389,Sanset|sanaseta|sanst|sanst  flwryda|sen sai te|Сансет|سانست|سانست، فلوریدا|सनसेट|森塞特
Sweetwater,city,FL,25.76343,-80.37311,20840,Svitvoter|si wei te wo te|svitavatara|swytwatr|Свитвотер|سوئیت‌واتر، فلوریدا|سوئیٹ واٹر، میامی-ڈیڈ کاؤنٹی، فلوریڈا|سويتواتر|स्विटवाटर|斯威特沃特
Tallahassee,city,FL,30.43826,-84.28073,201731,Apalache Old Fields|Newton|Newtown|Old Field Town|Pueblo Nueva|TLH|Talachasi|Talahasi|Talahasis|Talahasī|Talajasy|Talakhasi|Tallahassa|Tallahassee Talofa|Tallahassia|Tallakhassi|Tonabys Town|Tunapy|Villanueva|da la ha xi|ta la he xi|taelleohaesi|talahaci|talahase|talahasi|talahasy|tarahashi|telahasi|Ταλαχάσι|Талахаси|Талахасі|Таллахасси|Таллахассі|Թալահասի|טאלאהאסי|تالاهاسي|تالاهاسی|تالاہاسی، فلوریڈا|ٹالیحسی|टालाहासे|टॅलाहासी|तालाहासे|টালাহাসি|டலஹாசி|ടലഹാസി|แทลลาแฮสซี|ტალაჰასი|タラハシー|塔拉赫西|達拉哈西|탤러해시
Tamarac,city,FL,26.21286,-80.24977,64681,Tamarak|ta ma la ke|tamarak|tamarak  flwryda|tyamaraka|Тамарак|تاماراك|تاماراک، فلوریدا|ट्यामाराक|塔玛拉克
Tamiami,city,FL,25.75871,-80.39839,55271,Tamajami|Tamijami|ta mi ya mi|tamayami|tamyamy|tamyamy  flwryda|Тамайами|Тамаями|Тамаямі|Тамијами|تامیامی|تامیامی، فلوریدا|तामायामी|塔米亞米
Tampa,city,FL,27.94752,-82.45843,414547,TPA|Tampo|taempa|taimpa|tamba|tamppa|tan pa|tanpa|tmpa  flwryda|tmph|Τάμπα|Тампа|Տամպա|טמפה|تامبا|تمپا، فلوریدا|ٹیمپا، فلوریڈا|टँपा|टैम्पा|ताम्पा|டாம்ப்பா|แทมปา|ტამპა|タンパ|坦帕|탬파
Tarpon Springs,city,FL,28.14612,-82.75677,24605,Tarpon Spgs|Tarpon Sprin'nks|Tarpon-Springs|ta peng si pu lin si|taponsupuringusu|tarbwn sbrynghz|tarbwn sbrynjz|tarpona springas|tarpwn aspryngz  flwryda|tarpwn asprynqz  flwryda|trpwn spryngs|Τάρπον Σπρινγκς|Тарпон Спрингс|Тарпон-Спрингс|Тарпон-Спрінгс|טרפון ספרינגס|تاربون سبرينجز|تاربون سبرينغز|تارپون اسپرینقز، فلوریدا|تارپون اسپرینگز، فلوریدا|टार्पोन स्प्रिङ्गस्|ターポンスプリングス|塔彭斯普林斯
Tavares,city,FL,28.80416,-81.72563,15430,Taveris|ta wa lei si|tafarys|tawars  flwryda|tyabhareja|Таверис|تافاريس|تاوارس، فلوریدا|ट्याभारेज|塔瓦雷斯
Temple Terrace,city,FL,28.0353,-82.38926,25731,Templ Teras|Templ-Terras|tan pu er te lei si|tempala teresa|tmbl tras|tmpl tras  flwryda|Темпл Терас|Темпл-Террас|Темпле Терраце|تمبل تراس|تمپل تراس، فلوریدا|टेम्पल टेरेस|テンプル・テラス|坦普尔特雷斯|坦普爾特雷斯
The Crossings,city,FL,25.67066,-80.40117,22758,Krosings|Te-Krossings|da krasingsa|krasyngz|krasynqz  flwryda|shi zi lu kou|Кросингс|Те-Кроссингс|Те-Кроссінгс|کراسینقز، فلوریدا|کراسینگز|द क्रसिंग्स|十字路口
The Hammocks,city,FL,25.67149,-80.4445,51003,Khamoks|Te-Gammoks|Te-Khammoks|da hyamaksa|ha mo ke si|hamwks|hamwks  flwryda|Те-Гаммокс|Те-Хаммокс|Хамокс|هاموکس|هاموکس، فلوریدا|द ह्यामक्स|ザ・ハンモックス（フロリダ）|哈莫克斯
The Villages,city,FL,28.93408,-81.95994,51442,Orange Blossom Gardens|Te-Villidzhis|The Villages at Spanish Springs|Vilidzes|da bhilejesa|Вилиџес|Те-Виллиджис|द भिलेजेस
Thonotosassa,city,FL,28.06141,-82.30231,13014,
Three Lakes,city,FL,25.64205,-80.39839,15047,Tri Lejks|Tri-Lejks|san hu|thri leksa|Три Лејкс|Три-Лейкс|Трі-Лейкс|تری‌لیکز|تری‌لیکز، فلوریدا|थ्री लेक्स|三湖
Titusville,city,FL,28.61222,-80.80755,45393,TIX|Tajtusvil|Tajtusvill|Titusvill|Titusvill'|ta'itasabhila|tai te si wei er|taitasubiru|tytwsfyl|Тайтусвилл|Тајтусвил|Титусвилль|Тітусвілл|تيتوسفيل|تیتوس‌ویل، فلوریدا|ٹائٹسویل، فلوریڈا|टाइटसभिल|タイタスビル|泰特斯维尔
Town 'n' Country,city,FL,28.01057,-82.57732,78442,Taun-n-Kantri|Town n Country|cheng shi yu xiang cun|ta'una 'ena' kantri|tawn an kantry|tawn an kantry  flwryda|Таун-н-Кантри|Таун-н-Кантрі|تاون ان کانتری|تاون ان کانتری، فلوریدا|टाउन 'एन' कन्ट्री|城市與鄉村
University Park,city,FL,25.74649,-80.36755,26995,Juniversiti Park|Juniversiti-Park|Universitata Parko|fu luo li da da xue gong yuan|yunibharsiti parka|ywnywrsyty park|ywnywrsyty park  flwryda|Јуниверсити Парк|Юниверсити-Парк|Юніверсіті-Парк|یونیورسیتی پارک|یونیورسیتی پارک، فلوریدا|युनिभर्सिटी पार्क|佛羅里達大學公園
Upper Grand Lagoon,city,FL,30.16326,-85.74076,13963,
Valrico,city,FL,27.93789,-82.23644,35545,Valriko|bhyalariko|falrykw|wa er li ke|walrykw|walrykw  flwryda|Валрико|Валріко|فالريكو|والریکو|والریکو، فلوریدا|भ्यालरिको|瓦爾里科
Venice,city,FL,27.09978,-82.45426,22211,VNC|Venecija|Venis|bhenisa|wei ni si|wnys  flwryda|Венеция|Венис|ونیس، فلوریدا|भेनिस|威尼斯
Vero Beach,city,FL,27.63864,-80.39727,16358,VRB|Viro Bich|bhero bica|bilobichi|wei luo hai tan|wrw bych  flwryda|Виро Бич|ورو بیچ، فلوریدا|ویرو بیچ، فلوریڈا|भेरो बीच|维罗海滩|비로비치
Warrington,city,FL,30.38409,-87.27497,14531,
Wekiwa Springs,city,FL,28.69861,-81.42563,21998,Uikiva-Springs|Vekiva-Springs|Wekiva Springs|vekiva springas|wei ji wa si pu lin si|wkywa aspryngz|wkywa asprynqz  flwryda|Векива-Спрингс|Веківа-Спрінгс|Уикива-Спрингс|وکیوا اسپرینقز، فلوریدا|وکیوا اسپرینگز|वेकिवा स्प्रिङ्गस्|韋基瓦斯普林斯
Wellington,city,FL,26.65868,-80.24144,62560,Velington|Vellington|hui ling dun|velalingatana|wlyngtwn  flwryda|wylnghtwn|Велингтон|Веллингтон|Веллінгтон|ولینگتون، فلوریدا|ويلنغتون|ویلنگٹن، فلوریڈا|वेललिङ्गटन|惠灵顿
Wesley Chapel,city,FL,28.23973,-82.32787,44092,Uehsli-Chepel|Vesli Chapel|vesli cyapela|Весли Чапел|Уэсли-Чепел|वेस्ली च्यापेल
Westchase,city,FL,28.05502,-82.60982,21747,Uehstchejz|Vestchejs|Vestchejz|West Chase|vestaceja|wei si te cai si|wstchys|wstchys  flwryda|Вестчейз|Вестчејс|Уэстчейз|وستچیس|وستچیس، فلوریدا|वेस्टचेज|韋斯特蔡斯
West Hollywood,city,FL,26.02065,-80.18394,60806,
West Little River,city,FL,25.85704,-80.23699,34699,Uehst-Littl-River|Vest Litl River|Vest-Littl-River|vesta litala ribhara|wst lytl rywr|wst lytl rywr  flwryda|xi xiao he|Вест Литл Ривер|Вест-Литтл-Ривер|Вест-Літтл-Рівер|Уэст-Литтл-Ривер|وست لیتل ریور|وست لیتل ریور، فلوریدا|वेस्ट लिटल रिभर|西小河
West Melbourne,city,FL,28.07168,-80.65339,20679,Uehst-Melborn|Vest Melburn|Vest-Mel'born|vesta melbarna|wst mlbwrn  flwryda|wyst mlbwrn|xi mo er ben|Вест Мелбурн|Вест-Мельборн|Уэст-Мелборн|وست ملبورن، فلوریدا|ويست ملبورن|वेस्ट मेल्बर्न|西墨尔本
West Palm Beach,city,FL,26.71534,-80.05337,120932,Litus Palmense Occidentale|Okcidenta Palm Beach|PBI|Uehst-Palm-Bich|Vest Palm Bich|Vest-Palm-Bich|uesutopamubichi|vesta pama bica|weseuteupambichi|wst palm bych  flwryda|wst pʼlm byz|wyst balm bytsh|xi zong lu tan|Вест Палм Бич|Вест-Палм-Біч|Уэст-Палм-Бич|וסט פאלם ביץ|وست پالم بیچ، فلوریدا|ويست بالم بيتش|ویسٹ پام بیچ، فلوریڈا|वेस्ट पाम बीच|ウェストパームビーチ|西棕榈滩|웨스트팜비치
West Park,city,FL,25.98454,-80.19894,15097,
West Pensacola,city,FL,30.42659,-87.27969,21339,Brownsville
West Perrine,city,FL,25.60594,-80.36283,10602,Uehst-Perrin|Vest Perajn|Vest-Perrin|vesta perini|wst pryn|wst pryn  flwryda|Вест Перајн|Вест-Перрин|Вест-Перрін|Уэст-Перрин|وست پرین|وست پرین، فلوریدا|वेस्ट पेरिनी
West and East Lealman,city,FL,27.81993,-82.68944,21924,Uehst-ehnd-Ist-Lilman|vesta enda ista leyalamyana|wst and ayst lyman|wst and ayst lyman  flwryda|Уэст-энд-Ист-Лилман|وست اند ایست لیمان|وست اند ایست لیمان، فلوریدا|वेस्ट एन्ड इस्ट लेयलम्यान
Westchester,city,FL,25.75482,-80.32727,29862,Uehstchester|Vestchester|vestacestara|weseuteucheseuteo|Вестчестер|Уэстчестер|वेस्टचेस्टर|웨스트체스터
Weston,city,FL,26.10037,-80.39977,69959,Uehston|Veston|vestana|wei si dun|wstwn|wstwn  flwryda|Вестон|Уэстон|وستون|وستون، فلوریدا|वेस्टन|韦斯顿
Westwood Lake,city,FL,25.72927,-80.37283,11838,Uehstvud-Lejks|Vestvud Lejks|Vestvud-Lejks|Westwood Lakes|vestavuda leksa|wei si te wu de hu|Вествуд Лејкс|Вествуд-Лейкс|Уэствуд-Лейкс|وست‌وود لیکس|وست‌وود لیکس، فلوریدا|ویسٹووڈ لیکز، فلوریڈا|वेस्टवूड लेक्स|韋斯特伍德湖
Wilton Manors,city,FL,26.16036,-80.13893,12385,Vilton Manors|Wilton Manor|vilatana myanoras|wei er dun zhuang yuan|wyltwn manwrs  flwryda|Вилтон Манорс|ویلتون مانورس، فلوریدا|विलटन म्यानोरस्|威尔顿庄园
Winter Garden,city,FL,28.56528,-81.58618,40356,Uinter-Garden|Vinter Garden|Vinter-Garden|dong ji hua yuan|uintagaden|vintara gardena|wyntr gardn  flwryda|wyntr qardn  flwryda|Винтер Гарден|Винтер-Гарден|Вінтер-Гарден|Уинтер-Гарден|وینتر قاردن، فلوریدا|وینتر گاردن، فلوریدا|विन्टर गार्डेन|ウィンターガーデン|冬季花园|冬季花園
Winter Haven,city,FL,28.02224,-81.73286,37689,GIF|Vinter Khejven|uintaheibun|vintara hyabhena|wen te hei wen|wyntr hywn  flwryda|Винтер Хејвен|ونٹر ہیون، فلوریڈا|وینتر هیون، فلوریدا|विन्टर ह्याभेन|ウィンターヘイブン|温特黑文
Winter Park,city,FL,28.6,-81.33924,29943,Uinter-Park|Uintur Park|Vinter Park|Vinter-Park|uintapaku|vintara parka|wen te pa ke|winteopakeu|wyntr bark|wyntr park  flwryda|Винтер Парк|Винтер-Парк|Вінтер-Парк|Уинтер-Парк|Уинтър Парк|Ուինթեր Փարք|ווינטר פארק|ونٹر پارک، فلوریڈا|وينتر بارك|وینتر پارک، فلوریدا|विन्टर पार्क|ウィンターパーク|温特帕克|溫特帕克|윈터파크
Winter Springs,city,FL,28.69889,-81.30812,34789,North Orlando|Vinter Springs|dong quan|vintara springas|wyntr aspryngz  flwryda|Винтер Спрингс|ونٹر سپرنگس، فلوریڈا|وینتر اسپرینگز، فلوریدا|विन्टर स्प्रिङ्गस्|冬泉
Wright,city,FL,30.45575,-86.63829,23127,Rajt|Райт
Yulee,city,FL,30.6319,-81.60649,11491,
Zephyrhills,city,FL,28.23362,-82.18119,14611,Abbott's Station|ZPH|Zephyr Hills
Acworth,city,GA,34.06635,-84.67837,22131,Ackworth|Akvort|Northcutt Station|akwrs  jwrjya|akwwrth|ekvartha|Акворт|أكوورث|اکورس، جورجیا|ایکورتھ، جارجیا|एक्वर्थ
Albany,city,GA,31.57851,-84.15574,74843,ABY|Albania|City of Opportunity|Olbani|albani|albany  jarjya|albany  jwrjya|ao er ba ni|olbeoni|orubani|Олбани|Олбані|آلبانی، جورجیا|ألباني|البانی، جارجیا|अल्बानी|オールバニ|奧爾巴尼|올버니
Alpharetta,city,GA,34.07538,-84.29409,63693,Al'faretta|Alfareta|New Prospect Campground|alfarta  jwrjya|alfaryta|alfaryta  jarjya|alphareta|Алфарета|Альфаретта|آلفارتا، جورجیا|ألفاريتا|الفاریتا، جارجیا|अल्फारेटा
Americus,city,GA,32.07239,-84.23269,16028,Amerikus|amerikasa|amrykas  jwrjya|amryks  jarjya|amyrykws|Америкус|أميريكوس|امریکاس، جورجیا|امریکس، جارجیا|अमेरिकस
Athens,city,GA,33.96095,-83.37794,127315,AHN|Atens|Atensas|Athens i Georgia|Athens-Clarke County|Atina|Atuns|Cedar Shoals|aeseonseu|asenzu|athensa|athyna|atn  jwrjya|atynz  jwrjya|ethensaklarka ka'unti|ya dian|Атенс|Атина|Атънс|אתנס|آتئنز، جورجیا|آتن، جورجیا|أثينا|ایتھنز، جارجیا|अथेन्स|एथेन्सक्लार्क काउन्टी|アセンズ|雅典|애선스
Atlanta,city,GA,33.749,-84.38798,510823,ATL|Atlant|Atlantae|Atlanto|Atlonta|Canebrake|Marthasdale|Marthasville|Standing Peachtree|Terminus|White Hall|Whitehall|aeteullaenta|arr‌lanra nagaram|atalanta|ateullaenta|ateullanta|atoranta|atʼlantʼa|etalanta|etlanta|xætlænta|ya te lan da|Ατλάντα|Атлантæ|Атланта|Ատլանտա|אטלאנטא|אטלנטה|آتلانتا|أتلانتا|ئەتڵانتا|اٹلانٹا|اٹلانٹا، جارجیا|अटलांटा|अटलान्टा|एट्लान्टा|एत्लान्ता|আটলান্টা|એટલાન્ટા|அட்லான்டா|అట్లాంటా|ಅಟ್ಲಾಂಟಾ|അറ്റ്‌ലാന്റാ നഗരം|แอตแลนตา|ཨ་ཊི་ལཱན་ཊཱ།|အတ္တလန္တာမြို့|ატლანტა|አትላንታ|アトランタ|亚特兰大|亞特蘭大|아틀란타|아틀랜타|애틀랜타
Augusta,city,GA,33.47097,-81.97484,43459,AGS|Augusta-Richmond County|Augusto|Aŭgusto|Ogasta|Ogusta|agasta|agasta ricamanda ka'unti|agwsta  jwrjya|ao gu si ta|awghsta|ogasuta|ogeoseuta|Огаста|Огъста|אוגוסטה|آگسٹا، جارجیا|آگوستا، جورجیا|أوغستا|अगस्टा|अगस्टा रिचमंड काउन्टी|অগাস্টা|オーガスタ|奥古斯塔|오거스타
Bainbridge,city,GA,30.9038,-84.57547,12507,BGE|Beinbridz|Beinbridž|Bejnbridz|Bejnbridzh|Burges|Fort Hughes|Puckanawhitla|bainabrija|byn brj  jarjya|bynbrdj|bynbryj  jwrjya|Бейнбридж|Бейнбрідж|Бејнбриџ|بينبردج|بین برج، جارجیا|بینبریج، جورجیا|बैनब्रिज
Belvedere Park,city,GA,33.75483,-84.26742,15152,Belvedir Park|Belvider-Park|belabhedere parka|guan jing lou gong yuan|Белведир Парк|Белвидер-Парк|Белвідер-Парк|بل‌ودر پارک|بل‌ودر پارک، جورجیا|बेलभेडेरे पार्क|觀景樓公園
Brookhaven,city,GA,33.85844,-84.3402,51910,Brookhaven Heights|Nort Atlanta|North Atlanta|brwk hawn  jwrjya|brwkhafn|nartha etlanta|Норт Атланта|بروكهافن|بروک هاون، جورجیا|بروک ہیون، جارجیا|नर्थ एट्लान्टा
Brunswick,city,GA,31.15013,-81.49147,16157,Bransvik|Braunshvejg|Carrs Field|Port City|SSI|beuleonjeuwig|bransavika|brnswk  jarjya|brwns wyk  jwrjya|brwnzwyk|buranzuuikku|Брансвик|Брауншвейг|برنسوک، جارجیا|برونزويك|برونس ویک، جورجیا|ब्रन्सविक|ブランズウィック|브런즈윅
Buford,city,GA,34.12066,-84.00435,13748,Bjuford|bafrd  jwrjya|bapharda|bwfwrd|Бјуфорд|بافرد، جورجیا|بفرڈ، جارجیا|بوفورد|बफर्ड
Calhoun,city,GA,34.50259,-84.95105,16309,Dawsonville|Fork Ferry|Kalkhun|Oothcaloga|Oothcaloga Depot|kalhwn|kalhwn  jwrjya|kyal'hana|Калхун|كالهون|کالهون، جورجیا|کالہون، جارجیا|क्याल्हन
Canton,city,GA,34.23676,-84.49076,25469,Etowah
Carrollton,city,GA,33.58011,-85.07661,26203,Karolton|Troupsville|karwltwn|karwltwn  jwrjya|kyarolatana|Каролтон|كارولتون|کارولتون، جورجیا|کارولٹن، جارجیا|क्यारोलटन
Cartersville,city,GA,34.16533,-84.80231,20319,Birmingham|Kartersvil|kartarsabhila|kartrswyl  jwrjya|kartrzfyl|Картерсвил|كارترزفيل|کارترسویل، جورجیا|کیرٹرسویل، جارجیا|कार्टर्सभिल
Chamblee,city,GA,33.89205,-84.29881,28244,Cross Keys|Roswell Junction|Shambli|chmbly  jarjya|cyambli|kmbly  jwrjya|tshambly|Шамбли|تشامبلي|چمبلی، جارجیا|کمبلی، جورجیا|च्याम्ब्ली
Clarkston,city,GA,33.80955,-84.23964,12215,Klarkston|klark astwn  jwrjya|klarkstana|klarkstwn|Кларкстон|كلاركستون|کلارک استون، جورجیا|کلارک سٹون، جارجیا|क्लार्क्स्टन
College Park,city,GA,33.65344,-84.44937,14601,Koledz Park|Kolledzh Park|Manchester|kaleja parka|kalj park  jarjya|kalj park  jwrjya|kwlyj bark|Колеџ Парк|Колледж Парк|كوليج بارك|کالج پارک، جارجیا|کالج پارک، جورجیا|कलेज पार्क
Columbus,city,GA,32.46098,-84.98771,206922,CSG|Kolambus|Kolumbas|Kolumbus|Kulumbus|ge lun bu|klmbws  jwrjya|kolambasa|kolleombeoseu|kolumbus|koronbasu|kwlmbs  jarjya|kwlwmbws|qwlwmbws|Коламбус|Колумбус|Кълъмбъс|קולומבוס|كولومبوس|کلمبوس، جورجیا|کولمبس، جارجیا|कोलम्बस|コロンバス|哥伦布|콜럼버스
Conyers,city,GA,33.66761,-84.01769,15875,Conyers Station|Kanjerso|Koniurs|Konjers|Rockdale|kan'yirsa|knyrz  jwrjya|konieoseu|kwnyrz|kwnyrz  jarjya|Кониърс|Конјерс|كونيرز|کنیرز، جورجیا|کونیرز، جارجیا|कन्यीर्स|코니어스
Cordele,city,GA,31.96351,-83.78239,10943,Kordil|kardela|krdl  jwrjya|kwrdyl|Кордил|كورديل|کردل، جورجیا|کورڈیل، جارجیا|कर्डेल
Covington,city,GA,33.59678,-83.86018,13916,Kavington|Newtonsboro|Newtonsborough|keobingteon|kobhingtana|kwfynghtwn|kwyngtn  jwrjya|Кавингтон|كوفينغتون|کوونگٹن، جارجیا|کوینگتن، جورجیا|कोभिंग्टन|커빙턴
Cusseta,city,GA,32.30543,-84.7727,11267,Kasihta|Kusita|Kusseta|Sand Town|Usseta|kaseta|kasta  jwrjya|ksyta  jarjya|kwzyta|Кусита|Куссета|كوزيتا|کاستا، جورجیا|کسیتا، جارجیا|कसेटा
Dalton,city,GA,34.7698,-84.97022,33853,Cross Plains|DNN|Dolton|daltana|daltwn|daltwn  jwrjya|dolteon|Далтон|Долтон|دالتون|دالتون، جورجیا|ڈیلٹن، جارجیا|डाल्टन|돌턴
Dallas,city,GA,33.92371,-84.84077,12870,Dalas|dalas|dalas  jwrjya|dyalasa|Далас|Даллас|دالاس|دالاس، جورجیا|ڈلاس، جارجیا|ड्यालास
Decatur,city,GA,33.77483,-84.29631,21957,Dekejter|Dekejtur|dekatara|dikeiteo|diketa|dykatr  jarjya|dykatr  jwrjya|dykatwr|Декейтер|Декејтур|ديكاتور|دیکاتر، جارجیا|دیکاتر، جورجیا|डेकाटर|ディケーター|디케이터
Doraville,city,GA,33.89816,-84.28326,10896,Cross Keys|Doravil|dorabhila|drawyl  jwrjya|dwrafyl|Доравил|دراویل، جورجیا|دورافيل|ڈوراویل، جارجیا|डोराभिल
Douglas,city,GA,31.50881,-82.84987,11718,Daglas|dagalasa|daglas  jwrjya|dwghlas|Даглас|داگلاس، جورجیا|دوغلاس|ڈگلس، جارجیا|डगलस
Douglasville,city,GA,33.7515,-84.74771,32897,Daglasvil|Skin Chestnut|Skint Chestnut|dagalasabhila|daglas wyl  jwrjya|dwghlasfyl|Дагласвил|داگلاس ویل، جورجیا|دوغلاسفيل|ڈگلس ویل، جارجیا|डगलसभिल
Druid Hills,city,GA,33.78038,-84.33604,14568,Druid Hill
Dublin,city,GA,32.54044,-82.90375,16197,DBN|Dablin|dablina|dablyn  jwrjya|daburin|dbln|Даблин|Дублин|دابلین، جورجیا|دبلن|ڈبلن، جارجیا|डब्लिन|ダブリン
Duluth,city,GA,34.00288,-84.14464,29193,Dalut|Dulut|Howells Crossroad|deolluseu|du lu si|dulutha|dwlwth|dwlwth  jwrjya|Далут|Дулут|دولوتھ، جارجیا|دولوث|دولوث، جورجیا|डुलुथ|杜魯斯|덜루스
Dunwoody,city,GA,33.94621,-84.33465,48733,Danvudi|danvudi|danwwdy  jwrjya|deon-udi|dnwwdy|Данвуди|دانوودی، جورجیا|دنوودي|ڈنووڈی، جارجیا|डन्वूडी|던우디
East Point,city,GA,33.67955,-84.43937,35467,Ist Pojnt|ast pynt  jwrjya|ayst bwynt|ista po'inta|Ист Појнт|إيست بوينت|است پینت، جورجیا|ایسٹ پوائنٹ، جارجیا|इस्ट पोइन्ट
Evans,city,GA,33.53375,-82.13067,29011,Evens|Jenkins Station|ibhansa|Еванс|इभान्स
Fairburn,city,GA,33.56706,-84.58104,13967,Berryville|Cartersville|Ferbern|fyrbrn  jarjya|fyrbrn  jwrjya|fyrbwrn|pheyarabarna|Ферберн|فيربورن|فیربرن، جارجیا|فیربرن، جورجیا|फेयरबर्न
Fayetteville,city,GA,33.44873,-84.45493,16990,Fejetvil|faytyfyl|fytwyl  jarjya|fytwyl  jwrjya|phayetabhila|Фејетвил|فايتيفيل|فیتویل، جارجیا|فیتویل، جورجیا|फायेटभिल
Forest Park,city,GA,33.62205,-84.36909,19383,Astor|FOP|Forest Station|Forist Park|Forrest Park|Quick Station|frst park  jwrjya|fwrst bark|pharesta parka|Форист Парк|فاریسٹ پارک، جارجیا|فرست پارک، جورجیا|فورست بارك|फरेस्ट पार्क
Gainesville,city,GA,34.29788,-83.82407,38712,GVL|Gejnsvil|Gejnsvil'|Gejnsvill|Mule Camp Springs|Mules Crossing|Mules Junction|ga'inejabhila|geinjeubil|geinzubiru|ghynsfyl|gyns wyl  jarjya|gyns wyl  jwrjya|Гейнсвилл|Гејнсвил|Ґейнсвіль|غينسفيل|گینس ویل، جارجیا|گینس ویل، جورجیا|गाइनेजभिल|ゲインズビル|게인즈빌
Georgetown,city,GA,31.98326,-81.22733,11823,Dzhordzhtaun|Dzordztaun|jojitaun|qiao zhi dui|Џорџтаун|Джорджтаун|جارج ٹاؤن، چیٹہم کاؤنٹی، جارجیا|جورج‌تاون، چاتام کانتی، جورجیا|ジョージタウン|喬治敦
Griffin,city,GA,33.24678,-84.26409,23211,Grifin|Pleasant Grove|ghryfyn|griphina|gryfyn  jarjya|gryfyn  jwrjya|Грифин|Гриффин|غريفين|گریفین، جارجیا|گریفین، جورجیا|ग्रिफिन
Grovetown,city,GA,33.45042,-82.19818,13093,Grouvtaun|Groveton|ghrwftawn|grobhata'una|grwtn  jwrjya|Гроувтаун|غروفتاون|گروتن، جورجیا|گروو ٹاؤن، جارجیا|ग्रोभटाउन
Hinesville,city,GA,31.84688,-81.59595,33398,Khajnsvil|LIY|ha'insabhila|haynzfyl|Хајнсвил|هاينزفيل|ہینیسویل، جارجیا|हाइन्सभिल
Holly Springs,city,GA,34.17399,-84.50132,10719,Hollysprings
Jefferson,city,GA,34.11705,-83.57239,10195,Dzeferson|Dzhefferson|Jackson Court House|Jeffersonton|Jeffersonville|Thomocoggan|jepharasana|jfrsn  jarjya|jfrswn  jwrjya|jyfrswn|Џеферсон|Джефферсон|جفرسن، جارجیا|جفرسون، جورجیا|جيفرسون|जेफरसन
Kennesaw,city,GA,34.02343,-84.61549,33584,Big Shanty|Keneso|Kenneso|kenesah|keneso|knsaw  jwrjya|kynsaw  jarjya|kynysaw|Кенесо|Кеннесо|كينيساو|کنساو، جورجیا|کینساؤ، جارجیا|केनेसः|केनेसॉ
Kingsland,city,GA,30.79996,-81.68983,16487,kingaslyanda|knjzland|kyngzlnd  jwrjya|Кингсланд|كنجزلاند|کنگزلینڈ، جارجیا|کینگزلند، جورجیا|किङ्गस्ल्यान्ड
LaGrange,city,GA,33.03929,-85.03133,29588,City of LaGrange|LGC|La Grange
Lawrenceville,city,GA,33.95621,-83.98796,30493,LZU|Lorensvil|larensabhila|larnswyl  jarjya|larnswyl  jwrjya|lwrynsfyl|Лоренсвил|لارنسویل، جارجیا|لارنسویل، جورجیا|لورينسفيل|लरेन्सभिल
Lilburn,city,GA,33.8901,-84.14297,12655,Bryan|Lilbern|McDaniel|lilbarna|lylbrn  jarjya|lylbrn  jwrjya|lylbwrn|Лилберн|ليلبورن|لیلبرن، جارجیا|لیلبرن، جورجیا|लिल्बर्न
Lithia Springs,city,GA,33.794,-84.66049,15491,Bowden|Deer Lick|Lithia Sprin'nks|Litija Springs|Litija-Springs|Salt Springs|li xi ya si pu lin si|lithiya springas|lyt'yh spryngs|lytya aspryngz|lytya asprynqz  jwrjya|Λίθια Σπρινγκς|Лития-Спрингс|Литија Спрингс|Літія-Спрінгс|לית'יה ספרינגס|لیتیا اسپرینقز، جورجیا|لیتیا اسپرینگز|लिथिया स्प्रिङ्गस्|利西亚斯普林斯|利西亞斯普林斯
Loganville,city,GA,33.839,-83.90074,11248,Buncombe|Logansville|Loganvil|lganwyl  jwrjya|loganabhila|lwgnwyl  jarjya|lwjanfyl|Логанвил|لوجانفيل|لوگنویل، جارجیا|لگانویل، جورجیا|लोगानभिल
Mableton,city,GA,33.81872,-84.58243,37115,Mejblton|mebalatana|Мејблтон|مابلیٹون، جارجیا|मेबलटन
Macon,city,GA,32.84069,-83.6324,91351,Fort Hawkins|MCN|Maiikon|Makon|Mejkon|Newtown|Tiger Town|Troy|makn  jwrjya|makwn|mei ken|meikeon|meikon|myakona|mykn  jarjya|myyqwn|Μαίηκον|Макон|Мейкон|Мејкон|מייקון|ماكون|ماکن، جورجیا|میکن، جارجیا|म्याकोन|メイコン|梅肯|메이컨
Marietta,city,GA,33.9526,-84.54993,59067,MGE|Marieta|Marijeta|ma li ai ta|maelieta|mari'eta|maryta|mryta  jwrjya|Мариета|Мариетта|Маријета|ماريتا|مریتا، جورجیا|مریٹا، جارجیا|मारिएटा|マリエッタ|玛丽埃塔|매리에타
Martinez,city,GA,33.51736,-82.07567,35795,Martines|Мартинес
McDonough,city,GA,33.44734,-84.14686,23417,Makdona|makdwnw|mikadanoh|mk dnw  jwrjya|mk dwnw  jarjya|Макдона|ماكدونو|مک دنو، جورجیا|مک دونو، جارجیا|मिकडनोः
Milledgeville,city,GA,33.08014,-83.2321,18931,MLJ
Monroe,city,GA,33.79484,-83.71323,13641,Monro|Walton Court House|men luo|meonlo|monro|munro|mwnrw|mwnrw  jwrjya|Монро|مونرو|مونرو، جورجیا|مونروئے، جارجیا|मुन्रो|モンロー|门罗|먼로
Moultrie,city,GA,31.17991,-83.78906,14377,MGR|Moltri|Ochlocknee|Ocklockney|maultri|mwltry|mwltry  jwrjya|Молтри|مولتري|مولتری، جورجیا|مولٹری، جارجیا|मौल्ट्री
Mountain Park,city,GA,33.84427,-84.12936,11554,Maunten-Park|Mauntin Park|ma'untena parka|mang ting pa ke|mawntn park  gwynt kanty  jwrjya|Маунтен-Парк|Маунтин Парк|ماونتن پارک، گوینت کانتی، جورجیا|माउन्टेन पार्क|芒廷帕克
Newnan,city,GA,33.38067,-84.79966,37291,Bullsboro|N'junan|Newman|Njunan|n'yun'yana|nyuneon|nywnan|nywnn  jarjya|nywnn  jwrjya|Њунан|Ньюнан|نيونان|نیونن، جارجیا|نیونن، جورجیا|न्युन्यान|뉴넌
Norcross,city,GA,33.94121,-84.21353,16634,Norkros|narasrasa|nwrkras  jarjya|nwrkras  jwrjya|nwrkrws|Норкрос|نوركروس|نورکراس، جارجیا|نورکراس، جورجیا|नरस्रस
North Decatur,city,GA,33.79038,-84.30603,16698,
North Druid Hills,city,GA,33.81677,-84.31326,18947,
Peachtree City,city,GA,33.39678,-84.59576,35240,Pichtri Siti|bytshtry syty|picatri siti|pychtry syty  jwrjya|Пичтри Сити|بيتشتري سيتي|پیچ ٹری سٹی، جارجیا|پیچتری سیتی، جورجیا|पीचट्री सिटी
Peachtree Corners,city,GA,33.9701,-84.22159,40978,byshtry kwrnrz|pychtry krnrz  jwrjya|بيشتري كورنرز|پیچ ٹری کورنرز، جارجیا|پیچتری کرنرز، جورجیا
Perry,city,GA,32.45821,-83.73157,15457,Peri|Perri|Wattsville|byry|peri|pry  jwrjya|pyry  jarjya|Пери|Перри|Перрі|بيري|پری، جورجیا|پیری، جارجیا|पेरी
Pooler,city,GA,32.11548,-81.24706,23133,
Powder Springs,city,GA,33.85955,-84.68382,14826,Gunpowder Springs|Pauder Springs|Powdersprings|Springfield|bwdr sbrynghz|pa'udara springas|pwdraspryng  jwrjya|Паудер Спрингс|بودر سبرينغز|پاؤڈر سپرنگز، جارجیا|پودراسپرینگ، جورجیا|पाउडर स्प्रिङ्गस्
Redan,city,GA,33.74538,-84.13158,33015,Редан
Richmond Hill,city,GA,31.93827,-81.30344,11935,Crossroads|Richmond Hill Plantation|Sterlings Bluff|Ways|Ways Station
Riverdale,city,GA,33.57261,-84.41326,15989,Rapes Crossing|Riverdejl|ribharadela|ryfrdyl|rywrdyl  jwrjya|Ривердејл|ريفرديل|ریوردیل، جورجیا|ریورڈیل، جارجیا|रिभरडेल
Rome,city,GA,34.25704,-85.16467,36323,Chihara|Head of Coosa|RMG|Rom|Roum|lom|rm  jwrjya|roma|romu|rwm  jarjya|rwma|Ром|Роум|رم، جورجیا|روم، جارجیا|روما|रोम|ローム|롬
Roswell,city,GA,34.02316,-84.36159,94501,Rozvel|lojeuwel|luo si wei er|rosvela|rwzwl  jarjya|rwzwyl|rzwl  jwrjya|Розвел|رزول، جورجیا|روزول، جارجیا|روزويل|रोस्वेल|罗斯韦尔|로즈웰
St. Marys,city,GA,30.73051,-81.54649,17968,Saint Mary|Saint Mary's|Saint Marys|Saint Patrick|Sainte Marie|Sent Meriz|sant maryz|santa merij|synt marys  jwrjya|Сент Мериз|سانت ماريز|سینت ماریس، جورجیا|سینٹ میریز، جارجیا|सन्त मेरीज्
Saint Simon Mills,city,GA,31.17079,-81.40732,13915,Saint Simon's Mills|Saint Simons Mills|St. Simon Mills
Saint Simons Island,city,GA,31.15051,-81.36954,13000,Saint Simon Island|Saint Simons|Saint Simons Village|St. Simons|St. Simons Island
Sandy Springs,city,GA,33.92427,-84.37854,105330,Burdal|Sandi-Springs|Sendi Springs|sandisupuringusu|sandy sbrynghz|sang di si pu lin si|sndy aspryng  jwrjya|syandi springas|Санди-Спрингс|Санді-Спрінгс|Сенди Спрингс|ساندي سبرينغز|سندی اسپرینگ، جورجیا|سینڈی سپرنگز، جارجیا|स्यान्डी स्प्रिङ्गस्|サンディスプリングス|桑迪斯普林斯
Savannah,city,GA,32.08354,-81.09983,147780,SAV|Sarannah|Savana|Savanah|Savanna|Savannah (Georgia)|Sawanna|Yamacraw|sa fan na|saban'na|sabhana|safana|savhana|sawana  jwrjya|seobaeneo|sha wa na|Савана|Саванна|סאוואנאה|סוואנה|سافانا|ساوانا، جورجیا|ساواناہ، جارجیا|सभाना|सव्हाना|サバンナ|沙瓦納|薩凡納|서배너
Scottdale,city,GA,33.78983,-84.26409,10631,Skotdejl|Skottdejl|askatdyl|askatdyl  jwrjya|si ke te dai er|skatadela|Скотдејл|Скоттдейл|اسکاتدیل|اسکاتدیل، جورجیا|स्कटडेल|斯科特代爾
Smyrna,city,GA,33.88399,-84.51438,56146,Neal Dow|Smirna|Varners Station|asmyrna  jwrjya|shi mai na|smirna|smrna  jarjya|Смирна|اسمیرنا، جورجیا|سمرنا، جارجیا|سميرنا|स्मीर्ना|士麦那
Snellville,city,GA,33.85733,-84.01991,19733,Snell|Snelvil|asnlwyl  jwrjya|snelabhila|snyl wyl  jarjya|snylfyl|Снелвил|اسنلویل، جورجیا|سنيلفيل|سنیل ویل، جارجیا|स्नेलभिल
Statesboro,city,GA,32.44879,-81.78317,30721,Statesborough|TBR
Stockbridge,city,GA,33.54428,-84.23381,28202,Stokbridz|astwk bryj  jwrjya|stakabrija|stwkbrydj|Стокбриџ|استوک بریج، جورجیا|ستوكبريدج|سٹاک برج، جارجیا|स्टकब्रिज
Sugar Hill,city,GA,34.10649,-84.03352,21747,
Suwanee,city,GA,34.05149,-84.0713,18694,Suvejni|Suwannee|sawany  jwrjya|suvani|swany|swany  jarjya|Сувејни|ساوانی، جورجیا|سواني|سوانی، جارجیا|सुवानी
Thomasville,city,GA,30.83658,-83.97878,18742,TVI|Tomasvil|thomasabhila|tomeoseubil|twmas wyl  jwrjya|twmasfyl|Томасвил|توماس ویل، جورجیا|توماسفيل|ٹامسویل، جارجیا|थोमसभिल|토머스빌
Tifton,city,GA,31.45046,-83.5085,16725,Lena|TMA|tiphtana|tyftwn|tyftwn  jwrjya|Тифтон|تيفتون|تیفتون، جورجیا|ٹفٹن، جارجیا|टिफ्टन
Tucker,city,GA,33.85455,-84.21714,27581,Taker|ta ke|ta ke zhen|takara|takka|takr  jwrjya|Такер|تاکر، جورجیا|टकर|タッカー|塔克|塔克鎮|塔克镇
Union City,city,GA,33.58706,-84.54243,20805,Junion-Siti|Юнион-Сити
Valdosta,city,GA,30.83334,-83.28032,55724,Troupville|VLD|barudosuta|bhyaladosta|faldwsta|waldsta  jwrjya|Валдоста|فالدوستا|والدستا، جورجیا|والڈوسٹا، جارجیا|भ्यालडोस्टा|バルドスタ
Vidalia,city,GA,32.21769,-82.41346,10679,VDI|Vajdejlija|bhidaliya|fydalya|wydalya  jwrjya|Вајдејлија|فيداليا|وڈالیا، جارجیا|ویدالیا، جورجیا|भिडालिया
Villa Rica,city,GA,33.73205,-84.91911,14904,Hicktown|Hix Town|Hixtown|Vila Rika|bhilla rika|fyla ryka|wyla ryka  jarjya|wylaryka  jwrjya|Вила Рика|فيلا ريكا|ویلا ریکا، جارجیا|ویلاریکا، جورجیا|भिल्ला रिका
Warner Robins,city,GA,32.61574,-83.62664,73490,Uorner-Robins|Vorner Robins|Vorner-Robins|WRB|Wellston|York|varnara rabinsa|warnr rwbynz|warnrrabynz  jwrjya|warnz rwbnz  jarjya|Ворнер Робинс|Ворнер-Робінс|Уорнер-Робинс|وارنر روبينز|وارنررابینز، جورجیا|وارنز روبنز، جارجیا|वार्नर रबिन्स
Waycross,city,GA,31.21368,-82.3557,14053,AYS|Old Nine|Pendleton|Station Number 9|Tebeauville|Vejkros|Way Cross|Yankee Town|vekrasa|waykrws|wykras  jwrjya|Вејкрос|وايكروس|ویکراس، جورجیا|وے کراس، جارجیا|वेक्रस
Wilmington Island,city,GA,32.00355,-80.97372,15138,Oilean Wilmington|Oileán Wilmington|Vilmington Ajland|Vilmington-Ajlend|vilmingatana a'ilyanda|wei er ming dun dao|wylmyngtwn aylnd|wylmynqtwn aylnd  jwrjya|Вилмингтон Ајланд|Вилмингтон-Айленд|Вілмінгтон-Айленд|ویلمینقتون آیلند، جورجیا|ویلمینگتون آیلند|ویلمینگٹن جزیرہ، جارجیا|विल्मिंगटन आइल्यान्ड|威爾明頓島
Winder,city,GA,33.99261,-83.72017,15447,Brandon|Jug Tavern|Jug Tavern Crossroads|Snodon|The Jug|Vajnder|WDR|vindara|wyndr|wyndr  jwrjya|Вајндер|ونڈر، جارجیا|ويندر|ویندر، جورجیا|विन्डर
Woodstock,city,GA,34.10149,-84.51938,29898,Vudstok|vudstaka|wu de si tuo ke|wwdastwk  jwrjya|wwdstwk|Вудсток|ووداستوک، جورجیا|وودستوك|ووڈسٹاک، جارجیا|वूड्स्टक|伍德斯托克
Alton,city,IL,38.8906,-90.18428,27003,ALN|Alton (Illinois)|Olton|altana|altwn|altwn  aylynwy|eltana|Олтон|آلتون، ایلینوی|آلٹن، الینوائے|ألتون|आल्टन|एल्टन
Belleville,city,IL,38.52005,-89.98399,42034,BLV|Bellvill|Belvil|belbil|belebhila|berubiru|blfyl|blwyl  aylynwy|Белвил|Беллвилл|Беллвілл|بلفيل|بلویل، ایلینوی|بیلویل، الینوائے|बेलेभिल|ベルビル|벨빌
Cahokia,city,IL,38.57088,-90.19011,14402,Cahos|Canokia|Caokia|Caoquias|Caouaouce|Cohokies|Fort Bowman|Kahokia|Kahokias|Kakhokija|Kaohia|Kaos|Notre Dame des Kohokias|Sainte Famille des Kaoquias|kahwkya|kyahokiya|Кахокија|كاهوكيا|क्याहोकिया
Carbondale,city,IL,37.72727,-89.21675,26399,Karbondejl|MDH|ka ben dai er|ka er de ben|kabondeil|kabonderu|karbanadela|karbwndal|karbwndyl  aylynwy|qrbwndyyl|Карбондейл|Карбондејл|קרבונדייל|كاربوندال|کاربوندیل، ایلینوی|کاربونڈیل، الینوائے|कार्बनडेल|কার্বনডেল|カーボンデール|卡本戴尔|卡本戴爾|卡爾德本|카본데일
Centralia,city,IL,38.52505,-89.1334,12655,ENL|Sentralija|Sentrehjlija|Sentrejlija|sen te lei li ya|sentoraria|sentraliya|sntrlyh|sntrylya  aylynwy|syntralya|Сентралия|Сентралія|Сентрейлия|Сентрејлија|Сентрэйлія|סנטרליה|سنتریلیا، ایلینوی|سينتراليا|سینٹریلیا، الینوائے|सेन्ट्रलिया|セントラリア|森特勒利亚|森特勒利亞
Charleston,city,IL,39.49615,-88.17615,21196,Charlston|carlsatana|charlztwn  aylynwy|tsharlstwn|Чарлстон|تشارلستون|چارلزتون، ایلینوی|چارلسٹن، الینوائے|चार्ल्सटन
Chatham,city,IL,39.67616,-89.70454,12351,
Collinsville,city,IL,38.67033,-89.98455,24754,Kolinsvil|Kollinsvil'|klynsfyl|klynzwyl  aylynwy|kolinsabhila|Колинсвил|Коллинсвиль|كلينسفيل|کلینزویل، ایلینوی|کولنزویل، الینوائے|कोलिन्सभिल
Columbia,city,IL,38.44366,-90.20122,10191,Kolambija|Kolumbija|ge lun bi ya|klmbya  aylynwy|kolambiya|koronbia|kwlwmbya|kwlwmbya  aylynwy|Коламбия|Коламбија|Коламбія|Колумбия|كولومبيا|کلمبیا، ایلینوی|کولمبیا، الینوائے|کولومبیا، ایلینوی|कोलम्बिया|コロンビア|哥倫比亞
Decatur,city,IL,39.84031,-88.9548,73254,DEC|Dekaturo|Dekejter|Dekejtur|dekatara|di kai te|dikatura|dikeiteo|diketa|diketara|dikhe the xr|dykadwr|dykytwr  aylynwy|Декейтер|Декејтур|ديكادور|دیکیتور، ایلینوی|ڈیکاٹر، الینوائے|डिकॅटर|डेकाटर|ডিকাটুর|ดิเคเทอร์|ディケーター|迪凯特|디케이터
East Saint Louis,city,IL,38.6245,-90.15094,27006,East St. Louis|Illinoistown
Edwardsville,city,IL,38.81144,-89.95316,24992,Edvardsvil|adwardzwyl  aylynwy|adwrdsfyl|edvardasbhila|Едвардсвил|إدوردسفيل|ادواردزویل، ایلینوی|ایڈورڈزویل، الینوائے|एड्वार्डस्भिल
Effingham,city,IL,39.12004,-88.54338,12604,Efingkham|afynghm|ephingahyama|Ефингхам|إفينغم|افینگ‌هام، ایلینوی|ایفنگھم، الینوائے|एफिंगह्याम
Fairview Heights,city,IL,38.58894,-89.99038,16827,Fairview
Glen Carbon,city,IL,38.74838,-89.98316,12966,Glen Karbon|Peters|ghln karbwn|glena karbana|Глен Карбон|غلن كاربون|ग्लेन कार्बन
Godfrey,city,IL,38.9556,-90.18678,17759,Gadfri|Godfrey Station|Monticello|gadphre|ghwdfry|Гадфри|غودفري|गड्फ्रे
Granite City,city,IL,38.70144,-90.14872,29054,Granit Siti|Kinder|ghranyt syty|grena'ita siti|Гранит Сити|غرانيت سيتي|گرانیت‌سیتی، ایلینوی|گرینائٹ سٹی، الینوائے|ग्रेनाइट सिटी
Herrin,city,IL,37.80311,-89.02757,12910,Gerrin|Herrin's Prairie|Kherin|he lin|herin|herina|herrina|hryn  aylynwy|hyryn|Геррин|Геррін|Херин|هرین، ایلینوی|هيرين|ہیرین، الینوائے|हेर्रिन|হেরিন|ヘリン|赫林
Jacksonville,city,IL,39.73394,-90.22901,19103,Dzeksonvil|Dzheksonvill|IJX|jakswnfyl|jyakasanabhila|Џексонвил|Джексонвилл|جاكسونفيل|جکسون‌ویل، ایلینوی|جیکسن ویل، الینوائے|ज्याकसनभिल
Marion,city,IL,37.73061,-88.93313,17803,MWA|Mehrion|Merion|marino|marywn|marywn  aylynwy|Мерион|Мэрион|ماريون|ماریون، الینوائے|ماریون، ایلینوی|मारिनो|マリオン
Mattoon,city,IL,39.48309,-88.37283,18113,MTO|Mattun|Matun|ma dun|matoun|matwn|mtwn|mtwn  aylynwy|myattona|Маттун|Матун|Մաթուն|מטון|ماتون|متون، ایلینوی|میٹن، الینوائے|म्याट्टोन|マトゥーン|馬頓|马顿
Mount Vernon,city,IL,38.31727,-88.90312,15087,MVN|Maunt Vernon|Mt. Vernon|ma'unta bharnona|Маунт Вернон|ماؤنٹ ورنن، الینوائے|माउन्ट भर्नोन
O'Fallon,city,IL,38.59227,-89.91121,29002,O'Falon|O'Fehlan|O'Fellon|O’Fallon|ao fa lun|awfalwn|awfalwn  aylynwy|o'phalona|o'phyalana|ofaron|О'Фалон|О'Феллон|ОьФеллон|О’Фаллон|О’Фэлан|או'פאלון|أوفالون|او فالن، الینوائے|اوفالون، ایلینوی|ओ'फलोन|ও'ফ্যালন|オファロン|奧法倫
Quincy,city,IL,39.9356,-91.40987,40780,Bluffs|Gem City|Kuinsi|Kvinsi|UIN|kwinsi|kwynsy|kwyynsy  aylynwy|Квинси|Куинси|كوينسي|کوئنسی، الینوائے|کوئینسی، ایلینوی|퀸시
Shiloh,city,IL,38.56144,-89.89732,12961,
Springfield,city,IL,39.80172,-89.64371,114394,Campifons|SPI|Sprin'nkfilnt|Springfijld|Springfild|Springfilda|Springfildas|Springfilds|Springfīlda|Sprinqfild|Spryngfild|icuppirinhpilt|sbrynj fyld  alynwy|seupeulingpildeu|si pu lin fei er de|sprimphilda|springaphilda|springfild|spryngpyld|supuringufirudo|Σπρίνγκφιλντ|Спрингфиелд|Спрингфийлд|Спрингфилд|Спрингфілд|Спрынгфілд|Սփրինգֆիլդ|ספרינגפילד|اسپرنگ فیلڈ، الینوائے|اسپرینگ‌فیلد|سبرينج فيلد، إلينوي|سپرنگفیلڈ|स्प्रिंगफील्ड|स्प्रिङ्गफिल्द|স্প্রিংফিল্ড|இசுப்பிரிங்ஃபீல்ட்|สปริงฟิลด์|スプリングフィールド|斯普林菲尔德|스프링필드
Swansea,city,IL,38.53394,-89.98899,13543,
Taylorville,city,IL,39.54894,-89.29453,10873,Tejlorvil|tlwrfyl|tylwr wyl  aylynwy|Тејлорвил|تلورفيل|تیلور ویل، ایلینوی|ٹیلرویل، الینوائے
Troy,city,IL,38.72921,-89.88315,10036,Columbia|Troj|Troja|trwy|trwy  aylynwy|Троя|Трој|تروي|تروی، ایلینوی|ٹروئے، الینوائے
Upper Alton,city,IL,38.91144,-90.15066,29251,
Waterloo,city,IL,38.33589,-90.14983,10236,Vaterlo|Voterlu|watrlw|watrlw  aylynwy|Ватерло|Вотерлу|واترلو|واترلو، ایلینوی|واٹرلو، الینوائے
Wood River,city,IL,38.86116,-90.09761,10294,Vud River|wwd ryfr|wwd rywr  aylynwy|Вуд Ривер|وود ريفر|وود ریور، ایلینوی|ووڈ ریور، الینوائے
Avon,city,IN,39.76282,-86.39972,16451,Avon Station|Hampton|Smootsdell|Whitelink
Bedford,city,IN,38.86116,-86.48721,13347,BFR|Бедфорд
Beech Grove,city,IN,39.72199,-86.08998,14548,Beech Grove Farm|Bich Grouv|Bich-Grouv|Bits Nkroouv|bica grova|bichigeulobeu|bych grw  ayndyana|bych qrw  ayndyana|bytsh ghrwf|byz' grwb|yin di an na zhou|Μπιτς Γκρόουβ|Бич Гроув|Бич-Гроув|Біч-Гроув|ביץ' גרוב|بيتش غروف|بیچ قرو، ایندیانا|بیچ گرو، ایندیانا|بیچ گروو، انڈیانا|बीच ग्रोव|印第安納州|印第安纳州|비치그로브
Bloomington,city,IN,39.16533,-86.52639,84067,BMG|Blumington|Blumingtona|Blumingtun|Blūmingtona|beullumingteon|blumintana|blwmnghtwn|blwmyngtwn|blwmyngtwn  ayndyana|bu lu ming dun|buruminton|Блумингтон|Блумингтън|Блумінгтон|בלומינגטון|بلومنغتون|بلومنگٹن، انڈیانا|بلومینگتون، ایندیانا|ব্লুমিংটন|ブルーミントン|布卢明顿|블루밍턴
Broad Ripple,city,IN,39.86671,-86.14165,17041,
Brownsburg,city,IN,39.84338,-86.39777,24996,Brownsburgh|Harrisburg|Harrisburgh
Carmel,city,IN,39.97837,-86.11804,88713,Bethleham|Bethlehem|Karmel|Karmel'|ka mei er|kameol|kameru|karml|karml  ayndyana|Кармел|Кармель|كارمل|کارمل، انڈیانا|کارمل، ایندیانا|カーメル|卡梅尔|카멀
Clarksville,city,IN,38.29674,-85.75996,21866,Clarkville|Klarksvil|ke la ke si wei er|klarksfyl|Кларксвил|كلاركسفيل|کلارکسویل، انڈیانا|克拉克斯维尔
Columbus,city,IN,39.20144,-85.92138,46690,CLU|Kolambus|Kolumbus|Tiptonia|ge lun bu|klmbws  ayndyana|koronbasu|kwlwmbws|Коламбус|Колумбус|كولومبوس|کلمبوس، ایندیانا|کولمبس، انڈیانا|コロンバス|哥伦布
Connersville,city,IN,39.64116,-85.14107,13010,CEV|Konersvil|kanrzwyl  ayndyana|kwnrsfyl|Конерсвил|كونرسفيل|کانرزویل، ایندیانا|کونرزویل، انڈیانا
Evansville,city,IN,37.97476,-87.55585,119943,EVV|Ehvansvil|Ehvansvill|Evansvil|Evansvilis|ai wen si wei er|awanzwyl  ayndyana|ayfansfyl|ebanzubiru|ebeonjeubil|evhansavhila|evuanzuvuiru|ivansavila|xe wan s will|Евансвил|Евансвіл|Эвансвилл|Эвансвіл|אוונסוויל|إيفانسفيل|اوانزویل، ایندیانا|ایوانز ویل، انڈیانا|इवान्सविल|एव्हान्सव्हिल|เอวันส์วิลล์|エバンズビル|エヴァンズヴィル|埃文斯維爾|에번즈빌
Fishers,city,IN,39.95559,-86.01387,76794,Fishers Station|Fishers Switch|fei xi er si|fisshazu|fyshrz|fyshrz  ayndyana|phisarsa|pysrs|Фишерс|Фішерс|פישרס|فشرز، انڈیانا|فيشرز|فیشرز، ایندیانا|फिशर्स|フィッシャーズ|费希尔斯
Greencastle,city,IN,39.64449,-86.86473,10401,Green Castle|Greencastel|Grinkasl|ghrynkasl|grynksl  ayndyana|Гринкасл|غرينكاسل|گرین کیسل، انڈیانا|گرینکسل، ایندیانا
Greenfield,city,IN,39.78504,-85.76942,21497,GFD|Grinfild|ghrynfyld|grynfyld  ayndyana|gurinfirudo|Гринфилд|غرينفيلد|گرین فیلڈ، انڈیانا|گرینفیلد، ایندیانا|グリーンフィールド
Greensburg,city,IN,39.33727,-85.48358,11819,Greensburgh|Grinsburg|ghrynsbwrgh|grynzbrg  ayndyana|Гринсбург|غرينسبورغ|گرینزبرگ، انڈیانا|گرینزبرگ، ایندیانا
Greenwood,city,IN,39.61366,-86.10665,55586,Greenfield|Grinvud|Smockton|ghrynwwd|grynwwd  ayndyana|Гринвуд|غرينوود|گرین ووڈ، انڈیانا|گرینوود، ایندیانا
Indianapolis,city,IN,39.76838,-86.15804,887642,IND|Indianapoles|Indianapoli|Indianapolisa|Indianapolės|Indianapòlis|Indianàpolis|Indianápolis|Indijanapolis|Indiyanapolis|Indpls|Indyjanapalis|andyanabwlys|ayndyanapwlys|idi'anapolisa|indiaenapolliseu|indianaporisu|indiyanapolis|indiyanapolisa|intiyanapolis|xin deiy næ pho lis|yin di an na bo li si|İndianapolis|Ινδιανάπολη|Індыянапаліс|Індіанаполіс|Индианаполис|Индијанаполис|Ինդիանապոլիս|אינדיאנאפאליס|אינדיאנפוליס|إنديانابوليس|انڈیاناپولس|انڈیاناپولس، انڈیانا|ایندیاناپولیس|इंडियानापोलिस|इन्डियानापोलिस|इन्डियानापोलिस्|इन्दियानापोलिस|ইন্ডিয়ানাপোলিস|ਇੰਡੀਆਨਾਪੋਲਿਸ|இண்டியானாபொலிஸ்|อินเดียแนโพลิส|ინდიანაპოლისი|ኢንዲያናፖሊስ|インディアナポリス|印第安納波利斯|인디애나폴리스
Jasper,city,IN,38.39144,-86.93111,15451,Dzasper|jasbr|jspr  ayndyana|Џаспер|جاسبر|جسپر، انڈیانا|جسپر، ایندیانا
Jeffersonville,city,IN,38.27757,-85.73718,46960,Dzefersonvil|jfrswnwyl  ayndyana|jie fei xun wei er|jyfrswnfyly|Џеферсонвил|جفرسن ویل، انڈیانا|جفرسونویل، ایندیانا|جيفرسونفيلي|杰斐逊维尔
Lawrence,city,IN,39.83865,-86.02526,47809,Lorens|Lourens|lawrns  ayndyana|lwrans|Лоренс|Лоуренс|لارنس، انڈیانا|لاورنس، ایندیانا|لورانس
Madison,city,IN,38.73589,-85.37996,12040,MDN|Medison|Mehdison|madyswn|mdyswn  ayndyana|Мадисон|Медисон|Медісон|Мэдисон|ماديسون|مدیسون، ایندیانا|میڈیسن، انڈیانا
Martinsville,city,IN,39.42783,-86.42833,11690,Martinsvil|Martinsvill|Martinsvill'|martynsfyl|martynzwyl  ayndyana|matinjeubil|Мартинсвил|Мартинсвилл|Мартінсвілль|مارتينسفيل|مارتینزویل، ایندیانا|مارٹنز ویل، انڈیانا|마틴즈빌
New Albany,city,IN,38.28562,-85.82413,36732,N'ju-Albani|Nju Olbani|Њу Олбани|Нью-Албани|Ню Олбани
New Castle,city,IN,39.92894,-85.37025,17621,Newcastle|Nju Kasl|niu ka si er|nyukaeseul|nyw kasl|nywkasl  ayndyana|Њу Касл|نيو كاسل|نیو کیسل، انڈیانا|نیوکاسل، ایندیانا|紐卡斯爾|뉴캐슬
North Madison,city,IN,38.76784,-85.39663,12435,bei mai di xun|北麥迪遜
Plainfield,city,IN,39.70421,-86.39944,30590,Plainfield (Indiana)|Plejnfild|peulleinpildeu|Плейнфилд|Плейнфілд|Плејнфилд|پلینفیلڈ، انڈیانا|플레인필드
Richmond,city,IN,39.82894,-84.89024,35854,Coxborough|RID|Smithville|li shi man|lichimeondeu|ritchimondo|rychmwnd  ayndyana|rytshmwnd|Ричмонд|Річмонд|ريتشموند|رچمنڈ، انڈیانا|ریچموند، ایندیانا|リッチモンド|里士满|리치먼드
Seymour,city,IN,38.95922,-85.89025,19478,SER|Sejmur|shimoa|simora|symwr|symwr  ayndyana|xi mo|Сеймур|سيمور|سیمور، انڈیانا|سیمور، ایندیانا|सीमोर|シーモア|西摩
Shelbyville,city,IN,39.52144,-85.77692,19133,Shelbivil|Shelby|Shelly|sherubibiru|syelbibil|Шелбивил|シェルビービル|셸비빌
Speedway,city,IN,39.80227,-86.26721,12127,Speedway City|Spidvej|sbyd way|seupideuwei|supidouei|Спидвеј|سبيد واي|スピードウェイ|스피드웨이
Terre Haute,city,IN,39.4667,-87.41391,60825,HUF|Tera Khout|Tere Khout|Terra Alta|Terre-Khot|te lei huo te|telehote|tere hauta|tere haute|terehoto|therre hot|trh‌hwt  ayndyana|tyr hwt|Тера Хоут|Тере Хоут|Терре-Хот|تر ہات، انڈیانا|تره‌هوت، ایندیانا|تير هوت|टेरे हौट|टेरे हौते|เทร์เรโฮต|テレホート|特雷霍特|테레호테
Vincennes,city,IN,38.67727,-87.52863,18012,Au Poste|OEA|Post Ouabache|Post Saint Ange|Post Saint Vincent|Post Vincennes|Poste Ouabache|Vinsenne|Vinsens|fynsyns|wynsns  ayndyana|Винсенс|فينسينس|ونسینز، انڈیانا|وینسنس، ایندیانا
Washington,city,IN,38.65922,-87.17279,12078,Liverpool|Vashington|Вашингтон
Zionsville,city,IN,39.95087,-86.26194,26296,Zajonsvil|Зајонсвил
Andover,city,KS,37.7139,-97.13643,12745,Cloud|Minneha|andwfr|andwwr  kanzas|Андовер|آندوور، کانزاس|أندوفر|اینڈوور، کنساس
Arkansas City,city,KS,37.06197,-97.03837,12136,Adelphi|Arkansasurbo|Arkanzas Siti|Arkanzas siti|Arkanzas-Siti|Creswell|Fernandina|Thanh pho Arkansas|Thành phố Arkansas|Walnut City|a ken se cheng|akanzasushiti|arkanzas syty  kanzas|arknsas syty|Арканзас Сити|Арканзас сити|Арканзас-Сити|Арканзас-Сіті|ארקנסו סיטי|آرکانزاس سیتی، کانزاس|آرکنساس سٹی، کنساس|أركنساس سيتي|اركنساس سيتى|アーカンザスシティ|阿肯色城
Atchison,city,KS,39.56305,-95.12164,10712,Achison|Atcison|Atçison|achsn  kanzas|ai qi xun|atshyswn|aychysn  knsas|Ачисон|أتشيسون|اچسن، کانزاس|ایچیسن، کنساس|艾奇逊
Derby,city,KS,37.54557,-97.26893,23509,Derbi|El Paso|Sand Ford|drby  kanzas|dyrby|Дерби|دربی، کانزاس|ديربي|ڈربی، کنساس
El Dorado,city,KS,37.81724,-96.86225,12931,EDK|El Dorejdo|Eldorado|al dwradw  kanzas|aldwradw|ayl dwradw  knsas|Ел Дорејдо|إلدورادو|ال دورادو، کانزاس|ایل دورادو، کنساس
Emporia,city,KS,38.4039,-96.18166,24649,Columbia|EMP|Emporija|ambwrya|ampwrya  kanzas|aympwrya  knsas|empolia|Емпория|Емпорија|إمبوريا|امپوریا، کانزاس|ایمپوریا، کنساس|엠포리아
Gardner,city,KS,38.81084,-94.92719,20868,gadona|gardnr  kanzas|ghardnr|gu de na|jardnr|qardnr  kanzas|Гарднер|جاردنر|غاردنر|قاردنر، کانزاس|گاردنر، کانزاس|گارڈنر، کنساس|ガードナー|賈德納
Great Bend,city,KS,38.36446,-98.76481,15717,GBD|Greatbend|Grejt Bend|geuleiteubendeu|ghryt bynd|gryt bnd  kanzas|Грејт Бенд|غريت بيند|گریت بند، کانزاس|گریٹ بینڈ، کنساس|그레이트벤드
Hays,city,KS,38.87918,-99.32677,21092,Big Creek Station|HYS|Hays City|Khejs|Khejz|hayz|heiseu|heizu|hesa|hyz  kanzas|Хейс|Хејз|هايز|هیز، کانزاس|ہیئز، کنساس|हेस|ヘイズ|헤이스
Haysville,city,KS,37.56446,-97.35227,11212,Gejsvill|Khajsvile|Khejzvil|hai si wei er|haysfyl|hayswyl  kanzas|Гейсвилл|Гейсвілл|Хайсвиле|Хејзвил|هايسفيل|هایسویل، کانزاس|ہیزویل، کنساس|海斯維爾
Hutchinson,city,KS,38.06084,-97.92977,41569,HUT|Khachinson|Khatchinson|hachynswn  kanzas|htshnswn|Хатчинсон|Хачинсон|هاچینسون، کانزاس|هتشنسون|ہچینسن، کنساس
Junction City,city,KS,39.02861,-96.8314,24621,Dzankshon Siti|Junction|Millard|jankshn syty  kanzas|jnkshn syty|zhang ke shen cheng|Џанкшон Сити|جانکشن سیتی، کانزاس|جنكشن سيتي|جنکشن سٹی، کنساس|章克申城
Kansas City,city,KS,39.11417,-94.62746,152933,Fort Cavagnolle|KCK|Kansas City i Kansas|Kanzas-Siti|kan sa si cheng|Канзас-Сити|堪薩斯城
Lansing,city,KS,39.24861,-94.90024,11767,Petersburg|lan xing|lansng  knsas|lansyngh|lansynj|lanzynq  kanzas|lnsyng  kanzas|ranshingu|Лансинг|Лансінг|لانزینق، کانزاس|لانسنگ، کنساس|لانسينج|لانسينغ|لنسینگ، کانزاس|ランシング|蓝星|藍星
Lawrence,city,KS,38.97167,-95.23525,93917,LWC|Lorens|Lourehns|Lourens|lao lun si|larns  knsas|lolenseu|lwrans|lwrns  kanzas|rorensu|Лоренс|Лоуренс|Лоўрэнс|Լոուրենս|لارنس، کنساس|لورانس|لورنس، کانزاس|ローレンス|勞倫斯|로렌스
Leavenworth,city,KS,39.31111,-94.92246,35980,Leavenworth City|Levenvort|Livenvors|New Town|lebeon-woseu|lyfnwwrth|lywnwrt  kanzas|rebunwasu|Левенворт|Ливенворс|ليفنوورث|لیونورت، کانزاس|لیونورتھ، کنساس|レブンワース|레번워스
Leawood,city,KS,38.96667,-94.6169,34579,Livud|lywwd|lywwd  kanzas|Ливуд|ليوود|لیوود، کانزاس|لیووڈ، کنساس
Lenexa,city,KS,38.95362,-94.73357,52490,Sherman
Manhattan,city,KS,39.18361,-96.57167,56308,MHK|Mankhehtten|Menkhetn|maenhaeteun|man ha dun|manhatn|mnhtn  kanzas|Манхэттен|Менхетн|مانهاتن|منهتن، کانزاس|مینہٹن، کنساس|マンハッタン|曼哈頓|맨해튼
McPherson,city,KS,38.37084,-97.66421,13144,MPR|Makferson|makfrswn|mkfyrsn  knsas|Макферсон|ماكفرسون|مکفیرسن، کنساس|مک‌فرسون، کانزاس
Merriam,city,KS,39.02362,-94.69357,11288,Campbellton|Campbelltown|Glenwood|Meriam|Merijam|Spring Place|mei li e mu|meriamu|mryam  kanzas|myryam|myrym  knsas|Мериам|Меријам|Мерриам|Мерріам|مریام، کانزاس|ميريام|میریم، کنساس|メリアム|梅里厄姆
Newton,city,KS,38.04668,-97.34504,19216,EWK|N'juton|Newton City|Njuton|nywtn|nywtn  kanzas|Њутон|Ньютон|نيوتن|نیوتن، کانزاس|نیوٹن، کنساس
Olathe,city,KS,38.8814,-94.81913,134305,Olat|Olejt|Olejte|ao la xi|awlath|awlyta  kanzas|oreisa|Олейт|Олејте|أولاث|اولیتا، کانزاس|اولیتھی، کنساس|オレイサ|奧拉西
Ottawa,city,KS,38.61557,-95.26775,12387,Otava|Ottawa Creek|awtawa|awtawa  kanzas|otava|otawa|Отава|أوتاوا|اوتاوا، کانزاس|اوٹاوا، کنساس|ओटावा|オタワ
Overland Park,city,KS,38.98223,-94.67079,186515,Ouvurlund Park|Overlend-Park|awfrland bark|awwrlnd park  kanzas|obarandopaku|obeollaendeupakeu|ou fu lan pa ke|Оверланд Парк|Оверленд-Парк|Оувърлънд Парк|أوفرلاند بارك|اوورلند پارک، کانزاس|اوورلینڈ پارک، کنساس|オーバーランドパーク|歐弗蘭帕克|오벌랜드파크
Parsons,city,KS,37.34034,-95.26108,10090,Mendota|PPF|Parsons City|barswnz|pa sen si|parsns  knsas|parswnz  kanzas|parzwnz  kanzas|pasonzu|prswns|Парсонс|פרסונס|بارسونز|پارزونز، کانزاس|پارسنس، کنساس|پارسونز، کانزاس|パーソンズ|帕森斯
Pittsburg,city,KS,37.41088,-94.70496,20409,Hopefield|New Pittsburg|New Pittsburgh|PTS|Pitsburg|Pittsburgh|bytsbrgh|bytsbrj|pi ci bao|pi zi bao|pittsubagu|pytsbwrg  kanzas|pytsbwrq  kanzas|Питсбург|Питтсбург|Піттсбург|بيتسبرج|بيتسبرغ|پٹسبرگ، کنساس|پیتسبورق، کانزاس|پیتسبورگ، کانزاس|ピッツバーグ|匹兹堡|匹茲堡
Prairie Village,city,KS,38.99167,-94.63357,21877,Preri Vilidz|Preri-Villedzh|bryry fylyj|prayry wylyyj  kanzas|pryry wylyj  kanzas|pu lei li cun|Прери Вилиџ|Прери-Вилледж|Прері-Вілледж|بريرى فيليج|بريري فيليج|پرایری ویلئیج، کانزاس|پریری ویلیج، کانزاس|پریری گاؤں، کنساس|普雷里村
Salina,city,KS,38.84028,-97.61142,47813,SLN|Salajna|Saliena|Saline|salayana|salyna|salyna  kanzas|saraina|seollaina|sylayna  knsas|Салајна|Салина|سالينا|سالینا، کانزاس|سیلائنا، کنساس|सलायना|サライナ|설라이나
Shawnee,city,KS,39.04167,-94.72024,65046,Shani|Shoni|shany  knsas|shawny|shwny  kanzas|syoni|Шани|Шони|شانی، کنساس|شاوني|شونی، کانزاس|쇼니
Topeka,city,KS,39.04833,-95.67804,125963,Google|Mid-Continent|Pomme de Terre|TOP|To-pe-ka|To-poo-ka|Too Beega|Topage|Topeca|Topika|Topikachu|Topikae|Topīka|topika|tuo pi ka|twbyka  kansas|twpyka|twpyqh|Τοπίκα|Топека|Топикæ|Топика|Топіка|Տոպիկա|טופיקה|توبيكا، كانساس|توپیکا|टोपेका|டொபீகா|トピカ|托皮卡|토피카
Wichita,city,KS,37.69224,-97.33754,396119,Camp Beecher|Camp Davidson|Doo-Dah|Doodah|ICT|Ouitsita|Uichita|Uichito|Uichyta|Vichita|Vicita|Vicito|Viçita|Viĉito|Vičita|uichita|uichitʼo|vicita|wei qi tuo|wi chi thx|wichito|wychyta  kanzas|wychyta  knsas|wytshyta|wyzyth|Ουιτσίτα|Вичита|Вічіта|Уичита|Уичито|Уічыта|Ուիչիտո|ויציטה|ويتشيتا|ویچیتا، کانزاس|ویچیتا، کنساس|विचिटा|วิชิทอ|უიჩიტო|ウィチタ|威奇托|위치토
Winfield,city,KS,37.23975,-96.99559,12204,Legonda|Vinfild|WLD|wynfyld|wynfyld  kanzas|Винфилд|ونفیلڈ، کنساس|وينفيلد|وینفیلد، کانزاس
Ashland,city,KY,38.47841,-82.63794,21108,Ehshland|Eshland|aesyullaendeu|ai xu lan|ashlnd  kntaky|ashurando|Ешланд|Эшланд|أشلاند|اشلند، کنتاکی|ایشلنڈ، کینٹکی|アシュランド|愛許蘭|애슐랜드
Bardstown,city,KY,37.80923,-85.4669,13091,BRY|Bairdstown|Bards Town|Bardstaun|Bardstoun|Beardstown|Salem|Salem Town|ba ci dui|badeuseutaun|bardastawn  kntaky|bardstawn|Бардстаун|Бардстоун|بارداستاون، کنتاکی|باردستاون|巴兹敦|바드스타운
Berea,city,KY,37.56869,-84.29632,14882,Barea|Beria|Berija|The Bresh|The Glades|beria shi|bo li ya|brya  kntaky|byrya|Береа|Берия|Берија|Берія|Բերիա|בריאה|بریا، کنتاکی|بيريا|ベリア市|伯里亚
Bowling Green,city,KY,36.99032,-86.4436,63616,BWG|Bouling Grin|Bouling-Grin|Bowlinggreen|bao ling ge lin|bolling-geulin|boringugurin|bwlyngh ghryn|bwwlyng gryn  kntaky|Боулинг Грин|Боулинг-Грин|باولنگ گرین، کینٹکی|بولينغ غرين|بوولینگ گرین، کنتاکی|ボーリンググリーン|鮑靈格林|볼링그린
Burlington,city,KY,39.02756,-84.72411,15926,Berligton|Berlington|Craigs Camp|Wilmington|bo ling dun|brlyngtn  kntaky|Берлигтон|Берлингтон|برلنگٹن، کینٹکی|برلینگتن، کنتاکی|伯灵顿
Campbellsville,city,KY,37.3434,-85.34191,11237,Buck Horn Lick|Kampbehlsvill|Kampbelsvil|kamblsfyl|kan bei er si wei er|kmblswyl  kntaky|Кампбелсвил|Кампбэлсвилл|كامبلسفيل|کمبلسویل، کنتاکی|坎贝尔斯威尔
Covington,city,KY,39.08367,-84.50855,40997,Kavington|Kovington|ka wen dun|kawyngtn  kntaky|keobingteon|kobinton|kwfynghtwn|Кавингтон|Ковингтон|Ковінгтон|كوفينغتون|کاوینگتن، کنتاکی|کوونگٹن، کینٹکی|コビントン|卡温顿|커빙턴
Danville,city,KY,37.64563,-84.77217,16690,Crows Station|Danvil|Dehnvill|John Crows Station|daenbil|dan wei er|danfyl|dnwyl  kntaky|Данвил|Дэнвилл|دانفيل|دنویل، کنتاکی|ڈینویل، کینٹکی|丹維爾|댄빌
Elizabethtown,city,KY,37.69395,-85.85913,29678,EKX|Ehlizabettaun|Elizabettaun|alyzabttawn  kntaky|yi li sha bai|Елизабеттаун|Элизабеттаун|الیزابتتاون، کنتاکی|伊丽莎白
Erlanger,city,KY,39.01673,-84.60078,18797,Ehrlanger|Greenwood Lake|Timberlake|aranga|ayrlanghr|ayrlanjr|e lan ge|rlngr  kntaky|rlnqr  kntaky|Ерлангер|Эрлангер|إيرلانغر|ايرلانجر|ایرلینگیر، کینٹکی|رلنقر، کنتاکی|رلنگر، کنتاکی|アーランガー|厄兰格
Fern Creek,city,KY,38.15979,-85.58774,18409,Fern Krik|Fern-Kryk|Stringtown on the Pike|Ферн Крик|Ферн-Крык|ファーン・クリーク
Florence,city,KY,38.99895,-84.62661,32227,Connersville|Crossroads|Florencija|Florens|Maddensville|Maddentown|Maddontwon|flwrns|flwrns  kntaky|fu luo lun sa|furorensu|Флоренс|Флоренция|فلورنس|فلورنس، کنتاکی|فلورنس، کینٹکی|フローレンス|佛羅倫薩
Fort Thomas,city,KY,39.07506,-84.44716,16398,Fort Tomas|Fort-Tomas|Guyville|Rossford|bao lei tuo ma si|fwrt tamz  kntaky|fwrt twmas|Форт Томас|Форт-Томас|فورت تامز، کنتاکی|فورت توماس|فورٹ تھامس، کینٹکی|フォート・トーマス|堡垒托马斯
Frankfort,city,KY,38.20091,-84.87328,28391,FFT|Fran'kfort|Frankfart|Frankforta|Frankfortas|Frankforto|Frankforts|Frankfurt|Frehnkfort|Frenkfort|The Big Bend|fa lan ke fu|frankfwrt|frankfwrt  kntaky|furankufoto|peulaengkeupeoteu|phramkaphorta|phrankapharta|phryankaphorta|piranport|prnqpwrt|Φράνκφορτ|Франкфарт|Франкфорт|Франкфурт|Френкфорт|Фрэнкфорт|Ֆրանկֆորտ|פרנקפורט|فرانكفورت|فرانکفورت، کنتاکی|فرینک فورٹ، کینٹکی|فرینکفورٹ|फ़्रांक्फ़ोर्ट्|फ्रँकफोर्ट|फ्राङ्कफर्त|फ्र्यांकफोर्ट|பிராங்போர்ட்|แฟรงก์เฟิร์ต|フランクフォート|法兰克福|프랭크퍼트
Georgetown,city,KY,38.2098,-84.55883,32356,Dzhorzhtaun|Dzordztaun|George Town|Lebanon Station|McClellans Station|jojitaun|jrj‌tawn  kntaky|jwrjtawn|qiao zhi dui|Џорџтаун|Джоржтаун|جارج ٹاؤن، کینٹکی|جرج‌تاون، کنتاکی|جورجتاون|ジョージタウン|乔治敦|조지타운
Glasgow,city,KY,36.99588,-85.91192,14470,GLW|Glazgou|ge la si ge|ghlaskw|glasgw  kntaky|Глазгоу|غلاسكو|گلاسگو، کنتاکی|格拉斯哥
Henderson,city,KY,37.83615,-87.59001,28890,Khenderson|hendason|heng de sen|hndrsn  kntaky|hndrswn|Хендерсон|هندرسن، کنتاکی|هندرسون|ہینڈرسن، کینٹکی|ヘンダーソン|亨德森
Highview,city,KY,38.14285,-85.62413,15167,Khajvju|Хајвју
Hopkinsville,city,KY,36.86561,-87.49117,32205,Elizabeth|Elizabethtown|HOP|Hoptown|Khopkinsvil|Khopkinsvill|Khopkinsville|Woods Settlement|hapkynzwyl|hopukinsubiru|huo pu jin si|hwbkynzfyl|Хопкинсвил|Хопкинсвилл|Хопкинсвилле|هاپکینزویل|هوبكينزفيل|ہاپکنزویل، کینٹکی|ホプキンスビル|霍普金斯
Independence,city,KY,38.94312,-84.54411,26819,Independens|Independense|andbndns|ayndypndns  kntaky|du li cheng|indipendensu|Индепенденс|Индепенденсе|إندبندنس|انڈیپینڈینس، کینٹکی|ایندیپندنس، کنتاکی|インディペンデンス|独立城
Ironville,city,KY,38.45647,-82.69238,288649,ai en wei er|ayrwnwyl|ayrwnwyl  kntaky|آیرونویل|آیرونویل، کنتاکی|艾恩維爾
Jeffersontown,city,KY,38.19424,-85.5644,26946,Bruners Town|Brunerstown|Dzefersontaun|Dzhehfferstoun|Jefferson|Jefferson Town|jfrsntawn  kntaky|Џеферсонтаун|Джэфферстоун|جفرسنتاون، کنتاکی
Lawrenceburg,city,KY,38.0373,-84.89662,11103,Coffman Station|Kaufman Station|Kaufmans Station|Laurensburg|Lawrence|Lorensburg|lao lun si bao|larnsbrg  kntaky|lolenseubeogeu|lwrns|rorensubagu|Лауренсбург|Лоренсбург|لارنسبرگ، کنتاکی|لورنس|ローレンスバーグ|劳伦斯堡|로렌스버그
Lexington,city,KY,37.98869,-84.47772,320347,LEX|Leksington|Leksingtona|Leksingtonas|Leksingtono|Leksingtun|Leksinqton|Lexington-Fayette|Lexintonia|legsingteon|leksingtana|lie ke xing dui|lksyngtwn  kntaky|lqsyngtwn|lyksynghtwn|rekishinton|Лексингтон|Лексингтън|לקסינגטון|ليكسينغتون|لکسینگتون، کنتاکی|لیکسنگٹن، کینٹکی|लेक्सिंग्टन|ലെക്സിങ്ടൺ|ლექსინგტონი|レキシントン|列克星敦|렉싱턴
Lexington-Fayette,city,KY,38.0498,-84.45855,314488,Fayette County|Lexington
Louisville,city,KY,38.25424,-85.75941,624444,Louisvil|Louisville-Jefferson County|Ludovicopolis|Luisvil|Luisvilis|Luisvill|Luivil|Luivila|Lujzvill|Lūivila|SDF|lu yi wei er|lu'ivhila|lu-ibil|lu-ijeubil|lubhala|luisvili|luizvili|luy s will|luyivil|lwyfyl|lwyywyl  kntaky|ruibiru|Λούισβιλ|Луивил|Луисвил|Луисвилл|Луйзвилл|Луісвіл|Луїсвілл|Լուիսվիլ|לואיוויל|لوئیزویل، کینٹکی|لويفيل|لوییویل، کنتاکی|लुईव्हिल|লুভল|லூயிவில்|ลุยส์วิลล์|ლუიზვილი|ლუისვილი|ルイビル|路易維爾|루이빌|루이즈빌
Lyndon,city,KY,38.25674,-85.60163,11372,Lindon|lin deng|lyndn  kntaky|lyndwn|Линдон|ليندون|لیندن، کنتاکی|林登
Madisonville,city,KY,37.3281,-87.49889,19539,Medisonvil|Mehdisonvil'|madisonbiru|madyswnfyl|mai di xun wei er|mdsnwyl  kntaky|medisanavhila|Медисонвил|Мэдисонвиль|ماديسونفيل|مدسنویل، کنتاکی|میڈیسونویلی، کینٹوکی|मॅडिसनव्हिल|マディソンビル|麦迪逊维尔
Mayfield,city,KY,36.74172,-88.63672,10080,Mehjfild|Mejfild|mayfyld|mei fei er de|myfyld  kntaky|Мејфилд|Мэйфилд|مايفيلد|میفیلد، کنتاکی|梅菲尔德
Meads,city,KY,38.41258,-82.70905,288649,mi zi|mydz|mydz  kntaky|میدز|میدز، کنتاکی|米茲
Middlesboro,city,KY,36.60842,-83.71658,10730,Middlborou|Middlesborough|Middlsboro|Midlsboro|mi de er si bao|mydlsbwrw|mydlzbrw  kntaky|mydlzbrww  kntaky|Миддлбороу|Миддлсборо|Мидлсборо|Міддлсборо|ميدلسبورو|میدلزبرو، کنتاکی|میدلزبروو، کنتاکی|米德尔斯堡
Mount Washington,city,KY,38.05006,-85.54579,14028,Crossroads|Maunt Vashingtoun|Maunt Voshington|Maunt-Vashington|Mount Vernon|Mountvernon|The Cross Roads|mang te hua sheng dun|mawnt washntn|mawnt washyngtn  kntaky|mawnt washynqtn  kntaky|Маунт Вашингтоун|Маунт Вошингтон|Маунт-Вашингтон|ماونت واشنطن|ماونت واشینقتن، کنتاکی|ماونت واشینگتن، کنتاکی|マウント・ワシントン|芒特华盛顿|芒特華盛頓
Murray,city,KY,36.61033,-88.31476,18954,CEY|Mari|Mjurrej|Murrehj|Pleasant Hill|Pooltown|Williston|mare|meoli|mu lei|mwray|mwry  kntaky|Мари|Муррэй|Мюррей|مرے، کینٹکی|موراي|موری، کنتاکی|マレー|穆雷|머리
Newburg,city,KY,38.16007,-85.65968,19967,
Newport,city,KY,39.09145,-84.49578,15354,N'juport|Newport (Kentucky)|Njuport|niu bo te|nyupoto|nywbwrt|nywpwrt  kntaky|Њупорт|Ньюпорт|نيوبورت|نیوپورت، کنتاکی|نیوپورٹ، کینٹکی|ニューポート|纽波特
Nicholasville,city,KY,37.88063,-84.573,29754,Nicholasvill|Nikolasvil|ni gu la si wei er|nikorasubiru|nyklaswyl  kntaky|nyshlsfyl|Николасвил|Ничоласвилл|نيشلسفيل|نیکلاسویل، کنتاکی|نیکولسویل، کینٹکی|ニコラスビル|尼古拉斯維爾
Okolona,city,KY,38.14118,-85.68774,17134,Lone Oak|The Ponds Area|Околона
Owensboro,city,KY,37.77422,-87.11333,59042,OWB|Ouensboro|Ouensburou|Ounsboro|Ovensboro|Owensborough|Yellow Banks|awwnzbrww  kntaky|awynsbwrw|o-eonjeubeoleo|oenzuboro|ou wen si bo lei|Овенсборо|Оуенсборо|Оуенсбъроу|Оунсборо|أوينسبورو|اوونزبروو، کنتاکی|اوینسبورو، کینٹکی|オーエンズボロ|欧文斯伯勒|오언즈버러
Pleasure Ridge Park,city,KY,38.14535,-85.8583,25813,Painesville
Radcliff,city,KY,37.84035,-85.94913,22387,Mill Creek|Rad Cliffe|Radcliffe|Radklif|Rehdkliff|lei de ke li fu|radklyf|radokurifu|rdklyf  kntaky|Радклиф|Рэдклифф|رادكليف|ردکلیف، کنتاکی|ریڈکلف، کینٹکی|ラドクリフ|雷德克里夫
Richmond,city,KY,37.74786,-84.29465,33533,li shi man|lichimeondeu|rychmnd  kntaky|ryzmwnd|Ричмонд|ריצמונד|ریچمند، کنتاکی|里士滿|리치먼드
Saint Matthews,city,KY,38.25285,-85.65579,17472,Gilmans Point|St. Matthews
Shelbyville,city,KY,38.21201,-85.22357,15253,Shelbivil|Shelbivll|shlbywyl  kntaky|shylbyfyl|xie er bi wei er|Шелбивил|Шелбивлл|شلبیویل، کنتاکی|شيلبيفيل|谢尔比维尔
Shepherdsville,city,KY,37.9884,-85.71579,11967,
Shively,city,KY,38.20007,-85.82274,15713,Shajvli|Shiveli|Shivli|shaywly  kntaky|shiburi|shyfly|xia fu li|Шајвли|Шивели|Шивли|Шивлі|شایولی، کنتاکی|شيفلى|شيفلي|シブリー|夏夫利
Somerset,city,KY,37.09202,-84.60411,11439,SME|Samerset|Somerset (Kentucky)|sa mo sai te|samrst  kntaky|swmrst|Самерсет|Сомерсет|سامرست، کنتاکی|سومرست|萨默塞特
Valley Station,city,KY,38.11118,-85.87024,22756,Vali Stejshon|Вали Стејшон
Winchester,city,KY,37.99008,-84.17965,18446,Uinchester|Vinchester|uinchesuta|wen che si te|wincheseuteo|wynchstr  kntaky|wynshstr|Винчестер|Уинчестер|ونچیسٹر، کینٹکی|وينشستر|وینچستر، کنتاکی|ウィンチェスター|温彻斯特|윈체스터
Abbeville,city,LA,29.97465,-92.13429,12434,Abbevill|Abevil|La Chapelle|a bu wei er|abfyl|abywyl  lwyyzyana|aebibil|Аббевилл|Абевил|أبفيل|ابیویل، لوئیزیانا|阿布维尔|애비빌
Alexandria,city,LA,31.31129,-92.44514,47889,AEX|Aleksandrija|alaskndryt|alksandrya  lwyyzyana|allegsandeulia|ya li shan de li ya|Александрия|Александрија|الإسكندرية|الکساندریا، لوئیزیانا|الیگزینڈریا، لوزیانا|亚历山德里亚|알렉산드리아
Baker,city,LA,30.58824,-91.16816,13695,Bejker|Cottonville|bei ke|bykr|bykr  lwyyzyana|Бејкер|بيكر|بیکر، لوئیزیانا|贝克
Bastrop,city,LA,32.77828,-91.91144,10713,Bastrop (Louisiana)|ba si te luo pu|bstrp  lwyyzyana|Бастроп|بسترپ، لوئیزیانا|巴斯特罗普
Baton Rouge,city,LA,30.44332,-91.18747,227470,BTR|Batan-Ruzh|Baton Rouz|Baton Ruj|Baton Ruzas|Baton Ruzh|Baton Ruzos|Baton Ružas|Baton Ružos|Baton-Rouge|Baton-Ruzh|Baton-Ruzo|Batonruza|Batonrūža|Batun Ruzh|Bâton-Rouge|Dironbourg|New Richmond|Rubribaculum|ba tun lu ri|baeteonluji|batonruju|batwn rwj|batwn rwzh|batwn‌rwzh  lwyyzyana|betana ru|betana ruja|byatana ruja|bʼtwn rwz|patan ruj|Μπατόν Ρουζ|Батан-Руж|Батон Руж|Батон-Руж|Батън Руж|Բաթոն Ռուժ|באטון רוז|باتون روج|باتون روژ|باتون‌روژ، لوئیزیانا|باٹن روگ|بیٹون روج، لوزیانا|बॅटन रूज|बेटन रु|बेटन रूज|ब्यातन रुज|பாடன் ரூஜ்|แบตันรูช|バトンルージュ|巴吞鲁日|배턴루지
Bayou Boeuf,city,LA,29.86937,-90.59675,14195,
Bayou Cane,city,LA,29.6241,-90.7512,19355,Baju Kejn|Baju-Kejn|ba yue ken|bayw kyn|bayw kyn  lwyyzyana|bayw kyyn  lwyyzyana|Баю-Кейн|Бају Кејн|بايو كين|بایو کئین، لوئیزیانا|بایو کین، لوئیزیانا|巴约肯
Belle Chasse,city,LA,29.85493,-89.99063,12679,BCS|Bel Chasej|Bell'-Shass|bei er sha sai|bl chas  lwyyzyana|bl shsy  lwyyzyana|byl shas|Бел Часеј|Белль-Шасс|بل شسی، لوئیزیانا|بل چاس، لوئیزیانا|بيل شاس|ベル・チャス|貝爾沙塞
Bogalusa,city,LA,30.79102,-89.84869,11933,BXA|Bogaloosa|bo jia lu sa|bwgalwsa  lwyyzyana|bwghalwsa|Богалуса|بوغالوسا|بوگالوسا، لوئیزیانا|博加卢萨
Bossier City,city,LA,32.51599,-93.73212,68094,Bossier|Bozher Siti|bo xi er cheng|bosyeositi|bwsyr syty|bwwzhr  lwyyzyana|Божер Сити|بوسير سيتي|بوسیئر سٹی، لوزیانا|بووژر، لوئیزیانا|波西尔城|보셔시티
Broussard,city,LA,30.14715,-91.96123,11303,Brousard|Broussardville|Brussard|Cote Gelee|brwsard|brwsard  lwyyzyana|bu lu sa er|Броусард|Бруссард|بروسارد|بروسارد، لوئیزیانا|布鲁萨尔
Central,city,LA,30.55435,-91.03677,28295,
Chalmette,city,LA,29.94296,-89.96537,16751,Port Chalmette|cha er mei te|chalmt  lwyyzyana|شالمیٹ، لوزیانا|چالمت، لوئیزیانا|查尔梅特
Claiborne,city,LA,32.51598,-92.1918,11507,
Crowley,city,LA,30.21409,-92.37458,13144,Krouli|ke luo li|keulolli|krawly|krawly  lwyyzyana|kurouri|Кроули|كراولي|کراولی، لوئیزیانا|クロウリー|克羅利|크롤리
DeRidder,city,LA,30.84631,-93.28905,10890,DRI|De Ridder|DeKidder|Schovall|de li de|dryddr  lwyyzyana|dyraydr|Дериддер|دریددر، لوئیزیانا|ديرايدر|德里德
Denham Springs,city,LA,30.4874,-90.95753,10125,Amite Springs|Denam Springs|Denem-Springs|Dengam-Springs|Denham Springsas|Denhamspringsa|Denkham-Springs|Dunham Springs|Hills Springs|Ntenam Sprin'nks|de na mu si pu lin si|den hyam springs|den'yama sprinsa|denahama springsa|denama springja|denhaem seupeulingseu|dnham sbrynghz|dnham sbrynjz|dnm aspryngz  lwyyzyana|dnm asprynqz  lwyyzyana|dynham asprngs   lwwysyana|tenham spirins|Ντέναμ Σπρινγκς|Денам Спрингс|Денгам-Спрінгс|Денем-Спрингс|Денхам-Спрингс|دنم اسپرینقز، لوئیزیانا|دنم اسپرینگز، لوئیزیانا|دنهام سبرينجز|دنهام سبرينغز|دینحام اسپرنگس ، لوویسیانا|डेनम स्प्रिंग्ज|डेनहम स्प्रिंग्स|ডেন্যাম স্প্রিংস|ડેનહામ સ્પ્રિંગ્સ|டென்ஹாம் ஸ்பிரிங்ஸ்|డెన్ హ్యం స్ప్రింగ్స్|ಡೆನ್ಹಾಮ್ ಸ್ಪ್ರಿಂಗ್ಸ್|ඩෙන්හැම් ස්ප්‍රින්ග්ස්|เดนแฮมสปริงส์|デナム・スプリングス|德纳姆斯普林斯|덴햄 스프링스
Destrehan,city,LA,29.94322,-90.35345,11535,Destréhan|dstrhan  lwyyzyana|دسترهان، لوئیزیانا
Estelle,city,LA,29.84576,-90.10674,16377,Estele|Estell|Istel|ai si te er|astyl|aystl  lwyyzyana|ztl  lwyyzyana|Естеле|Естелл|Истел|إستيل|ایستل، لوئیزیانا|زتل، لوئیزیانا|埃斯特爾
Eunice,city,LA,30.49437,-92.41763,10310,Junis|Seeleyville|UCE|aywnys  lwyyzyana|you ni si|yunisu|ywnys|Јунис|Юнис|Юніс|יוניס|ایونیس، لوئیزیانا|يونيس|ユーニス|尤尼斯
Gardere,city,LA,30.34575,-91.14011,10580,Garders
Gonzales,city,LA,30.23853,-90.9201,10678,gang sa lei si|ghwnzalys|gwnzals  lwyyzyana|Гонзалес|غونزاليس|گونزالس، لوئیزیانا|冈萨雷斯
Gretna,city,LA,29.91465,-90.05396,17880,Mechancisk Village|Mechanickkham|Mechanicks Village|Mechanikham|ge lei te na|ghrytna|grtna  lwyyzyana|Гретна|غريتنا|گرتنا، لوئیزیانا|格雷特纳
Hammond,city,LA,30.50463,-90.46293,20480,Gammond|Hammond Station|Hammonds Crossing|Khammond|Khamond|ha meng de|hamondo|hamwnd|hmnd  lwyyzyana|Гаммонд|Хаммонд|Хамонд|هاموند|همند، لوئیزیانا|ہیمنڈ، لوزیانا|ハモンド|哈蒙德
Harvey,city,LA,29.90354,-90.07729,20348,Cosmopolite City|Kharvi|Харви
Houma,city,LA,29.59577,-90.71953,34287,HUM|Khouma|homa|huo ma|hwma|hwma  lwyyzyana|Хоума|هوما|هوما، لوئیزیانا|ہووما، لوزیانا|霍玛|호마
Jefferson,city,LA,29.96604,-90.15313,11193,Dzeferson|Dzhefferson|jfrsn  lwyyzyana|jfrzwn  lwyyzyana|jie fei xun|jyfrsn  lwzyana|jyfyrswn|Џеферсон|Джефферсон|جفرزون، لوئیزیانا|جفرسن، لوئیزیانا|جيفيرسون|جیفرسن، لوزیانا|杰斐逊|杰斐遜
Jennings,city,LA,30.22243,-92.65708,10180,Dzenings|jnyngz  lwyyzyana|zhan ning si|Џенингс|جنینگز، لوئیزیانا|詹宁斯
Kenner,city,LA,29.99409,-90.24174,67091,Cannes Brulees|Kener|ken na|kena|knr  lwyyzyana|kynr  lwzyana|kynyr|Кенер|Кеннер|كينير|کنر، لوئیزیانا|کینر، لوزیانا|ケナー|肯纳
Lafayette,city,LA,30.22409,-92.01984,121374,LFT|La Fayette|Lafajet|Lafejet|Lafejett|Little Manchac|Pinhool|Vermilion|Vermilionville|Vermillion Bridge|Vermillionville|Village of Saint Jean Au Vermilion|la fa ye|lafayt  lwyyzyana|lafayyt|lapies|rafaietto|Лафайет|Лафейетт|Лафејет|לפאייט|لافاييت|لافایت، لوئیزیانا|لافیت، لوسیانہ|ラファイエット|拉法葉|라피엣
Lake Charles,city,LA,30.21309,-93.2044,76070,Charlestown|LCH|Lejk Charls|Lejk-Charl'z|lai ke cha er si|leikeuchalseu|lyk charlz  lwyyzyana|lyk tsharlz|reikucharuzu|Лейк-Чарльз|Лејк Чарлс|ليك تشارلز|لیک چارلز، لوئیزیانا|لیک چارلس، لوسیانہ|レイクチャールズ|莱克查尔斯|레이크찰스
Laplace,city,LA,30.06698,-90.48147,29872,Bonnet Carre|Eugenia|La Place|La-Plas|Laplas|Laplejs|Ory|la pu la si|lablas|laplas  lwyyzyana|laplas  lwzyana|laplyys  lwyyzyana|ruijiana zhourapureisu|Ла-Плас|Лаплас|Лаплејс|لابلاس|لاپلئیس، لوئیزیانا|لاپلاس، لوئیزیانا|لاپلاس، لوزیانا|ルイジアナ州ラプレイス|拉普拉斯
Luling,city,LA,29.93215,-90.36647,12119,
Mandeville,city,LA,30.35825,-90.06563,12345,Mandervil|man de wei er|mandfyl|mndwyl  lwyyzyana|Мандервил|ماندفيل|مندویل، لوئیزیانا|曼德维尔
Marrero,city,LA,29.89937,-90.10035,33141,Ames Plantation|Amesville|Marero|marrw  lwyyzyana|myryrw  lwzyana|Мареро|Марреро|ماررو، لوئیزیانا|میریرو، لوزیانا
Metairie,city,LA,29.98409,-90.15285,138481,Maiterie|Metairieburgh|Metairieville|Metari|metali|meteri|mitiry  lwyyzyana|Метари|مِتِری، لوئیزیانا|میٹیری، لوزیانا|メテリー|메타리
Metairie Terrace,city,LA,29.97854,-90.16396,142489,
Minden,city,LA,32.61543,-93.28684,12690,ming deng|mndn|myndn  lwyyzyana|Минден|مندن|میندن، لوئیزیانا|明登
Monroe,city,LA,32.50931,-92.1193,49598,Fort Miro|Fuerte Miro|MLU|Monro|Monroe (Louisiana)|Post of Ouachita|Poste d'Ouachita|Poste du Ouachita|Prairie des Canots|Prairie of the Canoes|Puesto De Ouachitta|manro|men luo|meonlo|mnrww  lwyyzyana|monro|mwnrw|mwnrw  lwzyana|Монро|מונרו|منروو، لوئیزیانا|مونرو|مونرو، لوزیانا|मन्रो|モンロー|门罗|먼로
Morgan City,city,LA,29.69937,-91.20677,11835,Brashear City|Morgan Siti|Morgan-Siti|mo gen cheng|mogeonsiti|mrgn syty  lwyyzyana|mrqn syty  lwyyzyana|mwrghan syty|mwrgn syty|mwrjan syty|Морган Сити|Морган-Сити|Морган-Сіті|מורגן סיטי|مرقن سیتی، لوئیزیانا|مرگن سیتی، لوئیزیانا|مورجان سيتى|مورغان سيتي|モーガン・シティ|摩根城|모건시티
Moss Bluff,city,LA,30.3027,-93.19071,11557,
Natchitoches,city,LA,31.76072,-93.08627,18365,Nachitoches|Nakitosh|na qi tuo shen|nkytash  lwyyzyana|ntshtwshs|nychaytwchys  lwzyana|Накитош|نتشتوشس|نکیتاش، لوئیزیانا|نیچایتوچیس، لوزیانا|纳契托什
New Iberia,city,LA,30.00354,-91.81873,30754,ARA|Iberia|La Nouvelle-Iberie|La Nouvelle-Ibérie|New Town|Nju Ajbirija|Nouvelle Iberie|Nueva Iberia|Nuevo Iberia|nwwa aybyrya  lwyyzyana|nyw aybyrya|nyw aybyrya  lwzyana|xin yi bi li ya|Њу Ајбирија|ניו איבריה|نووا آیبیریا، لوئیزیانا|نيو أيبيريا|نیو آئبیریا، لوزیانا|新伊比利亚
New Orleans,city,LA,29.95465,-90.07507,362701,Bagong Orleans|Big Easy|Cene Orlean|Crescent City|La Nouvelle-Orleans|La Nouvelle-Orléans|MSY|N'ju-Orlean|N'ju-Orleans|NOLA|Naujasis Orleanas|Nawlins|Nea Orleani|Neu Orleans|Neuva Orleans|Nieuw Orleans|Nju Orleans|Nju Orliuns|Nog Orlean|Nor Orlean|Nouvelle Orleans|Nov-Orleano|Nov-Orleans|Nova Aurelia|Nova Orleaes|Nova Orleans|Nova Orleáns|Nova Orleães|Novij Orlean|Novy Arlean|Novyj Orlean|Nowy Orlean|Nowy Uorlean|Nueva Orleans|Nuoba Orleanes|Nuorleana|Nyu-Orlean|Nòva Orleans|Orleans Parish|The Big Easy|U Orlean|Uz Orlean|Yancuic Orleans|Yengi Orlean|Yéngi Orléan|akhali orleani|awrlynz parsh|n'yu orlins|n'yu orlinsa|n'yu orliyansa|new orleans louisiana|ni wx xr lins|ni'u aralinsa|niu ao liang|niyu orlens|nyuollieonseu|nyuorinzu|nyw awrlynz|nywawrlyan  lwyyzyana|oralensa parisa|xin ao er liang|Çĕнĕ Орлеан|Ņūorleāna|Νέα Ορλεάνη|Њу Орлеанс|Жаңы орлеан|Новий Орлеан|Новы Арлеан|Новый Орлеан|Ног Орлеан|Нью-Орлеан|Нью-Орлеанс|Ню Орлиънс|У Орлеан|Նոր Օռլեան|ניו אורלינס|ניו ארלינס|اورلینز پارش|نيو أورلينز|نیواورلئان، لوئیزیانا|न्यू ऑर्लिन्स|न्यू ओर्लियंस|न्‍यू आर्लीन्‍स|ওরলেন্স পারিশ|নিউ অরলিন্স|நியூ ஓர்லென்ஸ்|ನ್ಯೂ ಒರ್ಲೀನ್ಸ್|นิวออร์ลีนส์|ახალი ორლეანი|ニューオーリンズ|新奥尔良|紐奧良|뉴올리언스
Opelousas,city,LA,30.53353,-92.08151,16591,OPL|ao po lu sa si|aplwss  lwyyzyana|operusasu|آپلوسس، لوئیزیانا|オペルーサス|奥珀卢萨斯
Pineville,city,LA,31.3224,-92.4343,14403,El Rapido|Pajnvil|Poste Du Rapides|pai en wei er|paynwyl  lwyyzyana|Пајнвил|پاینویل، لوئیزیانا|派恩维尔
Prairieville,city,LA,30.30297,-90.97205,26895,
Raceland,city,LA,29.72743,-90.59898,10193,Rejsland|Rejslend|lei si lan|rasland|rasland  lwyyzyana|resurando|ryysland  lwyyzyana|Рейсленд|Рејсланд|رئیسلاند، لوئیزیانا|راسلاند|راسلاند، لوئیزیانا|レースランド|雷斯蘭
River Ridge,city,LA,29.9602,-90.21563,13494,River Ridz|River-Ridzh|li fu li qi|rywr rydj  lwyyzyana|rywr ryj  lwyyzyana|Ривер Риџ|Ривер-Ридж|Рівер-Ридж|ریور ریج، لوئیزیانا|ریور ریدج، لوئیزیانا|里弗里奇
Ruston,city,LA,32.52321,-92.63793,22340,RSN|Raston|la si dun|rastn  lwyyzyana|rwstwn|Растон|راستن، لوئیزیانا|رسٹن، لوزیانا|روستون|拉斯顿
Shenandoah,city,LA,30.4013,-91.00094,18399,Shenandoa|shnandwa|shnandwah  lwyyzyana|shnndwwa  lwyyzyana|xie nan duo e|Шенандоа|شناندوا|شناندواه، لوئیزیانا|شنندووا، لوئیزیانا|謝南多厄
Shreveport,city,LA,32.52515,-93.75018,187593,SHV|Shreve Town|Shreves Landing|Shrivport|shen li fu bo te|shryfbwrt|shrywpwrt  lwyyzyana|shuribupoto|srivaporta|srybpwrt|syulibeupoteu|Шревепорт|Шривпорт|שריבפורט|شريفبورت|شریوپورت، لوئیزیانا|شریوپورٹ، لوزیانا|श्रीवपोर्ट|シュリーブポート|什里夫波特|슈리브포트
Slidell,city,LA,30.27519,-89.78117,27942,Slajdel|Slajdell|aslaydl  lwyyzyana|si lai de er|slydl|suraideru|Слайдел|Слайделл|Слајдел|סלידל|اسلایدل، لوئیزیانا|سلایڈیل، لوزیانا|سليدل|スライデル|斯莱德尔|斯萊德爾
Sulphur,city,LA,30.23659,-93.37738,20189,Salfer|Sulphur City|Sulphur Mine Station|sa er fu|salfr  lwyyzyana|slfr  lwzyana|swlfwr|Салфер|سالفر، لوئیزیانا|سلفر، لوزیانا|سولفور|萨尔弗
Terrytown,city,LA,29.91021,-90.03257,23319,Teritaun|Territaun|trytwwn  lwyyzyana|Теритаун|Территаун|Террітаун|تریتوون، لوئیزیانا|ٹیری ٹاؤن، لوزیانا
Thibodaux,city,LA,29.79576,-90.82287,14584,Thibadeauxville|Thibodauxville|Thibodeaux|Tibodo|di bo|thybwdwks|tybdww  lwyyzyana|Тибодо|تیبدوو، لوئیزیانا|ثيبودوكس|蒂博
Timberlane,city,LA,29.87743,-90.03202,10243,Timberlejn|ting bo lai en|tymbrlan  lwyyzyana|tymbrlyyn  lwyyzyana|Тимберлейн|Тимберлејн|Тімберлейн|تیمبرلئین، لوئیزیانا|تیمبرلان، لوئیزیانا|廷伯萊恩
Waggaman,city,LA,29.91854,-90.21091,10015,Wagaman
West Monroe,city,LA,32.51848,-92.14764,12966,Trenton
Woodmere,city,LA,29.85798,-90.08035,12080,Vudmer|Vudmir|wu de mi er|wwdmr  lwyyzyana|wwdmyr  lwyyzyana|Вудмер|Вудмир|وودمر، لوئیزیانا|وودمیر، لوئیزیانا|伍德米爾
Zachary,city,LA,30.64852,-91.1565,16448,Zakari|jaekeoli|zakari|zakary|zakary  lwyyzyana|zha ka li|zkry  lwyyzyana|Закари|Закарі|זאקרי|زاكارى|زاكاري|زاکاری، لوئیزیانا|زکری، لوئیزیانا|ザカリー|扎卡里|재커리
Youngsville,city,LA,30.09965,-91.99012,11961,Jangsvil|Jangsvill|Le Blanc|Royville|yang si wei er|ywnghsfyl|ywnjsfyl|ywwngswyl  lwyyzyana|ywwnqswyl  lwyyzyana|Јангсвил|Янгсвилл|Янгсвілл|يونجسفيل|يونغسفيل|یوونقسویل، لوئیزیانا|یوونگسویل، لوئیزیانا|扬斯维尔|揚斯維爾
Aberdeen,city,MD,39.50956,-76.16412,15580,APG|Abardeen|Aberdin|Aberdzin|Amperntin|Halls Cross Roads|Mechanicsville|a bo ding|abadin|abrdyn|abrdyn  mrylnd|aebeodin|Αμπερντήν|Абердзін|Абердин|Աբերդին|אברדין|آبردین، مریلند|أبردين|ابردين|ایبرڈین، میری لینڈ|アバディーン|阿伯丁|애버딘
Accokeek,city,MD,38.66762,-77.02831,10573,Moyaone
Adelphi,city,MD,39.00317,-76.97192,15086,Adel'fi|Adelfi|Riggs Mill Village|a de er fei|aderufi|adlfy|adlfy  mrylnd|Аделфи|Аделфі|Адельфи|آدلفی، مریلند|أدلفي|ادلفى|ادلفی، مریلند|アデルフィ|阿德尔菲
Annapolis,city,MD,38.97859,-76.49184,40812,ANP|Anapalis|Anapoles|Anapoli|Anapolis|Anapolisa|Anapoliso|Anapolės|Anapołi|Annapòlis|Anne Arundel Town|Anne Arundel Towne|Anne Arundell Town|Anne Arundell Towne|Arundel Towne|Arundelton|Crabtown|Proctors|Providence|The Athens of America|The Paris of America|Todds Landing|Town Land at Proctors|an na bo li si|anabwlys|anapalis|anapealis|anapolis|anapolliseu|anaporisu|anapwlys|aynapwls|enapolisa|Αννάπολις|Анапаліс|Анаполис|Аннаполис|Аннаполіс|Աննապոլիս|אנאפוליס|آناپولیس|أنابوليس|ایناپولس|ایناپولس، میری لینڈ|अ‍ॅनापोलिस|आनापालिस्|एनापोलिस|அனாபொலிஸ்|അനാപൊളിസ്|แอนแนโพลิส|አናፖሊስ|アナポリス|安納波里斯|安那波利斯|아나폴리스
Arbutus,city,MD,39.25455,-76.69997,20483,Arbjutus|Crowdentown|Sulpher Spring|Sulphur Springs|arbywts  mrylnd|Арбютус|آربیوتس، مریلند|آربیوٹس، میری لینڈ
Arnold,city,MD,39.03206,-76.50274,23106,Arnol'd|Arnolds Store|Арнольд
Aspen Hill,city,MD,39.07955,-77.07303,48759,Aspehn Khill|Aspen Khil|Aspen-Gill|a si peng xi er|asbn hyl|aspn hyl  mrylnd|Аспен Хил|Аспен-Гилл|Аспен-Гілл|Аспэн Хилл|آسپن هیل، مریلند|أسبن هيل|اسبن هيل|اسپن هیل، مریلند|ایسپن ہل، میری لینڈ|ასპენ-ჰილი|阿斯彭希爾
Baltimore,city,MD,39.29038,-76.61219,585708,BWI|Baltemore Town|Baltimor|Baltimor shaary|Baltimora|Baltimore City|Baltimoro|Baltimorė|Baltimòra|Baltymar|Charm City|Jonas Town|Jones Town|Jonestown|Old Town|Oldtown|Valtimori|ba er de mo|balatimora|baltimor|baltimora|baltymwr|baltʼimori|boltimo-eo|boruchimoa|bwltymwr|bxl thim xr|palttimor|Βαλτιμόρη|Балтимор|Балтимор шаары|Балтымар|Բալթիմոր|באלטימאר|בולטימור|بالتيمور|بالتیمور|بالٹیمور|بالٹیمور، میری لینڈ|बाल्टिमोर|बाल्टीमोर|বাল্টিমোর|ਬਾਲਟੀਮੋਰ|பால்ட்டிமோர்|ಬಾಲ್ಟಿಮೋರ್|ബാൾട്ടിമോർ|บอลทิมอร์|བྷལ་ཏྲི་མོར།|ဘော်လ်တီမိုးမြို့|ბალტიმორი|ボルチモア|巴爾的摩|볼티모어
Ballenger Creek,city,MD,39.3726,-77.43526,18274,
Bel Air,city,MD,39.53594,-76.34829,10190,Aquila Scotts Old Field|Behl Ehjr|Bel Er|Belair|Bell-Air|Bellair|Belly Air|bei lai er|bl ayr  mrylnd|byl ayr|Бел Ер|Бэл Эйр|بل ایر، مریلند|بيل أير|貝萊爾
Beltsville,city,MD,39.03483,-76.90747,16772,Behltsvill|Belcvile|Beltsvil|Beltsvill|Old Vansville|Vansville|ZFE|bei er ci wei er|berutsubiru|bltsfyl|bltswwyl|bltswyl  mrylnd|Белтсвил|Белтсвилл|Белтсвілл|Белцвиле|Бэлтсвилл|בלטסוויל|بلتسفيل|بلتسویل، مریلند|ベルツビル|貝爾茨維爾
Bennsville,city,MD,38.60929,-77.0122,11923,Bensville|Benville
Bethesda,city,MD,38.98067,-77.10026,60858,Behtehsda|Betesda|Bethesnta|Budezda|bedeseuda|bei sai si da|besesuda|betes|bethe sda|bethesada|betheza|bt'sdh|btzda  mrylnd|bythysda|petesta|Μπεθέσντα|Бетесда|Бъдезда|Бэтэсда|Բետեսդա|בת'סדה|بتزدا، مریلند|بيثيسدا|بیتھسڈا، میری لینڈ|بێتیسدا|बेथेज़ा|बेथेस्डा|বেথেসডা|બેથેસ્ડા|பேதேஸ்டா|బేతెస్|ಬೆಥೆಸ್ಡಾ|බෙතේස්ඩා|เบเธสดา|ベセスダ|貝塞斯達|贝塞斯达|베데스다
Bowie,city,MD,38.94278,-76.73028,58025,Boui|Bovi|Bowie Station|Bui|Huntington City|Huntington Station|bao yi|bawy|bui|bwwy  mrylnd|Бови|Бові|Боуи|Буи|Բոուի|בואי|باوى|باوي|بووئی، میری لینڈ|بووی، مریلند|ブーイ|鲍伊
Brooklyn Park,city,MD,39.22844,-76.61636,14373,Bruklin Park|Bruklin-Park|brwklyn bark|brwklyn park  mrylnd|bu lu ke lin pa ke|Бруклин Парк|Бруклин-Парк|Бруклін-Парк|بروكلين بارك|بروکلین پارک، مریلند|بروکلین پارک، میری لینڈ|布魯克林帕克
California,city,MD,38.3004,-76.50745,11857,Benita|Benitia
Calverton,city,MD,39.05761,-76.93581,17724,Kalvehrton|Kalverton|ka er fu dun|kalfrtwn|kalwrtwn  mrylnd|klwrtwn  mrylnd|Калвертон|Калвэртон|كالفرتون|کالورتون، مریلند|کلورتون، مریلند|卡爾弗頓
Cambridge,city,MD,38.56317,-76.07883,12507,CGE|Kehmbridzh|Kembridz|Kembridzh|jian qiao|kambrydj|kenburijji|kymbryj  mrylnd|Кембридж|Кембриџ|Кэмбридж|كامبريدج|کیمبرج، میری لینڈ|کیمبریج، مریلند|ケンブリッジ|劍橋
Camp Springs,city,MD,38.804,-76.90664,19096,ADW|Allentown
Canton,city,MD,39.28039,-76.56663,12731,Hampstead Hill|Hampstead Hills
Carney,city,MD,39.39427,-76.52358,29941,Carny|Karnehj|Karni|ka ni|karny|karny  mrylnd|karnyy  mrylnd|Карни|Карнэй|Карні|كارنى|كارني|کارنئی، مریلند|کارنی، مریلند|کارنی، میری لینڈ|卡尼
Catonsville,city,MD,39.27205,-76.73192,41567,Johnny Cake|Johnnycake|Katonsvil|Katonsvill|Kejtonsvill|ka dun si wei er|kaitonasavile|katwnsfyl|katwnzwyl  mrylnd|kytnzwyl  mrylnd|Катонсвил|Катонсвилл|Кейтонсвилл|Кейтонсвілл|كاتونسفيل|کاتونزویل، مریلند|کیتنزویل، مریلند|کیٹونسویل|ਕੈਟੋਨਸਵਿਲੇ|卡頓斯維爾|卡顿斯维尔
Chesapeake Ranch Estates,city,MD,38.34624,-76.41773,10519,
Chillum,city,MD,38.96372,-76.99081,33513,Chillem|Chilum|chylm  mrylnd|chylwm  mrylnd|qi lei mu|shylwm|Чиллем|Чиллум|Чилум|شيلوم|چلم، میری لینڈ|چیلم، مریلند|چیلوم، مریلند|奇勒姆
Clarksburg,city,MD,39.23872,-77.27943,13766,
Cloverly,city,MD,39.10816,-76.99775,15126,
Clinton,city,MD,38.76511,-76.89831,35970,Klinton|Robeystown|Surrats|Surratsville|Surratts|Surrattsville|ke lin dun|keullinteon|klyntn  mrylnd|klyntwn|klyntwn  mrylnd|qlyntwn|sarattsuvuiru|Клинтон|Клінтон|קלינטון|كلينتون|کلنٹن، میری لینڈ|کلینتن، مریلند|کلینتون، مریلند|ക്ലിന്റൺ|サラッツヴィル|克林頓|克林顿|클린턴
Cockeysville,city,MD,39.48122,-76.64386,20776,Kokizvil|Kokkehjsvill|kakyzwyl  mrylnd|Кокизвил|Коккэйсвилл|کاکیزویل-ہنٹ ویلی، میری لینڈ|کاکیزویل، مریلند
Colesville,city,MD,39.07566,-77.00192,14647,Kolesvil|Koulsvill|ke er si wei er|koruzuvuiru|kwlswyl  mrylnd|kwlysfyl|kwlzwyl  mrylnd|Колесвил|Коулсвилл|Коулсвілл|كوليسفيل|کولزویل، مریلند|کولزویل، میری لینڈ|کولسویل، مریلند|コールズヴィル|科爾斯維爾
College Park,city,MD,38.98067,-76.93692,32301,CGS|Koledz Park|Kolledzh Park|Saeptum Collegii|da xue gong yuan shi|kallijipakeu|kalyj park  mrylnd|karejjipaku|khxllec phar k|kwlyj bark|Колеџ Парк|Колледж Парк|كوليج بارك|کالج پارک، میری لینڈ|کالیج پارک، مریلند|คอลเลจพาร์ก|カレッジパーク|大學公園市|칼리지파크
Columbia,city,MD,39.24038,-76.83942,99615,Kolambija|Kolumbija|keolleombia|klmbya  mrylnd|koronbia|kwlwmbya|Коламбија|Колумбия|كولومبيا|کلمبیا، مریلند|کولمبیا، میریلینڈ|コロンビア|컬럼비아
Crofton,city,MD,39.00178,-76.68747,27348,Krofton|Kroftona|ke luo fu dun|krwftwn|krwftwn  mrylnd|kurofuton|Крофтон|Крофтона|كروفتون|کروفتون، مریلند|کروفٹن، میری لینڈ|クロフトン|克罗夫顿|克羅夫頓
Cumberland,city,MD,39.65287,-78.76252,20130,CBE|Cumbria|Fort Cumberland|Kamberland|Kamberlend|Kjumberland|Washington Town|Will's Creek|Wills Creek|kan bo lan|kanbarando|keombeollaendeu|kmbrland|Камберланд|Камберленд|Кюмберланд|كمبرلاند|کمبرلینڈ، میری لینڈ|カンバーランド|坎伯蘭|컴벌랜드
Damascus,city,MD,39.28844,-77.20387,15257,Black Ankle
Dundalk,city,MD,39.25066,-76.52052,63597,Avondale|Dandalk|Dandok|Dandolk|dandk  mrylnd|Дандалк|Дандок|Дандолк|داندک، مریلند|ڈنڈاک، میری لینڈ
East Riverdale,city,MD,38.958,-76.911,15509,Ist Rivadehjl|Ist Riverdejl|Ist-Riversajd|ayst ryfrdyl|ayst rywrdyl  mrylnd|dong li fu dai er|Іст-Ріверсайд|Ист Ривадэйл|Ист Ривердејл|Ист-Риверсайд|إيست ريفرديل|ايست ريفرديل|ایست ریوردیل، مریلند|東里弗代爾
Easton,city,MD,38.77428,-76.07633,16617,Court House|ESN|Iston|Pitts Bridge|Talbot Court House|Talbot Courthouse|Talbot Town|aystn  mrylnd|aystwn|yi si dun|Истон|ايستون|ایستن، مریلند|伊斯頓
Edgewood,city,MD,39.41872,-76.2944,25562,EDG|Edgewood Station|Ehdzhvud|Эджвуд
Eldersburg,city,MD,39.40371,-76.95026,30531,Ehldehrsburg|Eldersberg|Eldersburgh|ai er de si bao|aldrsbwrg  mrylnd|aldrzbwrq  mrylnd|aldyrsbwrgh|Елдерсберг|Елдерсбург|Элдэрсбург|إلديرسبورغ|الدرزبورق، مریلند|الدرسبورگ، مریلند|ایلڈرزبرگ، میری لینڈ|埃尔德斯堡
Elkton,city,MD,39.60678,-75.83327,15782,Ehlkton|Elk Town|Elktown|Head of Elk|Hollingsworth|Sahakitko|ai er ke dun|alktwn|alktwn  mrylnd|Елктон|Элктон|إلكتون|الکتون، مریلند|埃尔克顿
Elkridge,city,MD,39.21261,-76.71358,15593,Ehlkridzh|Elk Ridge|Elk Ridge Landing|Elkridge Landing|Elkridz|Elkridzh|ai er ke li qi|alkrydg  mrylnd|alkrydj|alkrydj  mrylnd|elkeulisji|Елкридге|Елкридж|Елкриџ|Элкридж|إلكريدج|الکریدج، مریلند|الکریدگ، مریلند|ایلکریج، میری لینڈ|埃尔克里奇|埃爾克里奇|엘크릿지
Ellicott City,city,MD,39.26733,-76.79831,65834,Ehllikot Siti|Elikot Siti|Ellicott|Ellicott Mills|Ellicotts Lower Mills|Ellicotts Mills|ai li ke te cheng|alykt  mrylnd|erikottoshiti|Еликот Сити|Элликот Сити|الیکت، مریلند|ایلیکاٹ سٹی، میری لینڈ|エリコットシティ|埃利科特城
Essex,city,MD,39.30927,-76.47496,39262,Ehssehks|Ehsseks|Eseks|asyks  mrylnd|Есекс|Эссекс|Эссэкс|اسیکس، مریلند|ایسیکس، میری لینڈ
Fairland,city,MD,39.07622,-76.95775,23681,Fajrlehnd|Fejrlend|Ferland|fayrland  mrylnd|fei er lan|fyrland|Файрлэнд|Фейрленд|Ферланд|فایرلاند، مریلند|فيرلاند|فیئرلینڈ، میری لینڈ|費爾蘭
Ferndale,city,MD,39.18316,-76.64024,16746,Ferndehjl|Ferndejl|Wellhams|frndyl  mrylnd|frndyyl  mrylnd|fu en dai er|fyrndal|Ферндейл|Ферндејл|Ферндэйл|فرندئیل، مریلند|فرندیل، مریلند|فيرندال|فیرنڈیل، میری لینڈ|弗恩代爾
Forestville,city,MD,38.84511,-76.87497,12353,Forrestville|Long Old Fields
Fort Washington,city,MD,38.70734,-77.02303,23717,Fort Vashington|Fort Voshington|Fort Warburton|Fort Washington (Maryland)|Fort Washington Estates|Ft. Washington|fwrt washyngtn  mrylnd|Форт Вашингтон|Форт Вошингтон|فورت واشینگتن، مریلند
Frederick,city,MD,39.41427,-77.41054,69479,FDK|Frederic Town|Frederick City|Frederick Town|Frederick i Maryland|Fredericktown|Frederik|Frederikas|Frehderik|Fridericus|Friedrichtown|Monaquesy|Monocacy|Monockkasye|frdryk  mrylnd|frydryk|fu lei de li ke|furederikku|peuledeolig|Фредерик|Фредерік|Фрэдерик|فردریک، مریلند|فريدريك|فریڈرک، میری لینڈ|フレデリック|弗雷德里克|프레더릭
Gaithersburg,city,MD,39.14344,-77.20137,67456,Forest Oak|GAI|Gaithersburgum|Gejtersberg|Gejtersburg|Gejtursburg|Gejzehrsburg|gai se si bao|geideoseubeogeu|geizasubagu|ghaythrsbyrgh|gytrzbrg  mrylnd|Гейзэрсбург|Гейтерсберг|Гейтърсбърг|Гејтерсбург|Ґейтерсбург|غايثرسبيرغ|گیترزبرگ، مریلند|گیتھرزبرگ، میری لینڈ|ゲイザースバーグ|盖瑟斯堡|게이더스버그
Germantown,city,MD,39.17316,-77.27165,86395,Dzermantaun|Dzhermantaun|Germantaun|jamantaun|jrmantwwn  mrylnd|jrmntawn  mrylnd|jyrmantawn|ri er man zhen|Џермантаун|Германтаун|Джермантаун|גרמנטאון|جرمانتوون، مریلند|جرمن ٹاؤن، مونٹگمری کاؤنٹی، میری لینڈ|جرمنتاون، مریلند|جيرمانتاون|ジャーマンタウン|日耳曼鎮|日耳曼镇
Glassmanor,city,MD,38.819,-76.99859,17295,Glasmanor|Glasmejnor|ge la si ma nuo|glasmanwr  mrylnd|qlasmanwr  mrylnd|Гласманор|Гласмејнор|Глассманор|قلاسمانور، مریلند|گلاسمانور، مریلند|格拉斯馬諾
Glen Burnie,city,MD,39.16261,-76.62469,67639,Glehn Bjurni|Glen Berni|Glenburnie|Myrtle|Traceys Station|ny  mrylnd|Глен Берни|Глэн Бюрни|نی، مریلند|گلین برنی، میری لینڈ
Glenmont,city,MD,39.05789,-77.0497,13529,Glenmont Heights|ge lan meng te|Гленмонт|قلن‌مانت، مریلند|گلن‌مانت|格兰蒙特|格蘭蒙特
Glenn Dale,city,MD,38.98761,-76.82053,13466,Glen Dale|Glendale|Glenn Ville|Glenndale|Glenndale Station|Glennville
Green Haven,city,MD,39.13955,-76.54774,19326,Outing Park
Green Valley,city,MD,39.30927,-77.29721,12262,Green Valley Estates
Greenbelt,city,MD,39.00455,-76.87553,24272,Grinbehlt|Grinbelt|Grinbelte|ghrynbylt|grynblt  mrylnd|gurinberuto|Гринбелт|Гринбелте|Гринбэлт|Ґрінбелт|غرينبيلت|گرین بیلٹ، میری لینڈ|گرینبلت، مریلند|グリーンベルト
Gwynn Oak,city,MD,39.33261,-76.69275,47092,
Hagerstown,city,MD,39.64176,-77.71999,40432,Elizabeth Hagers Town|Elizabeth Town|Elizabethtown|Gejgerstaun|HGR|Hagers Town|Hagers-Town|Khagehrtaun|Khagerstaun|Khejgerstaun|hajrstawn|hei ge si dui|heigazutaun|heigeoseutaun|hygrztawn  mrylnd|Гейґерстаун|Хагерстаун|Хагэртаун|Хейгерстаун|هاجرستاون|هیگرزتاون، مریلند|ہیگرزٹاؤن، میری لینڈ|ヘイガーズタウン|黑格斯敦|헤이거스타운
Halfway,city,MD,39.62065,-77.75888,10701,Gafvej|Khafvej|Khalfvehj|ha fu wei|halfway  mrylnd|hfwy  mrylnd|Гафвей|Халфвэй|Хафвеј|هالفواي|هالفوای، مریلند|هفوی، مریلند|ہافوے، میری لینڈ|哈夫韋
Hanover,city,MD,39.19289,-76.72414,38088,Hanoversville|Hanoverville
Havre de Grace,city,MD,39.54928,-76.09162,13504,French Town|Gaver-de-Gras|Gavr deh Grehjs|Harmers Town|Hvre De Grace|Khaver de Grejs|Khavr deh Grehjs|Khavr-de-Grejs|Le Havre de Grace|Stocketts Town|Susquehanna Lower Ferry|The Lower Ferry|a fu er di ge lei si|ha fu ge lei si|habadigureisu|haebeodigeuleiseu|hafr dy ghrys|hafr dy jrys|hbrh dh gryys|hwr da grys  mrylnd|Гавер-де-Грас|Гавр дэ Грэйс|Хавер де Грејс|Хавр дэ Грэйс|Хавр-де-Грейс|הברה דה גרייס|هافر دى جريس|هافر دي غريس|هور دا گریس، مریلند|ہاوری ڈی گریس، میری لینڈ|ハバディグレイス|哈弗格雷斯|阿弗尔第格雷斯|阿弗爾第格雷斯|해버디그레이스
Hillcrest Heights,city,MD,38.83289,-76.95942,16469,Gillkrest-Gajts|Khilkrest Khajts|Khillkrehst Khehjts|hilkeuleseuteuhaicheu|hylkrst  mrylnd|hylkryst hayhts|xi er ke lei si te gao de|Гиллкрест-Гайтс|Гіллкрест-Гайтс|Хилкрест Хајтс|Хиллкрэст Хэйтс|هيلكريست هايهتس|هیلکرست، مریلند|ہلکریسٹ ہائٹس|希爾克雷斯特高地|힐크레스트하이츠
Hunt Valley,city,MD,39.49983,-76.64108,23915,
Hyattsville,city,MD,38.95594,-76.94553,18501,Bealltown|Gajattsvill|Hart|Khajatsvill|Khiatsvill|Khjatcvile|hai e ci wei er|haiattsubiru|haytsfyl|haytswyl  mrylnd|hyatswyl  mrylnd|Гаяттсвилл|Гаяттсвілл|Хайатсвилл|Хиатсвилл|Хятцвиле|היאטסוויל|هايتسفيل|هایتسویل، مریلند|هیاتسویل، مریلند|ハイアッツビル|海厄茨維爾|海厄茨维尔
Ilchester,city,MD,39.25094,-76.76469,23476,Ilchester Mills|aylchstr  mrylnd|aylchztr  mrylnd|yi er qie si te|Ілчестер|Илчестер|ایلچزتر، مریلند|ایلچستر، مریلند|伊爾切斯特
Joppatowne,city,MD,39.414,-76.358,12616,Dzhoppataun|jwpatwwn  mrylnd|Джоппатаун|جوپاتوون، مریلند
Kemp Mill,city,MD,39.039,-77.01914,12564,Kehmp Mill|Kemp Mil|Kemp-Mill|ken pu mi er|kmp myl  mrylnd|kymb myl|Кемп Мил|Кемп-Милл|Кемп-Мілл|Кэмп Милл|كيمب ميل|کمپ میل، مریلند|肯普米爾
Kettering,city,MD,38.88456,-76.81469,12790,Кеттеринг
Lake Shore,city,MD,39.10705,-76.48496,19477,Jacobs Store|Lakeshore|Lehjk Shor|Lejk Shor|Lejk-Shor|lai ke xiao er|lak shwr|lykshr  mrylnd|lyyk shwr  mrylnd|Лейк-Шор|Лејк Шор|Лэйк Шор|لئیک شور، مریلند|لاك شور|لیکشر، مریلند|萊克肖爾
Landover,city,MD,38.934,-76.89664,23078,Greater Landover|Landover Depot|Landover Estates|Landover Road|Lendover|lan duo fu|landwfr|landwwr  mrylnd|lndwbr|ma li lan zhou lan de wo|randovua|Ландовер|Лендовер|לנדובר|لاندوفر|لاندوور، مریلند|لینڈاوور، میری لینڈ|ランドーヴァー|兰多佛|蘭多佛|馬里蘭州蘭德沃
Langley Park,city,MD,38.98872,-76.98136,18755,Langlehj Park|Langli Park|Lengli-Park|lan li pa ke|langhly bark|lanjly bark|lanqlyy park  mrylnd|lngly park  mrylnd|Лангли Парк|Ланглэй Парк|Ленгли-Парк|Ленглі-Парк|لانجلى بارك|لانغلي بارك|لانقلئی پارک، مریلند|لنگلی پارک، مریلند|لینگلی پارک، میری لینڈ|蘭利帕克
Lanham,city,MD,38.96875,-76.8634,10157,Lanem|Lanhams|Lankham|Lehnkhem|la na mu|lan ha mu|lanham  mrylnd|lanham-sabrwk  mrylnd|ranhamu|Ланем|Ланхам|Лэнхем|לאנהם|لانهام-سابروک، مریلند|لانهام، مریلند|لینہم، میری لینڈ|ランハム|拉納姆|拉纳姆|蘭哈姆
Largo,city,MD,38.89761,-76.83025,10709,
Laurel,city,MD,39.09928,-76.84831,26215,Laurehl|Laurel Factory|Lorel|loleol|lrl  mrylnd|lwryl|roreru|Лаурэл|Лорел|لرل، مریلند|لورل، میری لینڈ|لوريل|ローレル|로럴
Lexington Park,city,MD,38.26679,-76.45384,11626,Centerville|Jarboesville|Leksington Park|Leksington-Park|Lexingtonia Saeptum|lie ke xing dui pa ke|lksyngtn park  mrylnd|lyksynghtwn bark|Лексингтон Парк|Лексингтон-Парк|Лексінгтон-Парк|ليكسينغتون بارك|لکسینگتن پارک، مریلند|列克星敦帕克
Linthicum,city,MD,39.20511,-76.65275,10324,Linsikum|Lintikam|Lintikum|lin xi ken|lynthykwm|lynthykwm  mrylnd|Линсикум|Линтикам|Линтикум|Лінтікам|لينثيكوم|لینتهیکوم، مریلند|林西肯
Lochearn,city,MD,39.34066,-76.72219,25333,
Maryland City,city,MD,39.09205,-76.81775,16093,Mehriland Siti|Mehrilend-Siti|Meriland Siti|Merilend-Siti|ma li lan cheng|marylnd|mrlnd syty  mrylnd|mrylnd syty  mrylnd|Мериланд Сити|Меріленд-Сіті|Мэриланд Сити|Мэриленд-Сити|ماريلند|مرلند سیتی، مریلند|مریلند سیتی، مریلند|馬里蘭城
Mays Chapel,city,MD,39.43316,-76.64941,11420,Mehjs Chapehl|Mejs Chapel|Mejs-Chapel|mays chyypl  mrylnd|mei si cha pu er|mys tshabl|myz chpl  mrylnd|Мейс-Чапел|Мејс Чапел|Мэйс Чапэл|مایس چئیپل، مریلند|ميس تشابل|میز چپل، مریلند|梅斯查普爾
Middle River,city,MD,39.33427,-76.43941,25191,Middl Riveh|Middl-River|Midl River|mi dou he|mydl ryfr|mydl rywr  mrylnd|Миддл Ривэ|Миддл-Ривер|Мидл Ривер|Міддл-Рівер|ميدل ريفر|مڈل ریور، میری لینڈ|میدل ریور، مریلند|米斗河|米鬥河
Milford Mill,city,MD,39.34788,-76.76997,29042,Milford Mil|Milford-Mill|Milforl Mill|mi er fu de mi er|mylfrd myl  mrylnd|mylfwrd myl|mylfwrd myl  mrylnd|Милфорд Мил|Милфорд-Милл|Милфорл Милл|Мілфорд-Мілл|ميلفورد ميل|میلفرد میل، مریلند|میلفورد میل، مریلند|میلفورڈ مل، میری لینڈ|米爾福德米爾
Mitchellville,city,MD,38.92,-76.808,10967,Mullikin|Mullikin Station
Montgomery Village,city,MD,39.17677,-77.19526,32032,Montgomehri Villadzh|Montgomeri Vilidz|Montgomeri-Villedzh|Montgomeri-Villidzh|mantgamry wylyj  mrylnd|meng ge ma li cun|mwntjwmry|Монтгомери Вилиџ|Монтгомери-Вилледж|Монтгомери-Виллидж|Монтгомері-Вілледж|Монтгомэри Вилладж|مانتگامری ویلیج، مریلند|مونتجومري|مونٹگمری گاؤں، میری لینڈ|モンゴメリー・ヴィレッジ|蒙哥馬利村
New Carrollton,city,MD,38.96983,-76.87997,12786,N'ju Karrollton|N'ju Karrolton|N'ju-Karrollton|New Carrolltn|Nju Karolton|nyukaeleolteon|nyukyaroruton|nyw karwltwn|nyw krltn  mrylnd|nyw qrwltwn|xin ka luo dun|xin ka luo dun shi|Њу Каролтон|Нью Карроллтон|Нью Карролтон|Нью-Карроллтон|ניו קרולטון|نيو كارولتون|نیو کرلتن، مریلند|نیو کیرولٹن، میری لینڈ|ニューキャロルトン|新卡罗顿市|新卡羅頓|新卡羅頓市|뉴캐럴턴
North Bel Air,city,MD,39.53983,-76.35496,33925,
North Bethesda,city,MD,39.04455,-77.11887,43828,N. Bethesda|Nors Bezehsda|Nort Betesda|Nort-Betesda|bei bei sai si da|nrt btzda  mrylnd|nwrth bythysda|Норс Безэсда|Норт Бетесда|Норт-Бетесда|نرت بتزدا، مریلند|نورث بيثيسدا|北貝塞斯達|北贝塞斯达
North Potomac,city,MD,39.08289,-77.26498,24410,
Ocean Pines,city,MD,38.39539,-75.15574,11710,
Odenton,city,MD,39.084,-76.70025,37132,
Olney,city,MD,39.15316,-77.06692,33844,'Olni|'Ολνι|Fair Hill|Machanicsville|Mechanicsville|Olnehj|Olni|awlny|awlnyy  mrylnd|ma li lan zhou ao er ni|wlny  mrylnd|Олни|Олнэй|Олні|אולני|أولني|اولنئی، مریلند|اولنى|اولنی، میری لینڈ|ولنی، مریلند|馬里蘭州奧爾尼|马里兰州奥尔尼
Overlea,city,MD,39.36344,-76.52052,12275,Langes Farm
Owings Mills,city,MD,39.41955,-76.78025,30622,Ovings Mills|wwyngs mylz  mrylnd|Овингс Миллс|اوونگز ملز، میری لینڈ|ووینگس میلز، مریلند|オーウィングス・ミルズ
Oxon Hill,city,MD,38.80345,-76.9897,17722,Gilman Corner|Grimesville|Okson Khil|Okson-Gill|Okson-Khill|Oxen Hill|Oxon|aksan hyl-glasmanwr  mrylnd|ao ke sen gang|ao ke sen shan|awkswn hyl  mrylnd|okusonhiru|Оксон Хил|Оксон-Гилл|Оксон-Гілл|Оксон-Хилл|آکسان هیل-گلاسمانور، مریلند|آکسن ہل، میری لینڈ|اوکسون هیل، مریلند|オクソンヒル|奥克森岗|奧克森山|奧克森崗
Parkville,city,MD,39.37733,-76.53969,30734,Lavender Hill
Parole,city,MD,38.981,-76.545,15922,Camp Parole|Roll Camp Stan|Roll Camp Station
Pasadena,city,MD,39.119,-76.57108,24287,Pleasantena|Summit Knoll|psdyna  mrylnd|Пасадена|پسدینا، مریلند
Perry Hall,city,MD,39.41261,-76.46357,28474,
Pikesville,city,MD,39.37427,-76.72247,30764,Pajksvil|Pajksvill|Pajksvill'|paykswyl  mrylnd|pyyqswwyl|Пайксвилл|Пайксвилль|Пајксвил|פייקסוויל|پائکسویل، میری لینڈ|پایکسویل، مریلند
Potomac,city,MD,39.01817,-77.20859,44965,N Potomac|North Potomac|Offutt's Crossroads|Offutts Cross Road|Potomak|Potomak Khehjts|Section Eight|bo tuo ma ke|bwtwmak|potomakku|ptwwmk  mrylnd|pwtwmak  mrylnd|pwtwmq|Потомак|Потомак Хэйтс|Պոտոմակ|פוטומק|بوتوماك|پتوومک، مریلند|پوتوماک، مریلند|پوٹومیک، میری لینڈ|ポトマック|波托馬克|波托马克
Randallstown,city,MD,39.36733,-76.79525,32430,Randallstaun|Randalstaun|Randolstaun|lan dao si dui|ma li lan zhou|randalstawn|randalstwwn  mrylnd|rndlztawn  mrylnd|Рандаллстаун|Рандалстаун|Рандалстаўн|Рандолстаун|רנדאלסטאון|راندالستاون|راندالستوون، مریلند|رندلزتاون، مریلند|رینڈلزٹاؤن، میری لینڈ|რანდალსტაუნი|蘭道斯敦|馬里蘭州|马里兰州
Redland,city,MD,39.14539,-77.14415,17242,Redlands
Reisterstown,city,MD,39.46976,-76.8319,25968,Rajsterstaun|Reisterville|Washington|raystrztawn  mrylnd|Рајстерстаун|رایسترزتاون، مریلند|ریئسٹرٹاون، میری لینڈ
Riviera Beach,city,MD,39.16678,-76.50802,12677,Rivera Beach
Rockville,city,MD,39.084,-77.15276,66980,Hungerford's Tavern|Hungerfords|Hungerfords Tavern|Montgomery Court House|Montgomery Courthouse|Owen's Ordinary|Rockvilla|Rokvil|Rokvil'|Rokvilis|Rokvill|Williamsburg|Williamsburgh|logbil|luo ke wei er|rakwyl  mrylnd|rokkubiru|rwkfyl|rwqwwyl|Роквил|Роквилл|Роквіль|רוקוויל|راکویل، مریلند|راکویل، میری لینڈ|روكفيل|როკვილი|ロックビル|羅克維爾|록빌
Rosaryville,city,MD,38.75678,-76.80969,10697,
Rosedale,city,MD,39.32011,-76.51552,19257,Mount Hayes|Mount Hays|Rousdehjl|Rouzdejl|luo si dai er|rwwzdyl  mrylnd|rwzdyyl  mrylnd|Роуздейл|Роуздејл|Роусдэйл|روزدئیل، مریلند|روزڈیل، میری لینڈ|رووزدیل، مریلند|羅斯代爾
Rossville,city,MD,39.33844,-76.47968,15147,
Saint Charles,city,MD,38.60317,-76.93858,36376,Saint Charles City|St. Charles
Salisbury,city,MD,38.36067,-75.59937,32899,Carrs Landing|Handys Landing|SBY|Salisbjuri|Salisbury Town|Salsbury|Sarisberia|Solsberi|Solsburi|salzbry  mrylnd|salzbwry|soljeubeli|soruzuberi|suo er zi bo li|Салисбюри|Солсбери|Солсбері|Солсбъри|سالزبری، مریلند|سالزبوري|سیلسبری، میری لینڈ|ソールズベリー|索爾茲伯里|솔즈베리
Scaggsville,city,MD,39.14511,-76.90025,24333,Skaggsvill|askggswyl  mrylnd|ayskaqqzwyl  mrylnd|si ka ge si wei er|Скаггсвилл|Скаггсвілл|اسکگگسویل، مریلند|ایسکاققزویل، مریلند|斯卡格斯維爾
Seabrook,city,MD,38.974,-76.849,17287,Sibruk|sabrwk  mrylnd|sybrwk  mrylnd|xi bu lu ke|Сибрук|Сібрук|سابروک، مریلند|سیبروک، مریلند|席布魯克
Severn,city,MD,39.13705,-76.6983,44231,Boone|Sevehrn|Sevren|Sivern|aswrn  mrylnd|Северн|Севрен|Севэрн|Сиверн|اسورن، مریلند|سیورن، میری لینڈ
Severna Park,city,MD,39.07039,-76.54524,37634,Boon|Boons|Saverna Park
Silver Spring,city,MD,38.99067,-77.02609,71452,Fons Argenteus|Silvehr Spring|Silver Spring  Md.|Silver-Spring|Silvur Spring|shirubasupuringu|silbeoseupeuling|sylwr aspryng  mrylnd|yin quan|Силвер Спринг|Силвер-Спринг|Силвър Спринг|Силвэр Спринг|Сілвер-Спрінг|سلور سپرنگ، میری لینڈ|سیلور اسپرینگ، مریلند|シルバースプリング|银泉|실버스프링
South Bel Air,city,MD,39.53316,-76.33746,48828,
South Gate,city,MD,39.129,-76.6258,29658,Saut Gejt|Sous Gehjt|nan gai te|sawt gyt|sawt qyt  mrylnd|Саут Гејт|Соус Гэйт|ساؤتھ گیٹ، میری لینڈ|ساوت قیت، مریلند|ساوت گیت|南蓋特
South Laurel,city,MD,39.06983,-76.85025,26112,Saut Lorel|Saut-Lorel|Sous Laurehl'|nan lao lei er|sawth lwryl|swt lwrl|swt lwrl  mrylnd|Саут Лорел|Саут-Лорел|Соус Лаурэль|ساوث لوريل|سوت لورل|سوت لورل، مریلند|南勞勒爾
Suitland,city,MD,38.84872,-76.92386,25825,S'jutlend|Satlend|Sjutlend|Sutland|sutorando|swtlndsylwr  mrylnd|swwytlnd|xiu te lan|Сатленд|Сутланд|Сьютленд|Сјутленд|Սաթլենդ|סוויטלנד|سوتلندسیلور، مریلند|سوٹلینڈ، میری لینڈ|スートランド|休特兰
Takoma Park,city,MD,38.97789,-77.00748,17713,Brightwood|City of Azaleas|North Takoma|Takoma|Takoma-Park|ta ke ma gong yuan shi|takoma parka|takomapaku|takwma bark|takwma park  mrylnd|tkwwma  mrylnd|Такома Парк|Такома-Парк|Տաքոմա Փարկ|טקומה פארק|تاكوما بارك|تاکوما پارک، مریلند|تکووما، مریلند|ٹاکوما پارک، میری لینڈ|ଟାକୋମା ପାର୍କ|タコマパーク|塔科馬公園市
Towson,city,MD,39.4015,-76.60191,55197,Tauson|Towson Town|Towsontown|tao sen|tauson|tawsn  mrylnd|Таусон|تاوسن، مریلند|ٹاوسن، میری لینڈ|タウソン|陶森
Travilah,city,MD,39.069,-77.26304,12159,Travila|Travilakh|te la wei la|trafyla|trawylah  mrylnd|Травила|Травилах|Травіла|ترافيلا|تراویلاه، مریلند|特拉維拉
Waldorf,city,MD,38.62456,-76.93914,67752,Beantown|Valdof|Voldorf|uorudofu|waldwrf  mrylnd|woldopeu|Валдоф|Волдорф|والدورف، مریلند|والڈورف، میری لینڈ|ウォルドーフ|월도프
Walker Mill,city,MD,38.87539,-76.88831,11302,Valkehr Mill|Voker Mil|Voker-Mill|walkr myl  mrylnd|wkr myl  mrylnd|wo ke mi er|wwkr myl|Валкэр Милл|Вокер Мил|Вокер-Милл|Вокер-Мілл|والکر میل، مریلند|ووكر ميل|وکر میل، مریلند|沃克米爾
West Elkridge,city,MD,39.20705,-76.72692,28734,
Westminster,city,MD,39.57538,-76.99581,18670,Bedford|Grandadam Farm|Logsdon Tavern Land|New London Town|Vehstminster|Vestminster|Westminster Town|Winchester|uesutominsuta|wei si min si te|wstmnstr|wstmynstr  mrylnd|Вестминстер|Вэстминстер|وستمنستر|وستمینستر، مریلند|ویسٹ منسٹر، میری لینڈ|ウェストミンスター|威斯敏斯特
Wheaton,city,MD,39.03983,-77.05526,48284,Mitchell's Crossroads|Mitchells Cross Roads|Viton|wytwn|Витон|ويتون
White Oak,city,MD,39.03983,-76.99303,17403,Uajt Oak|Vajt Ouk|Vajt-Ouk|Whiteoak|huai te ao ke|wayt awak  mrylnd|wayt awwk  mrylnd|Вайт-Оук|Вајт Оук|Уайт Оак|وائٹ اوک، میری لینڈ|وایت اواک، مریلند|وایت اووک، مریلند|懷特奧克
Woodlawn,city,MD,39.32288,-76.72803,37879,Vudlon|wwdlawn  mrylnd|Вудлон|وودلاون، مریلند|ووڈلان، بالٹیمور کاؤنٹی، میری لینڈ
Affton,city,MO,38.55061,-90.33317,20307,Afton|aftn  myzwry|aftwn|afuton|Афтон|Аффтон|أفتون|افتن، میزوری|افتون|アフトン
Arnold,city,MO,38.43283,-90.37762,21357,Arnol'd|a nuo de|arnwld|arnwld  myzwry|Арнолд|Арнольд|آرنلڈ، مسوری|آرنولد، میزوری|أرنولد|ارنولد|阿諾德
Ballwin,city,MO,38.59505,-90.54623,30577,Baldwin|Bollvin|Bolvin|balwn  mswry|balwyn|balwyn  myzwry|boruuin|Болвин|Боллвин|Боллвін|بالون، مسوری|بالوين|بالوین، میزوری|ボールウィン
Bellefontaine Neighbors,city,MO,38.74033,-90.2265,10798,Behllfontehjn Nehjbors|Bel'faunten-Nejbors|Belfauntn Nejbors|Bellfontaine Neighbors|blfantyn nybwrz  myzwry|blfwntyn nybwrz|Белфаунтн Нејборс|Бельфаунтен-Нейборс|Бэллфонтэйн Нэйборс|بلفانتین نیبورز، میزوری|بلفونتين نيبورز|بیلفونٹائن نیبرز، مسوری
Belton,city,MO,38.81195,-94.5319,23168,Rankin|Белтон
Blue Springs,city,MO,39.01695,-94.28161,54148,Blu Springs|blw aspryngz  myzwry|blw sbrynghz|blyw sprngz  mswry|Блу Спрингс|بلو اسپرینگز، میزوری|بلو سبرينغز|بلیو سپرنگز، مسوری
Bolivar,city,MO,37.61448,-93.41047,10714,
Branson,city,MO,36.64367,-93.21851,11431,BKG|Brehnson|Lucia|beulaenseun|branswn|brnswn  myzwry|brynsn  mswry|buranson|Брансон|Брэнсон|برانسون|برنسون، میزوری|برینسن، مسوری|ブランソン|브랜슨
Bridgeton,city,MO,38.767,-90.41151,11786,Bridzhton|Bridzton|Marais des Liards|Owens Fort|Owens Station|Villa de Roberts|Village a Robert|brjtwn|bryjtwn  myzwry|Бриджтон|Бриџтон|برجتون|برجٹن، مسوری|بریجتون، میزوری
Cape Girardeau,city,MO,37.30588,-89.51815,39462,CGI|Cap-Girardeau|Decatur - in-part|Kejp DZirardo|Kejp Dzhirardo|Kejp Zhirardo|kab jyrardw|kai pu ji la duo|keipeujilado|kepujirado|kyp jyradw  mswry|kyp zhrardw  myzwry|Кейп Джирардо|Кейп Жирардо|Кејп Џирардо|كاب جيراردو|کیپ جیرادو، مسوری|کیپ ژراردو، میزوری|ケープジラード|开普吉拉多|케이프지라도
Carthage,city,MO,37.17645,-94.31022,14319,Kartidz|Karzehjdzh|karthj  myzwry|kartj  myzwry|kasiji|Карзэйдж|Картиџ|كارثج، ميزوري|کارتج، میزوری|카시지
Chesterfield,city,MO,38.66311,-90.57707,47864,Chehsterfild|Chesterfild|Drews Station|chstrfyld  myzwry|tshystrfyld|Честерфилд|Чэстерфилд|تشيسترفيلد|چسترفیلد، میزوری|چیسٹرفیلڈ، مسوری
Clayton,city,MO,38.64255,-90.32373,15884,Clayton (Missouri)|Klehjton|Klejton|klaytwn|klytwn  myzwry|Клејтон|Клэйтон|كلايتون|کلیتون، میزوری|کلیٹن، مسوری
Columbia,city,MO,38.95171,-92.33407,129330,COU|Kolambija|Kolumbia|Kolumbija|ge lun bi ya|keolleombia|klmbya  myzwry|koronbia|kwlmbya  mswry|kwlwmbya|Коламбија|Коламбія|Колумбиа|Колумбия|كولومبيا|کلمبیا، میزوری|کولمبیا، مسوری|コロンビア|哥倫比亞|컬럼비아
Concord,city,MO,38.5245,-90.35734,16421,
Crestwood,city,MO,38.557,-90.38178,11966,Krehstvud|Krestvud|krystwwd|Крествуд|Крэствуд|كريستوود|کرست‌وود|کرست‌وود، میزوری|کریسٹووڈ، مسوری
Creve Coeur,city,MO,38.66089,-90.42262,18276,Kriv Koeur|Kriv Kour|krw kwr  myzwry|kryf kwyr|kryw kwyr  mswry|Крив Коеур|Крив Коур|كريف كوير|کرو کور، میزوری|کریو کویر، مسوری
Dardenne Prairie,city,MO,38.7695,-90.72902,12890,
East Independence,city,MO,39.09556,-94.35523,110675,Pixley|Pixleys
Eureka,city,MO,38.50255,-90.6279,10602,Ehureka|Ehvrika|Jurika|ywryka|ywryka  myzwry|Јурика|Эврика|Эурека|يوريكا|یوریکا، میزوری
Excelsior Springs,city,MO,39.33917,-94.22606,11486,Ehkselsior Springs|Ehkselsior-Springs|Ekselsior-Springs|Golf Hill|Ikselsir Springs|akslsywr aspryngz  myzwry|akslsywr asprynqz  myzwry|ghkslsywr sbrnghz|jkslsywr sbrnjz|Екселсіор-Спрінгс|Икселсир Спрингс|Экселсиор Спрингс|Экселсиор-Спрингс|اکسلسیور اسپرینقز، میزوری|اکسلسیور اسپرینگز، میزوری|جكسلسيور سبرنجز|غكسلسيور سبرنغز|エクセルシオール・スプリングス
Farmington,city,MO,37.78088,-90.42179,18181,FAM|Murphys Settlement|farmnghtwn|farmyngtwn  myzwry|Фармингтон|فارمنغتون|فارمنگٹن، مسوری|فارمینگتون، میزوری
Ferguson,city,MO,38.74422,-90.30539,21059,Fehrgjuson|Fergjuson|fagason|fei ge xun shi|frgwsn  myzwry|frqwsn  myzwry|fu ge sen|fyrghswn|fyrjswn|peogeoseun|perkucan|prgwswn|Фергусон|Фергюсон|Фэргюсон|פרגוסון|فرقوسن، میزوری|فرگوسن، میزوری|فيرجسون|فيرغسون|பெர்குசன்|ファーガソン|弗格森|費格遜市|퍼거슨
Festus,city,MO,38.22061,-90.39595,12065,Derby City|Fehstas|Festas|Limitville|Tanglefoot|fstws  myzwry|fystws|Фестас|Фестус|Фэстас|فستوس، میزوری|فيستوس
Florissant,city,MO,38.78922,-90.32261,52268,Ferdinand|Fleurissant|Florisant|Florissent|Saint Ferdinand|Saint Ferdinand Florissant|Saint Ferdinand de Florissant|San Fernando|San Fernando de Florissant|flwrysant|flwrysnt  myzwry|fu luo li sang te|fu luo li sen te|furorisanto|Флорисант|Флориссант|Флориссент|פלוריסאנט|فلوريسانت|فلوریسنت، میزوری|فلوریسینٹ، مسوری|フロリサント|弗洛里桑特|弗洛里森特
Fulton,city,MO,38.84671,-91.94796,12939,Fulton (Missouri)|Volney|fu er dun|furuton|fwltn  myzwry|fwltwn|Фултон|فلٹن، مسوری|فولتن، میزوری|فولتون|ფულტონი|フルトン|富尔顿
Gladstone,city,MO,39.20389,-94.55468,26861,Evanston|Gladston|Gladstoun|Gledston|Linden|Thomas Heights|ghladstwn|gldastwn  myzwry|Гладстон|Гладстоун|Гледстон|غلادستون|گلداستون، میزوری|گلیڈسٹون، مسوری
Grain Valley,city,MO,39.01501,-94.19856,13379,
Grandview,city,MO,38.88584,-94.53301,25256,GVW|Grandv'ju|Grandvju|ge lan de wei you|ghrandfyw|grndwwyw|grndwyw  myzwry|gurandobyu|jrandfyw|qrndwyw  myzwry|Грандв'ю|Грандвью|Грандвю|Грандвју|גרנדוויו|جراندفيو|غراندفيو|قرندویو، میزوری|گرندویو، میزوری|グランドビュー|格兰德维尤|格蘭德維尤
Hannibal,city,MO,39.70838,-91.35848,17839,Gannibal|Khanibal|Khannibal|North Hannibal|South Hannibal|Staveley's Landing|Stavelys Landing|han'nibaru|hanybal|Ганнибал|Ганнібал|Ханибал|Ханнибал|هانيبال|هانیبال|ハンニバル
Hazelwood,city,MO,38.77144,-90.37095,25661,Gejzelvud|Khehjzlvud|Khejzelvud|Khejzlvud|hazlwwd|Гейзелвуд|Хейзлвуд|Хејзелвуд|Хэйзлвуд|هازلوود|هیزل‌وود|هیزل‌وود، میزوری|ہیزلووڈ، مسوری
Independence,city,MO,39.09112,-94.41551,117255,Bristol|Indehpendehns|Indehpendens|Indenpendens|Independence i Missouri|Independens|Independensa|Independensas|Indipenduns|Intipentens|andybndns|ayndypndns  myzwry|du li cheng|indipendannsa|indipendens|indipendensa|indipendensu|indipendeonseu|intipentens|xin di phen den s|İndependens|Ιντιπέντενς|Індепенденс|Індэпендэнс|Индепенденс|Индипендънс|Индэпенденс|Ինդենպենդենս|אינדפנדנס|إنديبندنس|انديبندنس|انڈیپینڈینس، مسوری|ایندیپندنس، میزوری|इंडिपेंडंन्स|इंडिपेंडेंस|ইন্ডিপেন্ডেন্স|ઈન્ડીપેન્ડેન્સ|இண்டிபெண்டென்ஸ்|ఇండిపెండెన్స్|ಇಂಡಿಪೆಂಡೆನ್ಸ್|ඉන්ඩිපෙන්ඩන්ස්|อินดิเพนเดนซ์|インディペンデンス|独立城|獨立城|인디펜던스
Jackson,city,MO,37.38227,-89.66621,14869,Dzekson|Dzhehkson|Dzhekson|jaikasana|jakswn|jakuson|jkswn  myzwry|jyksn  mswry|Џексон|Джексон|Джэксон|جاكسون|جکسون، میزوری|جیکسن، مسوری|ਜੈਕਸਨ|ジャクソン
Jefferson City,city,MO,38.5767,-92.17352,42595,City of Jefferson|Dinas Jefferson|Dzeferson Siti|Dzeferson Sitis|Dzefersonsitija|Dzhefersun Siti|Dzhefferson Siti|Dzhefferson-Siti|Dzhehfersan-Sici|Dzhehfferson Siti|Džeferson Sitis|Džefersonsitija|JEF|Jefferson|Jeffersonurbo|Kota Jefferson|Lungsod ng Jefferson|Tzeferson Siti|gprswn syty|jefasonshiti|jeparcan nakaram|jepeoseunsiti|jepharasana siti|jepharsan-nagaram|jepharsana siti|jfrswn syty|jie fei xun cheng|Τζέφερσον Σίτι|Џеферсон Сити|Джеферсън Сити|Джефферсон Сити|Джефферсон-Сити|Джефферсон-Сіті|Джэферсан-Сіці|Джэфферсон Сити|Ջեֆերսոն Սիթի|גפרסון סיטי|جفرسون سيتي|جفرسون‌سیتی|جیفرسن سٹی|جیفرسن سٹی، مسوری|जेफरसन सिटी|जेफर्सन सिटी|जेफर्सन सिति|जेफर्सन्-नगरम्|ஜெபர்சன் நகரம்|ジェファーソンシティ|杰斐逊城|제퍼슨시티
Jennings,city,MO,38.71922,-90.26039,14819,Dogtown|Dzenings|Dzhehnnings|Dzhennings|jeningusu|jnyngz  myzwry|jnynqz  myzwry|jynynghz|jynyngz  mswry|jynynjz|Џенингс|Дженнингс|Дженнінгс|Джэннингс|جنینقز، میزوری|جنینگز، میزوری|جينينجز|جينينغز|جینینگز، مسوری|ジェニングス
Joplin,city,MO,37.08423,-94.51328,51818,Djoplin|Djoplïn|Dzhoplin|Dzoplin|Dzoplina|Dzoplinas|Džoplina|Džoplinas|JLN|Tzoplin|Union City|cx p lin|djwplyyn|g'wplyn|japalina|japlin|japlyn  myzwry|jopeullin|joplina|jopurin|jwbln|jwpln  mswry|qiao pu lin|Τζόπλιν|Џоплин|Джоплин|Джоплін|Ջոպլին|ג'ופלין|جاپلین، میزوری|جوبلن|جوپلن، مسوری|دجوپلىين|जॉप्लिन|जोप्लिन|জপলিন|જોપ્લિન|ஜாப்லின்|జోప్లిన్|ಜೋಪ್ಲಿನ್|ජෝප්ලින්|จอปลิน|ჯოპლინი|ジョプリン|乔普林|喬普林|조플린
Kansas City,city,MO,39.09973,-94.57857,475378,Caasimada Kansas|City of Kansas|Dinas Kansas|Greenwood|Ilu Kansas|KCMO|Kansas City i Missouri|Kansas Lakanbalen|Kansas Sity|Kansasurbo|Kanzas Shehiri|Kanzas Siti|Kanzas Sitis|Kanzas-Sici|Kanzas-Siti|Kanzassitija|Kota Kansas|Lungsod ng Kansas|MKC|Maple Gardens|Milton|Town of Kansas|Westport|Winnetonka|Winnwood|kaenjaseusiti|kan sa si cheng|kanasasa siti|kansas syty|kanzasushiti|kanzas‌syty  myzwry|kencas nakaram|kensasa siti|kʼanzas-sitʼi|qnzs syty|Ìlú Kansas|Κάνσας Σίτυ|Канзас Сити|Канзас-Сити|Канзас-Сіті|Канзас-Сіці|Կանզաս Սիթի|קנזס סיטי|كانساس سيتي|کانزاس‌سیتی، میزوری|کنساس شہر، مسوری|कॅन्सस सिटी|কানসাস সিটি|கேன்சஸ் நகரம்|แคนซัสซิตี|კანზას-სიტი|カンザスシティ|堪薩斯城|캔자스시티
Kennett,city,MO,36.23618,-90.05565,10662,Butler|KNT|Kehnnett|Kenit|Kennett's|knt  myzwry|kynyt|Кенит|Кэннетт|كينيت|کنت، میزوری
Kirkwood,city,MO,38.58339,-90.40678,27750,Kirkvud|Kirkvuda|Kurkud|kakuuddo|ke ke wu de|kyrkwwd|qyrqwwd|Кирквуд|Кирквуда|Къркуд|Кірквуд|קירקווד|كيركوود|کرکووڈ، مسوری|کرک‌وود|کرک‌وود، میزوری|კირკვუდი|カークウッド|柯克伍德
Lake Saint Louis,city,MO,38.79755,-90.78568,14545,
Lebanon,city,MO,37.6806,-92.66379,14688,Lehbanon|lbann  myzwry|lybanwn|Лебанон|Лэбанон|لبانن، میزوری|ليبانون
Lee's Summit,city,MO,38.91084,-94.38217,95094,Lee’s Summit|Lis Samit|Lis Sammit|Strother|lyz samyt  myzwry|Лис Самит|Лис Саммит|ليز ساميت، ميزوري|リーズ・サミット
Lemay,city,MO,38.53339,-90.27928,16645,Le May|Lemaj|Lemej|Luxemburg|lymay|lymy  myzwry|rumei|Лемай|Лемей|Лемеј|ليماى|ليماي|لیمی، میزوری|ルメイ
Liberty,city,MO,39.24611,-94.41912,30450,Libehrti|Liberti|White Hall Fields|lybrty|lybrty  myzwry|Либерти|Либэрти|لبرٹی، مسوری|ليبرتي|لیبرتی، میزوری
Manchester,city,MO,38.597,-90.50929,18229,Манчестер
Marshall,city,MO,39.12308,-93.19687,13039,MHL|Marshal|marshal|marshal  myzwry|marshl  mswry|Маршал|Маршалл|مارشال|مارشال، میزوری|مارشل، مسوری
Maryland Heights,city,MO,38.71311,-90.42984,27389,Maryland Heights Station|Mehrilehnd Khehjts|Meriland Khajts|mrylnd hayts  myzwry|Мериланд Хајтс|Мэрилэнд Хэйтс|مریلند هایتس، میزوری|میری لینڈ ہائٹس، مسوری
Mehlville,city,MO,38.50839,-90.32289,28380,Mekhlvile|Melvill|mylfyl|Мелвилл|Мелвілл|Мехлвиле|مل‌ویل|مل‌ویل، میزوری|ميلفيل
Mexico,city,MO,39.16976,-91.88295,11660,Meksiko|New Mexico|mksykw|mkzykw  myzwry|mo xi ge|myksykw  mswry|Мексико|مكسيكو|مکزیکو، میزوری|میکسیکو، مسوری|墨西哥
Moberly,city,MO,39.41837,-92.43824,13919,MBY|Magic City|Mobehrli|Moberli|mobari|mwbrly|mwbrly  myzwry|Моберли|Моберлі|Мобэрли|موبرلى|موبرلي|موبرلی، میزوری|モバーリー
Neosho,city,MO,36.86896,-94.368,12156,EOS|Niosho|Nisho|nywshw  myzwry|Ниошо|Нишо|نیوشو، میزوری
Nixa,city,MO,37.04339,-93.29435,20984,Niksa|nksa  mswry|nyksa|nyksa  myzwry|Никса|Нікса|نيكسا|نکسا، مسوری|نیکسا، میزوری
O'Fallon,city,MO,38.81061,-90.69985,85040,O'Fallon Station
Oakville,city,MO,38.47005,-90.30456,36143,
Overland,city,MO,38.70116,-90.36234,15959,Ovehrlehnd|Overlend|awfrland|awrlnd  myzwry|ovuarando|Оверланд|Оверленд|Овэрлэнд|أوفرلاند|اورلند، میزوری|オーヴァーランド
Ozark,city,MO,37.02089,-93.20602,19120,awzark|awzark  myzwry|Озарк|أوزارك|اوزارک، میزوری
Poplar Bluff,city,MO,36.757,-90.39289,17266,Ashcroft Addition|Bluff City|East Poplar Bluff|Kelley Town|POF|Poplar Blaf|Poplar Blaff|The Bluff|Vinegar Hill|paplr blwf  myzwry|Поплар Блаф|Поплар Блафф|پاپلر بلوف، میزوری
Raymore,city,MO,38.80195,-94.45273,20374,Rehjmor|Rejmor|raymwr|rymwr  myzwry|Реймор|Рејмор|Рэймор|رايمور|ریمور، میزوری
Raytown,city,MO,39.00862,-94.46356,29401,Ray|Rehjtaun|Rejtaun|Рејтаун|Рэйтаун|ری‌تاون، میزوری|رے ٹاؤن، مسوری
Republic,city,MO,37.12005,-93.48019,16005,Repablik|rybablk|rypablyk  myzwry|rypblk  mswry|Репаблик|Репаблік|ريبابلك|ریپابلیک، میزوری|ریپبلک، مسوری
Rolla,city,MO,37.95143,-91.77127,20019,RLA|Rola|Weber|luo la|rwla|rwla  myzwry|Рола|Ролла|رولا|رولا، میزوری|罗拉
Saint Ann,city,MO,38.72727,-90.38317,13020,Mary Ridge|Sent-Ehnn|St. Ann|Сент-Энн
Saint Charles,city,MO,38.78394,-90.48123,65794,City of Saint Charles|Las Pequenas Cuestas|Le Village de Cotes|Le Village du Cote|Les Petites Cotes|Petit Cotes|Saint Andrew|Saint Charles City|San Carlos del Missouri|San Carlos del Misuri|San Fernando|Sehjnt Charlz|Sent Charls|Sent-Charl'z|St. Charles|sent chal s|snt charlz  myzwry|Сент Чарлс|Сент-Чарльз|Сэйнт Чарлз|سنت چارلز، میزوری|เซนต์ชาลส์
Saint Joseph,city,MO,39.76861,-94.84663,76780,Robidoux Landing|STJ|Sankta Jozefo|Sejnt Dzhouzef|Sent DZozef|Sent Dzhozef|Sent-Dzhozef|South Saint Joseph|St. Joseph|seinteujojipeu|snt jwzf  myzwry|Сейнт Джоузеф|Сент Џозеф|Сент Джозеф|Сент-Джозеф|سنت جوزف، میزوری|세인트조지프
St. Louis,city,MO,38.62727,-90.19789,279695,City of Saint Louis|Lacledes Village|Mound City|Pain Court|Pancore|STL|Saint Lewis|Saint Louis|Saint Louis City|Saint-Louis|San Luis|Sankta Luiso|Sejnt Luis|Sent Loisos|Sent Luis|Sent Luisas|Sent-Luis|Sentluisa|Sint-Louis|St Louis|Urbs Sancti Ludovici|ceyint luyis|saint luyis|sant lwys|seinteulu-iseu|senta lu'isa|senthluys|sentoruisu|seyint luyis|sheng lu yi si|snt lwyys|Σαιντ Λούις|Сейнт Луис|Сент Луис|Сент-Луис|Сент-Луіс|Сент-Луїс|סנט לואיס|سانت لويس|سنت لوئیس|سینٹ لوئس|सेंट लुईस|செயின்ட் லூயிஸ்|సెయింట్ లూయిస్|ಸೈಂಟ್ ಲೂಯಿಸ್|เซนต์หลุยส์|სენტ-ლუისი|セントルイス|圣路易斯|세인트루이스
Saint Peters,city,MO,38.80033,-90.62651,52575,City of Saint Peters|Sejnt Piters|Сейнт Питерс
Sedalia,city,MO,38.70446,-93.22826,21516,DMO|Seoville|Sidejlija|sdalya  myzwry|sydalya|Седалиа|Сидејлија|سدالیا، میزوری|سيداليا
Sikeston,city,MO,36.87672,-89.58786,16436,SIK|Sajkston|sai ke si dun|saikusuton|saykstwn|saykstwn  myzwry|sykstwn|Сайкстон|Сајкстон|سايكستون|سایکستون، میزوری|سيكستون|サイクストン|賽克斯頓|赛克斯顿
Spanish Lake,city,MO,38.78783,-90.21594,19650,Rich Valley|Spanish Lejk|Spenish-Lejk|aspanysh lyk  myzwry|Спаниш Лејк|Спениш-Лейк|Спеніш-Лейк|اسپانیش لیک، میزوری
Springfield,city,MO,37.21533,-93.29824,170188,North Springfield|SGF|Springfijld|Springfild|aspryngfyld  myzwry|sbrynghfyld|seupeulingpildeu|si pu lin fei er de|spryngpyld|supuringufirudo|Спрингфийлд|Спрингфилд|Спрингфілд|ספרינגפילד|اسپرینگفیلد، میزوری|سبرينغفيلد|سپرنگفیلڈ، مسوری|スプリングフィールド|斯普林菲尔德|스프링필드
Town and Country,city,MO,38.61228,-90.46345,11106,Taun ehnd Kauntri|Taun end Kantri|tawn and kantry  myzwry|tawn and kawntry|Таун енд Кантри|Таун энд Каунтри|تاون أند كاونتري|تاون اند کانتری، میزوری|ٹاؤن اینڈ کنٹری، مسوری
Troy,city,MO,38.97949,-90.9807,11542,Troj|Troja|trwy|trwy  myzwry|Трой|Троя|Трој|تروي|تروی، میزوری|ٹرائے، مسوری
Union,city,MO,38.45005,-91.00848,10957,Union City
University City,city,MO,38.65588,-90.30928,35058,
Warrensburg,city,MO,38.76279,-93.73605,19927,Uorrensberg|Varrehnsburg|Vorensburg|warnsbwrgh|warnzbrg  myzwry|Варрэнсбург|Воренсбург|Уорренсберг|وارنزبرگ، میزوری|وارنسبورغ
Washington,city,MO,38.55811,-91.01209,14050,Bassora|Goosetown|New Washington|Owensville|Vashington|Washington Landing|washinton|washntn|washyngtn  myzwry|washynqtwn  myzwry|wwsyngtwn|Вашингтон|וושינגטון|واشنطن|واشنگٹن، مسوری|واشینقتون، میزوری|واشینگتن، میزوری|ワシントン
Webb City,city,MO,37.14645,-94.463,11165,Veb Siti|Vebb-Siti|Vehbb Siti|wb syty  myzwry|wyb syty|Веб Сити|Вебб-Сити|Вебб-Сіті|Вэбб Сити|وب سیتی، میزوری|ويب سيتى|ويب سيتي|ウェッブ・シティ
Webster Groves,city,MO,38.59255,-90.35734,23177,Uehbster-Grovs|Vebster Grouvs|Vebster-Grouvs|Webster|uebusutagurobusu|wbstr grwbs|wbstr grwwz  myzwry|wbstr qrwwz  myzwry|wei bo si te ge luo fu si|wybstr ghrwfz|wybstr jrwfz|Вебстер Гроувс|Вебстер-Гроувс|Уэбстер-Гровс|ובסטר גרובס|وبستر قرووز، میزوری|وبستر گرووز، میزوری|ويبستر جروفز|ويبستر غروفز|ウェブスターグローブス|韋伯斯特格羅夫斯
Wentzville,city,MO,38.81144,-90.85291,35603,Vehntsvill|Vencvill|Ventzvil|uentsubiru|wen ci wei er|wntzfyl|wnzwwyl|wyntzwyl  myzwry|Вентзвил|Венцвилл|Венцвілл|Вэнтсвилл|ונצוויל|ونتزفيل|وینتزویل، میزوری|وینٹزویل، مسوری|ウェンツビル|温茨维尔|溫茨維爾
West Plains,city,MO,36.72812,-91.85237,12285,Vehst Plehjns|Vest Plejns|Westplains|wst plynz  myzwry|Вест Плејнс|Вэст Плэйнс|وست پلینز، میزوری
Wildwood,city,MO,38.58283,-90.6629,35899,Vajldvud|Vildvud|wayldwwd|wayldwwd  myzwry|Вајлдвуд|Вилдвуд|وائلڈووڈ، مسوری|وايلدوود|وایلدوود، میزوری
Biloxi,city,MS,30.39603,-88.88531,45637,BIX|Biloksi|bi luo ke xi|billeogsi|birokushi|bylaksy  mysysypy|bylwksy|bylwksy  msyspy|Билокси|Білоксі|بيلوكسي|بیلاکسی، میسیسیپی|بیلوکسی، مسیسپی|ビロクシ|比洛克西|빌럭시
Brandon,city,MS,32.2732,-89.98592,23529,Brehndon|brandwn|brndn  mysysypy|Брандон|Брэндон|براندون|برندن، میسیسیپی|برینڈن، مسیسپی
Brookhaven,city,MS,31.57906,-90.44065,12414,Brukkhehven|Brukkhejven|brwkhafn|brwkhywn  mysysypy|Брукхејвен|Брукхэвен|بروكهافن|بروکهیون، میسیسیپی|بروکہیون، مسیسپی
Byram,city,MS,32.17932,-90.24537,11509,
Canton,city,MS,32.61264,-90.03675,13676,
Carriere,city,MS,30.61686,-89.65256,13198,Carriere Station|Highland|Lacey
Clarksdale,city,MS,34.20011,-90.57093,16847,CKM|Clarksville|Diamond of the Delta|Golden Buckle of the Cotton Belt|Klarksdehjl|Klarksdejl|Little New York|klarksdyl|klarksdyl  mysysypy|kurakusuderu|Кларксдејл|Кларксдэйл|كلاركسديل|کلارکسدیل، میسیسیپی|کلارکسڈیل، مسیسپی|クラークスデール
Cleveland,city,MS,33.744,-90.72482,12327,Coleman|Coleman Station|Fontaine|Kleveland|Klevlando|Kliulend|Klivland|Klivlend|Sims|ke li fu lan|keullibeullaendeu|klyfland|klywlnd  mysysypy|kurivurando|qlyblnd|Клевеланд|Кливланд|Кливленд|Клівленд|Кліўленд|קליבלנד|كليفلاند|کلیولند، میسیسیپی|کلیولینڈ، مسیسپی|クリーヴランド|克利夫兰|克利夫蘭|克里夫蘭|클리블랜드
Clinton,city,MS,32.34153,-90.32176,25254,Klinton|Mount Dexter|Mount Salus|ke lin dun|klyntn  mysysypy|klyntwn|kurinton|Клинтон|Клінтон|كلينتون|کلنٹن، مسیسپی|کلینتن، میسیسیپی|ക്ലിന്റൺ|クリントン|克林頓|克林顿|柯林頓
Columbus,city,MS,33.49567,-88.42726,23168,Kolambus|Kolumbus|Kulumbus|Possum Town|UBS|ge lun bu|klmbws  mysysypy|kwlmbs  msyspy|kwlwmbws|Коламбус|Колумбус|Кълъмбъс|كولومبوس|کلمبوس، میسیسیپی|کولمبس، مسیسپی|哥伦布
Corinth,city,MS,34.93425,-88.52227,14866,CRX|Cross City|Korinf|Korint|krynt  mysysypy|kwrynth|Коринт|Коринф|كورينث|کرینت، میسیسیپی|کورنتھ، مسیسپی
D'Iberville,city,MS,30.42631,-88.89086,11400,Diberville|Seymour
Gautier,city,MS,30.38575,-88.61169,18570,Got'e|Got'er|Gotijej|West Pascagoula|ghwtyr|gwwtyy  mysysypy|Готијеј|Готье|Готьер|غوتير|گاوٹیر، مسیسپی|گووتیی، میسیسیپی
Greenville,city,MS,33.40898,-91.05978,32156,GLH|Grinvil|Grinvill|ghrynfyl|grynwyl  msyspy|grynwyl  mysysypy|Гринвил|Гринвилл|غرينفيل|گرینویل، مسیسپی|گرینویل، میسیسیپی
Greenwood,city,MS,33.51623,-90.17953,15431,GWO|Grijnud|Grinvud|Williams Landing|ghrynwwd|grynwwd  mysysypy|Грийнуд|Гринвуд|غرينوود|گرینوود، میسیسیپی|گرینووڈ، مسیسپی
Grenada,city,MS,33.769,-89.80842,12900,Grenejda|Pittsburg|Tullahoma|ghrynada|grynyda  mysysypy|Гренада|Гренејда|غرينادا|گریناڈا، مسیسپی|گرینیدا، میسیسیپی
Gulfport,city,MS,30.36742,-89.09282,71856,GPT|Galfport|Galfporta|galfpwrt  mysysypy|garufupoto|ge er fu bo te|ghwlfbwrt|Галфпорт|Галфпорта|Гулфпорт|Гълфпорт|Ґалфпорт|غولفبورت|گالفپورت، میسیسیپی|گلف پورٹ، مسیسپی|ガルフポート|格尔夫波特
Hattiesburg,city,MS,31.32712,-89.29034,46805,Gordonville|HBG|Hattiesburgh|Hub City|Khatisberg|Khattisberg|The Hub|Twin Forks|ha di si bao|haetijeubeogeu|hattizubagu|hatysbwrgh|htyzbrg  mysysypy|Хатисберг|Хаттисберг|هاتيسبورغ|هتیزبرگ، میسیسیپی|ہیٹیسبرگ، مسیسپی|ハッティズバーグ|哈蒂斯堡|해티즈버그
Hernando,city,MS,34.82399,-89.9937,15503,Jefferson|Khernando|hrnandw  mysysypy|hyrnandw|Хернандо|هرناندو، میسیسیپی|هيرناندو|ہرنینڈو، مسیسپی
Horn Lake,city,MS,34.95537,-90.03481,26915,Gorn-Lejk|Khorn Lehjk|Khorn Lejk|honreiku|hrn lyk  mysysypy|hwrn lyk|Горн-Лейк|Хорн Лејк|Хорн Лэйк|هرن لیک، میسیسیپی|هورن ليك|ہارن لیک، مسیسپی|ホーンレイク
Jackson,city,MS,32.29876,-90.18481,153701,Dzekson|Dzeksona|Dzeksonas|Dzeksons|Dzhaksun|Dzhehksan|Dzhekson|Džeksona|Džeksonas|Džeksons|JAN|Jackson i Mississippi|Le Fleurs Bluff|Siti of Dzhekson|Tzakson|Zhehkson|gqswn|jaegseun|jakcan|jaksan|jakswn|jakuson|jeksana|jie ke xun|jkswn  mysysypy|jyakasana|jyaksana|jyksn|jyksn  msyspy|Τζάκσον|Џексон|Джаксън|Джексон|Джэксан|Жэксон|Сити оф Джексон|Ջեքսոն|גקסון|جاكسون|جکسون، میسیسیپی|جیکسن|جیکسن، مسیسپی|जाक्सन्|जॅक्सन|ज्याकसन|ज्याक्सन|ஜாக்சன்|ジャクソン|杰克逊|잭슨
Laurel,city,MS,31.69405,-89.13061,18837,LUL|Lawurell|Lorel|Lorul|lao lei er|larl  mysysypy|lawryl|loleol|lwrl|lwrl  msyspy|roreru|Лаурел|Лорел|Лоръл|לורל|لارل، میسیسیپی|لاوريل|لورل، مسیسپی|ローレル|劳雷尔|勞雷爾|로럴
Long Beach,city,MS,30.35048,-89.15282,15555,Long Bich|Long-Bich|Longa Strando|Scotts Station|lang bych  msyspy|lang bych  mysysypy|lanq bych  mysysypy|lwngh bytsh|lwnj bytsh|rongubichi|zhang tan|Лонг Бич|Лонг-Бич|Лонг-Біч|لانق بیچ، میسیسیپی|لانگ بیچ، مسیسپی|لانگ بیچ، میسیسیپی|لونج بيتش|لونغ بيتش|ロングビーチ|長灘
Madison,city,MS,32.46181,-90.11536,25799,DXE|Madison Station|Medison|Mehdison|madyswn|mai di sen|mdsn  mysysypy|mdyswn|Мадисон|Медисон|Медісон|Мэдисон|מדיסון|ماديسون|مدسن، میسیسیپی|میڈیسون، مسیسیپی|മാഡിസൺ|マディソン|麥迪森|麦迪森
McComb,city,MS,31.24379,-90.45315,12661,MCB|MakKomb|Makom|maekom|mai ku mu|makwmb|mk kwmb  msyspy|МакКомб|Маком|ماكومب|مک کومب، مسیسپی|مک‌کام، میسیسیپی|麦库姆|매콤
Meridian,city,MS,32.36431,-88.70366,39661,MEI|Meridijan|Ragsdale City|Sowashee Station|meolidieon|mrydyan  mysysypy|myrydyan|Меридиан|Меридијан|مریدیان، میسیسیپی|ميريديان|میریڈیئن، مسیسپی|メリディアン|머리디언
Moss Point,city,MS,30.41159,-88.53446,13654,Mos Pojnt|Moss Pojnt|Moss-Pojnt|mas pwynt  mysysypy|mo si bo yin te|mosupointo|mws bwynt|Мос Појнт|Мосс Пойнт|Мосс-Пойнт|ماس پوائنٹ، مسیسپی|ماس پوینت، میسیسیپی|موس بوينت|モスポイント|莫斯波因特
Natchez,city,MS,31.56017,-91.40329,15128,Fort Panmure|Fort Rosalie|HEZ|Naches|Nachez|Natches|na qi ci|nachezu|natshyz|nchyz  mysysypy|nchz  msyspy|Натчез|Начез|ناتشيز|نچز، مسیسپی|نچیز، میسیسیپی|ナチェズ|纳奇兹
Ocean Springs,city,MS,30.41131,-88.82781,17636,Old Biloxi|Oshan Springs|Oushen Springs|Vieux Biloxi|awshn aspryngz  mysysypy|awshn sbrynghz|awshn sprngz  msyspy|hai quan shi|Оушен Спрингс|Ошан Спрингс|أوشن سبرينغز|اوشن اسپرینگز، میسیسیپی|اوشن سپرنگز، مسیسپی|海泉市
Olive Branch,city,MS,34.96176,-89.82953,36010,OLV|Oliv Branch|Oliv Brehnch|alyw brnch  mysysypy|awlyf bransh|awlyw branch  msyspy|Олив Бранч|Олив Брэнч|أوليف برانش|الیو برنچ، میسیسیپی|اولیو برانچ، مسیسپی
Oxford,city,MS,34.3665,-89.51925,22314,Oksford|UOX|aksfwrd|aksfwrd  mysysypy|niu jin|ogseupeodeu|Оксфорд|آکسفورد، میسیسیپی|آکسفورڈ، مسیسپی|أكسفورد|牛津|옥스퍼드
Pascagoula,city,MS,30.36576,-88.55613,22126,PGL|Paskagula|baskaghwla|pa si ka gu la|paskagwla  msyspy|pasukagura|pskgwla  mysysypy|Паскагула|Паскаґула|باسكاغولا|پاسکاگولا، مسیسپی|پسکگولا، میسیسیپی|パスカグーラ|帕斯卡古拉
Pearl,city,MS,32.27459,-90.13203,26462,Perl|byarl|prl  msyspy|prl  mysysypy|Перл|بيارل|پرل، مسیسپی|پرل، میسیسیپی
Petal,city,MS,31.34656,-89.26006,10701,Petl|bytal|petaru|pytl  mysysypy|Петал|Петл|بيتال|پیتل، میسیسیپی|پیٹل، مسیسپی|ペタル
Picayune,city,MS,30.52556,-89.67788,10675,PCU|Pickayune|Pikajun|Pikijun|bykaywn|pi ka you en|pikayun|pykaywn  msyspy|pykywn  mysysypy|Пикаюн|Пикијун|Пікаюн|بيكايون|پیکایون، مسیسپی|پیکیون، میسیسیپی|ピカユーン|皮卡尤恩
Ridgeland,city,MS,32.42848,-90.13231,24351,Highland Colony|Ridzhland|Ridzland|rydjland|ryjlnd  mysysypy|Риджланд|Риџланд|ريدجلاند|ریجلند، میسیسیپی|ریجلینڈ، مسیسپی
Southaven,city,MS,34.98898,-90.01259,52589,Sautaven|Southhaven|Soutkhehven|sausuheibun|sawthywn  mysysypy|Саутавен|Соутхэвен|ساؤتھایون، مسیسپی|ساوتهیون، میسیسیپی|サウスヘイブン
Starkville,city,MS,33.45049,-88.81961,25366,Boardtown|Starkvil|astarkwyl  mysysypy|seutagbil|si ta ke wei er|starkfyl|Старквил|استارکویل، میسیسیپی|ستاركفيل|سٹارکویل، مسیسپی|斯塔克維爾|스탁빌
Tupelo,city,MS,34.25807,-88.70464,35680,Gum Pond|TUP|Tjupulou|teyupero|tu po luo|tupeollo|twbylw|twplww  mysysypy|ˈtuːpəloʊ|Тупело|Тюпълоу|توبيلو|توپلوو، میسیسیپی|ٹوپولو، مسیسپی|テューペロ|图珀洛|투펄로
Vicksburg,city,MS,32.35265,-90.87788,23131,Fort McHenry|Fort Nogales|Nogales|VKS|Vicksburgh|Vicksburgum|Viksberg|Viksburg|Walnut Hills|bigseubeogeu|fyksbyrgh|vuikkusubagu|wei ke si bao|wyksbrg  msyspy|wyksbrg  mysysypy|Виксберг|Виксбург|Виксбърг|Віксбург|فيكسبيرغ|ویکسبرگ، مسیسپی|ویکسبرگ، میسیسیپی|ヴィックスバーグ|维克斯堡|빅스버그
West Gulfport,city,MS,30.40409,-89.0942,71329,
West Point,city,MS,33.60762,-88.65033,10990,Robertsons Store|Vest Pojnt|wst pwynt  mysysypy|wyst bwynt|Вест Пойнт|Вест Појнт|وست پوینت، میسیسیپی|ويست بوينت|ویسٹ پوائنٹ، مسیسپی
Yazoo City,city,MS,32.85513,-90.40565,11245,Hanans Bluff|Jazu Siti|Jazuu Siti|Queen City of the Delta|yazw syty|yazw syty  mysysypy|Јазу Сити|Язуу Сити|يازو سيتي|یازو سیتی، میسیسیپی|یضو سٹی، مسیسپی
Albemarle,city,NC,35.35014,-80.20006,16003,Albemarde|Albemarl|albmarl  karwlynay shmaly|albymarl|albymarl  shmaly kyrwlayna|arubemaru|Албемарл|ألبيمارل|البمارل، کارولینای شمالی|البیمارل، شمالی کیرولائنا|アルベマール
Apex,city,NC,35.73265,-78.85029,45585,Apeks|Ejpeks|ai pei ke si|apekkusu|aypks  karwlynay shmaly|aypyks  shmaly kyrwlayna|Апекс|Ејпекс|ایپکس، کارولینای شمالی|ایپیکس، شمالی کیرولائنا|アペックス|埃佩克斯
Archdale,city,NC,35.91458,-79.97198,11564,Bush Hill
Asheboro,city,NC,35.70791,-79.81364,26103,Ashboro|a shen bo lei|ashbwrw|ashuboro|ashww  karwlynay shmaly|ayshbrw  shmaly kyrwlayna|Ашборо|آشبورو|اشوو، کارولینای شمالی|ایشبرو، شمالی کیرولائنا|アシュボロ|阿什伯勒
Asheville,city,NC,35.60095,-82.55402,95056,AVL|Biltmore|Ehshvill|Eshvil|Eshvil'|Kasdu'yi|Keniworth|Montford|Morristown|Ramoth|Sunset Park|Victoria|West Asheville|Woolsey|a shen wei er|aesyubil|ashfyl|ashubiru|ashwyl  karwlynay shmaly|ayshwyl  shmaly kyrwlayna|Ешвил|Ешвіль|Эшвилл|אשוויל|آشفيل|اشویل، کارولینای شمالی|ایشویل، شمالی کیرولائنا|アシュビル|阿什维尔|애슈빌
Belmont,city,NC,35.24292,-81.0373,10533,Garibaldi|Garibuldi|berumonto|blmant  karwlynay shmaly|blmant  qwzyy karwlyna|blmwnt|Белмонт|بلمانت، قوزئی کارولینا|بلمانت، کارولینای شمالی|بلمونت|ベルモント
Boone,city,NC,36.21679,-81.67455,18156,Boon|Bun|Councills Store|bun|bwn|bwn  karwlynay shmaly|bwn  shmaly kyrwlayna|Бун|بون|بون، شمالی کیرولائنا|بون، کارولینای شمالی|ブーン
Burlington,city,NC,36.09569,-79.4378,52472,Berlin'nkton|Berlington|Berlingtona|Berlingtonas|Bjorlington|Bērlingtona|Company Shops|barinton|barlingatana|barlingtan|barlingtana|barlintana|beollingteon|bexr ling tan|bo ling dun|brlnghtwn|brlyngtwn|brlynqtn  qwzyy karwlyna|bwrlynjtwn|lyngtn  karwlynay shmaly|parlintan|Μπέρλινγκτον|Берлингтон|Берлінгтон|Бёрлингтон|ברלינגטון|برلنغتون|برلنگٹن، شمالی کیرولینا|برلینقتن، قوزئی کارولینا|بورلينجتون|لینگتن، کارولینای شمالی|बर्लिंगटन|বার্লিংটন|બર્લિંગ્ટન|பர்லிங்டன்|బర్లింగ్టన్|ಬರ್ಲಿಂಗ್ಟನ್|බර්ලින්ග්ටන්|เบอร์ลิงตัน|バーリントン|伯灵顿|伯靈頓|벌링턴
Carrboro,city,NC,35.91014,-79.07529,21156,Karboro|Venable|ka bo luo|kaboro|karbwrw|karbwrw  shmaly kyrwlayna|krbwrw  karwlynay shmaly|Карборо|كاربورو|کاربورو، شمالی کیرولائنا|کربورو، کارولینای شمالی|カーボロ|卡勃羅
Cary,city,NC,35.79154,-78.78112,159769,Kehri|Keri|Keris|Pages Siding|Pages Tavern|Pages Turnout|ka rui|kary|keli|keri|kry  karwlynay shmaly|kyry  shmaly kyrwlayna|Кери|Кері|Кэри|كاري|کری، کارولینای شمالی|کیری، شمالی کیرولائنا|ケーリー|卡瑞|케리
Chapel Hill,city,NC,35.9132,-79.05584,59568,
Charlotte,city,NC,35.22709,-80.84313,911311,CLT|Carolinum|Charlotte i Nord-Carolina|Charlottesburg|Charlottesburgh|Sarlot|Sarlota|Sarlote|Sarloto|Sarlott|Sharlat|Sharlot|Sharlott|Sharlt|carlat|charlxtt|saralata|sarlata|sarlet|sharlotʼi|sharlwt  karwlynay shmaly|sharotto|syalleos|syallos|tsharlwt|xia luo te|Ŝarloto|Şarlott|Šarlota|Šarlotė|Σάρλοτ|Шарлат|Шарлот|Шарлотт|Шарлът|Շառլոթ|שארלוט|تشارلوت|شارلوت، کارولینای شمالی|شارلوٹ، شمالی کیرولائنا|शार्लट|শার্লট|ਸ਼ਾਰਲਟ|சார்லட்|షార్లెట్|ಷಾರ್ಲೆಟ್|ชาร์ลอตต์|შარლოტი|シャーロット|夏洛特|샬럿|샬롯
Clayton,city,NC,35.65071,-78.45639,19304,Clayton (North Carolina)|Klejton|Stallings Station|klaytwn|klytn  karwlynay shmaly|kureiton|Клејтон|كلايتون|کلیتن، کارولینای شمالی|کلیٹن، شمالی کیرولائنا|クレイトン
Clemmons,city,NC,36.02153,-80.382,19844,Clementsville|Clemmonstown
Concord,city,NC,35.40888,-80.58158,87696,Konkord|USA|kankrd  karwlynay shmaly|konkodo|kwnkwrd|Конкорд|كونكورد|کانکرد، کارولینای شمالی|کونکورڈ، شمالی کیرولائنا|コンコード
Cornelius,city,NC,35.4868,-80.86007,28092,Kornelius|Корнелиус
Davidson,city,NC,35.50233,-80.83912,12207,Davidson College|Davison College|Dejvidson|dafydswn|dywydsn  karwlynay shmaly|Дејвидсон|دافيدسون|دیویدسن، کارولینای شمالی
Durham,city,NC,35.99403,-78.89862,257636,Daram|Darehm|Darem|Daremas|Duram|Durhamsville|RDU|daramu|de han|deoleom|dwrham|dyurema|Дарам|Дарем|Дарэм|Дърам|דרהאם|دورهام|ڈرہم، شمالی کیرولائنا|ड्युरॅम|เดอแรม|ダーラム|德罕|더럼
Eden,city,NC,36.48847,-79.7667,15403,Draper|Iden|Leaksville|Spray|aydn|iden|Иден|إيدن|ایڈن، شمالی کیرولائنا|イーデン
Elizabeth City,city,NC,36.2946,-76.25105,17988,ECG|Elizabethtown|Ilizabet Siti|Reading|Redding|alyzabyth syty|aylyzbt syty  karwlynay shmaly|erizabesushiti|Илизабет Сити|إليزابيث سيتي|الزبتھ شہر، شمالی کیرولائنا|ایلیزبت سیتی، کارولینای شمالی|エリザベスシティ
Elon,city,NC,36.10291,-79.50669,10024,Elon College
Fayetteville,city,NC,35.05266,-78.87836,201963,Campbellton|Cross Creek|FAY|Fajetvil|Feetvil'|Fejetvil|Fejetvill|Lower Campbellton|Upper Campbellton|faiettobiru|fayytfyl|fei ye te wei er|fey xett will|fyytwyl  karwlynay shmaly|peiesbil|Файетвил|Фейетвилл|Феєтвіль|Фејетвил|פאייטוויל|فائیٹویل، شمالی کیرولائنا|فاييتفيل|فییتویل، کارولینای شمالی|เฟย์เอตต์วิลล์|ファイエットビル|費耶特維爾|페이엣빌
Fuquay-Varina,city,NC,35.58432,-78.80001,23907,F'jukvej-Varina|Fjukvej-Varina|Fuquay Springs|Fuquay Varina|Sippehaw|Varina|fakway faryna|fukibarina|fwkway-waryna  karwlynay shmaly|Фьюквей-Варина|Фюквей-Варіна|فاكواي فارينا|فوکئے-وارینا، شمالی کیرولینا|فوکوای-وارینا، کارولینای شمالی|フキーバリナ
Garner,city,NC,35.71126,-78.61417,28053,Gardners Station|gana|garnr  karwlynay shmaly|garnr  shmaly kyrwlyna|gharnr|Гарнер|غارنر|گارنر، شمالی کیرولینا|گارنر، کارولینای شمالی|ガーナー
Gastonia,city,NC,35.26208,-81.1873,74543,Gastonija|gaeseutonia|gasutonia|ghastwnya|gstwwnya  karwlynay shmaly|jia si tuo ni ya|kastaniya|Гастония|Гастонија|Ґастонія|غاستونيا|گستوونیا، کارولینای شمالی|گیسٹونیا، شمالی کیرولائنا|கஸ்டானியா|แกสโตเนีย|ガストニア|加斯托尼亞|개스토니아
Goldsboro,city,NC,35.38488,-77.99277,35826,GSB|Goldsborough|ghwldzbwrw|goruzuboro|gwwldzww  karwlynay shmaly|Голдсборо|Ґолдсборо|غولدزبورو|گولڈزبرو، شمالی کیرولائنا|گوولدزوو، کارولینای شمالی|ゴールズボロ
Graham,city,NC,36.06903,-79.40058,14647,Grejam|Grejgem|ghraham|grym  karwlynay shmaly|gurahamu|Грейам|Грејам|Ґрейгем|غراهام|گراہم، شمالی کیرولائنا|گریم، کارولینای شمالی|グラハム
Greensboro,city,NC,36.07264,-79.79198,285342,GSO|Grijnsburo|Grinsboras|Grinsboro|Grynsbara|Qrinsboro|ge lin si bo lei|geulinjeubeoleo|ghrynzbwrw|grinsaboro|grynsbwrw|grynzbwrw  karwlynay shmaly|grynzbwrw  shmaly kyrwlayna|gurinzuboro|kri ns bo ro|Грийнсбъро|Гринсборо|Грынсбара|Ґрінсборо|Գրինսբորո|גרינסבורו|غرينزبورو|گرینزبورو، شمالی کیرولائنا|گرینزبورو، کارولینای شمالی|ग्रीन्सबोरो|กรีนส์โบโร|グリーンズボロ|格林斯伯勒|그린즈버러
Greenville,city,NC,35.61266,-77.36635,90597,Greenesville|Greensville|Grinvil|Grinvill|Martinsborough|PGV|ghrynfyl|grynwwyl|grynwyl  karwlynay shmaly|grynwyl  shmaly kyrwlayna|gurinbiru|Гринвил|Гринвилл|גרינוויל|غرينفيل|گرینویل، شمالی کیرولائنا|گرینویل، کارولینای شمالی|グリーンビル
Harrisburg,city,NC,35.32395,-80.65784,14539,Garrisberg|Harris Depot|Гаррисберг
Havelock,city,NC,34.87905,-76.90133,20364,Gavlok|Khavlok|ha fu luo ke|haburokku|haflwk|hwlak  karwlynay shmaly|hwlak  qwzyy karwlyna|Гавлок|Хавлок|هافلوك|هولاک، قوزئی کارولینا|هولاک، کارولینای شمالی|ہیولاک، شمالی کیرولائنا|ハブロック|哈夫洛克
Henderson,city,NC,36.32959,-78.39916,15271,Khenderson|Lonesome Valley|hendason|hendeoseun|hndrsn  karwlynay shmaly|hndrswn|Хендерсон|هندرسن، کارولینای شمالی|هندرسون|ہینڈرسن، شمالی کیرولائنا|ヘンダーソン|헨더슨
Hendersonville,city,NC,35.31873,-82.46095,13814,Khendersonvil|hendasonbiru|hendeoseunbil|hndrsnwyl  karwlynay shmaly|hyndyrswnfyl|Хендерсонвил|هندرسنویل، کارولینای شمالی|هينديرسونفيل|ہینڈرسنویل، شمالی کیرولائنا|ヘンダーソンビル|헨더슨빌
Hickory,city,NC,35.73319,-81.3412,40374,Berryville|Gikori|HKY|Hickory Tavern|Khikori|West Hickory|hikkori|hykry|hykry  karwlynay shmaly|xi ke li|Гікорі|Хикори|هيكري|هیکری، کارولینای شمالی|ہیکری، شمالی کیرولائنا|ヒッコリー|希科里
High Point,city,NC,35.95569,-80.00532,110268,Khaj Pojnt|Khaj-Pojnt|hai bo yin te|haipointo|hay bwynt|hay pwynt  karwlynay shmaly|Хай-Пойнт|Хај Појнт|هاي بوينت|های پوینت، کارولینای شمالی|ہائی پوائنٹ، شمالی کیرولائنا|ハイポイント|海波因特
Holly Springs,city,NC,35.65127,-78.83362,31377,Kholi Springs|haly aspryngz|horisupuringusu|hwly sbrynghz|Холи Спрингс|هالی اسپرینگز|هولي سبرينغز|ہالی سپرنگز، شمالی کیرولائنا|ホリースプリングス
Hope Mills,city,NC,34.97044,-78.94531,16163,Khoup Mils|hopumiruzu|hwb mylz|hwwp mylz  karwlynay shmaly|Хоуп Милс|هوب ميلز|هووپ میلز، کارولینای شمالی|ہوپ ملز، شمالی کیرولائنا|ホープミルズ
Huntersville,city,NC,35.41069,-80.84285,52704,Khantersvil|hantazubiru|hantrsfyl|hwntrswyl  karwlynay shmaly|Хантерсвил|هانترسفيل|هونترسویل، کارولینای شمالی|ہنٹرزویل، شمالی کیرولائنا|ハンターズビル
Indian Trail,city,NC,35.07681,-80.66924,37073,
Jacksonville,city,NC,34.75405,-77.43024,67357,Dzeksonvil|Dzhaksunvil|Dzhehksonvill|Dzheksonvil'|Dzheksonvill|OAJ|Onslow Court House|jakswnfyl|jakusonbiru|jksnwyl  karwlynay shmaly|jyksn wyl  shmaly kyrwlayna|Џексонвил|Джаксънвил|Джексонвилл|Джексонвіль|Джэксонвилл|جاكسونفيل|جکسنویل، کارولینای شمالی|جیکسن ویل، شمالی کیرولائنا|ジャクソンビル
Kannapolis,city,NC,35.48736,-80.62173,46144,Kanapolis|kan na bo li si|kanabwlys|kanaporisu|knplys  karwlynay shmaly|knplys  qwzyy karwlyna|kynapwls  shmaly kyrwlayna|Канаполис|Каннаполис|Каннаполіс|קאנאפוליס|كانابوليس|کنپلیس، قوزئی کارولینا|کنپلیس، کارولینای شمالی|کیناپولس، شمالی کیرولائنا|カナポリス|坎納波利斯|坎纳波利斯
Kernersville,city,NC,36.11986,-80.07365,23811,Dobson|Dobsons Crossroads|Kerners Crossroads|Kernersvil|kanazubiru|krnrswyl  karwlynay shmaly|kyrnrzwyl  shmaly kyrwlayna|kyrnyrsfyl|Кернерсвил|كيرنيرسفيل|کرنرسویل، کارولینای شمالی|کیرنرزویل، شمالی کیرولائنا|カーナーズビル
Kings Mountain,city,NC,35.24513,-81.34119,10760,King Mountain|Kings Mauntin|Kings Mount|Kings-Maunten|kingusumaunten|kynghz mawntn|kyngz mawntn  karwlynay shmaly|kynjz mawntn|kynqz mawntn  qwzyy karwlyna|Кингс Маунтин|Кингс-Маунтен|Кінгс-Маунтен|كينجز ماونتن|كينغز ماونتن|کنگز ماؤنٹین، شمالی کیرولائنا|کینقز ماونتن، قوزئی کارولینا|کینگز ماونتن، کارولینای شمالی|キングスマウンテン
Kinston,city,NC,35.26266,-77.58164,21337,Atkins Bank|Caswell|ISO|jin si dun|kinsuton|kynstn  karwlynay shmaly|kynstwn|Кинстон|كينستون|کینستن، کارولینای شمالی|کینسٹن، شمالی کیرولائنا|キンストン|金斯顿
Knightdale,city,NC,35.78765,-78.48056,14256,Najtdejl|knaytdyl|knyghtdal  karwlynay shmaly|Најтдејл|كنايتديل|نائٹڈیل، شمالی کیرولینا|کنیگهتدال، کارولینای شمالی
Laurinburg,city,NC,34.77405,-79.46282,15507,Laurenburg|Lorinberg|lao lin bao|lawrynbrg  shmaly kyrwlayna|lrynbrg  karwlynay shmaly|lwrynbrgh|rorinbagu|Лоринберг|لاورینبرگ، شمالی کیرولائنا|لرینبرگ، کارولینای شمالی|لورينبرغ|ローリンバーグ|劳林堡
Leland,city,NC,34.25628,-78.04471,17924,
Lenoir,city,NC,35.91402,-81.53898,17888,Lenor|Tuckers Barn|lnwar  karwlynay shmaly|lynwr  shmaly kyrwlayna|lynwyr|renoa|Ленор|لنوار، کارولینای شمالی|لينوير|لینور، شمالی کیرولائنا|レノア
Lewisville,city,NC,36.09708,-80.41922,13567,Thornton
Lexington,city,NC,35.82403,-80.25338,19326,Leksington|lie ke xing dui|lksyngtwn  karwlynay shmaly|lyksynghtwn|rekishinton|Лексингтон|ليكسينغتون|لکسینگتون، کارولینای شمالی|لیکسنگٹن، شمالی کیرولائنا|レキシントン|列克星敦
Lincolnton,city,NC,35.47375,-81.25453,10900,Linkolnton|lynklntwn  karwlynay shmaly|lynkntwn|Линколнтон|لينكنتون|لینکلنتون، کارولینای شمالی
Lumberton,city,NC,34.61834,-79.01045,21667,LBT|Lamberton|lambrtn  karwlynay shmaly|lan bo dun|lwmbyrtwn|ranbaton|Ламбертон|لامبرتن، کارولینای شمالی|لمبرٹن، شمالی کیرولائنا|لومبيرتون|ランバートン|兰伯顿
Masonboro,city,NC,34.17934,-77.84748,14826,Grainger Point
Matthews,city,NC,35.11681,-80.72368,30678,Fullwood|Fullwoods Store|Metjuz|mashuzu|mathywz|mtywz  karwlynay shmaly|Метјуз|ماثيوز|متیوز، کارولینای شمالی|میتھیوز، شمالی کیرولائنا|マシューズ
Mebane,city,NC,36.09597,-79.26696,13698,Mebansville|Mebejn|Mibejn|mban  karwlynay shmaly|mban  qwzyy karwlyna|mebain|mybany|Мебејн|Мибейн|Мібейн|مبان، قوزئی کارولینا|مبان، کارولینای شمالی|ميبانى|ميباني|メバイン
Mint Hill,city,NC,35.17959,-80.64729,25627,
Monroe,city,NC,34.98543,-80.54951,34623,Monro|Monroe (North Carolina)|meonlo|mnrww  karwlynay shmaly|monro|mwnrw|mwnrw  shmaly kyrwlayna|Монро|מונרו|منروو، کارولینای شمالی|مونرو|مونرو، شمالی کیرولائنا|モンロー|먼로
Mooresville,city,NC,35.58486,-80.81007,36009,Fallston|Mursvil|muazubiru|mwrswyl  karwlynay shmaly|mwrysfyl|mwrzwyl  shmaly kyrwlayna|Мурсвил|مورزویل، شمالی کیرولائنا|مورسویل، کارولینای شمالی|موريسفيل|ムーアズビル
Morganton,city,NC,35.74541,-81.68482,16692,MRN|moganton|mrgntn  karwlynay shmaly|mwrghantwn|Моргантон|مرگنتن، کارولینای شمالی|مورغانتون|مورگنٹن، شمالی کیرولائنا|モーガントン
Morrisville,city,NC,35.82348,-78.82556,23820,Morisvil|morisubiru|mwrswyl  shmaly kyrwlayna|mwryzwyl  karwlynay shmaly|Морисвил|مورسویل، شمالی کیرولائنا|موریزویل، کارولینای شمالی|モリスビル
Mount Airy,city,NC,36.4993,-80.60729,10354,Maunt Eri|Maunt-Ehjri|Maunt-Ehri|Maunt-Ejri|Mountairy|The Hallow|The Hollow|mang te ai li|maunteueeoli|mawnt ayry|mawnt ayry  karwlynay shmaly|mawnt ayry  qwzyy karwlyna|Маунт Ери|Маунт-Ейрі|Маунт-Эйри|Маунт-Эри|Մաունթ Էյրի|ماونت إيري|ماونت ايرى|ماونت ایری، قوزئی کارولینا|ماونت ایری، کارولینای شمالی|マウント・エアリー|芒特艾里|마운트에어리
Mount Holly,city,NC,35.29819,-81.01591,14176,Huntersville|Maunt Kholi|Maunt-Golli|Mt Holly|Woodland|Woodlawn|huo li shan|mawnt haly  karwlynay shmaly|mawnt haly  qwzyy karwlyna|mwnt hwly|Маунт Холи|Маунт-Голли|Маунт-Голлі|ماونت هالی، قوزئی کارولینا|ماونت هالی، کارولینای شمالی|مونت هولى|مونت هولي|マウント・ホーリー|霍利山
Murraysville,city,NC,34.29572,-77.84748,14215,Marisvil|Mjurrejsvill|mwraysfyl|mwrayswyl  karwlynay shmaly|Марисвил|Мюррейсвилл|Мюррейсвілл|مورايسفيل|مورایسویل، کارولینای شمالی
New Bern,city,NC,35.10849,-77.04411,30070,EWN|N'ju-Bern|Newbern|Nju Bern|nyuban|nyw brn  karwlynay shmaly|nyw brn  shmaly kyrwlayna|nywbyrn|Њу Берн|Нью-Берн|نيوبيرن|نیو برن، شمالی کیرولائنا|نیو برن، کارولینای شمالی|ニューバーン
Newton,city,NC,35.66986,-81.22147,13035,N'juton|Njuton|nyuton|nywtn|nywtwn  karwlynay shmaly|Њутон|Ньютон|نيوتن|نیوتون، کارولینای شمالی|نیوٹن، شمالی کیرولائنا|ニュートン
Pinehurst,city,NC,35.19543,-79.46948,15752,Pajnkherst|bynhwrst|pynhwrst  karwlynay shmaly|Пајнхерст|بينهورست|پینهورست، کارولینای شمالی
Piney Green,city,NC,34.716,-77.32024,13293,
Raleigh,city,NC,35.7721,-78.63861,482295,RDU|Ralei|Rali|Roles|Roli|Rolio|Rolis|Rolės|Wake Court House|lolli|luo li|ra li|raley|rali|raly|raly  shmaly kyrwlyna|rele|reli|roli|rori|ryale'i|Ράλεϊ|Рали|Ралі|Роли|Ролі|Ռոլի|ראלי|رالي|رالی|رالی، شمالی کیرولینا|रालेय्|रॅले|रेली|र्यालेइ|র‌্যালি|ராலீ|ราลี|როლი|ローリー|罗利|롤리
Reidsville,city,NC,36.35486,-79.66447,14067,Ridsvil|rizubiru|rydsfyl|rydzwyl  karwlynay shmaly|Ридсвил|ريدسفيل|ریدزویل، کارولینای شمالی|ریڈزویل، شمالی کیرولائنا|リーズビル
Roanoke Rapids,city,NC,36.46154,-77.65415,15345,Great Falls|RZZ|Roanouk Rapids|Roenok-Rapids|Rounok Rapids|lo-eonokeulaepijeu|luo a nuo ke la pi zi|roanokurapizzu|rwnwk rabydz|rwwnwwk rpyd  karwlynay shmaly|rwynwk rpydz  qwzyy karwlyna|Роаноук Рапидс|Роенок-Рапидс|Роенок-Рапідс|Роунок Рапидс|רונוק ראפיד|روئنوک رپیدز، قوزئی کارولینا|روانوک ریپڈس، شمالی کیرولائنا|رونوك رابيدز|روونووک رپید، کارولینای شمالی|ロアノークラピッズ|羅阿諾克拉皮茲|로어노크래피즈
Rocky Mount,city,NC,35.93821,-77.79053,55806,RWI|Roki Maunt|Roki-Maunt|raky mawnt  karwlynay shmaly|rokkimaunto|rwky mawnt|Роки Маунт|Роки-Маунт|Рокі-Маунт|راکی ماؤنٹ، شمالی کیرولائنا|راکی ماونت، کارولینای شمالی|روكي ماونت|ロッキーマウント
Salisbury,city,NC,35.67097,-80.47423,34017,SRW|Solsberi|salysbry|salzbry  karwlynay shmaly|soruzuberi|sylsbry  shmaly kyrwlayna|Солсбери|Солсбері|سالزبری، کارولینای شمالی|ساليسبري|سیلسبری، شمالی کیرولائنا|ソールズベリー
Sanford,city,NC,35.47988,-79.1803,29144,Sehnford|Senford|asnfrd  karwlynay shmaly|sanfodo|sanfwrd|Санфорд|Сенфорд|Сэнфорд|اسنفرد، کارولینای شمالی|سانفورد|سینفورڈ، شمالی کیرولائنا|サンフォード
Shelby,city,NC,35.29235,-81.53565,20189,Shelbi|sherubi|shlby  karwlynay shmaly|shylby|shylby  shmaly kyrwlayna|Шелби|شلبی، کارولینای شمالی|شيلبي|شیلبی، شمالی کیرولائنا|シェルビー
Smithfield,city,NC,35.50849,-78.33945,12022,Johnston Court House|Smitfild|asmytfyld  karwlynay shmaly|smythfyld|sumisufirudo|Смитфилд|اسمیتفیلد، کارولینای شمالی|سمتھفیلڈ، شمالی کیرولائنا|سميثفيلد|スミスフィールド
Southern Pines,city,NC,35.17405,-79.39225,13539,SOP|Sadern Pajns|Vineland|nan pai en si|sadrn paynz  karwlynay shmaly|sazanpainzu|sdrn paynz  shmaly kyrwlayna|Садерн Пајнс|سادرن پاینز، کارولینای شمالی|سدرن پائنز، شمالی کیرولائنا|サザンパインズ|南派恩斯
Spring Lake,city,NC,35.16794,-78.97281,13234,Spring Lake (North Carolina)
Stallings,city,NC,35.0907,-80.68618,15270,
Statesville,city,NC,35.78264,-80.8873,26221,SVH|Stejtsvil'|Stejtsvill|astytswyl|suteitsubiru|Стейтсвилл|Стейтсвіль|استیتسویل|ステイツビル
Summerfield,city,NC,36.20875,-79.90476,10861,Bruces Crossroads
Tarboro,city,NC,35.89682,-77.5358,11164,Tawboro|taboro|tarbwrw|tarbwrw  karwlynay shmaly|tarbwrw  shmaly kyrwlayna|Тарборо|تاربورو|تاربورو، شمالی کیرولائنا|تاربورو، کارولینای شمالی|ターボロ
Thomasville,city,NC,35.88264,-80.08199,27061,Thomas Village|Tomasvil|Tomasvill|tamswyl  karwlynay shmaly|tamswyl  qwzyy karwlyna|tomasubiru|tomeoseubil|tuo ma si wei er|twmasfyl|Томасвил|Томасвилл|Томасвілл|تامسویل، قوزئی کارولینا|تامسویل، کارولینای شمالی|توماسفيل|تھامسویل، شمالی کیرولائنا|トマスビル|托马斯维尔|토머스빌
Wake Forest,city,NC,35.97987,-78.50972,38199,Town of Wake Forest College|Vejk Forist|ueikuforesuto|wyk fryst  karwlynay shmaly|Вејк Форист|ویک فارسٹ، شمالی کیرولائنا|ویک فریست، کارولینای شمالی|ウェイクフォレスト
Waxhaw,city,NC,34.92459,-80.7434,13495,
Weddington,city,NC,35.02237,-80.7609,10531,Providence
West Raleigh,city,NC,35.78682,-78.66389,338759,
Wilmington,city,NC,34.23556,-77.94604,115933,ILM|New Carthage|New Liverpool|New Town|Newton|Uilmington|Uilmingtun|Vilmington|Wilmington (North Carolina)|uiruminton|wei er ming dun|wilmingteon|wylmynghtwn|wylmyngtn  karwlynay shmaly|wylmyngtwn|Вилмингтон|Вілмінгтон|Уилмингтон|Уилмингтън|וילמינגטון|ويلمينغتون|ویلمینگتن، کارولینای شمالی|ویلمینگٹن، شمالی کیرولائنا|ウィルミントン|威尔明顿|윌밍턴
Wilson,city,NC,35.72127,-77.91554,49643,Hickory Grove|Tosnot Depot|Uilson|Vilson|uiruson|wlsn  shmaly kyrwlayna|wylsn  karwlynay shmaly|wylswn|Вилсон|Вілсон|Уилсон|ولسن، شمالی کیرولائنا|ويلسون|ویلسن، کارولینای شمالی|ウィルソン
Winston-Salem,city,NC,36.09986,-80.24422,241218,INT|Uinston-Sejlem|Uinstun-Sejlum|Vinston-Salem|Vinston-Sejlem|Vinstonas-Seilemas|Winston|Winston Salem|wen si dun-sai lei mu|winseuteonseilleom|wynstwn-salm  karwlayna alshmalyt|wynstwn-sylm|Винстон-Салем|Винстон-Сейлем|Винстон-Сејлем|Уинстон-Сейлем|Уинстън-Сейлъм|وينستون-سالم، كارولاينا الشمالية|وینستون-سیلم|ウィンストン・セーラム|温斯顿-塞勒姆|윈스턴세일럼
Atco,city,NJ,39.76984,-74.88739,12350,atkw|atkw  nywjrzy|اتکو|اتکو، نیوجرزی
Atlantic City,city,NJ,39.36415,-74.42306,39260,ACY|AIY|Absecon Beach|Absecum Beach|Abseon Beach|Atlantik Siti|Atlantik Sitis|Atlantik-Siti|Atlantiksitija|Atlantikurbo|Kota Atlantic|Thanh pho Atlantic|Thành phố Atlantic|aeteullaentigsiti|atlantyk syty|atlantyk syty  nywjrsy|atorantikkushiti|da xi yang cheng|Ατλάντικ Σίτι|Атлантик Сити|Атлантик-Сити|Атлантик-Сіті|אטלאנטיק סיטי|אטלנטיק סיטי|آتلانتیک سیتی، نیوجرسی|اتلانتيك سيتي|اٹلانٹک سٹی، نیو جرسی|アトランティックシティ|大西洋城|애틀랜틱시티
Bayville,city,NJ,39.90929,-74.15486,20512,Chaseford|Dover Chapel|Potters Creek
Beachwood,city,NJ,39.93901,-74.19292,11214,Bichvud|bychwwd  nywjrsy|Бичвуд|بیچ ووڈ، نیو جرسی|بیچوود، نیوجرسی
Bellmawr,city,NJ,39.86761,-75.09462,11462,Behllmavr|Belmar|blmawr  nywjrsy|Белмар|Бэллмавр|بلماور، نیوجرسی
Bridgeton,city,NJ,39.42734,-75.23408,25031,Bridgetown|Bridzhton|Bridzhtun|Bridzton|Cohansey Bridge|The Bridge|bryjtwn  nywjrsy|bu li qi dun|burijjiton|Бриджтон|Бриджтън|Бриџтон|برجٹن، نیو جرسی|بریجتون، نیوجرسی|ブリッジトン|布里奇頓
Browns Mills,city,NJ,39.97261,-74.58293,11223,Biddle's Mills|Biddles Mills|Brown Mills|Brown's Mills|Browns Mills-in-the-Pines
Camden,city,NJ,39.92595,-75.11962,76119,Camden Village|Cooper's Ferry|Cooper's Point Ferry Village|Coopers Ferry|Coopersville|Dogwood|Kaighnton|Kamdehn|Kamden|Kamdun|Pinchtown|Spicers|Stockton|Wrightsville|kaemdeon|kamdn|kamuden|kemdena|ken dun|kmdn  nywjrsy|qmdn|Камден|Камдън|Камдэн|קמדן|كامدن|کمدن، نیوجرسی|کیڈمن، نیو جرسی|कॅम्डेन|カムデン|肯頓|캠던
Cherry Hill,city,NJ,39.93484,-75.03073,70475,Ellisburg
Cherry Hill Mall,city,NJ,39.93595,-75.00906,14171,Cheri Khil Mol|Cherri Khill Moll|Cherri-Gill-Moll|chry hyl mal|chry hyl mal  nywjrsy|shyry hyl mwl|Чери Хил Мол|Черри Хилл Молл|Черри-Гилл-Молл|Черрі-Гілл-Молл|شيرى هيل مول|شيري هيل مول|چری هیل مال|چری هیل مال، نیوجرسی
Cinnaminson,city,NJ,39.99678,-74.99267,14646,Lower Chester|Westfield
Collingswood,city,NJ,39.91817,-75.07128,14000,Kolingsvud|Kollingsvud|Newton Colony|kalyngswwd  nywjrsy|Колингсвуд|Коллингсвуд|کالینگسوود، نیوجرسی
Echelon,city,NJ,39.84845,-74.99572,10743,Ehshelon|Eshelon|ashlan|ashlan  nywjrsy|aykylwn|Ешелон|Эшелон|إيكيلون|اشلان|اشلان، نیوجرسی|ايكيلون
Glassboro,city,NJ,39.70289,-75.11184,19216,Glasboro|Glass Town|Glassborough|Glassworks|ge la si bao luo|glsbwrw  nywjrsy|Гласборо|Глассборо|گلسبورو، نیوجرسی|葛拉斯堡罗
Gloucester City,city,NJ,39.89281,-75.12041,11329,Axwamus|Glocester|Gloster Siti|Gloucester|Gloucester Point|Gloucester Town|Gloucestertown|Glousestehr Siti|glastr syty  nywjrsy|Глостер Сити|Глоусестэр Сити|گلاستر سیتی، نیوجرسی
Greentree,city,NJ,39.89706,-74.95572,11367,Grintri|ghryntry|gryntry|qryntry  nywjrsy|Гринтри|Грінтрі|غرينتري|قرینتری، نیوجرسی|گرینتری
Haddonfield,city,NJ,39.8915,-75.03767,11414,Haddanfield|Haddenfield|Heddonfield|Khaddonfild|Khadonfild|hdnfyld  nywjrsy|Хаддонфилд|Хадонфилд|هدنفیلد، نیوجرسی
Hammonton,city,NJ,39.63651,-74.80239,14618,Coffin's Mill|Hammond Town|Hammondtown|Khammonton|Khamonton|hamwntn|Хаммонтон|Хамонтон|هامونتن
Jackson,city,NJ,39.7765,-74.86238,54856,
Lindenwold,city,NJ,39.82428,-74.99767,17613,Lindehnvold|Lindenvold|Линденволд|Линдэнволд|لیندن‌وولد، نیوجرسی
Lumberton,city,NJ,39.96595,-74.80516,12559,Old Long Bridge
Maple Shade,city,NJ,39.95261,-74.99239,19077,Mapl Shehjd Taunship|Maple Shade Township|Mejpl-Shejd Taunship|Municipio de Maple Shade|Xa Maple Shade|Xã Maple Shade|mappil cet nakariyam|mei pu er xie de|mypl shyd  nywjrsy|xin ze xi zhouMaple Shade zhen qu|Мапл Шэйд Тауншип|Мейпл-Шейд Тауншип|میپل شید، نیوجرسی|மாப்பிள் சேட் நகரியம்|メイプル・シェイド郡区|新澤西州Maple Shade鎮區|梅普尔谢德|梅普爾謝德
Marlton,city,NJ,39.89122,-74.92183,10133,Evesham|Mehrlton|Rising Sun|Swain's|ma er dun|marltwn|marltwn  nywjrsy|mrtlwn|Марлтон|Мэрлтон|Մարլթոն|מרטלון|مارلتون|مارلتون، نیوجرسی|馬爾頓|马尔顿
Millville,city,NJ,39.40206,-75.03934,28230,MIV|Maurice River Bridge|Millvill|Milvil|Shingle Landing|mylwyl  nywjrsy|Милвил|Миллвилл|میلویل، نیوجرسی
Mount Holly,city,NJ,39.99289,-74.78766,10804,Bridgeton|Crips Mount|LLY|Mounthalli|Mountholly|Mt Holly
Mount Laurel,city,NJ,39.934,-74.891,41864,
Ocean Acres,city,NJ,39.74345,-74.28098,16142,Oshan Ejkers|Oushehn Akrehs|Oushen-Ejkers|awshn akrs|awshn aykrz|awshn aykrz  nywjrsy|Оушен-Ейкерс|Оушэн Акрэс|Ошан Ејкерс|أوشن أكرس|اوشن اكرس|اوشن ایکرز|اوشن ایکرز، نیوجرسی
Ocean City,city,NJ,39.27762,-74.5746,11355,New Brighton|Oushan Siti|Oushehn Siti|Oushun Siti|Peck's Beach|Pecks Beach|Pet's Beach|Peter's Beach|awshn syty  nywjrsy|oshanshiti|Оушан Сити|Оушън Сити|Оушэн Сити|اوشن سٹی، نیو جرسی|اوشن سیتی، نیوجرسی|オーシャンシティ
Pennsauken,city,NJ,39.95622,-75.05795,36332,Pennsoakin
Pennsville,city,NJ,39.65345,-75.51659,11888,Craven's Ferry|Kinseyville|Obisquahassit|Pehnnsvill Taunship|Pennsvill|Pennsville Township|Pensvil|bynsfyl|pnswyl|pnswyl   nywjrsy|Пеннсвилл|Пеннсвілл|Пенсвил|Пэннсвилл Тауншип|بينسفيل|پنسویل|پنسویل ، نیوجرسی
Pine Hill,city,NJ,39.78428,-74.99211,10510,
Pleasantville,city,NJ,39.38984,-74.52404,20755,Adamstown|Lakestown|Plezantvil|Plisantvill|Risleytown|Smith's Landing|plyzntwyl  nywjrsy|Плезантвил|Плисантвилл|پلیزنتویل، نیوجرسی
Sewell,city,NJ,39.7665,-75.14434,37433,Chewville|Siouel|soueru(Sewell)|swl|swl  nywjrsy|xiu e er|Σιούελ|سول|سول، نیوجرسی|ソウェル（Sewell）|休厄尔|休厄爾
Sicklerville,city,NJ,39.71734,-74.96933,42891,Sicklertown|Waretown|syklrwyl|syklrwyl  nywjrsy|سیکلرویل|سیکلرویل، نیوجرسی
Somers Point,city,NJ,39.31762,-74.5946,10688,Job's Point|Samers Pojnt|Somehrs Pojnt|Somers Ferry|samrs pwynt  nywjrsy|Самерс Појнт|Сомэрс Пойнт|سامرس پوینت، نیوجرسی
South Vineland,city,NJ,39.44595,-75.02879,58122,
Springdale,city,NJ,39.881,-74.97,14518,
Toms River,city,NJ,39.95373,-74.19792,88791,Goose Creek|MJX|Main Branch Toms River|North Branch Toms River|Tom's River|Toms Creek|Toms Rivehr Taunship|Toms River Bay|Toms Rivur|tamz rywr  nywjrsy|tang mu si he|tomseulibeo|tomuzuriba|Томс Ривер|Томс Ривър|Томс Ривэр Тауншип|تامز ریور، نیوجرسی|トムズリバー|湯姆斯河|톰스리버
Ventnor City,city,NJ,39.34039,-74.47737,10486,Ventnor|Ventnor Siti|wntnwr syty  nywjrsy|Вентнор Сити|ونتنور سیتی، نیوجرسی
Vincentown,city,NJ,39.934,-74.74849,24664,Brimstone Neck|Quakertown|Quakytown|Vincent Town|Vincent's Town|Vincents Town|Vincenttown|Weepink|wynsntwwn  nywjrsy|وینسنتوون، نیوجرسی
Vineland,city,NJ,39.48623,-75.02573,60818,Vajnland|bainrando|waynlnd  nywjrsy|Вайнланд|Вајнланд|وائنلینڈ، نیو جرسی|واینلند، نیوجرسی|バインランド
Williamstown,city,NJ,39.68623,-74.99517,15567,Squankum|Squankum Neck|Squankum Village|Vilijamstaun|Villiamstaun|Williams Town|Williamstown (New Jersey)|Вилијамстаун|Виллиамстаун|ولیمزٹاؤن، نیو جرسی
Woodbury,city,NJ,39.83817,-75.15268,10020,Piscozackasing|Vudbari|Vudberi|Vudbjuri|wu de bo li|wwdbwry  nywjrsy|Вудбари|Вудбери|Вудбюри|وودبوری، نیوجرسی|伍德伯里
Athens,city,OH,39.32924,-82.10126,25044,ATO|Afiny|Asehns|Atens|Coates Ferry|Elizabethtown|Harpers Ferry|Middletown|a sen si|aeseonseu|asenzu|athyns|atn  awhayw|Асэнс|Атенс|Афины|آتن، اوهایو|أثينس|ایتھنز، اوہائیو|アセンズ|阿森斯|애선스
Beavercreek,city,OH,39.70923,-84.06327,46277,Beaver Creek|Bivehrkrik|Biverkrik|bawrkrk  awhayw|bibakuriku|byfrkryk|Биверкрик|Бивэркрик|باورکرک، اوهایو|بيفركريك|ビーバークリーク
Bexley,city,OH,39.96895,-82.93768,13654,Bekslehj|Beksli|bekusure|bksly  awhayw|bqsly|byksly|Бексли|Бекслэй|Бекслі|בקסלי|بيكسلى|بيكسلي|بکسلی، اوهایو|ベクスレー
Blue Ash,city,OH,39.232,-84.37827,12159,Blju Ash|Blu Esh|Blueash|Harper|blw ash|blw aysh  awhayw|Блу Еш|Блю Аш|بلو أش|بلو ایش، اوهایو
Bridgetown,city,OH,39.15311,-84.63717,14407,Bridzhtaun|Bridztaun|bryjtawn|bryjtawn  awhayw|Бриджтаун|Бриџтаун|برج ٹاؤن، اوہائیو|بریجتاون|بریجتاون، اوهایو
Centerville,city,OH,39.62839,-84.15938,23882,Centreville|Sehntervill|Sentervil|sntrfyl|sntrwyl  awhayw|Сентервил|Сэнтервилл|سنترفيل|سنترویل، اوهایو|سینٹرویل، مونٹگمری کاؤنٹی، اوہائیو
Cincinnati,city,OH,39.12711,-84.51439,311097,CVG|Cincinnatopolis|Covalts Station|Cyncynaci|Fort Washington|Losantiville|Porkopolis|Queen City|Queen City of the West|Sinsinati|Sinsinatis|Sinsinato|Sinsinatti|Sinsinnati|cincinatti|shinshinati|sinasinati|sinsinaeti|synsynaty|synsynty|synsynty  awhayw|xin xin na ti|Σινσινάτι|Синсинати|Синсинатти|Цинциннати|Цинциннаті|Цынцынаці|Ցինցինատի|סינסינטי|سنسیناٹی|سينسيناتي|سینسینتی، اوهایو|सिनसिनाटी|சின்சினாட்டி|ซินซินแนติ|ცინცინატი|シンシナティ|辛辛那提|신시내티
Circleville,city,OH,39.60062,-82.94601,13857,Round Town|Serkelvil|Soklvill|syrklfyl|syrklwyl  awhayw|Серкелвил|Соклвилл|سيركلفيل|سیرکلویل، اوهایو
Clayton,city,OH,39.86311,-84.3605,13146,Klehjton|Klejton|Salem|Salem Pike|klaytwn|klaytwn  awhayw|kureiton|Клейтон|Клејтон|Клэйтон|كلايتون|کلایتون، اوهایو|کلیٹن، اوہائیو|クレイトン
Columbus,city,OH,39.96118,-82.99879,913175,CMH|Columbopolis|Columbus i Ohio|Franklin|Franklinton|Kalumbus|Kolambus|Kolompous|Kolumbas|Kolumbo|Kolumbs|Kolumbu|Kolumbus|Kolumbusa|Kulumbus|ge lun bu|kalabasa|kalambasa|kholambas|klmbws  awhayw|kolambas|kolambasa|kolampas|kolleombeoseu|koronbasu|kwlwmbws|qwlwmbws|Κολόμπους|Калумбус|Коламбус|Колумбус|Кълъмбъс|Կոլումբուս|קאלומבוס|קולומבוס|كولومبوس|کلمبوس، اوهایو|کولمبس، اوہائیو|कोलंबस|कोलम्बस|कोलम्बस्|কলম্বাস|ਕਲੰਬਸ|கொலம்பஸ்|โคลัมบัส|კოლუმბუსი|コロンバス|哥伦布|哥倫布|콜럼버스
Dayton,city,OH,39.75895,-84.19161,135512,Cabintown|DAY|Dajtono|Dehjton|Deitonas|Dejton|Dejtun|Venice|dai dun|daytwn  awhayw|deiteon|deiton|detana|dytwn|dyytwn|Дейтон|Дейтън|Дејтон|Дэйтон|דייטון|دايتون، أوهايو|دیتون|डेटन|デイトン|代顿|데이턴
Dent,city,OH,39.18589,-84.65134,10497,Challengeville
Englewood,city,OH,39.87756,-84.30217,13460,Harrisburg|Harrisburgh|Iamton|Jamton|Jamtown
Fairborn,city,OH,39.82089,-84.01938,33452,Fairfield|Fajabon|Ferborn|Osborn|fayrbwrn  awhayw|fyrbwrn|Файабон|Ферборн|فایربورن، اوهایو|فيربورن|فیئربورن، اوہائیو
Fairfield,city,OH,39.34589,-84.5605,42767,Feurfild|Феърфилд
Finneytown,city,OH,39.20034,-84.5205,12741,Finnetytown
Forest Park,city,OH,39.29034,-84.50411,18676,
Forestville,city,OH,39.07506,-84.34494,10532,Forestvil|Forestvill|fwrstfyl|fwrstwyl|fwrstwyl  awhayw|Форествил|Форествилл|Форествілл|فورستفيل|فورستویل|فورستویل، اوهایو
Franklin,city,OH,39.55895,-84.30411,11783,franklyn|franklyn  awhayw|furankurin|Франклин|Франклін|فرانكلين|فرانکلین، اوهایو|فرینکلن، اوہائیو|フランクリン
Goshen,city,OH,39.23339,-84.16132,11644,Гошен
Grove City,city,OH,39.88145,-83.09296,39388,Grouv Siti|Grove|ghrwf syty|grww syty  awhayw|Гроув Сити|غروف سيتي|گروو سیتی، اوهایو
Hamilton,city,OH,39.3995,-84.56134,62407,Fort Hamilton|Gamil'ton|HAO|Hamilton!|Khamilton|Khamiltun|Khehmilton|Rossville|haemilteon|hamiruton|hamltn|han mi er dun|hmyltwn  awhayw|Гамильтон|Гамільтон|Хамилтон|Хамилтън|Хэмилтон|هاملتن|همیلتون، اوهایو|ہیملٹن، اوہائیو|ハミルトン|漢密爾頓|해밀턴
Huber Heights,city,OH,39.84395,-84.12466,38176,Guber-Gajts|Khabehr Khehjts|hwbr hayts|hywbr hayts  awhayw|hywbr hyts  awhayw|xiu bo hai ci|Губер-Гайтс|Хабэр Хэйтс|هوبر هايتس|هیوبر هایتس، اوهایو|هیوبر هیتس، اوهایو|وین ٹاؤن شپ، مونٹگمری کاؤنٹی، اوہائیو|ヒューバー・ハイツ|休伯海茨
Ironton,city,OH,38.53675,-82.68294,10900,Ajronton|Iron Town|New Town|Newtown|ayrntwn|ayrwntwn  awhayw|Ајронтон|Иронтон|أيرنتون|ایرونتون، اوهایو
Kettering,city,OH,39.6895,-84.16883,55525,Kehttering|Ketering|katrngh|keteoling|ktryng  awhayw|Кетеринг|Кеттеринг|Кэттеринг|كاترنغ|کترینگ، اوهایو|کیٹرنگ، اوہائیو|케터링
Lancaster,city,OH,39.71368,-82.59933,39766,Lankastehr|Lankaster|New Lancaster|lankstr|lankstr  awhayw|Ланкастер|Ланкастэр|لانكستر|لانکستر، اوهایو|لانکیسٹر، اوہائیو
Lebanon,city,OH,39.43534,-84.20299,20623,lbanwn  awhayw|lbnan|lebeoneon|Лебанон|لبانون، اوهایو|لبنان|레버넌
London,city,OH,39.88645,-83.44825,10060,Landon|Limerick|New London|lndn|lndn  awhayw|Ландон|لندن|لندن، اوهایو
Loveland,city,OH,39.26895,-84.26383,12585,Lavland|Lavlehnd|Lovelands|Lovlend|Paxton|lawlnd  awhayw|leobeulaendeu|luo fu lan de|lwfland|raburando|Лавланд|Лавлэнд|Ловленд|لاولند، اوهایو|لوفلاند|لولینڈ، اوہائیو|ラブランド|洛弗兰德|洛弗蘭德|러브랜드
Mack,city,OH,39.15811,-84.64967,11585,Mak|makku|mk|mk  awhayw|Мак|مک|مک، اوهایو|میک، اوہائیو|マック
Marietta,city,OH,39.41535,-81.45484,13900,Adelphi|Adelphia|Campus Martius|Marijeta|Muskingham|ma li ai ta|maelieta|maryta  awhayw|maryyta|Мариетта|Маријета|مارييتا|ماریتا، اوهایو|玛丽埃塔|매리에타
Mason,city,OH,39.36006,-84.30994,32662,Kirkwood|Mehjson|Mehson|Meison|Mejson|Meyson|Palmyra|maswn  awhayw|maysn|mei sen|meison|Μέισον|Мейсон|Мејсон|Мэйсон|Мэсон|Մեյսոն|ماسون، اوهایو|مايسن|میسن، اوہائیو|メイソン|梅森
Miamisburg,city,OH,39.64284,-84.28661,20034,Holes Station|Majamisberg|Majamisburg|Miamis Berg|myamysbwrg  awhayw|myamysbyrgh|Майамисбург|Мајамисберг|مياميسبيرغ|میامیسبورگ، اوهایو
Middletown,city,OH,39.51506,-84.39828,48760,MWO|Middle Town|Middltaun|Midltaun|mideultaun|mydltawn|mydltawwn  awhayw|Миддлтаун|Мидлтаун|Мідлтаун|ميدلتاون|مڈل ٹاؤن، اوہائیو|میدلتاوون، اوهایو|미들타운
Monroe,city,OH,39.44034,-84.36216,13393,Monro|Monroe (Ohio)|Monroe Station|Monroj|monro|mwnrw|mwnrw  awhayw|Монро|Монрой|مونرو|مونرو، اوهایو|モンロー
Monfort Heights,city,OH,39.18839,-84.59522,11948,Monfort Khajts|Monfort-Gajts|Montfort Heights|manfwrt hayts|manfwrt hayts  awhayw|Монфорт Хајтс|Монфорт-Гайтс|مانفورت هایتس|مانفورت هایتس، اوهایو
Montgomery,city,OH,39.22811,-84.35411,10506,Montgomeri|Montgomery Station|meng ge ma li|mwntghwmry|mwntgwmry  awhayw|Монтгомери|مونتغومري|مونتگومری، اوهایو|مونٹگمری، اوہائیو|蒙哥马利
Northbrook,city,OH,39.24645,-84.58356,10668,Nortbrook|Nortbruk|nwrtbrwk|nwrtbrwk  awhayw|nwrthbrwk|Нортброок|Нортбрук|نورتبروک|نورتبروک، اوهایو|نورثبروك
Norwood,city,OH,39.15561,-84.45966,19915,Norvud|Sharpsburg|nwrwwd|nwrwwd  awhayw|Норвуд|نوروود|نوروود، اوهایو
Oxford,city,OH,39.507,-84.74523,22104,OXD|Oksfard|Oksford|Oksfordo|aksfwrd  awhayw|awksfwrd|niu jin|okkusufodo|Оксфард|Оксфорд|אוקספורד|آکسفورد، اوهایو|آکسفورڈ، اوہائیو|أوكسفورد|اوكسفورد|اکسفورد، اوهایو|オックスフォード|牛津
Pataskala,city,OH,39.99562,-82.67433,15245,bataskala|pataskala  awhayw|Патаскала|باتاسكالا|پاتاسکالا، اوهایو
Pickerington,city,OH,39.88423,-82.7535,19745,Jacksonville|Pickering|Pikerington|bykyrynghtwn|pykryngtwn  awhayw|Пикерингтон|بيكيرينغتون|پیکرینگتون، اوهایو
Portsmouth,city,OH,38.73174,-82.99767,20409,Logtown|PMH|Portsmaus|Portsmut|bwrtsmwth|pu ci mao si|pwrtsmwth  awhayw|Портсмаус|Портсмут|بورتسموث|پورتسموث، اوهایو|朴次茅斯
Reading,city,OH,39.22367,-84.44216,10324,Reding|Vorheestown|Рединг
Reynoldsburg,city,OH,39.95479,-82.81212,37158,Frenchtown|Rehjnoldsburg|Rejnoldsberg|Reynoldsburgh|Roynoldsburg|rynwldsbwrg  awhayw|rynwldzbwrgh|Рејнолдсберг|Рэйнолдсбург|رينولدزبورغ|رینولدسبورگ، اوهایو
Riverside,city,OH,39.77978,-84.1241,24972,Harshmanville|Rivehsajd|River Side|Riversajd|ryfrsayd|rywrsayd  awhayw|Риверсайд|Риверсајд|Ривэсайд|Ріверсайд|رورسائیڈ، اوہائیو|ريفرسايد|ریورساید، اوهایو
Sharonville,city,OH,39.26811,-84.41327,13774,Sharon|Sharon Station|Sharon Village|Sharonvil|Sharonvill|Sharron|Sharunvil|sharwnfyl|sharwnwyl  awhayw|Шаронвил|Шаронвилл|Шарънвил|شارونفيل|شارونویل، اوهایو
Shiloh,city,OH,39.81867,-84.22855,11272,
Springboro,city,OH,39.55228,-84.23327,18213,Sprigbaro|Springborou|Springborough|Springsboro|aspryngbwrw  awhayw|sbrynghbwrw|Спригбаро|Спрингбороу|اسپرینگبورو، اوهایو|سبرينغبورو
Springdale,city,OH,39.287,-84.48522,11182,Spring Dale|Springdale Village|Springdehjl|Springdejl|Springfield|aspryngdal  awhayw|asprynqdyl  awhayw|sbrynghdyl|sbrynjdyl|Спрингдейл|Спрингдејл|Спрингдэйл|Спрінгдейл|اسپرینقدیل، اوهایو|اسپرینگدال، اوهایو|سبرينجديل|سبرينغديل
Springfield,city,OH,39.92423,-83.80882,59680,Gillistown|Post Town|SGH|Springfild|aspryngfyld  awhayw|sbrynghfyld|seupeulingpildeu|si pu lin fei er de|spryngpyld|supuringufirudo|Спрингфилд|Спрінгфілд|ספרינגפילד|اسپرینگفیلد، اوهایو|سبرينغفيلد|سپرنگفیلڈ، اوہائیو|སི་པི་རིང་ཧྥིལ་ཌི།|スプリングフィールド|斯普林菲尔德|스프링필드
Trenton,city,OH,39.48089,-84.45772,12281,Bloomfield|Tenton|Trehntan|trntwn|trntwn  awhayw|tryntwn|Трентон|Трэнтан|טרנטון|ترنتون، اوهایو|ترينتون|ٹرنٹن، اوہائیو
Trotwood,city,OH,39.79728,-84.31133,24096,Higgins Station|Trotvud|trwtwwd|Тротвуд|تروتوود|تروت‌وود، اوهایو
Upper Arlington,city,OH,39.99451,-83.06241,34907,Aper Arlington|Appa Arlington|Upper Arlngtn|apr arlyngtwn  awhayw|awbyr arlynghtwn|Апер Арлингтон|Аппа Арлингтон|أوبير أرلينغتون|اپر ارلینگتون، اوهایو
Vandalia,city,OH,39.89061,-84.19883,15106,Vandejlija|fandalya|wan da li ya|wndalya  awhayw|Вандалиа|Вандејлија|فانداليا|وندالیا، اوهایو|万达利亚
Washington Court House,city,OH,39.53645,-83.43908,14019,Vashington Kourt Khaus|Voshington Kort Khaus|Washington|Washington Courthouse|washntn kwrt haws|washyngtn kwrt haws  awhayw|Вашингтон Коурт Хаус|Вошингтон Корт Хаус|واشنطن كورت هاوس|واشنگٹن، اوہائیو|واشینگتن کورت هاوس، اوهایو
West Carrollton City,city,OH,39.67228,-84.25216,13297,Alexandersville|Alexanderville|Alexandriaville|Carrollton|Carrolton|West Carrolton
White Oak,city,OH,39.21311,-84.59939,19167,Creedville|Vajt Ouk|Vajt-Ouk|wayt awk|wayt awk  awhayw|Вайт-Оук|Вајт Оук|وائٹ اوک، اوہائیو|وايت أوك|وایت اوک|وایت اوک، اوهایو
Whitehall,city,OH,39.96673,-82.88546,18694,Uajtkhol|Vajtgoll|Vajtkhol|howaitohoru|wayt hwl|wythal  awhayw|Вайтголл|Вајтхол|Уайтхол|وائٹ ہال، اوہائیو|وايت هول|ویتهال، اوهایو|ホワイトホール
Wilmington,city,OH,39.44534,-83.82854,12449,Armenia|Clinton|ILN|Mount Pleasant|Robertsons Mills|Uilmington|Vilmington|Wilmington (Ohio)|uiruminton|wylmnghtwn|wylmyngtwn  awhayw|Вилмингтон|Уилмингтон|ويلمنغتون|ویلمینگتون، اوهایو|ویلمینگٹن، اوہائیو|ウィルミントン
Xenia,city,OH,39.68478,-83.92965,25976,Exenia|Ksenia|Ksenija|Zenea|Zinija|znya  awhayw|zynya|Зинија|Ксениа|Ксения|زنیا، اوهایو|زينيا
Zanesville,city,OH,39.94035,-82.01319,25498,Westbourne|ZZV|Zanes Town|Zehjnsvill|Zejnsvil|ceng si wei er|zanysfyl|zeinzubiru|znswyl  awhayw|Зејнсвил|Зэйнсвилл|زانيسفيل|زنسویل، اوهایو|ゼインズビル|曾斯維爾
Ada,city,OK,34.77453,-96.67834,17303,ADT|Ejda|ayda  aklahma|eida|Ада|Ејда|أدا|ایدا، اکلاهما|ایڈا، اوکلاہوما|에이다
Altus,city,OK,34.63813,-99.33398,19214,Frazier|LTS|altws|altws  aklahma|Алтус|آلتوس، اکلاهما|ألتوس
Ardmore,city,OK,34.17426,-97.14363,25176,ADM|Ardmor|admwr|ardmr  aklahma|Ардмор|آردمر، اکلاهما|آرڈمور، اوکلاہوما|أدمور
Bartlesville,city,OK,36.74731,-95.98082,36595,BVO|Bartlehsvill|Bartlesvil|Bartlsvill|bartlzwyl  aklahma|bateuljeubil|brtlsfyl|Бартлесвил|Бартлсвилл|Бартлэсвилл|بارتلزویل، اکلاهما|بارٹلزویل، اوکلاہوما|برتلسفيل|바틀즈빌
Bethany,city,OK,35.51867,-97.63226,19589,Behsani|Betani|btny  aklahma|bythany|Бетани|Бэсани|بتنی، اکلاهما|بيثاني|بیتھانی، اوکلاہوما
Bixby,city,OK,35.94204,-95.88332,24657,Biksbi|byksby|byksby  aklahma|Биксби|بيكسبي|بیکسبی، اوکلاہوما|بیکسبی، اکلاهما
Broken Arrow,city,OK,36.0526,-95.79082,106563,Broken Arou|Broken-Ehrrou|Broken-Errov|Broukehn Arrou|beulokeun-aelo|brwkn arw|brwkn arww  aklahma|burokun'aro|Брокен Ароу|Брокен-Ерров|Брокен-Эрроу|Броукэн Арроу|ברוקן ארו|بروكن أرو|بروکن اروو، اکلاهما|بروکن ایرو، اوکلاہوما|ブロークンアロー|브로큰애로
Chickasha,city,OK,35.05257,-97.93643,16488,CHK|Chichashej|Chikasha|Pensee|chykshy  aklahma|tshykasha|Чикаша|Чичашеј|تشيكاشا|چیکشی، اکلاهما
Choctaw,city,OK,35.49756,-97.26892,12179,Choctaw City
Claremore,city,OK,36.3126,-95.61609,18997,Klehrmor|Klermor|klarmwr|klyrmr  aklahma|Клермор|Клэрмор|كلارمور|کلیرمر، اکلاهما
Del City,city,OK,35.44201,-97.44087,22022,Dehl Siti|Del Siti|Del'-Siti|Dell City|dai er shi|derushiti/Del City|dl syty  aklahma|dl syty  awklahwma|dyl syty|Дел Сити|Дель-Сити|Дель-Сіті|Дэл Сити|دل سیتی، اوکلاهوما|دل سیتی، اکلاهما|ديل سيتى|ديل سيتي|ڈیل سٹی، اوکلاہوما|デルシティ/Del City|戴尔市
Duncan,city,OK,34.5023,-97.95781,23231,DUC|Dankan|Dunkan|dankn  aklahma|dnkan|Данкан|Дункан|دانکن، اکلاهما|دنكان|ڈنکن، اوکلاہوما
Durant,city,OK,33.99399,-96.37082,17286,DUA|Djurant|drnt  aklahma|dywrant|Дурант|Дюрант|درنت، اکلاهما|ديورانت
Edmond,city,OK,35.65283,-97.4781,90092,Edmont|Ehdmon|Ehdmond|Ehdmont|admnd  aklahma|admwnd|edeumeondeu|edomondo|Едмонд|Едмонт|Эдмон|Эдмонд|Эдмонт|אדמונד|إدموند|ادمند، اکلاهما|ایڈمونڈ، اوکلاہوما|エドモンド|에드먼드
El Reno,city,OK,35.53227,-97.95505,18516,Ehl Reno|Elreno|Ponoe|al rnw  aklahma|alrynw|Ел Рено|Эл Рено|إلرينو|ال رنو، اکلاهما
Elk City,city,OK,35.41199,-99.40426,12717,Busch|ELK|Ehlk Siti|Elk Siti|alk syty|alk syty  aklahma|Елк Сити|Элк Сити|إلك سيتي|الک سیتی، اکلاهما
Enid,city,OK,36.39559,-97.87839,51776,Ehnid|Inid|WDG|anyd|aynyd  aklahma|inideu|Енід|Инид|Энид|إنيد|اینڈ، اوکلاہوما|اینید، اکلاهما|이니드
Glenpool,city,OK,35.95537,-96.00888,13225,Glehnpul|Glenpol|Glenpul|ghlynbwl|glnpwl  aklahma|gurenpuru/Glenpool|jlynbwl|qlnpwl  awklahwma|Гленпол|Гленпул|Глэнпул|جلينبول|غلينبول|قلنپول، اوکلاهوما|گلنپول، اکلاهما|グレンプール/Glenpool
Guthrie,city,OK,35.87894,-97.42532,11270,GOK|Gazri|gatry  aklahma|Газри|گاتری، اکلاهما
Jenks,city,OK,36.02287,-95.96833,20740,Dzenks|Dzhenks|jnks|jnks  aklahma|Џенкс|Дженкс|جنكس|جنکس، اکلاهما
Lawton,city,OK,34.60869,-98.39033,96655,LAW|Lavton|Loton|Louton|lao dun|loteon|ltn  aklahma|lwtwn|roton|Лавтон|Лотон|Лоутон|לוטון|لاٹن، اوکلاہوما|لتن، اکلاهما|لوتون|ロートン|劳顿|로턴
McAlester,city,OK,34.93343,-95.76971,18310,MLC|MacAlister|MacAllister|Mak Alester|Makalester|South McAlester|makalstr|mklystr  aklahma|Мак Алестер|Макалестер|ماكالستر|مکلیستر، اکلاهما
Miami,city,OK,36.87451,-94.87746,13611,MIO|Majami|myamy|myamy  aklahma|Майами|Мајами|ميامي|میامی، اوکلاہوما|میامی، اکلاهما
Midwest City,city,OK,35.44951,-97.3967,57249,Miduehst-Siti|Midvehst Siti|Midvest Siti|Midvest-Siti|mydwst syty  aklahma|mydwyst syty|Мидвест Сити|Мидвэст Сити|Мидуэст-Сити|Мідвест-Сіті|ميدويست سيتي|مڈویسٹ سٹی، اوکلاہوما|میدوست سیتی، اکلاهما
Moore,city,OK,35.33951,-97.4867,60451,Mur|mu er|mua|mueo|mwr|mwr  aklahma|Мур|مور|مور، اکلاهما|موور، اوکلاہوما|ムーア|穆尔|무어
Muskogee,city,OK,35.74788,-95.36969,38456,MKO|Maskodzh|Maskogi|Muscogee|Muskogy|ma si ke ji|maskwwgy  aklahma|meoseukoji|Маскоги|Маскодж|ماسکووگی، اکلاهما|مسکوگی، اوکلاہوما|馬斯科吉|머스코지
Mustang,city,OK,35.38423,-97.72449,20226,Mastang|mastng  aklahma|mastnq  awklahwma|masutangu/Mustang|mwstangh|mwstanj|ye ma|Мастанг|Мустанг|ماستنق، اوکلاهوما|ماستنگ، اکلاهما|موستانج|موستانغ|マスタング/Mustang|野馬
Norman,city,OK,35.22257,-97.43948,128026,OUN|noman|nomeon|normana|nuo man|nwrmn  aklahma|Норман|نورمن، اکلاهما|नॉर्मन|ノーマン|諾曼|노먼
Oklahoma City,city,OK,35.46756,-97.51643,681054,Aklakhoma-Sici|Caayr Oklahoma|Cathair Oklahoma|Dinas Oklahoma|Kota Oklahoma|Kutha Oklahoma|Lungsod ng Oklahoma|Maxeponoe|Maxepónoe|OKC|Okla city|Oklachoma Siti|Oklahoma|Oklahoma Ceety|Oklahoma Sites|Oklahoma Siti|Oklahoma Sitis|Oklahoma Sitės|Oklahoma Station|Oklahoma llaqta|Oklahomasitija|Oklahomaurbo|Oklakhoma|Oklakhoma Siti|Oklakhoma-Siti|Oklakhomae-Siti|Oklaxoma Shehiri|aklahma syty|ao ke la he ma shi|awklahwma syty|e ke la he ma cheng|okalahoma siti|okeullahomasiti|oklahoma nakaram|oklahoma siti|oklahoma-siti|okurahomashiti|xo khla ho ma si ti|Οκλαχόμα Σίτι|Аклахома-Сіці|Оклахомæ-Сити|Оклахома|Оклахома Сити|Оклахома-Сити|Оклахома-Сіті|Օկլահոմա Սիթի|אוקלהומה סיטי|أوكلاهوما سيتي|اوکلاہوما شہر، اوکلاہوما|اکلاهما سیتی|ओक्लाहोमा सिटी|ওকলাহোমা সিটি|ஓக்லஹோமா நகரம்|โอคลาโฮมาซิตี|ოკლაჰომა-სიტი|ოქლაჰომა-სითი|オクラホマシティ|俄克拉荷馬城|奧克拉荷馬市|오클라호마시티
Okmulgee,city,OK,35.62344,-95.96055,12244,OKM|Ockmulgee|Okmalgi|Okmulgi|Okmulkee|awkmalgy  aklahma|awkmwlghy|Окмалги|Окмулги|أوكمولغي|اوکمالگی، اکلاهما
Owasso,city,OK,36.26954,-95.85471,34542,Ovaso|Ovasso|awasw|awwasw  aklahma|Овасо|Овассо|أواسو|اواسو، اوکلاہوما|اوواسو، اکلاهما
Ponca City,city,OK,36.70698,-97.08559,24758,PNC|Ponca|Ponka|Ponka Siti|bwnka syty|pang ka cheng|panka syty  aklahma|Понка Сити|بونكا سيتي|پانکا سیتی، اکلاهما|پونکا سٹی، اوکلاہوما|庞卡城
Sand Springs,city,OK,36.13981,-96.10889,19783,
Sapulpa,city,OK,35.9987,-96.11417,20579,Sapalpa|sabwlba|spalpa  aklahma|Сапалпа|Сапулпа|سابولبا|سپالپا، اکلاهما
Shawnee,city,OK,35.32729,-96.9253,31286,SNL|Shani|Shauni|Shavni|Shoni|Shouni|Soni|shany  aklahma|shoni|shwny|syoni|xiao ni|Šonī|Шавни|Шани|Шауні|Шони|Шоуни|شانی، اوکلاہوما|شانی، اکلاهما|شوني|ショーニー|肖尼|쇼니
Stillwater,city,OK,36.11561,-97.05837,48967,SWO|Stilgouoter|Stilluateh|Stilvoter|astylwatr  aklahma|seutil-woteo|si di er wo te|stilavotara|stylwwtr|sutiruuota|Στίλγουοτερ|Стилвотер|Стиллуатэ|استیلواتر، اکلاهما|ستيلووتر|سٹیلواٹر، اوکلاہوما|स्टिलवॉटर|スティルウォーター|斯蒂尔沃特|스틸워터
Tahlequah,city,OK,35.91537,-94.96996,16598,Takhlguakh|Talekva|tahlkwah  aklahma|tahlykwa|tallekwa|Талеква|Тахлгуах|تاهليكوا|تاهلکواه، اکلاهما|ᏓᎵᏆ|탈레콰
Tulsa,city,OK,36.15398,-95.99277,413066,TUL|Talsa|Tlsa|tarusa|tu er sa|Талса|Тълса|タルサ|圖爾薩
Warr Acres,city,OK,35.52256,-97.61893,10431,Uorr-Ehjkers|Varr Akrehs|Vor Ejkers|Vorr-Ehjkers|Vorr-Ejkers|uoekazu/Warr Acres|war akrys|war aykr  aklahma|war aykr  awklahwma|Варр Акрэс|Вор Ејкерс|Ворр-Ейкерс|Ворр-Эйкерс|Уорр-Эйкерс|وار أكريس|وار اكريس|وار ایکر، اوکلاهوما|وار ایکر، اکلاهما|ウォーエーカーズ/Warr Acres
Weatherford,city,OK,35.52616,-98.70757,12126,
Woodward,city,OK,36.43365,-99.39039,12993,Vudvard|WWR|wwdward|wwdward  aklahma|Вудвард|وودوارد|وودوارد، اکلاهما
Yukon,city,OK,35.50672,-97.76254,25892,Jukon|aywkan  aklahma|yu kong|ywkwn|Јукон|Юкон|ایوکان، اکلاهما|يوكون|یکون، اوکلاہوما|育空
Broomall,city,PA,39.9815,-75.35658,10789,
Carroll Park,city,PA,39.97095,-75.23657,11767,
Chambersburg,city,PA,39.93759,-77.6611,20691,Chambers-town|Chejmbersberg|chenbazubagu|chymbrzbrg  pnslwanya|qian bo si bao|Чејмберсберг|چیمبرزبرگ، پنسلوانیا|チェンバーズバーグ|钱伯斯堡
Chester,city,PA,39.84753,-75.35785,34092,Chester Town|Oplandt|Upland|Uplandt|cheseuteo|chesuta|chstr  pnsylwanya|tshystr|Честер|تشيستر|چستر، پنسیلوانیا|چیسٹر، پنسلوانیا|チェスター|체스터
Coatesville,city,PA,39.98316,-75.82384,13148,CTH|Kotsvill|Koutsvil|Koutsvil'|ke ci wei er|kotsubiru|kwtsfyl|kwtswyl  pnsylwanya|Котсвилл|Коутсвил|Коутсвиль|Коутсвіль|קואסטוויל|كوتسفيل|کوتسویل، پنسیلوانیا|コーツビル|科茨維爾|科茨维尔
Cobbs Creek,city,PA,39.94761,-75.24018,33373,
Darby,city,PA,39.91845,-75.25907,10687,Darbi|Derby Town|Дарби|ڈاربی، پنسلوانیا
Drexel Hill,city,PA,39.94706,-75.29213,28043,Dreksel Khil|Dreksel-Gill|Dreksel-Khill|Ntrexel Chil|de lei ke sai er xi er|drkswyl|Ντρέξελ Χιλ|Дрексел Хил|Дрексел Һилл|Дрексел-Гилл|Дрексел-Гілл|Дрексел-Хилл|درکسویل|ドレクセル・ヒル|德雷克塞尔希尔
Elmwood,city,PA,39.91789,-75.22796,16988,Paschalville
Fishtown,city,PA,39.96511,-75.13545,16307,
Girard Estate,city,PA,39.92345,-75.18462,11259,
Grays Ferry,city,PA,39.93511,-75.19212,14838,
Haddington,city,PA,39.96578,-75.23764,20073,
Hanover,city,PA,39.80066,-76.98304,15496,Hickory-Town|Khanover|McAllister|McAllisters Folly|McAllisters Town|Rogues Harbor|Rogues Resort|hanoba|hanwwr  pnsylwanya|Хановер|هانوور، پنسیلوانیا|ハノーバー
Hartranft,city,PA,39.98483,-75.14712,19748,
Kingsessing,city,PA,39.93678,-75.22963,19668,
Lansdowne,city,PA,39.93817,-75.27185,10639,Lansdaun|Лансдаун
Overbrook,city,PA,39.98928,-75.24324,32181,
Paschall,city,PA,39.92428,-75.23852,12450,
Pennsport,city,PA,39.92761,-75.15045,26000,
Philadelphia,city,PA,39.95238,-75.16362,1573916,Coaquannock|Fi-sang|Fi-sàng|Filadehl'fija|Filadel'fi|Filadel'fij|Filadel'fija|Filadelfi|Filadelfia|Filadelfiae|Filadelfie|Filadelfii|Filadelfija|Filadelfijo|Filadelfio|Filadelfiya|Filadelfiye|Filadelfiä|Filadèlfia|Filadélfia|Filadélfiye|Ga-na-ta-jen-go-na|PHL|Phila|Philadelpheia|Philadelphie|Philly|Quequenakee|Tsi wahswen:to Tekahso:ken|Tsi wahswèn:to Tekahsó:ken|fei cheng|fi la delfeiy|filadailafi'a|firaderufia|flaڈylfya|fyladlfya|fyladlfya  pnsylwanya|philadelaphiya|philadelphiya|piladelpia|pilatelpiya|pilladelpia|pyldlpyh|Φιλαδέλφεια|Филаделфиа|Филаделфия|Филаделфија|Филадельфи|Филадельфий|Филадельфия|Філадельфія|Філадэльфія|Ֆիլադելֆիա|פילאדעלפיע|פילדלפיה|فلاڈیلفیا|فلاڈیلفیا، پنسلوانیا|فيلادلفيا|فیلادلفیا|فیلادلفیا، پنسیلوانیا|फिलाडेल्फिया|ফিলাডেলফিয়া|ਫ਼ਿਲਾਡੈਲਫ਼ੀਆ|ફિલાડેલ્ફિયા|பிலடெல்பியா|ఫిలడెల్ఫియా|ಫಿಲಡೆಲ್ಫಿಯಾ|ഫിലഡെൽഫിയ|ฟิลาเดลเฟีย|ဖီလာဒဲလ်ဖီးယားမြို့|ფილადელფია|ፊላዴልፊያ|ភីឡាដេលផ្យា|フィラデルフィア|費城|费城|필라델피아
Point Breeze,city,PA,39.93345,-75.17796,16977,
Port Richmond,city,PA,39.99345,-75.10017,27554,Richmond
Rittenhouse,city,PA,39.94845,-75.17212,21582,Rittenhouse Square
Shiloh,city,PA,39.97815,-76.79719,11218,Shajlo|Shilo|shylw  ywrk kanty  pnsylwanya|Шајло|Шило|شیلو، یورک کانتی، پنسیلوانیا
Southwest Center City Philadelphia,city,PA,39.94281,-75.18086,11228,S. W. Ctr. Cty.|SW Center City
Springfield,city,PA,39.93067,-75.32019,23363,Springfild|Спрингфилд
Strawberry Mansion,city,PA,39.98345,-75.18268,15778,
University City,city,PA,39.95071,-75.19476,17578,
Waynesboro,city,PA,39.75593,-77.57777,10848,Vejnsboro|Wallacetown|Waynesborough|Waynsboro|Вејнсборо
Weigelstown,city,PA,39.98371,-76.82247,12875,Vajgel'staun|Vajgelstaun|wyglztawn|wyqlztawn  pnsylwanya|Вайгельстаун|Вајгелстаун|ویقلزتاون، پنسیلوانیا|ویگلزتاون
West Chester,city,PA,39.96097,-75.60804,19842,Vest Chester|uesutochesuta|wei che si te|weseuteucheseuteo|Вест Честер|ویسٹ چیسٹر، پنسلوانیا|ウェストチェスター|威徹斯特|웨스트체스터
West Kensington,city,PA,39.9865,-75.13907,11532,
Wharton,city,PA,39.92678,-75.15712,49732,
Whitman,city,PA,39.91678,-75.15546,49732,
York,city,PA,39.9626,-76.72774,43992,Jork|THV|Yarrick|yokeu|yoku|yue ke|ywrk  bnslfanya|ywrk  pnsylwanya|Јорк|Йорк|يورك، بنسلفانيا|یورک، پنسیلوانیا|ヨーク|約克|요크
Yeadon,city,PA,39.939,-75.25546,11523,
Aiken,city,SC,33.56042,-81.71955,30604,AIK|Ajken|Ejken|Plunkett|ai ken|aykn|aykn  jnwby kyrwlayna|aykn  karwlynay jnwby|eikin|Айкен|Ејкен|أيكن|ایکن، جنوبی کیرولائنا|ایکن، کارولینای جنوبی|エイキン|艾肯
Anderson,city,SC,34.50344,-82.65013,27335,AND|Anderson Court House|aendeoseun|an de sen|andason|andrswn|andrswn  karwlynay jnwby|Андерсон|أندرسون|اندرسون، کارولینای جنوبی|اینڈرسن، جنوبی کیرولائنا|アンダーソン|安德森|앤더슨
Beaufort,city,SC,32.4317,-80.66993,13306,BFT|Bjufort|Granville|bo fu te|bwwfrt  karwlynay jnwby|byafwrt|byufoto|byupeoteu|Бјуфорт|بووفرت، کارولینای جنوبی|بيافورت|بیوفورٹ، جنوبی کیرولائنا|ビューフォート|博福特|뷰퍼트
Berea,city,SC,34.8854,-82.45596,14295,Berea Cross Roads|Berea Crossroads|Berija|beria|bry  gwnyy karwlyna|brya  karwlynay jnwby|byrya  jnwby kyrwlayna|Береа|Берия|Берија|Берія|بری، گونئی کارولینا|بریا، کارولینای جنوبی|بیریا، جنوبی کیرولائنا|ベリア
Bluffton,city,SC,32.23715,-80.86039,16728,Blafton|blaftwn|blwftwn  karwlynay jnwby|bu la fu dun|Блафтон|بلافتون|بلفٹن، جنوبی کیرولائنا|بلوفتون، کارولینای جنوبی|布拉夫顿
Cayce,city,SC,33.96571,-81.07398,13619,Cayces Siding|Cayces Tavern|Granby|Kejsi|kai xi|keishi|kysy|kysy  gwnyy karwlyna|kysy  jnwby kyrwlayna|kysy  karwlynay jnwby|Кейси|Кейсі|Кејси|كيسى|كيسي|کیسی، جنوبی کیرولائنا|کیسی، کارولینای جنوبی|کیسی، گونئی کارولینا|ケイシー|凯西
Charleston,city,SC,32.77632,-79.93275,132609,Carlstono|Carolopolis|Charles Town|Charles Towne|Charleston i Sor-Carolina|Charleston i Sør-Carolina|Charlestowne|Charlston|Charlstoun|Charlstown|Charlstun|Tsarleston|cha er si dun|chalseuteon|charlstwn  karwlynay jnwby|charusuton|tsharlstwn|zʼrlstwn|Ĉarlstono|Τσάρλεστον|Чарлстон|Чарлстън|צארלסטון|تشارلستون|چارلستون، کارولینای جنوبی|چارلسٹن، جنوبی کیرولائنا|チャールストン|查尔斯顿|찰스턴
Clemson,city,SC,34.68344,-82.83737,15446,CEU|Calhoun|Klemson|ke lai mu sen|klmswn  karwlynay jnwby|klymswn|kuremuson|Клемсон|كليمسون|کالہون، جنوبی کیرولائنا|کلمسون، کارولینای جنوبی|クレムソン|克莱姆森
Columbia,city,SC,34.00071,-81.03481,142416,CAE|Columbia i Sor-Carolina|Columbia i Sør-Carolina|Colùmbia|Colúmbia|Kalumbija|Kolambija|Koloumpia|Kolumbi|Kolumbia|Kolumbija|Kuolumbeje|Kuolumbėjė|ge lun bi ya|kalambiya|keolleombia|klmbya  karwlynay jnwby|kolambiya|kolampiya|koronbia|kwlmbya  jnwby kyrwlayna|kwlwmbya|qwlwmbyh|Κολούμπια|Калумбія|Коламбија|Колумби|Колумбия|Колумбија|Колумбія|Կոլումբիա|קאלאמביע|קולומביה|كولومبيا|کلمبیا، کارولینای جنوبی|کولمبیا، جنوبی کیرولائنا|कोलंबिया|कोलम्बिया|কলাম্বিয়া|કોલંબિયા|கொலம்பியா|కొలంబియా|კოლუმბია|コロンビア|哥伦比亚|컬럼비아
Conway,city,SC,33.836,-79.04781,21053,Conway Boro|Conwayboro|Conwayborough|Kingston|Konuej|Konvej|kang wei|kanwy  karwlynay jnwby|kwnway|Конвей|Конвеј|Конуей|كونواي|کانوی، کارولینای جنوبی|کونوے، جنوبی کیرولائنا|康威
Dentsville,city,SC,34.06404,-80.95815,14062,Dents|Dents Station
Easley,city,SC,34.82984,-82.60152,20765,Easley Station|Izli|aysly|ayzly  karwlynay jnwby|ayzyly  jnwby kyrwlayna|izuri|yi si li|Изли|إيسلي|ایزلی، کارولینای جنوبی|ایزیلی، جنوبی کیرولائنا|イーズリー|伊斯利
Five Forks,city,SC,34.80484,-82.22956,14140,Fajv Rorks|Fajv-Forks|fayf fwrks|fayw frk  karwlynay jnwby|Файв-Форкс|Фајв Роркс|فايف فوركس|فایو فرک، کارولینای جنوبی
Florence,city,SC,34.19543,-79.76256,38228,FLO|Florencija|Florens|flrns  karwlynay jnwby|flwrns|flwrns  jnwby kyrwlayna|fu luo lun sa|furorensu|peullolenseu|Флоренс|Флоренция|فلرنس، کارولینای جنوبی|فلورنس|فلورنس، جنوبی کیرولائنا|フローレンス|佛罗伦萨|플로렌스
Forest Acres,city,SC,34.01932,-80.98981,10615,
Fort Mill,city,SC,35.00737,-80.94508,13662,Fort Mil|Fort Mills|Fort Station|Ft. Mill|frt myl  karwlynay jnwby|fwrt myl|mi er bao|Форт Мил|فرت میل، کارولینای جنوبی|فورت ميل|فورٹ مل، جنوبی کیرولائنا|米尔堡
Gaffney,city,SC,35.07179,-81.64982,12566,Gaffney City|Gaffney's Cross Roads|Gaffneys Cross Roads|Gaffneys Old Field|Gafni|gafuni|gfny  karwlynay jnwby|gpny|gyfny  jnwby kyrwlayna|jafny|jia fu ni|Гафни|גפני|جافني|گفنی، کارولینای جنوبی|گیفنی، جنوبی کیرولائنا|ガフニー|加夫尼
Gantt,city,SC,34.80012,-82.42429,14229,
Goose Creek,city,SC,32.98101,-80.03259,40633,Gus Krik|e xi|ghws kryk|gusukuriku|gws kryk  karwlynay jnwby|gwz kryk  jnwby kyrwlayna|Гус Крик|غوس كريك|گوز کریک، جنوبی کیرولائنا|گوس کریک، کارولینای جنوبی|グースクリーク|鹅溪
Greenville,city,SC,34.85262,-82.39401,64579,GSP|Greenville City|Greenville Court House|Greenville Courthouse|Grijnvil|Grinvil|Grinvil'|Grinvill|Pleasantburg|Pleasantville|ge lin wei er|geulinbil|ghrynfyl|grinvili|grynwwyl|grynwyl  jnwby kyrwlayna|grynwyl  karwlynay jnwby|gurinbiru|Грийнвил|Гринвил|Гринвилл|Ґрінвіль|גרינוויל|غرينفيل|گرینویل، جنوبی کیرولائنا|گرینویل، کارولینای جنوبی|გრინვილი|グリーンビル|格林维尔|그린빌
Greenwood,city,SC,34.1954,-82.16179,23260,GRD|Green Wood|Grinvud|Old Greenwood|Woodville|ge lin wu de|ghrynwwd|grynwwd  karwlynay jnwby|gurin'uddo|Гринвуд|غرينوود|گرینوود، کارولینای جنوبی|گرینووڈ، جنوبی کیرولائنا|グリーンウッド|格林伍德
Greer,city,SC,34.93873,-82.22706,28365,Greer's Depot|Greers Depot|Grer|Grir|ge li er|ghryr|gryr  jnwby kyrwlayna|gryr  karwlynay jnwby|guria|jryr|qryr  gwnyy karwlyna|Грер|Грир|Грір|جرير|غرير|قریر، گونئی کارولینا|گریر، جنوبی کیرولائنا|گریر، کارولینای جنوبی|グリア|格里尔
Hanahan,city,SC,32.91851,-80.02203,17997,Khanakhan|Saxon|ha na han|hnhn  karwlynay jnwby|Ханахан|هاناهان|هنهن، کارولینای جنوبی|哈那汗
Hilton Head Island,city,SC,32.19382,-80.73816,40512,Gilton-Ged-Ajlend|Great Wassaw Island|Hilton's Head Island|Ile de Hilton-Head|Isla De Los Osos|Isle De Tranches|Khilton Khed Ajland|Khilton-Khed-Ajlend|Trenches Island|Trenchs Island|hirutonheddoairando|hyltn hd aylnd  karwlynay jnwby|hyltwn hyd ayland|xi er dun hei de dao|Île de Hilton-Head|Гілтон-Гед-Айленд|Хилтон Хед Ајланд|Хилтон-Хед-Айленд|هيلتون هيد أيلاند|هیلتن هد آیلند، کارولینای جنوبی|ہلٹن ہیڈ جزیرہ، جنوبی کیرولائنا|ヒルトンヘッドアイランド|希尔顿黑德岛
Hilton Head,city,SC,32.21632,-80.75261,37099,HHH|Hilton Head Island|Hiltonhead|Khilton-Khed-Ajlend|Хилтон-Хед-Айленд
Irmo,city,SC,34.08598,-81.18315,12056,Ermo|aiamo|armw  jnwby kyrwlayna|ayrmw|ayrmw  karwlynay jnwby|e mo|Ермо|إيرمو|ارمو، جنوبی کیرولائنا|ایرمو، کارولینای جنوبی|アイアモ|厄莫
Ladson,city,SC,32.98573,-80.10981,13790,Ladsons
Lexington,city,SC,33.98154,-81.23621,20138,Leksington|Pompeytown|Saxe-Gotha|lie ke xing dui|lksyngtwn  karwlynay jnwby|lyksynghtwn|rekishinton|Лексингтон|ليكسينغتون|لکسینگتون، کارولینای جنوبی|لیکسنگٹن، جنوبی کیرولائنا|レキシントン|列克星敦
Mauldin,city,SC,34.77873,-82.31012,25135,Butler's Crossroads|Huntersville|Moldin|mldn  gwnyy karwlyna|mldn  karwlynay jnwby|mo er ding|morudin|mwldyn|Маулдин|Молдин|Молдін|ماولڈن، جنوبی کیرولائنا|ملدن، کارولینای جنوبی|ملدن، گونئی کارولینا|مولدين|モールディン|莫尔丁
Mount Pleasant,city,SC,32.79407,-79.86259,81317,Maunt Plezant|Mt. Pleasant|mang te pu lin sen|mauntopurezanto|mawnt plznt  karwlynay jnwby|mwnt blystant|Маунт Плезант|ماؤنٹ پلیزینٹ، جنوبی کیرولائنا|ماونت پلزنت، کارولینای جنوبی|مونت بليستانت|マウントプレザント|芒特普林森
Myrtle Beach,city,SC,33.68906,-78.88669,31035,Long Bay|MYR|Mertl Bich|Mertl-Bich|New Town|matorubichi|mo te er bi qi|mrtl bych  karwlynay jnwby|myrtl bytsh|Мертл Бич|Мертл-Бич|Мертл-Біч|مرتل بیچ، کارولینای جنوبی|ميرتل بيتش|میرٹل بیچ، جنوبی کیرولائنا|マートルビーチ|默特尔比奇
Newberry,city,SC,34.27458,-81.61872,10331,New Berry|Newberry Court House|Njuberi|Vanduslah Spring|niu bei li|nyuberi|nywbry  karwlynay jnwby|nywbyry|nywbyry  jnwby kyrwlayna|Њубери|نيوبيري|نیوبری، کارولینای جنوبی|نیوبیری، جنوبی کیرولائنا|ニューベリー|纽贝里
North Augusta,city,SC,33.5018,-81.96512,22522,Nort Ogasta|bei ao gu si ta|nosuogasuta|nwrt agasta  karwlynay jnwby|nwrth awghwsta|Норт Огаста|شمالی آگسٹا، جنوبی کیرولائنا|نورت اگاستا، کارولینای جنوبی|نورث أوغوستا|ノースオーガスタ|北奥古斯塔
North Charleston,city,SC,32.85462,-79.97481,108304,CHS|N. Charleston|Nort Charlston|Nort-Charlston|bei cha er si dun|nosucharusuton|nwrt charlstn  karwlynay jnwby|nwrth tsharlstwn|Норт Чарлстон|Норт-Чарлстон|شمالی چارلسٹن، جنوبی کیرولائنا|نورت چارلستن، کارولینای جنوبی|نورث تشارلستون|ノースチャールストン|北查尔斯顿
North Myrtle Beach,city,SC,33.81601,-78.68002,15579,Chicora|Nort Mertl Bich|Nort-Mertel-Bich|Palmetto|Windy Hill Beach|mei te er hai tan|nosumatorubichi|nrt mrtl bych  gwnyy karwlyna|nrt mrtl bych  karwlynay jnwby|nwrth myrtl bytsh|Норт Мертл Бич|Норт-Мертел-Бич|Норт-Мертел-Біч|نارتھ میرٹل بیچ، جنوبی کیرولائنا|نرت مرتل بیچ، کارولینای جنوبی|نرت مرتل بیچ، گونئی کارولینا|نورث ميرتل بيتش|ノースマートルビーチ|美特尔海滩
Orangeburg,city,SC,33.49182,-80.85565,13460,OGB|Orangeburg (South Carolina)|Orangeburgh
Parker,city,SC,34.85067,-82.45346,11431,Паркер
Port Royal,city,SC,32.37896,-80.69265,12122,Port Rojal|Port Royall|Saint Ellens|huang jia gang kou|prt rwyl  karwlynay jnwby|Порт Ројал|پرت رویل، کارولینای جنوبی|皇家港口
Red Hill,city,SC,33.99961,-79.2581,13223,
Red Hill,city,SC,33.82073,-79.01892,13223,
Rock Hill,city,SC,34.92487,-81.02508,71548,Ebenezer Depot|RKH|Rockhill|Rocky Hill
Saint Andrews,city,SC,34.043,-81.101,21151,
Seven Oaks,city,SC,34.04876,-81.14648,15144,Seven Ouks|Seven-Ouks|aswn awwk  karwlynay jnwby|sebun'okusu|syfyn awks|sywn awks  jnwby kyrwlayna|Севен Оукс|Севен-Оукс|اسون اووک، کارولینای جنوبی|سيفين أوكس|سیون اوکس، جنوبی کیرولائنا|セブンオークス
Simpsonville,city,SC,34.73706,-82.25428,20736,Plain|Simpsonvil|Simpsonvill|shinpusonbiru|smpsnwyl  jnwby kyrwlayna|symbswnfyl|sympswnwyl  gwnyy karwlyna|sympswnwyl  karwlynay jnwby|xin pu sen wei er|Симпсонвил|Симпсонвилл|Сімпсонвілл|سمپسنویل، جنوبی کیرولائنا|سيمبسونفيل|سیمپسونویل، کارولینای جنوبی|سیمپسونویل، گونئی کارولینا|シンプソンビル|辛普森维尔
Socastee,city,SC,33.6835,-78.99837,19952,Sokasti|sokasuti|swkasty|swksty  karwlynay jnwby|Сокасти|Сокасті|سوكاستي|سوکاسٹی، جنوبی کیرولائنا|سوکستی، کارولینای جنوبی|ソカスティ
Spartanburg,city,SC,34.94957,-81.93205,37867,SPA|Spartanberg|Spartanburgh|aspartnbwrg  karwlynay jnwby|sbartanbrgh|seupateonbeogeu|si pa tan bao|supatanbagu|Спартанберг|Спартанбург|اسپارتنبورگ، کارولینای جنوبی|سبارتانبرغ|سپارٹنبرگ، جنوبی کیرولائنا|スパータンバーグ|斯帕坦堡|스파턴버그
Summerville,city,SC,33.0185,-80.17565,48848,Flower Town In the Pines|Samervil|Sammervill|sa mo wei er|samabiru|samrwyl  karwlynay jnwby|smrwyl  jnwby kyrwlayna|Самервил|Саммервилл|سامرویل، کارولینای جنوبی|سمرویل، جنوبی کیرولائنا|サマービル|萨默维尔
Sumter,city,SC,33.92044,-80.34147,40816,SSC|Samter|Sumterville|sa mu te|samtr  karwlynay jnwby|smtr|Самтер|سامتر، کارولینای جنوبی|سمتر|سمٹر، جنوبی کیرولائنا|萨姆特
Taylors,city,SC,34.92039,-82.29623,21617,Taylor
Wade Hampton,city,SC,34.90373,-82.33317,20622,
West Columbia,city,SC,33.99349,-81.07398,16060,Aretasville|Brookland|Green Hill|New Brookland|Vest Kolambija|Vest-Kolumbija|uesutokoronbia|weseuteukeolleombia|wst klambya  karwlynay jnwby|wst klmbya  gwnyy karwlyna|wysant kwlwmbya|wyst kwlwmbya|xi ge lun bi ya|Вест Коламбија|Вест-Колумбия|Вест-Колумбія|وست کلامبیا، کارولینای جنوبی|وست کلمبیا، گونئی کارولینا|ويسانت كولومبيا|ويست كولومبيا|ویسٹ کولمبیا، جنوبی کیرولائنا|ウェストコロンビア|西哥伦比亚|웨스트컬럼비아
Arlington,city,TN,35.2962,-89.66147,11625,Haysville|Withe Depot|Арлингтон
Athens,city,TN,35.44285,-84.59299,13688,Atens|MMI|Pumpkintown|athyna|atn  tnsy|Атенс|آتن، تنسی|أثينا|ایتھنز، ٹینیسی
Bartlett,city,TN,35.20453,-89.87398,58579,Bartlet|Union Depot|bartlyt|bartlyt  tnsy|Бартлет|Бартлетт|بارتليت|بارتلیت، تنسی|بارٹلیٹ، ٹینیسی
Brentwood,city,TN,36.03312,-86.78278,41763,Brentvud|brntwwd  tnsy|bryntwwd|burentouddo|Брентвуд|برنتوود، تنسی|برينتوود|برینٹووڈ، ٹینیسی|ブレントウッド
Brentwood Estates,city,TN,36.02506,-86.77917,31279,
Bristol,city,TN,36.59511,-82.18874,26666,Sapling Grove|brystwl|brystwl  tnsy|bu li si tuo er|burisutoru|Бристол|برسٹل، ٹینیسی|بريستول|بریستول، تنسی|ブリストル|布里斯托爾
Chattanooga,city,TN,35.04563,-85.30968,181099,A'tla'nuwa|Atala'nuwa'|CHA|Catanuga|Chatanuga|Chattanuga|Lookout City|Old French Store|Ross Landing|Ross's Landing|Ross's Store|Ross's Warehouse|Ross's Wharf|Tsattanounka|cetanuga|cha ta nu jia|chaeteonuga|chatanuga|chatanwga  tnsy|tshatanwgha|ztnwgh|Čatanuga|Τσαττανούγκα|Чатануга|Чаттануга|Чаттануґа|צטנוגה|تشاتانوغا|چاتانوگا، تنسی|چٹانوگا، ٹینیسی|चॅटानूगा|チャタヌーガ|查塔努加|채터누가
Clarksville,city,TN,36.52977,-87.35945,166722,CKV|Klarksvil|Klarksvilis|Klarksvill|ke la ke si wei er|klarks vyl  tynysy|klarksavhila|klarksfyl|kurakusubiru|Кларксвил|Кларксвилл|Кларксвілл|קלארקסוויל|كلاركسفيل|کلارکس ڤیل، تئنئسی|کلارکسویل، ٹینیسی|کلارک‌اسویل، تنسی|क्लार्क्सव्हिल|クラークスビル|克拉克斯维尔
Cleveland,city,TN,35.15952,-84.87661,43898,Klivland|Klivlend|klyfland|klywlnd  tnsy|Кливланд|Кливленд|كليفلاند|کلیولند، تنسی|کلیولینڈ، ٹینیسی
Clinton,city,TN,36.10341,-84.13186,10049,Burrville|Klinton|ke lin dun|klyntwn|klyntwn  tnsy|Клинтон|كلينتون|کلنٹن، ٹینیسی|کلینتون، تنسی|克林顿
Collegedale,city,TN,35.05313,-85.05023,10743,Kolidzdejl|Kolledzhdejl|kwlgdal  tnsy|kwlqdal  tnsy|kwlyjdal|Колиџдејл|Колледждейл|كوليجدال|کولقدال، تنسی|کولگدال، تنسی
Collierville,city,TN,35.04204,-89.66453,48863,Kolervil|klyrfyl|kwlyrwyl  tnsy|Колервил|كليرفيل|کولیرویل، تنسی
Columbia,city,TN,35.61507,-87.03528,36800,Kolambija|Kolumbija|MRC|klmbya  tnsy|kwlwmbya|Коламбија|Колумбия|كولومبيا|کلمبیا، تنسی|کولمبیا، ٹینیسی
Cookeville,city,TN,36.16284,-85.50164,32113,Cooksville|Cookville|Kukvil|ku ke wei er|kwkfl|kwkwyl  tnsy|Куквил|كوكفل|کوکویل، تنسی|庫克維爾
Crossville,city,TN,35.94896,-85.0269,11411,CSV|Krossvill|Krosvil|Lambeth Crossroads|Lambeths Crossroads|Rail Road Plains|Railroad Plain|krwsfyl|krwswyl  tnsy|Кросвил|Кроссвилл|كروسفيل|کراسویل، ٹینیسی|کروسویل، تنسی
Dickson,city,TN,36.077,-87.38779,15359,Dickson Station|Forty-Two|Smeedville|Sneedsville|Sneedville|Sneedville Station
Dyersburg,city,TN,36.03452,-89.38563,16781,Dajersberg|Dyersburgh|Dyersville|McIvers Bluff|dayrzbwrg  tnsy|dyyrsbwrgh|Дајерсберг|دایرزبورگ، تنسی|دييرسبورغ
East Brainerd,city,TN,34.99591,-85.15023,15114,
East Chattanooga,city,TN,35.06535,-85.24912,154024,
East Ridge,city,TN,35.01424,-85.2519,20979,East Side|Nickel Row|Penny Row|Smokey Row
Elizabethton,city,TN,36.34872,-82.21069,13772,Elizabeth|Elizabeton|Sycamore Shoals|alyzabythwn|erizabesuton|Елизабетон|إليزابيثون|الزبتھٹن، ٹینیسی|ایلیزابت‌تون، تنسی|エリザベストン
Ellendale,city,TN,35.23064,-89.82592,25882,alndyl|alndyl  tnsy|الندیل|الندیل، تنسی
Farragut,city,TN,35.88452,-84.15353,21919,Faragut|faraghwt|frgt  tnsy|Фарагут|فاراغوت|فرگت، تنسی
Franklin,city,TN,35.92506,-86.86889,72639,franklyn|franklyn  tnsy|furankurin|peulaengkeullin|Франклин|فرانكلين|فرانکلین، تنسی|فرینکلن، ٹینیسی|フランクリン|프랭클린
Gallatin,city,TN,36.38838,-86.44666,34334,Galatin|galtyn  tnsy|ghalatyn|Галатин|غالاتين|گالتین، تنسی
Germantown,city,TN,35.08676,-89.81009,39240,Dzermantaun|jrmntawn  tnsy|jyrmantawn|Џермантаун|جرمنتاون، تنسی|جيرمانتاون
Goodlettsville,city,TN,36.32311,-86.71333,16994,Godletcvile|Gudletsvil|Gudlettsvill|ghwdlytsfyl|guddorettsuvuiru|gwdltswyl  tnsy|jwdlytsfyl|qwdltswyl  tnsy|Годлетцвиле|Гудлетсвил|Гудлеттсвилл|Гудлеттсвілл|جودليتسفيل|غودليتسفيل|قودلتسویل، تنسی|گودلتسویل، تنسی|グッドレッツヴィル
Greeneville,city,TN,36.16316,-82.83099,15094,GCY|Greenville|Grinvil|ge lin wei er|grynwyl  tnsy|Гринвил|گرینویل، تنسی|格林维尔
Hendersonville,city,TN,36.30477,-86.62,56018,Khendersonvil|hendason'vuiru|hendeoseunbil|hndrsnwyl  tnsy|hyndrswnfyl|Хендерсонвил|هندرسنویل، تنسی|هيندرسونفيل|ہینڈرسنویل، ٹینیسی|ヘンダーソンヴィル|헨더슨빌
Hermitage,city,TN,36.19617,-86.6225,37814,Hermitage Station
Jackson,city,TN,35.61452,-88.81395,66975,Dzekson|Dzhaksun|Dzhekson|MKL|jaegseun|jakswn|jakuson|jie ke xun|jksn  tnsy|Џексон|Джаксън|Джексон|جاكسون|جکسن، تنسی|جیکسن، ٹینیسی|ジャクソン|傑克遜|잭슨
Johnson City,city,TN,36.31344,-82.35347,66027,Blue Plum Station|Dzonson Siti|Haynesville|Johnsons Depot|Johnsons Tank|gwnswn syty|janswn syty  tnsy|jonseunsiti|jonsonshiti|jwnswn syty|yue han xun cheng|Џонсон Сити|גונסון סיטי|جانسن سٹی، ٹینیسی|جانسون سیتی، تنسی|جونسون سيتي|ジョンソンシティ|約翰遜城|존슨시티
Kingsport,city,TN,36.54843,-82.56182,53014,Boat Yard|Boatyard|Christiansville|Island Flats|Kings Port|Peace Island|jin si bo te|kynghsbwrt|kyngzprt  tnsy|Кингспорт|Кінгспорт|كينغسبورت|کنگزپورٹ، ٹینیسی|کینگزپرت، تنسی|金斯波特
Knoxville,city,TN,35.96064,-83.92074,190740,Noksvil|Noksvill|Noxvil|TYS|Whites Fort|Whites Mill|nakswyl  tnsy|nogseubil|nokkusubiru|noksavhila|nuo ke si wei er|nwksfyl|nwqswwyl|Νόξβιλ|Ноксвил|Ноксвилл|Ноксвілл|נוקסוויל|ناکسویل، تنسی|نوكسفيل|नॉक्सव्हिल|ノックスビル|諾克斯維爾|녹스빌
La Vergne,city,TN,36.01562,-86.58194,34794,Laveren|Lavergne
Lakeland,city,TN,35.23064,-89.74036,12553,Lejkland|Lejklend|lykland|lyklnd  tnsy|reikurando|Лейкленд|Лејкланд|ليكلاند|لیک لینڈ، ٹینیسی|لیکلند، تنسی|レイクランド
Lawrenceburg,city,TN,35.2423,-87.33474,10569,Lawrenceburgh|Lorensburg|lwrnsbrg  tnsy|lwrnsbwrgh|Лоренсбург|لورنسبرگ، تنسی|لورنسبورغ
Lebanon,city,TN,36.20811,-86.2911,30262,lbnan|lebeoneon|Лебанон|لبنان|레버넌
Lewisburg,city,TN,35.44924,-86.78889,11480,Lewisburgh|Louisburgh|Luisburg|lwysbwrg  tnsy|lwysbwrgh|ruisubagu|Луисбург|لوئیسبرگ، ٹینیسی|لويسبورغ|لویسبورگ، تنسی|ルイスバーグ
Manchester,city,TN,35.48174,-86.0886,10517,manshstr|mnchstr  tnsy|Манчестер|مانشستر|مانچسٹر، ٹینیسی|منچستر، تنسی
Martin,city,TN,36.3434,-88.85034,10959,Frost|Green Briar Glade|Greenbrier Glade|Marcin|ma ding|martn|martyn  tnsy|matin|mrtyn|Мартин|Мартін|Марцін|מרטין|مارتن|مارتین، تنسی|مارٹن، ٹینیسی|മാർട്ടിൻ|マーティン|马丁|마틴
Maryville,city,TN,35.75647,-83.97046,28464,Marysville|Merivil|melibil|mrfyl|mrywyl  tnsy|Меривил|مرفيل|مریویل، تنسی|메리빌
McMinnville,city,TN,35.6834,-85.76998,13759,Maminvil|RNC|maegminbil|mai ke ming wei er|mykmynfyl|Маминвил|ميكمينفيل|مک‌مینویل، تنسی|麦克明维尔|맥민빌
Memphis,city,TN,35.14953,-90.04898,633104,MEM|Memfis|Memfisa|Memphis Tennesiae|Menfis|Mémfis|Mênfis|memfis|memhpis|memphisa|mempiseu|mempisi|menfisu|meng fei si|mmfys|mmfys  tnsy|mmpys|Μέμφις|Мемфис|Мемфіс|Մեմֆիս|ממפיס|מעמפיס|ممفيس|ممفیس|ممفیس، تنسی|میمفس، ٹینیسی|मेम्फिस|মেম্ফিস|மெம்ஃபிஸ்|เมมฟิส|მემფისი|メンフィス|孟菲斯|孟非斯|멤피스
Middle Valley,city,TN,35.1959,-85.18468,12684,Middl-Velli|Midl Vali|mi de er wa li|mydl faly|mydl wly  tnsy|Миддл-Велли|Мидл Вали|Міддл-Веллі|ميدل فالي|میدل ولی، تنسی|米德尔瓦利|米德爾瓦利
Millington,city,TN,35.34147,-89.89731,11027,Milington|Millwood|NQA|mi lin dun|mirinton|mylyngtwn  tnsy|mylynjtwn|mylynqtwn  tnsy|Милингтон|Миллингтон|Міллінгтон|ميلينجتون|میلینقتون، تنسی|میلینگتون، تنسی|ミリントン|米林頓|米林顿
Morristown,city,TN,36.21398,-83.29489,29478,MOR|Morstaun|mwrystawn|mwrystawn  tnsy|Морстаун|مورس ٹاؤن، ٹینیسی|موريستاون|موریستاون، تنسی
Mount Juliet,city,TN,36.20005,-86.51861,31540,
Murfreesboro,city,TN,35.84562,-86.39027,165430,Cannonsburgh|Merfrisboro|Murfreesborough|Murfreysburo|Murfrijzburou|Murfrisboro|Murfrizboro|mafurizuboro|meopeulijeubeoleo|mo fu li si bo lei|mrprysbwrw|mwrfryzbwrw  tnsy|Мерфрисборо|Мурфризборо|Мурфрисборо|Мърфрийзбъроу|מרפריסבורו|مورفریزبورو، تنسی|مورفریزبورو، ٹینیسی|マーフリーズボロ|默弗里斯伯勒|머프리즈버러
Nashville,city,TN,36.16589,-86.78444,689447,BNA|French Lick|Nachville|Nasburgum|Nashboro|Nashborough|Nashfile|Nashvil|Nashvill|Nashville-Davidson|Nashwil|Nasvelis|Nasvil|Nasvila|Nasvilo|Naŝvilo|Našvila|Našvėlis|Nehshvill|Neshvil|Nesvil|Nesvilis|Nesvill|Neşvill|Nešvilis|n'yasabhila|n'yasbhila|n'yasbhilla|na shen wei er|na shu wei er|naesyubil|nashfyl|nasshubiru|nasvil|nesavhila|neshvili|nshwyl|Νάσβιλ|Нашвил|Нашвилл|Нашвіл|Нашвілл|Нешвил|Нэшвилл|Նեշվիլ|נאשוויל|ناشفيل|ناشولے|نشویل|نیشویل، ٹینیسی|नाश्विल्|नॅशव्हिल|न्याश्भिल|न्यास्भिल्ल|ন্যাশভিল|நாஷ்வில்|แนชวิลล์|ნეშვილი|ナッシュビル|納殊維爾|纳什维尔|내슈빌
New South Memphis,city,TN,35.08676,-90.05676,641608,
Oak Ridge,city,TN,36.01036,-84.26964,29302,Elza|Ok-Ric|Ok-Ridzh|Ouk Ridz|Ouk Ridzh|Ouk-Ridzh|Oukridza|Oukridža|awk rydj|awk ryj  tnsy|awwk ryj  tnsy|oka rija|okeuliji|xiang shu ling|Ок-Ридж|Ок-Рідж|Оук Ридж|Оук Риџ|Оук-Ридж|אוק רידג'|أوك ريدج|اواک ريډيج|اوك ريدج|اووک ریج، تنسی|اوک رج، ٹینیسی|اوک ریج، تنسی|ओक रिज|ოუკ-რიჯი|オーク・リッジ|橡树岭|오크리지
Paris,city,TN,36.302,-88.32671,10150,PHT|Parizh|barys|parys  tnsy|Париж|Парис|باريس|پاریس، تنسی|پیرس، ٹینیسی
Portland,city,TN,36.58171,-86.51638,12323,Portlend|Richland|Richland Station|bo te lan|bwrtland|pwrtlnd|pwrtlnd  tnsy|Портланд|Портленд|פורטלנד|بورتلاند|پورتلند، تنسی|پورٹلینڈ، ٹینیسی|波特兰|波特蘭
Red Bank,city,TN,35.11229,-85.29413,11769,Dry Valley|Hamilton|Pleasant Hill|Red-Bank|rd bank  tnsy|ryd bank|Ред Банк|Ред-Банк|رد بانک، تنسی|ريد بانك
Sevierville,city,TN,35.86815,-83.56184,16490,Forks of Little Pigeon|Severeville|Suviurvil|swyrwyl  tnsy|syfyrfyl|Съвиървил|سویرویل، تنسی|سيفيرفيل
Seymour,city,TN,35.89064,-83.72462,10919,
Shelbyville,city,TN,35.48341,-86.46027,21317,SYI|Shelbivil|shlbywyl  tnsy|shylbyfyl|Шелбивил|شلبیویل، تنسی|شيلبيفيل
Smyrna,city,TN,35.98284,-86.5186,46607,MQY|Smirna|asmrna  tnsy|sumana|Смирна|اسمرنا، تنسی|سميرنا|スマーナ
Soddy-Daisy,city,TN,35.2359,-85.19079,13171,Daisy|Soddy
Spring Hill,city,TN,35.75118,-86.93,36055,Spring-Khill|Springhill|Спринг-Хилл
Springfield,city,TN,36.50921,-86.885,16808,Springfild|aspryngfyld  tnsy|sbrynghfyld|Спрингфилд|Спрінгфілд|اسپرینگفیلد، تنسی|سبرينغفيلد|سپرنگفیلڈ، ٹینیسی
Tullahoma,city,TN,35.36202,-86.20943,19128,THA|Talakhoma|Tallagoma|Tallahoma|Tulakhoma|ta la huo ma|talahwma  tnsy|tarahoma|twlahwma|Талахома|Таллагома|Тълахома|تالاهوما، تنسی|تولاهوما|タラホーマ|塔拉霍馬|塔拉霍马
Union City,city,TN,36.42423,-89.05701,10573,Junion Siti|Junion-Siti|UCY|ywnywn syty|ywnywn syty  tnsy|Јунион Сити|Юнион-Сити|يونيون سيتي|یونین سٹی، ٹینیسی|یونیون سیتی، تنسی
White House,city,TN,36.47032,-86.65138,11226,Whitehouse
Abilene,city,TX,32.44874,-99.73314,125182,ABI|Abilenas|Abilin|Abilina|Abilīna|Abulijn|a bi lin|abirin|abylyn|abylyn  tgzas|aebillin|Абилин|Абълийн|Абілін|אבילין|أبيلين|ابیلین|ابیلین، تگزاس|ابیلین، ٹیکساس|アビリーン|阿比林|애빌린
Addison,city,TX,32.96179,-96.82917,15518,ADS|Adison|adyswn|adyswn  tgzas|Адисон|آدیسون، تگزاس|أديسون|ایڈسن، ٹیکساس|ആഡിസൺ
Alamo,city,TX,26.18369,-98.12306,19246,Ebenezer|Swallow|alamw|alamw  tgzas|alamw  tkzas|Álamo|Аламо|آلامو، تکزاس|آلامو، تگزاس|ألامو|الامو
Aldine,city,TX,29.93245,-95.38021,15869,
Alice,city,TX,27.75225,-98.06972,19408,ALI|Alis|Bandana|alys|alys  tgzas|Алис|آلیس، تگزاس|اليس
Alief,city,TX,29.71106,-95.59633,98725,
Allen,city,TX,33.10317,-96.67055,98143,Alen|aelleon|ai lun|aln|alyn|aren|elana|Ален|Аллен|آلن|ألين|الين|ایلن، ٹیکساس|एलन|അല്ലെൻ|アレン|艾伦|艾倫|앨런
Alton,city,TX,26.28729,-98.31335,15760,Olton|altn|altwn|Олтон|آلتن|ألطون|الطون|الٹن، ٹیکساس
Alvin,city,TX,29.42385,-95.2441,25791,Ehlvin|alfyn|alwyn|Алвин|Элвин|آلوین|ألفين
Angleton,city,TX,29.16941,-95.43188,19429,Anglton|LJN|anghltwn|angltwn  tgzas|Англтон|Анґлтон|انغلتون|انگلتون، تگزاس
Anna,city,TX,33.349,-96.5486,11463,Ana|an'na|ana|ana  tksas|Ана|Анна|آنا|أنّا، تكساس|انّا|അന്ന|アンナ
Arlington,city,TX,32.73569,-97.10807,388125,Arlin'nkton|Arlingtan|Arlingtn|Arlingtona|Arlingtonas|Arlinqton|a ling dun|allingteon|arinton|arlingtana|arlintana|arlynghtwn|arlyngtwn  tgzas|arlyngtwn  tygzas|xar ling tan|Ārlingtona|Άρλινγκτον|Арлингтон|Арлингтън|Арлінгтан|Арлінгтон|Արլինգտոն|ארלינגטון|آرلنگٹن|آرلنگٹن، ٹیکساس|آرلینگتون، تئگزاس|آرلینگتون، تگزاس|أرلينغتون|आर्लिंग्टन|আর্লিংটন|ആർലിങ്ടൺ|อาร์ลิงตัน|არლინგტონი|アーリントン|阿灵顿|알링턴
Atascocita,city,TX,29.99883,-95.1766,65844,Ataskosita|Etaskosita|ataskwkyta|atskwsyta|atskwsyta  tkzas|Атаскосита|Етаскосита|Етаскосіта|أتاسكوكيتا|اتاسکوشیا، ٹیکساس|اتسکوسیتا|اتسکوسیتا، تکزاس
Athens,city,TX,32.20487,-95.85552,12788,Alvin|Atens|athyna|atn  tgzas|Атенс|آتن، تگزاس|أثينا|ایتھنز، ٹیکساس
Austin,city,TX,30.26715,-97.74306,974447,AUS|Austino|Austinopolis|Aŭstino|Montopolis|Oscin|Ostin|Ostina|Ostinas|Ostins|Waterloo|ao si ting|asatina|astin|astina|astyn  tgzas|awstn|ke shi dian|oseutin|ostina|ostʼini|osutin|xxstin|Ώστιν|Остин|Остін|Осцін|Օստին|אוסטין|אסטין|آستین، تگزاس|آسٹن|آسٹن، ٹیکساس|أوستن|अस्टिन|अस्तिन|आस्टिन्|ऑस्टिन|অস্টিন|ਆਸਟਿਨ|ஆஸ்டின்|ഓസ്റ്റിൻ|ออสติน|ოსტინი|ኦስቲን፣ ቴክሳስ|ᎠᏍᏘᏂ|オースティン|奧斯汀|柯士甸|오스틴
Azle,city,TX,32.89513,-97.54586,11693,Ehjzel|Ejzel|Ejzl|azl|azl  tgzas|azl  tkzas|Азле|Ейзел|Ејзл|Эйзел|أزل|ازل|ازل، تکزاس|ازل، تگزاس
Balch Springs,city,TX,32.72874,-96.62277,25210,
Baytown,city,TX,29.7355,-94.97743,76335,Bejtaun|Creek|Goose Creek|HPY|bay tawn|bei dui|beitaun|by tawn  tgzas|Бејтаун|باي تاون|بی تاون، تگزاس|بےٹاؤن، ٹیکساس|ベイタウン|貝敦|베이타운
Beaumont,city,TX,30.08605,-94.10185,115282,BPT|Bomont|Bomontas|Cow Bayou|Jefferson City|Neches River Settlement|Tevis Bluff|bo meng te|bomamta|bomonteu|bomonto|bwmant  tgzas|bwmwnt|Бомонт|بومانت، تگزاس|بومونت|بیومونٹ|بیومونٹ، ٹیکساس|बोमाँट|ボーモント|博蒙特|보몬트
Bedford,city,TX,32.84402,-97.14307,49337,bdfwrd  tgzas|bydfwrd|Бедфорд|بدفورد، تگزاس|بيدفورد|بیڈفورڈ، ٹیکساس
Beeville,city,TX,28.40095,-97.74974,13277,Beeville on the Poesta|Bivil|Maryville|NIR|byfyl|bywyl  tgzas|Бивил|بيفيل|بیویل، تگزاس
Bellaire,city,TX,29.70579,-95.45883,18518,Beler|belleeo|blyr  tgzas|bylayr|Белер|بلیر، تگزاس|بيلاير|벨레어
Bellmead,city,TX,31.59405,-97.10889,10164,
Belton,city,TX,31.05601,-97.46445,20547,belteon|bltwn  tgzas|byltwn|Белтон|بلتون، تگزاس|بيلتون|بیلٹن، ٹیکساس|벨턴
Benbrook,city,TX,32.67319,-97.46058,22629,Benbruk|bnbrwk|bnbrwk  tgzas|Бенбрук|بنبروك|بنبروک، تگزاس
Boerne,city,TX,29.79466,-98.73197,13674,Berni|brny  tgzas|bwyrn|Берни|برنی، تگزاس|بويرن
Bonham,city,TX,33.57733,-96.17831,10079,Bonam|banhm  tgzas|bwnham|Бонам|بانهم، تگزاس|بونهام
Brenham,city,TX,30.16688,-96.39774,16579,Brenam|brnham  tgzas|brynham|Бренам|برنهام، تگزاس|برينهام
Brownsville,city,TX,25.90175,-97.49748,186738,BRO|Braunsvil|Braunsvila|Braunsvilis|Braunsvill|Fort Brown|Fort Taylor|beulaunjeubil|brawnzfyl|brawnzwl|brawnzwyl  tgzas|bu lang si wei er|buraunzubiru|Браунсвил|Браунсвилл|בראונסוויל|براؤنزول|براونزفيل|براونزویل، تگزاس|براونزویل، ٹیکساس|ブラウンズビル|布朗斯維爾|브라운즈빌
Brownwood,city,TX,31.70932,-98.99116,19031,BWD|Braunvud|beulaun-udeu|brawnwwd|brawnwwd  tgzas|Браунвуд|براونوود|براونوود، تگزاس|브라운우드
Brushy Creek,city,TX,30.51353,-97.73973,21764,Brashi Krik|Brashi-Krik|brashy gryg|Браши Крик|Браши-Крик|Браші-Крік|براشی گریگ
Bryan,city,TX,30.67436,-96.36996,82118,Brajan|CFD|beulaieon|brayan  tgzas|bu lai en|buraian|Брайан|Брајан|برائن، ٹیکساس|برایان، تگزاس|بريان|ブライアン|布賴恩|브라이언
Burkburnett,city,TX,34.09787,-98.57061,11043,Gilbert
Burleson,city,TX,32.54208,-97.32085,43625,Berleson|Berlisan|Berlison|Burlesone|baruson|bo er sen|brlswn|brlswn  tgzas|brlswn  tkzas|bwrlyswn|Берлесон|Берлисон|Берлісан|Бурлесон|Бурлесоне|ברלסון|برلسون، تکزاس|برلسون، تگزاس|بورليسون|バールソン|伯尔森
Canyon Lake,city,TX,29.87522,-98.26251,21262,
Carrollton,city,TX,32.95373,-96.89028,133168,Karolton|Karoltonas|Karrolton|Kerrolton|ka luo er dun|kaeleolteon|karwltwn|krwltwn  tgzas|kyaroruton|Каролтон|Карролтон|Керролтон|كارولتون|کرولتون، تگزاس|کیرولٹن|کیرولٹن، ٹیکساس|കരോൾട്ടൺ|キャロルトン|卡羅爾頓|캐럴턴
Cedar Hill,city,TX,32.58847,-96.95612,48507,Cedarhill|Sidar Khil|Sidar-Gill|sydar hyl|sydr hyl  tgzas|sydr hyl  tkzas|xi da xi er|Сидар Хил|Сидар-Гилл|Сідар-Гілл|سيدار هيل|سیدر هیل، تکزاس|سیدر هیل، تگزاس|സെഡർ ഹിൽ|錫達希爾
Cedar Park,city,TX,30.5052,-97.82029,65945,Cedarpark|Sidar Park|Sidar-Park|shidapaku|si de bo ke|sideopakeu|sydar bark|sydr park  tgzas|sydr park  tkzas|xue song gong yuan|Сидар Парк|Сидар-Парк|Сідар-Парк|سيدار بارك|سیدر پارک، تکزاس|سیدر پارک، تگزاس|سیڈر پارک، ٹیکساس|シーダーパーク|斯德伯克|雪松公園|雪鬆公園|시더파크
Channelview,city,TX,29.77606,-95.11465,38289,
Cibolo,city,TX,29.56162,-98.22696,33433,Cibolo Valley|Fromme's Store|Sibolo|sybwlw|sybwlw  tgzas|sybwlw  tkzas|xi bo luo|Сиболо|Сіболо|سيبولو|سیبولو، تکزاس|سیبولو، تگزاس|席博羅
Cinco Ranch,city,TX,29.73884,-95.758,18274,Sinko Ranch|Sinko-Ranch|synkw ranch|synkw ranch  tkzas|synkw ransh|Синко Ранч|Синко-Ранч|Сінко-Ранч|سينكو رانش|سینکو رانچ|سینکو رانچ، تکزاس
Cleburne,city,TX,32.34764,-97.38668,30020,Klibern|klybrn  tgzas|kylbwrn|Клиберн|كيلبورن|کلیبرن، تگزاس
Cloverleaf,city,TX,29.77828,-95.17188,22942,Klouverlif|Kloverlif|klawrlyf|klawrlyf  tkzas|klwfrlyf|Кловерлиф|Клоуверлиф|Клоуверліф|كلوفرليف|کلاورلیف|کلاورلیف، تکزاس
Clute,city,TX,29.02469,-95.39883,11444,Clute City|Kljut|Klut|Lake Barbara|klwt|klwt  tgzas|klwt  tkzas|Клут|Клют|كلوت|کلوت، تکزاس|کلوت، تگزاس
College Station,city,TX,30.62798,-96.33441,107889,CLL|Koledz Stejshon|Kolledzh-Stejshen|da xue cheng|kalej stesan|kalj astyshn  tgzas|kallijiseuteisyeon|karejjisuteshon|koleja stesana|kwlyj styshn|Колеџ Стејшон|Колледж-Стейшен|كوليج ستيشن|کالج استیشن، تگزاس|کالج سٹیشن، ٹیکساس|कॉलेज स्टेशन|కాలేజ్ స్టేషన్|カレッジステーション|大學城|칼리지스테이션
Colleyville,city,TX,32.88096,-97.15501,25487,Coleysville|Kolejvil'|Kolivil|Kollivill|kalywyl  tgzas|kalywyl  tkzas|ke li wei er|kollibil|korivuiru|kwlyfyl|qwlywwyl|Колейвиль|Коливил|Колливилл|Коллівілл|קוליוויל|كوليفيل|کالیویل، تکزاس|کالیویل، تگزاس|コリーヴィル|科利维尔|콜리빌
Conroe,city,TX,30.31188,-95.45605,68602,CXO|Konro|kanrw  tgzas|kwnrwy|Конро|كونروي|کانرو، تگزاس|کونرو، ٹیکساس
Converse,city,TX,29.51801,-98.31612,21987,Konvers|kanwrs  tgzas|kanwrs  tkzas|kuang wei|kwnfyrs|Конверс|كونفيرس|کانورس، تکزاس|کانورس، تگزاس|匡威
Coppell,city,TX,32.95457,-97.01501,41159,Koppell|Коппелл
Copperas Cove,city,TX,31.12406,-97.90308,33081,Coperas Cove|Kopperas-Kouv|Kopras Kouv|kwbyras kwf|kwpras kww  tgzas|kwpras kww  tkzas|Копперас-Коув|Копрас Коув|קופראס קוב|كوبيراس كوف|کوپراس کوو، تکزاس|کوپراس کوو، تگزاس|カッペラス・コーヴ
Corinth,city,TX,33.15401,-97.06473,20998,
Corpus Christi,city,TX,27.80058,-97.39638,316239,CRP|Korpous Kristi|Korpus Kristi|Korpus-Kristi|Korpus-Krysty|Korpuskristi|ke po si ke li si di|khxrpaskh ri sti|kopasukurisuti|kopeoseukeuliseuti|korpasa kristi|kwrbws krysty|kwrps krysty|qwrpws krysty|Κόρπους Κρίστι|Корпус Кристи|Корпус-Кристи|Корпус-Крысты|Корпус-Крісті|Корпъс Кристи|קורפוס כריסטי|كوربوس كريستي|کارپس کرسٹی، ٹیکساس|کورپس کرسٹی|کورپس کریستی|कॉर्पस क्रिस्टी|คอร์ปัสคริสตี|コーパスクリスティ|科珀斯克里斯蒂|코퍼스크리스티
Corsicana,city,TX,32.09543,-96.46887,23952,CRS|Korsikana|kwrsykana|kwrsykana  tgzas|Корсикана|كورسيكانا|کورسیکانا، تگزاس
Crowley,city,TX,32.57903,-97.36252,14853,Krauli|Krovli|krawly|krawly  tgzas|krawly  tkzas|Краули|Кровли|Кровлі|קראולי|كراولى|كراولي|کراولی، تکزاس|کراولی، تگزاس
Cypress,city,TX,29.96911,-95.69717,46025,saybrs|sayprs  tgzas|سايبرس|سایپرس، تگزاس
Dallas,city,TX,32.78306,-96.80667,1326087,DFW|Dalas|Dalasa|Dalasas|Dalaso|Dallas shaary|Dallasium|Ntalas|da la si|daelleoseu|dailasa|dalas|dalasa|dalasi|dallasa|dallaseu|darasu|delasa|dæ llas|talas|Ντάλας|Далас|Даллас|Даллас шаары|Դալաս|דאלאס|دالاس|داللاس|داڵاس|ڈیلاس|डॅलस|डैलस|ডালাস|ਡਾਲਸ|ડલ્લાસ|டாலஸ்|డల్లాస్|ഡാളസ്|แดลลัส|ဒါးလတ်စ်မြို့|დალასი|ዳላስ|ダラス|達拉斯|달라스|댈러스
DeSoto,city,TX,32.58986,-96.85695,52486,De Soto|Opportunity|Soto|Woodland Hills|deseattea|dswtw  tgzas|dy swtw|Десото|Сото|دسوتو، تگزاس|دي سوتو|ڈیسوٹو، ٹیکساس|ഡെസോട്ടൊ
Deer Park,city,TX,29.70523,-95.12382,33806,Deerpark|Dir Park|dyr bark|dyr park  tgzas|Дир Парк|دير بارك|دیر پارک، تگزاس
Denison,city,TX,33.75566,-96.53666,23150,Dennison|dan ni sen|dnyswn|dnyswn  tgzas|Денисон|דניסון|دنيسون|دنیسون، تگزاس|ڈینیسن، ٹیکساس|デニソン|丹尼森
Denton,city,TX,33.21484,-97.13307,131044,Dentonas|Dentono|Dentun|deng dun|dentana|denteon|dntwn  tgzas|dyntwn|Дентон|Дентън|دنتون، تگزاس|دينتون|ڈینٹن|ڈینٹن، ٹیکساس|डेंटन|ডেন্টন|ഡെന്റൺ|デントン|登頓|덴턴
Dickinson,city,TX,29.46079,-95.05132,19895,Dikinson|dikinseun|dikinson|dykynswn|dykynswn  tgzas|dykynswn  tkzas|Дикинсон|Дікінсон|ديكينسون|دیکینسون، تکزاس|دیکینسون، تگزاس|ディキンソン|디킨슨
Donna,city,TX,26.17035,-98.05195,16523,Dona|Ntona|dana  tgzas|dana  tkzas|dona|dwna|dwnna|dxn na|tang na|tona|Ντόνα|Дона|Донна|دانا، تکزاس|دانا، تگزاس|دونا|دوننا|دونّا|डोना|ডোনা|ડોના|டோனா|డొన|ಡೊನ್ನಾ|ඩොනා|ดอนนา|ドナ|唐娜|도나
Duncanville,city,TX,32.6518,-96.90834,39826,Dankanvil|Dankanvill|dankanbiru|danknfyl|danknwyl  tgzas|danknwyl  tkzas|deng ken wei er|deongkeonbil|dnqnwwyl|Данканвил|Данканвилл|Данканвілл|דנקנוויל|دانكنفيل|دانکنویل، تکزاس|دانکنویل، تگزاس|ڈنکنویل، ٹیکساس|ഡങ്കൺവിൽ|ダンカンビル|鄧肯維爾|덩컨빌
Edinburg,city,TX,26.30174,-98.16334,84497,Ehdinburg|adynbrg  tgzas|adynbwrgh|edinbagu|Единбург|Эдинбург|إدينبورغ|ادینبرگ، تگزاس|ایڈنبرگ، ٹیکساس|エディンバーグ
El Campo,city,TX,29.19664,-96.26969,11604,Ehl'-Kampo|El Kampo|El'-Kampo|Elcampo|al kambw|al kampw  tgzas|al kampw  tkzas|Ел Кампо|Ель-Кампо|Эль-Кампо|إل كامبو|ال كامبو|ال کامپو، تکزاس|ال کامپو، تگزاس
Ennis,city,TX,32.32931,-96.62527,19007,Ehnnis|Enis|Sonoma|anys  tgzas|anys  tkzas|aynys|en ni si|enisu|Енис|Енніс|Эннис|אניס|انیس، تکزاس|انیس، تگزاس|اينيس|エニス|恩尼斯
Euless,city,TX,32.83707,-97.08195,54219,Jules|ywls|ywls  tgzas|Јулес|يولس|یولس، تگزاس|یولیس، ٹیکساس
Farmers Branch,city,TX,32.92651,-96.89612,32689,farmrz bransh|farmrz brnch  tgzas|Фармерс Бранч|فارمرز برانش|فارمرز برنچ، تگزاس|ഫാർമേഴ്സ് ബ്രാഞ്ച്
Flower Mound,city,TX,33.01457,-97.09696,71253,Flauer Maund|flawr|flawr mawnd  tgzas|Флауер Маунд|فلاور|فلاور ماؤنڈ، ٹیکساس|فلاور ماوند، تگزاس
Forest Hill,city,TX,32.67208,-97.26918,12881,Forest-Gill|Forist Khil|farst hyl  tgzas|fwrsant hyl|fwrst hyl|fwrzt hyl  tkzas|Форест-Гилл|Форест-Гілл|Форист Хил|فارست هیل، تگزاس|فورزت هیل، تکزاس|فورسانت هيل|فورست هيل
Forney,city,TX,32.74818,-96.47193,18418,Fornej|Forni|fu ni|fwrny|fwrny  tgzas|fwrny  tkzas|Форней|Форни|Форні|فورنى|فورني|فورنی، تکزاس|فورنی، تگزاس|福尼
Fort Worth,city,TX,32.72541,-97.32085,1008106,Arx Vorthensis|Camp Worth|FTW|Fort Gouorth|Fort Uehrt|Fort Uert|Fort Uurt|Fort Vort|Fort-Owert|Fort-Uehrt|Fort-Vort|Fortverta|Fortvortas|Fortvorto|Fortvērta|Ft Worth|f xrtweirth|forata varatha|fotowasu|fwrt wwrth|fwrt wwrth  tgzas|phorta oyartha|phorta vartha|portʼ-uerti|poteuwoseu|pwrt wwrt|vort kottai|wo si bao|Φορτ Γουόρθ|Форт Ворт|Форт Уърт|Форт Уэрт|Форт-Ворт|Форт-Уэрт|Ֆորտ-Ուերտ|פורט וורת|فورت وورث|فورت وورث، تگزاس|فورٹ ورتھ|فورٹ ورتھ، ٹیکساس|फोर्ट वर्थ|ফোর্ট ওয়ার্থ|ਫ਼ੋਰਟ ਵਰਥ|வொர்த் கோட்டை|ഫോർട്ട് വർത്ത്|ฟอร์ตเวิร์ท|ფორტ-უერთი|フォートワース|沃思堡|포트워스
Four Corners,city,TX,29.66857,-95.65772,12382,Fo Korners|For-Korners|fwr kwrnyrs|fwrkwrnr|fwrkwrnr  tkzas|Фо Корнерс|Фор-Корнерс|فور كورنيرس|فورکورنر|فورکورنر، تکزاس
Fredericksburg,city,TX,30.2752,-98.87198,11094,Fredericksbrg|Frederiksberg|Frederiksburg|Friedrichsburg|frdryksbrg  tgzas|frydryksbwrgh|fu lei de li ke si bao|furederikkusubagu|peuledeoligseubeogeu|Фредериксберг|Фредериксбург|Фредериксбърг|Фредеріксбург|فردریکسبرگ، تگزاس|فريدريكسبورغ|フレデリックスバーグ|弗雷德里克斯堡|프레더릭스버그
Freeport,city,TX,28.95414,-95.35966,12154,Friport|frybwrt|frypwrt  tgzas|frypwrt  tkzas|furipoto|peulipoteu|prypwrt|zi you gang|Фрипорт|Фріпорт|פריפורט|فريبورت|فری پورٹ، ٹیکساس|فریپورت، تکزاس|فریپورت، تگزاس|フリーポート|自由港|프리포트
Fresno,city,TX,29.53885,-95.44744,19069,Фресно
Friendswood,city,TX,29.5294,-95.20104,38800,Frendsvud|frndzwwd  tgzas|fryndzwwd|Френдсвуд|فرندزوود، تگزاس|فريندزوود
Frisco,city,TX,33.15067,-96.82361,154407,Firsco|Frisko|fryskw|fryskw  tgzas|furisuko|peuliseuko|phriskea|Фриско|Фріско|فريسكو|فریسکو، تگزاس|فریسکو، ٹیکساس|ഫ്രിസ്കോ|フリスコ|프리스코
Gainesville,city,TX,33.62594,-97.13335,16292,GLE|Gejnsvil|geinjeubil|ghynsfyl|gynzwyl  tgzas|Гејнсвил|غينسفيل|گینزویل، تگزاس|게인즈빌
Galena Park,city,TX,29.73356,-95.23021,11162,Galina Park|Galina-Park|de ke sa si jia na li pa ke|ghalyna bark|glyna park  tgzas|jalyna bark|qyylna park  tkzas|Галина Парк|Галина-Парк|Галіна-Парк|جالينا بارك|غالينا بارك|قئیلنا پارک، تکزاس|گلینا پارک، تگزاس|德克萨斯加纳利帕克|德克薩斯迦納利帕克
Galveston,city,TX,29.30135,-94.7977,50180,GLS|Galvestan|gaelbeoseuteon|galwstwn  tgzas|garubesuton|gelvhastana|ghalfstwn|jia er wei si dui|Галвестан|Галвестон|Ґалвестoн|غالفستون|گالوستون، تگزاس|गॅल्व्हस्टन|ഗാൽ‌വെസ്റ്റൺ|ガルベストン|加爾維斯敦|갤버스턴
Garland,city,TX,32.91262,-96.63888,236897,Duck Creek|Embree|Garland i Texas|Garlanda|Garlandas|Garlend|Girljanda|Nkarlant|gallaendeu|garalainda|garalamda|garalenda|garalyanda|garando|garlnd  tgzas|garlyand|gharland|grlnd|jarland|jia lan|karlant|qarlnd  tkzas|Γκάρλαντ|Гарланд|Гарленд|Гирлянда|Ґарланд|Գառլենդ|גרלנד|جارلاند|غارلاند|قارلند، تکزاس|گارلند، تگزاس|گارلینڈ|گارلینڈ، ٹیکساس|गारलँड|गारलैंड|গারল্যান্ড|ગારલેન્ડ|கார்லண்ட்|గార్లాండ్|ಗಾರ್ಲ್ಯಾಂಡ್|ഗാർലന്റ്|ගාලන්ඩ්|การ์แลนด์|ガーランド|加兰|加蘭|갈랜드
Gatesville,city,TX,31.43516,-97.74391,15724,Gejtsvil|gai ci wei er|ghtsfyl|gytswyl  tgzas|Гејтсвил|غتسفيل|گیتسویل، تگزاس|蓋茨維爾
Georgetown,city,TX,30.63269,-97.67723,63716,Dzhordzhtaun|Dzordztaun|Džordžtaun|jrj‌tawn  tgzas|jwrjtawn|Џорџтаун|Джорджтаун|جارج ٹاؤن، ٹیکساس|جرج‌تاون، تگزاس|جورجتاون
Glenn Heights,city,TX,32.54875,-96.85667,12042,Glen Khajts|Glenn-Gajts|ghlyn hayts|gln hayts  tgzas|jlyn hayts|qln hayts  tkzas|Глен Хајтс|Гленн-Гайтс|جلين هايتس|غلين هايتس|قلن هایتس، تکزاس|گلن هایتس، تگزاس|ഗ്ലെൻ ഹൈറ്റ്സ്
Grand Prairie,city,TX,32.74596,-96.99778,187809,Deckman|Grand Preri|Grand Preris|Grand-Preri|da cao yuan cheng|geulaendeupeuleli|ghrand brary|grnd pryry  tgzas|gurandopureri|Гранд Прери|Гранд-Прери|Гранд-Прері|غراند براري|گرند پریری، تگزاس|گرینڈ پریری|گرینڈ پریرے|ഗ്രാൻഡ് പ്രയറി|グランドプレーリー|大草原城|그랜드프레리
Grapevine,city,TX,32.93429,-97.07807,51404,Grehjpvajn|Grejpvajn|ge lei pu wei en|geuleipeubain|ghrabfyn|grypwayn  tgzas|gryypwwyyn|gurepuvuain|jrabfyn|qrypwayn  tkzas|Грапевине|Грейпвайн|Грејпвајн|Грэйпвайн|גרייפוויין|جرابفين|غرابفين|قریپواین، تکزاس|گریپوائن، ٹیکساس|گریپواین، تگزاس|ഗ്രേപ്പ്‌വൈൻ|グレープヴァイン|格雷普韋恩|格雷普韦恩|그레이프바인
Greatwood,city,TX,29.55413,-95.67578,11538,Grejtvud|gryt wwd shwgr lnd|qryt wwd shwqr lnd  tkzas|Грейтвуд|Грејтвуд|قریت وود شوقر لند، تکزاس|گریت وود شوگر لند
Greenville,city,TX,33.13845,-96.11081,26515,GVT|Grinvil|Grinvill|ghrynfyl|grynwyl  tgzas|Гринвил|Гринвилл|غرينفيل|گرینویل، تگزاس|گرینویل، ٹیکساس
Groves,city,TX,29.94827,-93.91712,15750,Grouvs|ghrwfz|grwz  tgzas|gurovuzu|jrwfz|qrwwz  tkzas|Гровес|Гроувс|جروفز|غروفز|قرووز، تکزاس|گروز، تگزاس|グローヴズ
Haltom City,city,TX,32.79957,-97.26918,44206,Kholtom Siti|Village of Haltom City|haltwm syty|Холтом Сити|هالتوم سيتي|هالتوم سیتی
Harker Heights,city,TX,31.08351,-97.65974,29142,
Harlingen,city,TX,26.19063,-97.6961,65774,Garlingen|HRL|Kharlindzen|Kharlingen|ha ling gen|hallingjeon|harinjen|harlynghn|harlynjn|hrlyngn|Гарлінґен|Харлинген|Харлинџен|הרלינגן|هارلينغن|هارلینجن|ہارلنگین، ٹیکساس|ハーリンジェン|哈靈根|할링전
Hewitt,city,TX,31.46239,-97.19584,14252,G'juitt|Khewitt|Khjuit|hyuitto|hywyt|hywyt  tgzas|hywyt  tkzas|Г'юїтт|Гьюитт|Хеwитт|Хјуит|هيويت|هیویت، تکزاس|هیویت، تگزاس|ヒューイット
Hidalgo,city,TX,26.10035,-98.26307,13709,Hildago|Khidalgo|hydalghw|hydalgw  tgzas|Хидалго|هيدالغو|هیدالگو، تگزاس
Highland Village,city,TX,33.09179,-97.04668,16149,Gajlend-Villedzh|Highland Vlg|Khajland Vilidz|Lang Highland|Làng Highland|hayland fyldj|haylnd wylyj  tgzas|haylnd wylyj  tkzas|Гайленд-Вилледж|Гайленд-Вілледж|Хајланд Вилиџ|هايلاند فيلدج|هایلند ویلیج، تکزاس|هایلند ویلیج، تگزاس|ഹൈലൻഡ് വില്ലേജ്
Houston,city,TX,29.76328,-95.36327,2314157,Chiouston|HOU|Hiu-su-tun|Hiustonas|Hiû-sṳ̂-tûn|Hjuston|Hjustona|Hjūstona|Houston City|Hustonia|Hustono|Hyuston|Kh'juston|Khjustan|Khjustn|Khjuston|hi'ustana|hiustʼoni|hiws tan|hiyustan|hou si dun|husatana|hyuseuteon|hyustan|hyustana|hyusuton|hywstn|hywstwn|xiu si dun|ywstwn|Χιούστον|Хьюстон|Хюстан|Хюстън|Хјустон|Х’юстон|Հյուստոն|היוסטן|יוסטון|هيوستن|هیوستون|ھیووستن|ہywsٹn|ہیوسٹن|ह्युस्टन|হিউস্টন|ਹੂਸਟਨ|હ્યુસ્ટન|ஹியூஸ்டன்|హ్యూస్టన్|ഹ്യൂസ്റ്റൺ|ฮิวสตัน|ဟူစတန်မြို့|ჰიუსტონი|ሂውስተን|ヒューストン|休斯敦|休斯頓|休斯顿|侯斯頓|휴스턴
Humble,city,TX,29.99883,-95.26216,15665,Ambel|Ambl|Khambl|anukuva|hambl|hambl  tgzas|han bai|han bu er|han bu lin|hanburu|Амбел|Амбл|Хамбл|هامبل|هامبل، تگزاس|అనుకువ|ハンブル|漢布林|漢布爾|漢柏
Huntsville,city,TX,30.72353,-95.55078,40938,Gantsvil'|HTV|Khantsvil|Khantsvill|hantsavhila|hantsfyl|hantswyl|heoncheubil|Гантсвіль|Хантсвил|Хантсвилл|هانتسفيل|هانتسویل|हंट्सव्हिल|헌츠빌
Hurst,city,TX,32.82346,-97.17057,39016,Kherst|hrst  tgzas|hwrst|Херст|هرست، تگزاس|هورست
Hutto,city,TX,30.5427,-97.54667,22722,
Irving,city,TX,32.81402,-96.94889,236607,Erving|Irvin'nk|Irving i Texas|Irvinga|Irvingas|abingu|ai rong|arabhim|ayrfyngh|ayrfynj|ayrwyng  tgzas|ayrwynq  tkzas|eobing|iravinga|irvin|irvinga|ou lin|ou wen|rving|xe wing|Ίρβινγκ|Ірвінг|Ервинг|Ирвинг|Ирвиң|Ървинг|Իրվինգ|אירווין|إيرفينغ|ارونگ، ٹیکساس|ايرفينج|ایروینق، تکزاس|ایروینگ، تگزاس|इरविंग|इर्विंग|আরভিং|ઇરવિંગ|இர்விங்|ఇర్వింగ్|ಇರ್ವಿಂಗ್|എർവിങ്|අර්වින්ග්|เอ วิง|アービング|欧文|欧林|歐文|歐林|艾榮|어빙
Jacinto City,city,TX,29.76745,-95.23382,10782,Dzasinto Siti|Dzhakinto-Siti|jasyntw syty|jasyntw syty  tgzas|jasyntw syty  tkzas|Џасинто Сити|Джакинто-Сити|Джакінто-Сіті|جاسينتو سيتى|جاسينتو سيتي|جاسینتو سیتی، تکزاس|جاسینتو سیتی، تگزاس|جکنٹو کتے، ٹیکساس
Jacksonville,city,TX,31.96378,-95.2705,14884,Dzeksonvil|Dzheksonvill|JKV|g'qsnwwyl|jaegseunbil|jakswnfyl|jakusonbiru|jie ke sen wei er|jkswnwyl  tgzas|jkswnwyl  tkzas|Џексонвил|Джексонвилл|Джексонвілл|ג'קסנוויל|جاكسونفيل|جکسونویل، تکزاس|جکسونویل، تگزاس|جککسونویل، ٹیکساس|ジャクソンビル|傑克森維爾|잭슨빌
Jollyville,city,TX,30.4427,-97.77501,16151,
Katy,city,TX,29.78579,-95.8244,16158,Kehci|Kehti|Kejti|ka di|keiti|kyty  tgzas|kyty  tkzas|Кейти|Кейті|Кејти|Кэти|Кэці|קאטי|كاتى|كاتي|کیتی، تکزاس|کیتی، تگزاس|ケイティ|卡蒂
Keller,city,TX,32.93457,-97.25168,45758,Келлер
Kerrville,city,TX,30.04743,-99.14032,23136,ERV|Kervil|krwyl  tgzas|kyrfyl|Кервил|كيرفيل|کرویل، تگزاس
Kilgore,city,TX,32.38626,-94.87577,14947,Kilgor|kylghwr|kylgwr  tgzas|Килгор|كيلغور|کیلگور، تگزاس
Killeen,city,TX,31.11712,-97.7278,140806,ILE|Kilin|Kilinas|Killean|Killin|ji lin|kaylyn  tgzas|killin|kirin|klyn|kylyn|Килин|Киллин|Кіллін|كيلين|کایلین، تگزاس|کلین|کیلین، ٹیکساس|キリーン|基林|킬린
Kingsville,city,TX,27.51587,-97.85611,26225,Kingsvil|NQI|kingseubil|kynghzfyl|kyngzwyl  tgzas|Кингсвил|كينغزفيل|کینگزویل، تگزاس|킹스빌
Kyle,city,TX,29.98911,-97.87723,35733,Kajl|kai er|kairu|kayl  tgzas|kayl  tkzas|kyly|Кайл|Кајл|كيلى|كيلي|کایل، تکزاس|کایل، تگزاس|カイル|凯尔|凱爾
La Homa,city,TX,26.25007,-98.36363,11985,
La Marque,city,TX,29.36857,-94.97131,15908,Buttermilk Station|Highland|La Mark|La-Mark|LaMarque|dikkinson gao deng xue xiao|la ma er ke|la marky  tgzas|la marky  tkzas|la markyw|Ла Марк|Ла-Марк|لا ماركيو|لا مارکوی، ٹیکساس|لا مارکی، تکزاس|لا مارکی، تگزاس|ディッキンソン高等学校|拉马尔克
La Porte,city,TX,29.66578,-95.01937,35148,La Port|la bwrt|la pwrth  tgzas|Ла Порт|لا بورت|لا پورت، ٹیکساس|لا پورته، تگزاس
Lake Jackson,city,TX,29.03386,-95.43439,27533,Lehjk Dzhekso|Lehjk-Dzhehksan|Lejk DZekson|Lejk Dzhaksun|Lejk-Dzhekson|lai ke jie ke xun|layk jakswn|lyk jkswn  tgzas|lyk jkswn  tkzas|lyyq g'qswn|Лейк Джаксън|Лейк-Джексон|Лејк Џексон|Лэйк Джексо|Лэйк-Джэксан|Լեյք Ջեքսոն|לייק ג'קסון|لايك جاكسون|لیک جکسون، تکزاس|لیک جکسون، تگزاس|لیک جیکسن، ٹیکساس|莱克杰克逊
Lakeway,city,TX,30.36377,-97.97959,14217,Lejkvej|laykway|lykwy  tgzas|lykwy  tkzas|Лейквей|Лејквеј|لايكواى|لايكواي|لیک وے، ٹیکساس|لیکوی، تکزاس|لیکوی، تگزاس
Lancaster,city,TX,32.59208,-96.75611,38801,Lankaster|lankstr|lnkstr  tgzas|Ланкастер|لانكستر|لانکیسٹر، ٹیکساس|لنکستر، تگزاس|ലങ്കാസ്റ്റർ
Laredo,city,TX,27.50641,-99.50754,256153,LRD|Laredum|Villa de San Augustine de Laredo|la lei duo|larydw|larydw  tgzas|leoleido|raredo|Ларедо|לארדו|لاريدو|لاریدو، تگزاس|لاریڈو، ٹیکساس|لریڈو|ラレド|拉雷多|러레이도
League City,city,TX,29.50745,-95.09493,98312,Lig Siti|Lig-Sici|Lig-Siti|li ge cheng|liga siti|lyg syty  tgzas|lygh syty|lyj syty|lyq syty  tkzas|rigushiti|Лиг Сити|Лиг-Сити|Ліг-Сіті|Ліг-Сіці|Լիգ Սիթի|ليج سيتى|ليغ سيتي|لیق سیتی، تکزاس|لیگ سٹی، ٹیکساس|لیگ سیتی، تگزاس|लीग सिटी|リーグシティ|利格城
Leander,city,TX,30.57881,-97.85307,37889,
Leon Valley,city,TX,29.49523,-98.61863,11174,Leon-Velli|Lion Vali|lywn faly|lywn wly   tgzas|lywn wly  tkzas|Леон-Велли|Леон-Веллі|Лион Вали|لئون ولی ، تگزاس|لئون ولی، تکزاس|ليون فالى|ليون فالي
Lewisville,city,TX,33.04623,-96.99417,104039,L'juisvill|Luisvil|liu yi si wei er|lu-iseubil|lwysfyl|lwyzwl|ruisubiru|Луисвил|Льюисвилл|لوئیس‌ویل، تگزاس|لويسفيل|لویزول|لیوسویل، ٹیکساس|ലൂയിസ്‌വിൽ|ルイスビル|刘易斯维尔|루이스빌
Little Elm,city,TX,33.16262,-96.93751,38341,Litl Elm|Litl-Ehlm|Littl-Ehlm|Littl-Elm|Litul Elm|lytl alm|lytl alm  tgzas|lytl alm  tkzas|xiao yu shu|Литл Елм|Литл-Элм|Литтл-Элм|Литъл Елм|Літтл-Елм|ליטל אלם|ليتل إلم|ليتل الم|لیتل الم، تکزاس|لیتل الم، تگزاس|ലിറ്റിൽ എൽമ്|リトル・エルム|小榆樹
Live Oak,city,TX,29.56523,-98.3364,15346,
Lockhart,city,TX,29.88494,-97.67,13446,Lokkhart|Plum Creek|lakhart  tgzas|lwkhart|Локхарт|لاکهارت، تگزاس|لوكهارت
Longview,city,TX,32.5007,-94.74049,82287,GGG|Longv'ju|Longvju|lang wei you|langwyw  tgzas|longbyu|lwnghfyw|lwngwyw|rongubyu|Лонгвью|Лонгвю|Лонгвју|لانگویو، تگزاس|لونغفيو|لونگویئو، ٹیکساس|لونگویو|ロングビュー|朗維尤|롱뷰
Lufkin,city,TX,31.33824,-94.7291,36333,LFK|Lafkin|la fu jin|lwfkyn|lwfkyn  tgzas|Лафкин|لوفكين|لوفکین، تگزاس|拉夫金
Lumberton,city,TX,30.26577,-94.19963,12421,Ariola|Chance|Fletcher|Hooks Switch|Lamberton|Sharon|lambrtwn  tgzas|lambrtwn  tkzas|lwmbyrtwn|ranbaton|Ламбертон|لامبرتون، تکزاس|لامبرتون، تگزاس|لومبيرتون|ランバートン
Mansfield,city,TX,32.56319,-97.14168,64274,Mansfeild|Mehnsfild|Mensfild|mansfyld|mnsfyld  tgzas|Менсфилд|Мэнсфилд|مانسفيلد|منسفیلد، تگزاس|مینسفیلڈ، ٹیکساس
Marshall,city,TX,32.54487,-94.36742,23820,ASL|Marshal|ma xie er|marshal|marshal  tgzas|masharu|masyeol|Маршал|Маршалл|مارشال|مارشال، تگزاس|مارشل، ٹیکساس|マーシャル|马歇尔|마셜
McAllen,city,TX,26.20341,-98.23001,140269,MFE|Mak-Allen|Makalen|maekaelleon|mai ka lun|makalyn|makkaren|Мак-Аллен|Макален|מקאלן|ماكالين|مک ایلن، ٹیکساس|مک‌آلن|マッカレン|麦卡伦|매캘런
McKinney,city,TX,33.19762,-96.61527,162898,Mak-Kinni|Makini|maekini|mai jin ni|makkini|makkinni|makkyny|Мак-Кинни|Мак-Кінні|Макини|ماككيني|مک کینی، ٹیکساس|مک‌کینی، تگزاس|മക്കിന്നി|マッキニー|麥金尼|매키니
Mercedes,city,TX,26.1498,-97.91361,16657,Mersedehs|Mersedes|Mersediz|mei sai de si|mrsds  tgzas|mrsds  tkzas|mrsyds|Мерседес|Мерседиз|Мерседэс|مرسدس، تکزاس|مرسدس، تگزاس|مرسيدس|梅賽德斯
Mesquite,city,TX,32.7668,-96.59916,144788,Meskit|Meskvit|mei si ji te|meseukiteu|meskvirr|mesukito|mskyt  tgzas|mwskw|Месквіт|Мескит|مسکیت، تگزاس|مسکیٹ، ٹیکساس|موسكو|میسکوٹ|മെസ്ക്വിറ്റ്|メスキート|梅斯基特|메스키트
Midlothian,city,TX,32.48236,-96.99445,22318,Midlotian|Midlotijan|middorojian|mydlwdhyan|mydlwtyn  tgzas|mydlwtyn  tkzas|zhong luo xi an|Мидлотиан|Мидлотијан|Мідлотіан|ميدلوذيان|میدلوتین، تکزاس|میدلوتین، تگزاس|മിഡ്‌ലോത്തിയൻ|ミッドロジアン|中洛锡安
Mineral Wells,city,TX,32.80846,-98.11282,14754,MWL|Mineral Vels|Mineralwells|minelal-welseu|mynral wlz  tgzas|mynyral wylz|Минерал Велс|مينيرال ويلز|مینرال ولز، تگزاس|미네랄웰스
Mission,city,TX,26.21591,-98.32529,83298,Mishen|Mishn|Mishon|Missija|mi shen|misshon|myshn|myshn  tgzas|myshn  tkzas|mysn|Μίσσιον|Миссия|Мишен|Мишон|Мішн|מישן|مشن، ٹیکساس|ميشن|میشن، تکزاس|میشن، تگزاس|ミッション|米申
Mission Bend,city,TX,29.69384,-95.66495,36501,Mishen-Bend|Mishon Bend|myshn bnd|myshn bnd  tkzas|myshyn bynd|Мишен-Бенд|Мишон Бенд|Мішен-Бенд|ميشين بيند|میشن بند|میشن بند، تکزاس
Missouri City,city,TX,29.61857,-95.53772,74139,Misuri Siti|mi su li cheng|misari sirri|myswry syty|myzwry‌syty  tgzas|Мисури Сити|مسوری سٹی، ٹیکساس|ميسوري سيتي|میزوری‌سیتی، تگزاس|മിസൗറി സിറ്റി|密蘇里城
Mount Pleasant,city,TX,33.15679,-94.96827,16051,MPS|Maunt Plezant|Mt Pleasant|mawnt blyzant|mawnt plznt  tgzas|Маунт Плезант|ماونت بليزانت|ماونت پلزنت، تگزاس
Murphy,city,TX,33.01512,-96.61305,20610,
Nacogdoches,city,TX,31.60351,-94.65549,33894,Nacodoches|Nakodoches|OCH|nakwdwchz  tgzas|nakwghdwshs|Накодочес|ناكوغدوشس|ناکودوچز، تگزاس
Nederland,city,TX,29.97438,-93.9924,17196,Nederlend|Niderland|Niderlend|ndrlnd|nedarando|nei de lan|ni de lan|nydrland|nydrlnd  tgzas|nydrlnd  tkzas|Недерленд|Нидерланд|Нидерленд|נדרלנד|نيدرلاند|نیدرلند، تکزاس|نیدرلند، تگزاس|ネダーランド|內德蘭|内德蘭|尼德蘭
New Braunfels,city,TX,29.703,-98.12445,70543,N'ju-Braunfels|Nju Bronfels|nyuburonferuzu|nyw branflz  tgzas|nyw brawnfylz|xin bu lang fei er si|Њу Бронфелс|Нью-Браунфелс|نيو براونفيلز|نیو برانفلز، تگزاس|نیو براونفیلز، ٹیکساس|ニューブローンフェルズ|新布朗費爾斯
New Caney,city,TX,30.15522,-95.21132,20000,
New Territory,city,TX,29.59412,-95.68078,15186,N'ju-Territori|Nju Teritori|nyw trytwry|nyw trytwry  shwqr lnd  tkzas|shu ge lan de ke sa si|Њу Територи|Нью-Территори|Нью-Терріторі|نیو تریتوری|نیو تریتوری، شوقر لند، تکزاس|舒格蘭德克薩斯
North Richland Hills,city,TX,32.8343,-97.2289,69204,
Orange,city,TX,30.09299,-93.73655,19347,Green's Bluff|Greens Bluff|Huntley|Jefferson|Madison|Orange (Texas)|Strongs Bluff
Palestine,city,TX,31.76212,-95.63079,18288,PSN|Palestin|flstyn|pa lei si tan|palleseutain|plstayn  tgzas|Палестин|Палестін|فلسطين|فلسطین، ٹیکساس|پلستاین، تگزاس|帕勒斯坦|팔레스타인
Paris,city,TX,33.66094,-95.55551,24782,PRX|Parizh|barys|parys  tgzas|Париж|Парис|Փարիզ|باريس|پاریس، تگزاس|پیرس، ٹیکساس
Pasadena,city,TX,29.69106,-95.2091,153784,Pasadina|basadyna|pa sa di na|paeseodina|pasadna  tgzas|Пасадена|Пасадина|باسادينا|پاسادنا، تگزاس|パサデナ|帕薩迪納|패서디나
Pearland,city,TX,29.56357,-95.28605,108821,Pehrlend|Perland|byrland|pyr lnd  tgzas|Перланд|Пэрленд|بيرلاند|پئیرلینڈ، ٹیکساس|پیر لند، تگزاس
Pecan Grove,city,TX,29.62607,-95.73162,15963,Pikan Grouv|Pikan-Grouv|bykan ghrwf|bykan jrwf|pykn grw|pykn qrw  tkzas|Пикан Гроув|Пикан-Гроув|Пікан-Гроув|بيكان جروف|بيكان غروف|پیکن قرو، تکزاس|پیکن گرو
Pflugerville,city,TX,30.43937,-97.62,57122,Flugervil|Flugervill|bflwghrfyl|bflwjrfyl|flagrwyl  tgzas|flaqrwyl  tkzas|fu lu ge wei er|pu fu la re wei er|Флугервил|Флугервилл|Флугервіл|Флугервілл|بفلوجرفيل|بفلوغرفيل|فلاقرویل، تکزاس|فلاگرویل، تگزاس|فلوگیرویل، ٹیکساس|富魯格維爾|普弗拉热维尔|普弗拉熱維爾
Pharr,city,TX,26.1948,-98.18362,76538,Far|Farra|far|far  tgzas|Фар|Фарра|فار|فار، تگزاس|فار، ٹیکساس
Plano,city,TX,33.01984,-96.69889,283558,Planas|Planom|Plejno|Plejnou|blanw|peulleino|planw|plenea|pleno|plynw|pu lai nuo|pureino|Планом|Плейно|Плейноу|Плејно|פלאנו|بلانو|پلانو|پلانو، ٹیکساس|پلینو|प्लेनो|പ്ലേനോ|プレイノ|普莱诺|플레이노
Port Arthur,city,TX,29.88519,-93.94233,55340,BPT|Haveno Arturo|Port Arthur i Texas|Port Artur|Port-Artur|a se gang|bwrt arthr|poteuaseo|potoasa|pwrt artr  tgzas|pwrt artr  tkzas|Порт Артур|Порт Артър|Порт-Артур|Պորտ-Արտուր|פורט ארתור|بورت أرثر|بورت ارثر|پورت آرتر، تکزاس|پورت آرتر، تگزاس|پورٹ آرتھر، ٹیکساس|ポートアーサー|阿瑟港|포트아서
Port Lavaca,city,TX,28.615,-96.62609,12416,Lavaca|Port Lavaka|bwrt lafaka|la wa ka gang|potorabaka|pwrt lawaka  tgzas|Порт Лавака|بورت لافاكا|پورت لاواکا، تگزاس|ポートラバカ|拉瓦卡港
Port Neches,city,TX,29.99132,-93.95851,12786,Grigsby Bluff|Grigsby's Bluff
Portland,city,TX,27.87725,-97.32388,16116,Portlanda|Portlandas|Portlant|Portlend|bo te lan|bwrtland|port lyand|portalainda|portalenda|portalyanda|portlent|portlyand|poteullaendeu|potorando|pwrtlnd  tgzas|pwrtlnd  tkzas|Πόρτλαντ|Портланд|Портленд|بورتلاند|پورتلند، تکزاس|پورتلند، تگزاس|پورٹلینڈ، ٹیکساس|पोर्टलॅंड|पोर्टलैंड|পোর্টল্যান্ড|પોર્ટલેન્ડ|போர்ட்லேண்ட்|పోర్ట్ ల్యాండ్|ಪೋರ್ಟ್ಲ್ಯಾಂಡ್|පොර්ට්ලන්ඩ්|พอร์ตแลนด์|ポートランド|波特兰|波特蘭|포틀랜드
Prosper,city,TX,33.23623,-96.80111,15967,
Raymondville,city,TX,26.48146,-97.78305,11139,Rejmondvil|raymwndfyl|rymndwyl  tgzas|Рејмондвил|رايموندفيل|ریمندویل، تگزاس
Red Oak,city,TX,32.51764,-96.80444,12022,Red Ouk|Red-Ouk|Redoak|hong xiang|rd awk  tgzas|rd awk  tkzas|reddooku|ryd awk|Ред Оук|Ред-Оук|رد اوک، تکزاس|رد اوک، تگزاس|ريد اوك|レッドオーク|紅橡|红橡
Rendon,city,TX,32.57625,-97.2414,12552,rndn  tkzas|rndwn|ryndwn|Рендон|رندن، تکزاس|رندون|ريندون
Richardson,city,TX,32.94818,-96.72972,110815,Ricardsonas|Ričardsonas|licheodeuseun|richadoson|rychardswn  tgzas|rytshardswn|Ричардсон|Річардсон|ريتشاردسون|رچرڈسن|ریچاردسون، تگزاس|റിച്ചാർഡ്സൺ|リチャードソン|리처드슨
Richmond,city,TX,29.58218,-95.76078,12138,lichimeondeu|rychmand  tgzas|rytshmwnd|Ричмонд|ريتشموند|رچمنڈ، ٹیکساس|ریچماند، تگزاس|리치먼드
Rio Grande City,city,TX,26.37979,-98.8203,14404,Rio Grandi Siti|Riogrande|ryw ghrandy syty|ryw grand syty  tgzas|Рио Гранди Сити|ريو غراندي سيتي|ریو گراند سیتی، تگزاس
Robinson,city,TX,31.46767,-97.11472,11484,Robinsonville|luo bin xun|rabynswn  tgzas|rabynswn  tkzas|rwbnswn|Робинсон|Робінсон|رابینسون، تکزاس|رابینسون، تگزاس|روبنسون|ロビンソン|羅賓遜
Robstown,city,TX,27.7903,-97.66888,11576,Robstaun|rabztawn  tgzas|robusutaun|rwbstawn|rwbstwwn  tkzas|Робстаун|رابزتاون، تگزاس|روبستاون|روبستوون، تکزاس|ロブスタウン
Rockwall,city,TX,32.93123,-96.45971,42566,Rokvol|rakwal  tgzas|rwkwwl|Роквол|راکوال، تگزاس|روكوول
Rockport,city,TX,28.02077,-97.05601,10490,RKP|Rokport|luo ke bo te|rakprt  tgzas|rwkbwrt|Рокпорт|راکپرت، تگزاس|راکپورٹ، ٹیکساس|روكبورت|罗克波特
Rosenberg,city,TX,29.55718,-95.80856,35510,Rozenberg|luo sen bo ge|rozenbagu|rwznbrg  tgzas|rwznbrgh|rwznbrj|rwznbrq  tkzas|Розенберг|روزنبرج|روزنبرغ|روزنبرق، تکزاس|روزنبرگ، تگزاس|ローゼンバーグ|羅森伯格
Round Rock,city,TX,30.50826,-97.6789,115997,Raount Rok|Raund Rok|Raund Rokas|Raund-Rok|Raundroka|Roundrock|lang de luo ke|laundeulog|ra wnrxkh|ra'unda raka|ra'unda roka|rand rak  tgzas|rand rak  tkzas|raund rak|raundorokku|ravuntu rak|rawnd rwk|rawnd rwks|Ράουντ Ροκ|Раунд Рок|Раунд-Рок|Раўнд-Рок|Ռաունդ Ռոք|ראונד רוק|راؤنڈ راک، ٹیکساس|راند راک، تکزاس|راند راک، تگزاس|راوند روك|راوند روكس|राउंड रॉक|রাউন্ড রক|રાઉન્ડ રોક|ரவுண்டு ராக்|రౌండ్ రాక్|ರೌಂಡ್ ರಾಕ್|රවුන්ඩ්රොක්|ราวน์ร็อค|ラウンドロック|朗德罗克|朗德羅克|라운드록
Rowlett,city,TX,32.9029,-96.56388,60236,Rowlette
Royse City,city,TX,32.97512,-96.33248,11465,Roj Siti|Rojz-Siti|Thanh pho Royse|Thành phố Royse|reays sirri|roizushiti|rwyz syty|rwyz syty  tgzas|rwyz syty  tkzas|Ройз-Сити|Ройз-Сіті|Рој Сити|رويز سيتى|رويز سيتي|رویز سیتی، تکزاس|رویز سیتی، تگزاس|റോയ്സ് സിറ്റി|ロイズシティ
Sachse,city,TX,32.97623,-96.59527,24554,Saksi|saks|satshs|sych  tgzas|sych  tkzas|Сакси|Саксі|ساتشس|سچسے، ٹیکساس|سیچ، تکزاس|سیچ، تگزاس|സക്സ്
Saginaw,city,TX,32.86013,-97.36391,22079,Sagino|sa ji nuo|sagino|sgyna  tgzas|sgynw|sjynaw|sqyna  tkzas|Сагино|Сагіно|סגינו|سجيناو|سقینا، تکزاس|سگینؤ، ٹیکساس|سگینا، تگزاس|サギノー|薩吉諾
San Antonio,city,TX,29.42412,-98.49363,1526656,SAT|San Antonijus|San Antonio (Texas)|San Antonio de Bejar|San Antoniyo|San Antònio|San-Antonia|San-Antonio|Sanantonio|Sanctus Antonius|can antoniyo|saen-antonio|saina entoniyo|san antoniyo|san antwnyw|san'antonio|san-antʼonio|sana antoni'o|sena amtoniyo|sheng an dong ni ao|Σαν Αντόνιο|Сан Антонио|Сан-Антонио|Сан-Антоніа|Сан-Антоніо|Սան Անտոնիո|סאן אנטאניא|סן אנטוניו|سان آنتونیو|سان أنطونيو|سان انٹونیو|सॅन अँटोनियो|सैन एन्टोनियो|স্যান অ্যান্টোনিও|ਸਾਨ ਆਂਤੋਨੀਓ|சான் அந்தோனியோ|శాన్ అంటోనియో|സാൻ അന്റോണിയോ|แซนแอนโทนีโอ|სან-ანტონიო|サンアントニオ|圣安东尼奥|聖安東尼奧|샌안토니오
San Benito,city,TX,26.13258,-97.6311,24496,San-Benito|san bnytw|sanbenito|sn bnytw|sn bnytw  tgzas|sn bnytw  tkzas|Сан Бенито|Сан-Бенито|Сан-Беніто|סן בניטו|سان بنيتو|سن بنیتو، تکزاس|سن بنیتو، تگزاس|サンベニート
San Juan,city,TX,26.18924,-98.15529,36556,San Chouan|San Chuanas|San Khuan|San-Khuan|Sanhuana|can juvan|saina hu'ana|san huan|san hwn|san ju'an|san khwan|sana huyana|sana ju'ana|sena ju'ana|sheng hu an|sn khwan  tgzas|sn khwan  tkzas|syan juvan|Σαν Χουάν|Сан Хуан|Сан-Хуан|سان خوآن، ٹیکساس|سان خوان|سن خوان، تکزاس|سن خوان، تگزاس|सॅन जुआन|सैन हुआन|সান হুয়ান|સાન જુઆન|சான் ஜுவான்|శాన్ జుఆన్|ಸ್ಯಾನ್ ಜುವಾನ್|සැන් ජුවන්|ซานฮวน|サン・フアン|圣胡安|聖胡安|산 후안
San Marcos,city,TX,29.88327,-97.94139,60684,San Markos|San-Markos|san markws|sanmarukosu|sheng ma ke si|sn markws  tgzas|Сан Маркос|Сан-Маркос|سان ماركوس|سان مارکوس، ٹیکساس|سن مارکوس، تگزاس|サンマルコス|聖馬科斯
Santa Fe,city,TX,29.37801,-95.10576,13037,Alta Loma|Alto Loma|Arcadia|Santa-Fe|santa fay|santa fy|sheng da fei shi|snta fh  tgzas|snta fh  tkzas|snth ph|Санта Фе|Санта-Фе|סנטה פה|سانتا فاى|سانتا في|سانتا فے، ٹیکساس|سنتا فه، تکزاس|سنتا فه، تگزاس|サンタ・フェ|圣达菲市|聖達菲市
Schertz,city,TX,29.55217,-98.26973,43091,Sherc|shrtz  tgzas|shyrtz|Шерц|شرتز، تگزاس|شيرتز
Seabrook,city,TX,29.56412,-95.02548,13716,Sibruk|sybrwk|sybrwk  tgzas|sybrwk  tkzas|xi bu lu ke|Сибрук|Сібрук|سيبروك|سیبروک، تکزاس|سیبروک، تگزاس|西布魯克|西布鲁克
Seagoville,city,TX,32.63958,-96.53832,15894,Sigovil|syghwfyl|sygwyl  tgzas|Сиговил|سيغوفيل|سیگویل، تگزاس|സീഗോവിൽ
Seguin,city,TX,29.56884,-97.96473,27864,Segin|Walnut Springs|syghwyn|sygwyn  tgzas|Сегин|سيغوين|سیگوین، تگزاس
Sherman,city,TX,33.63566,-96.60888,40667,PNX|shaman|shrmn  tgzas|shyrman|xie er man|Шерман|شرمن، تگزاس|شيرمان|شیرمین، ٹیکساس|シャーマン|谢尔曼
Sienna Plantation,city,TX,29.48607,-95.508,13721,
South Houston,city,TX,29.66301,-95.23549,17544,Saut Khjuston|Saut-Kh'juston|hwstwn jnwby  tgzas|nan hou si dun|nan xiu si dui|nan xiu si dun|sawth hywstn|swt hwstwn  tkzas|Саут Хјустон|Саут-Х'юстон|Саут-Хьюстон|ساوث هيوستن|سوت هوستون، تکزاس|هوستون جنوبی، تگزاس|南休斯敦|南休斯頓|南侯斯頓
Southlake,city,TX,32.94124,-97.13418,29941,Sautlejk|South Lake|sawthlayk|sawtlyk  tgzas|Саутлејк|ساوتلیک، تگزاس|ساوثلايك
Spring,city,TX,30.07994,-95.41716,54298,Springtaun|aspryng  tgzas|sbryngh|seupeuling|Спрингтаун|اسپرینگ، تگزاس|سبرينغ|سپرنگ، ٹیکساس|스프링
Stafford,city,TX,29.61607,-95.55772,18459,Staford|astafwrd  tgzas|stafwrd|Стафорд|استافورد، تگزاس|ستافورد|സ്റ്റാഫൊർഡ്
Stephenville,city,TX,32.2207,-98.20226,20120,SEP|Stivenvil|astfnwyl  tgzas|styfnfyl|Стивенвил|استفنویل، تگزاس|ستيفنفيل
Sugar Land,city,TX,29.61968,-95.63495,88156,SGR|Shugar Land|Shugar-Lend|shu ge lan|shugarando|shwgrlnd  tgzas|shwjr land|syugeolaendeu|Шугар Ланд|Шугар-Ленд|Шуґар-Ленд|شوجر لاند|شوگر لینڈ، ٹیکساس|شوگرلند، تگزاس|ഷുഗർലാൻഡ്|シュガーランド|舒格蘭|슈거랜드
Sulphur Springs,city,TX,33.13845,-95.60107,16098,SLR|Salfur Springs|swlfr sbrynghz|swlfwr aspryngz  tgzas|Салфур Спрингс|سولفر سبرينغز|سولفور اسپرینگز، تگزاس
Taylor,city,TX,30.57076,-97.40944,16702,Tejlor|taylwr|teira|tylwr  tgzas|tylwr  tkzas|tyylwr|Тейлор|Тејлор|טיילור|تايلور|تیلور، تکزاس|تیلور، تگزاس|ٹیلر، ٹیکساس|テイラー
Temple,city,TX,31.09823,-97.34278,72277,TPL|Tehmpl|Templ|tan pu er|tempeul|tenpuru|tmbl|tmpl|tmpl  tgzas|tmpl  tkzas|Темпл|Тэмпл|טמפל|تمبل|تمپل، تکزاس|تمپل، تگزاس|ٹیمپل، ٹیکساس|テンプル|坦普尔|坦普爾|템플
Terrell,city,TX,32.73596,-96.27526,16981,TRL|Tehrehl|Terel|Terrel|tai rui er|teleol|tereru|trl|trl  tgzas|trl  tkzas|tyryl|Терел|Террелл|Тэрэл|טרל|ترل، تکزاس|ترل، تگزاس|تيريل|テレル|泰瑞爾|테럴
Texarkana,city,TX,33.42513,-94.04769,37280,TXK|Teksarkana|Texarcana|te ke sa ka na|tegsakaena|tekusakana|tksarkna  tgzas|tyksarkana|Тексаркана|تيكساركانا|تکسارکنا، تگزاس|ٹیکسرکینا، ٹیکساس|テクサーカナ|特克萨卡纳|텍사캐나
Texas City,city,TX,29.38385,-94.9027,47618,Teksas Siti|Teksasurbo|de ke sa si cheng|tekisasushiti|teksasa siti|tgzas syty  tgzas|tksas syty|Тексас Сити|تكساس سيتي|تگزاس سیتی، تگزاس|टेक्सास सिटी|テキサスシティ|德克薩斯城
The Colony,city,TX,33.08901,-96.88639,41779,Koloni|Kolonija|Te-Koloni|d klny  tgzas|d klny  tkzas|dh qwlwny|dha kwlwny|di kealani|ge luo li|Колони|Колония|Те-Колони|Те-Колоні|דה קולוני|د کلنی، تکزاس|د کلنی، تگزاس|ذا كولونى|ذا كولوني|ദി കോളനി|歌洛莉
The Woodlands,city,TX,30.15799,-95.48938,93847,Te-Vudlends|Vudlands|Woodlands|Ze-Vudlends|dha wwdlandz|wu de lan shi|wwdlndz  tgzas|Вудландс|Зе-Вудлендс|Те-Вудлендс|دی ووڈلینڈز، ٹیکساس|ذا وودلاندز|وودلندز، تگزاس|ザ・ウッドランズ|伍德蘭市
Timberwood Park,city,TX,29.69438,-98.49741,13447,
Tomball,city,TX,30.09716,-95.61605,11540,Tom Ball|Tombal|Tombol|Tomboll|tambal  tgzas|tambal  tkzas|tang mu bo er|tomuboru|twmbwl|Томбал|Томбол|Томболл|טומבול|تامبال، تکزاس|تامبال، تگزاس|تومبول|トムボール|湯姆博爾
Trophy Club,city,TX,32.9979,-97.18362,11759,
Tyler,city,TX,32.35126,-95.30106,103700,TYR|Tajler|tai lei|taira|taylr|taylr  tgzas|Тайлер|Тајлер|تايلر|تایلر، تگزاس|ٹائلر|ٹائلر، ٹیکساس|タイラー|泰勒
Universal City,city,TX,29.54801,-98.29112,19986,
University of Texas,city,TX,30.28604,-97.73889,53082,
University Park,city,TX,32.85013,-96.80028,24759,Juniversiti Park|Juniversiti-Park|ywnyfrsyty bark|ywnywr syty park  tkzas|ywnywrsyty park  tgzas|Јуниверсити Парк|Юниверсити-Парк|Юніверсіті-Парк|דאלאס/יוניברסיטי פארק|يونيفرسيتى بارك|يونيفرسيتي بارك|یونیور سیتی پارک، تکزاس|یونیورسیتی پارک، تگزاس|യൂണിവേഴ്സിറ്റി പാർക്ക്
Uvalde,city,TX,29.20968,-99.78617,16476,Juvalde|Juvaldi|UVA|afayld|you wa er di|yubaeldi|ywwald  tgzas|Јувалди|Ювалде|Ювалди|أفايلد|یووالد، تگزاس|尤瓦尔迪|유밸디
Vernon,city,TX,34.15536,-99.26628,10573,Eagle Flats|WIB|fyrnwn|wrnan  tgzas|Вернон|فيرنون|ورنان، تگزاس
Victoria,city,TX,28.80527,-97.0036,67574,Guadalupe Victoria|VCT|Viktorija|bigtolia|bikutoria|fyktwrya|wei duo li ya|wyktwrya  tgzas|Виктория|Викторија|فيكتوريا|وکٹوریہ، ٹیکساس|ویکتوریا، تگزاس|ビクトリア|維多利亞|빅토리아
Vidor,city,TX,30.1316,-94.01545,10945,
Waco,city,TX,31.54933,-97.14667,132356,ACT|Uehjko|Uejkou|Vako|Vejko|ueko|veko|wakw|wei ke|weiko|wykw|wykw  tgzas|wyyqw|Вако|Вейко|Вејко|Уейкоу|Уэйко|וייקו|واكو|ویکو|ویکو، تگزاس|ویکو، ٹیکساس|वेको|ウェーコ|韋科|韦科|웨이코
Watauga,city,TX,32.85791,-97.25474,24525,
Waxahachie,city,TX,32.38653,-96.84833,33384,Uaksakhachi|Voksakhachi|wksahachy  tgzas|wksahatshy  tksas|wogseohaechi|Воксахачи|Уаксахачи|وكساهاتشي، تكساس|وکساهاچی، تگزاس|웍서해치
Weatherford,city,TX,32.7593,-97.79725,28742,Vederford|WEA|wdrfrd  tgzas|wydhrfwrd|Ведерфорд|ودرفرد، تگزاس|ويذرفورد
Webster,city,TX,29.53773,-95.11826,11116,Vebster|uebusuta|wbstr|wbstr  tgzas|wbstr  tkzas|wei bo si te|wybstr|Вебстер|ובסטר|وبستر، تکزاس|وبستر، تگزاس|ويبستر|ویبسٹر، ٹیکساس|ウェブスター|韋伯斯特
Wells Branch,city,TX,30.44604,-97.67945,12120,Veks Branch|Vells-Branch|wls bransh|wlz branch|wlz branch  tkzas|Векс Бранч|Веллс-Бранч|ولز برانچ|ولز برانچ، تکزاس|ولس برانش
Weslaco,city,TX,26.15952,-97.99084,39474,Goueslako|Uehslako|Veslako|Veslejko|oyejalaku|uesurako|vesalako|veslako|vesleko|wei si la ke|weseulako|wesle ko|wslakw  tgzas|wslakw  tkzas|wyslakw|Γουεσλάκο|Веслако|Веслейко|Уэслако|وسلاکو، تکزاس|وسلاکو، تگزاس|ويسلاكو|ویسلاکو|वेसलाको|वेस्लाको|ওয়েজলাকু|વેસ્લેકો|வெஸ்லாகோ|వెస్లకో|ವೆಸ್ಲಾಕೋ|වෙලස්කෝ|เวสเลโก|ウェスラコ|韦斯拉科|웨스라코
West University Place,city,TX,29.71801,-95.43383,15741,Gouest Giouniversiti Pleis|Vest Juniversiti Plejs|Vest-Juniversiti-Plejs|wst ywnywrsyty plys  tgzas|wst ywnywrsyty plys  tkzas|wysant ywnyfrsyty blays|wyst ywnyfrsyty blays|Γουέστ Γιουνιβέρσιτι Πλέις|Вест Јуниверсити Плејс|Вест-Юниверсити-Плейс|Вест-Юніверсіті-Плейс|وست یونیورسیتی پلیس، تکزاس|وست یونیورسیتی پلیس، تگزاس|ويسانت يونيفرسيتى بلايس|ويست يونيفرسيتي بلايس
White Settlement,city,TX,32.75957,-97.45835,17077,Vajt Setlment|Vajt-Settlment|bai ju|wayt stlmnt  tgzas|wayt stlmnt  tkzas|wayt stlymynt|Вайт-Сеттлмент|Вајт Сетлмент|وايت ستليمينت|وایت ستلمنت، تکزاس|وایت ستلمنت، تگزاس|白居
Wichita Falls,city,TX,33.91371,-98.49339,104710,SPS|Uichito Fols|Uichito-Fols|Vichita Fols|Vichita-Fols|uichitaforuzu|vicita pholsa|wei qi tuo fu er si|wichitopolseu|wychyta falz  tgzas|wytshyta fwlz|Вичита Фолс|Вічита-Фолс|Уичито Фолс|Уичито-Фолс|ويتشيتا فولز|وچیٹا فالز|ویچیتا فالز، تگزاس|ویچیتا فالز، ٹیکساس|विचिटा फॉल्स|ウィチタフォールズ|威奇托福尔斯|위치토폴스
Wylie,city,TX,33.01512,-96.53888,46708,Vajli|vaili|wayly  tgzas|wyly|Вајли|وایلی، تگزاس|ويلي|വൈലി
Alexandria,city,VA,38.80484,-77.04692,159467,Aleksandri|Aleksandrija|Alexandria City|Allexandria|Belhaven|Belle Haven|Bellhaven|Chincoteague Creek|Gincatic Creek|Guicatic Run|alaskndryt|alksandrya  wyrjynya|allegsandeulia|arekusandoria|ya li shan de li ya|Александри|Александрия|Александрија|Александрія|Ալեքսանդրիա|אלכסנדריה|الإسكندرية|الکساندریا، ویرجینیا|الیگزینڈریا، ورجینیا|অ্যালেক্সান্ড্রিয়া|アレクサンドリア|亚历山德里亚|알렉산드리아
Annandale,city,VA,38.83039,-77.19637,41008,Anandejl|Анандејл
Arlington,city,VA,38.88101,-77.10428,207627,Arlingtonas|a ling dun xian|arinton|Арлингтон|アーリントン|阿靈頓縣
Ashburn,city,VA,39.04372,-77.48749,43511,Ashbern|Esbern|Eshbern|Eşbern|Farmville|Farmwell|Old Farmwell|a shen ben|aesyubeon|ashbrn  wyrjynya|ashbwrn|ashbwrn  wyrjynya|asshuban|aysh barn|Ашберн|Ашбърн|Ешберн|آشبورن|آشبورن، ویرجینیا|اشبرن، ویرجینیا|اشبورن|ایش بَرن|アッシュバーン|阿什本|애슈번
Baileys Crossroads,city,VA,38.85039,-77.1297,23643,Bailey Crossroads|Bailey's Crossroads|Baileys Cross Roads|Baily's Cross Roads|Balls X Roads|Bejlis Krosrods|Bejlis-Krossrouds|byly as krwsrwads|bylyz krasrwdz|bylyz krasrwdz  wyrjynya|Бейлис-Кроссроудс|Бейліс-Кроссроудс|Бејлис Кросродс|بيلي إس كروسروادس|بیلیز کراسرودز|بیلیز کراسرودز، ویرجینیا|ベイリーズ・クロスローズ
Blacksburg,city,VA,37.22957,-80.41394,44215,BCB|Blacksburgh|Blaecesburg|Blehksberg|Blehksburg|Bleksburg|Blæcesburg|Draper Meadows|Draper's Meadow|Draper's Meadows|Drapers Meadow|beullaegseubeogeu|blaksbrgh|blksbrg|burakkusubagu|hei bao|Блексбург|Блэксберг|Блэксбург|بلاكسبرغ|بلکسبرگ|ブラックスバーグ|黑堡|블랙스버그
Bon Air,city,VA,37.52487,-77.55777,16366,Bon Er|Bon-Ejr|Bonair|bwn ayr|bwn ayr  wyrjynya|Бон Ер|Бон-Ейр|بون أير|بون ایر|بون ایر، ویرجینیا
Brandermill,city,VA,37.43209,-77.64971,13173,
Bristol,city,VA,36.59649,-82.18847,17141,Bristol City|Goodson|Sappling Grove|brystwl|brystwl  wyrjynya|bu li si tuo er|burisutoru|Бристол|برسٹل، ورجینیا|بريستول|بریستول، ویرجینیا|ブリストル|布里斯托爾
Broadlands,city,VA,39.01816,-77.52027,12313,Brodlands|Brodlends|brawdlndz|brawdlndz  wyrjynya|Бродландс|Бродлендс|براودلندز|براودلندز، ویرجینیا|بروڈلینڈز، ورجینیا
Buckhall,city,VA,38.73178,-77.4311,16293,Bakgoll|Bakkhol|Бакголл|Бакхол|باک‌هال|باک‌هال، ویرجینیا
Bull Run,city,VA,38.78373,-77.52055,14983,
Burke,city,VA,38.79345,-77.27165,41055,Berk|brk  wyrjynya|Берк|برک، ویرجینیا
Cave Spring,city,VA,37.22764,-80.01282,24922,Cavespring|Kejv Spring|Kejv-Spring|kyf sbryngh|kyf sbrynj|kyw aspryng|kyw asprynq  wyrjynya|Кейв-Спринг|Кейв-Спрінг|Кејв Спринг|كيف سبرينج|كيف سبرينغ|کیو اسپرینق، ویرجینیا|کیو اسپرینگ
Centreville,city,VA,38.84039,-77.42888,71135,Centerville|New Gate|Newgate|Sentervil|sntrwyl  wyrjynya|Сентервил|سنترویل، ویرجینیا
Chantilly,city,VA,38.89428,-77.4311,23039,Chantilly Creek|Ox Hill|Shantili|Шантили
Charlottesville,city,VA,38.02931,-78.47668,46597,CHO|Charlottesvle|Sarlotsvilis|Sharlotsvil|Sharlotsvill|Sharlottsvill'|sharlwtsfyl|sharlwtzwyl  wyrjynya|sharottsubiru|syalleocheubil|sʼrlwtswwyl|xia lu di zhen|Šarlotsvilis|Шарлотсвил|Шарлотсвилл|Шарлоттсвилль|שארלוטסוויל|شارلوتزویل، ویرجینیا|شارلوتسفيل|شارلوٹزویل، ورجینیا|シャーロッツビル|夏律第鎮|샬러츠빌
Cherry Hill,city,VA,38.56984,-77.26693,16000,
Chesapeake,city,VA,36.81904,-76.27494,235429,Cesapikas|Chesapeack|Chesapijk|Chesapik|Norfolk County|South Norfolk|cespik|chesapiku|cheseopikeu|chsapyk  wrjynya|chsapyk  wyrjynya|qie sa pi ke|tshysabyk|z'spyq|Česapikas|Чесапийк|Чесапик|Чесапік|צ'ספיק|تشيسابيك|چساپیک، ورجینیا|چساپیک، ویرجینیا|ಚೆಸ್ಪೀಕ್|チェサピーク|切萨皮克|체서피크
Chester,city,VA,37.35682,-77.44165,20987,Cestro|chesuta|chstr|chstr  wyrjynya|qie si te|tshystr|Ĉestro|Честер|تشيستر|چستر|چستر، ویرجینیا|چیسٹر، ورجینیا|チェスター|切斯特
Christiansburg,city,VA,37.12985,-80.40894,21943,Bangs|Cambria|Christiansburgh|Hans Meadow|Krishchansburg|krystyansbwrgh|kurisuchanzubagu|Кришчансбург|كريستيانسبورغ|クリスチャンズバーグ
Colonial Heights,city,VA,37.26804,-77.40726,17820,Colonial Heights City|Kolonial-Khajts|Kolonijal Khajts|ke luo ni er hai ci|koroniaruhaitsu|kwlwnyal hayts  wyrjynya|kwlwnyl hayts|Колониал-Хайтс|Колонијал Хајтс|كولونيل هايتس|کولونیال هایتس، ویرجینیا|کولونیل ہائٹس، ورجینیا|コロニアルハイツ|科洛尼爾海茨
Countryside,city,VA,39.04094,-77.4136,10072,KantriSajd|Kantrisajd|КантриСайд|Кантрисајд|КантріСайд
Culpeper,city,VA,38.47318,-77.99666,17557,Fairfax|Kalpeper|kalapepara|karupepa|ku er pei po|kwlbybr|Калпепер|كولبيبر|कलपेपर|カルペパー|库尔佩珀
Dale City,city,VA,38.63706,-77.31109,65969,Dejl Siti|Дейл Сити|Дејл Сити
Danville,city,VA,36.58597,-79.39502,42082,DAN|Danvil|Danvill|Wynne's Falls|daenbil|dan wei er|danbiru|danfyl|dnwyl  wyrjynya|Данвил|Данвилл|دانفيل|دنویل، ویرجینیا|ڈینویل، ورجینیا|ダンビル|丹維爾|댄빌
Dranesville,city,VA,39.00067,-77.34582,11921,Drane's Tavern|Drejnsvil|Drejnsvill|dranzwyl|dranzwyl  wyrjynya|Дрейнсвилл|Дрейнсвілл|Дрејнсвил|درانزویل|درانزویل، ویرجینیا
East Hampton,city,VA,37.03737,-76.33161,147993,
East Highland Park,city,VA,37.58098,-77.40693,14796,
Fairfax,city,VA,38.84622,-77.30637,24013,City of Fairfax|Fairfax Court House|Ferfaks|Feurfaks|Providence|feafakkusu|fei er fa ke si|frfks  wyrjynya|fyrfaks|fyyrfyks  wrjynya|peeopaegseu|Ферфакс|Феърфакс|فرفکس، ویرجینیا|فيرفاكس|فیئرفیکس، ورجینیا|フェアファックス|費爾法克斯|페어팩스
Fairfax Station,city,VA,38.80095,-77.32554,12030,Ferfaks Stejshon|Ferfaks-Stejshen|Swetman|Swetnam|fyrfks astyshn|fyrfks astyshn  wyrjynya|Ферфакс Стејшон|Ферфакс-Стейшен|فیئرفیکس اسٹیشن، ورجینیا|فیرفکس استیشن|فیرفکس استیشن، ویرجینیا|フェアファックス・ステーション
Falls Church,city,VA,38.88233,-77.17109,13892,Falls Church City|Fols Cherch|Fols-Cherch|falz chrch  wyrjynya|foruzuchachi|fu er si che qi|fwlz chrch|fwlz tshyrsh|Фолс Черч|Фолс-Черч|فالز چرچ، ویرجینیا|فولز تشيرش|فولز چرچ|フォールズチャーチ|福爾斯徹奇
Franconia,city,VA,38.78206,-77.14637,18245,Franconia Station|Frankonija|ZFO|Франкония
Fredericksburg,city,VA,38.30318,-77.46054,28118,Fredericksburg City|Fredericksburgh|Frederiksberg|Frederiksburg|Fredricksburg|Lease-Land|Leaselands|frdrykzbrg  wyrjynya|frydryksbywrgh|fu lei de li ke si bao|furederikkusubagu|peuledeoligseubeogeu|Фредериксберг|Фредериксбург|Фредеріксбург|فردریکزبرگ، ویرجینیا|فريدريكسبيورغ|فریڈرکزبرگ، ورجینیا|ფრედერიკსბურგი|フレデリックスバーグ|弗雷德里克斯堡|프레더릭스버그
Front Royal,city,VA,38.91817,-78.19444,15070,FRR|Front Rojal|Hell Town|Helltown|Lehewtown|frwnt rwyal|fu lan te luo ya er|Фронт Ројал|فرونت رويال|弗兰特罗亚尔
Gainesville,city,VA,38.79567,-77.61388,11481,Gejnsvil|Gejnsvill|gai en si wei er|gayyns wyl|geinzuvuiru|ghynsfyl|qayyns wyl  wyrjynya|Гейнсвилл|Гейнсвілл|Гејнсвил|غينسفيل|قایینس ویل، ویرجینیا|گایینس ویل|ゲインズヴィル|蓋恩斯維爾
Glen Allen,city,VA,37.66598,-77.50637,14774,Glenallen
Great Falls,city,VA,38.99817,-77.28832,15427,Forestville|Grejt Fols|Grejt-Folls|Grejt-Fols|da pu bu cheng|gryt falz|qryt falz  wyrjynya|Грейт-Фоллс|Грейт-Фолс|Грејт Фолс|قریت فالز، ویرجینیا|گریت فالز|グレート・フォールズ|大瀑布城
Groveton,city,VA,38.76734,-77.0847,14598,Grouvton|Grovton|ghrwfytwn|grwwtwn|qrwwtwn  wyrjynya|Гровтон|Гроувтон|غروفيتون|قرووتون، ویرجینیا|گرووتون
Hampton,city,VA,37.02987,-76.34522,137148,Elizabeth City|Gempton|Hampton City|Hampton Town|Hamptonas|Kecoughtan|Khamptun|Khehmpton|Khempton|Kiccowtan|Kichotan|LFI|PHF|Southampton|haempeuteon|hambtwn|han pu dun|hanputon|hmptwn  wyrjynya|Гемптон|Хамптън|Хемптон|Хэмптон|هامبتون|همپتون، ویرجینیا|ہیمپٹن، ورجینیا|ハンプトン|漢普頓|햄프턴
Harrisonburg,city,VA,38.44957,-78.86892,52538,Harisonburg|Harrisonburg City|Hub of the Valley|Kharisonburg|Rockingham Court House|Rocktown|ha li sen bao|harisonbagu|haryswnbwrgh|hryswnbrg  wyrjynya|Харисонбург|هاريسونبورغ|هریسونبرگ، ویرجینیا|ہیریسنبرگ، ورجینیا|ハリソンバーグ|哈里森堡
Herndon,city,VA,38.96955,-77.3861,24568,Kherndon|hrndn  wyrjynya|hyrndwn|Херндон|هرندن، ویرجینیا|هيرندون
Highland Springs,city,VA,37.54598,-77.32776,15711,Gajlend-Springs|Khajland Springs|hayland sbrynghz|haylnd aspryngz|haylnd asprynqz  wyrjynya|Гайленд-Спрингс|Гайленд-Спрінгс|Хајланд Спрингс|هايلاند سبرينغز|هایلند اسپرینقز، ویرجینیا|هایلند اسپرینگز
Hollins,city,VA,37.34125,-79.9431,14673,Enon|Gollins|Kholins|halynz|halynz  wyrjynya|horinzu|hwlynz|Голлинс|Голлінс|Холинс|هالینز|هالینز، ویرجینیا|هولينز|ホリンズ
Hopewell,city,VA,37.30432,-77.2872,22378,Khopuehlla|Khoupvel|hopuueru|huo pu wei er|hwbwyl|Хопуэлла|Хоупвел|هوبويل|هوپ‌ول، ویرجینیا|ہوپویل، ورجینیا|ホープウェル|霍普維爾
Huntington,city,VA,38.79234,-77.07081,11267,Gantington|Khantington|hantynghtwn|hantyngtwn|hantynjtwn|heng ting dui|hwntynqtwn  wyrjynya|Гантингтон|Гантінгтон|Хантингтон|هانتينجتون|هانتينغتون|هانتینگتون|هونتینقتون، ویرجینیا|亨廷敦
Hybla Valley,city,VA,38.74761,-77.08303,15801,Gajbla-Velli|haybla wly|haybla wly  wyrjynya|hybla faly|Гайбла-Велли|Гайбла-Веллі|هایبلا ولی|هایبلا ولی، ویرجینیا|هيبلا فالي
Idylwood,city,VA,38.89511,-77.21165,17288,Ajdilvud|Idlewood|Idlywood|adylwwd|adylwwd  wyrjynya|aydylwwd|Айдилвуд|Айділвуд|إيديلوود|ادیلوود|ادیلوود، ویرجینیا
Lake Ridge,city,VA,38.68789,-77.29776,41058,Lejk Ridz|Lejk-Ridzh|lak rydj|lyk rydj|lyk rydj  wyrjynya|lyk ryj  wrjynya|Лейк-Ридж|Лејк Риџ|لاك ريدج|لیک ریج، ورجینیا|لیک ریدج|لیک ریدج، ویرجینیا
Lakeside,city,VA,37.60765,-77.47693,11849,Lejksajd|lakysydy|lyksayd|lyksayd  wyrjynya|Лейксайд|Лејксајд|لاكيسيدي|لیک سائڈ، ورجینیا|لیکساید|لیکساید، ویرجینیا
Laurel,city,VA,37.64292,-77.50887,16713,Hungary Station|Jenningsville School
Leesburg,city,VA,39.11566,-77.5636,51209,George Town|Georgetown|Leesburg (Virginia)|Leesburgh|Lizburg|Louisburg|lysbwrgh|lyzbrg  wrjynya|Лизбург|ليسبورغ|لیزبرگ، ورجینیا
Lincolnia,city,VA,38.81845,-77.14331,22855,Fairland|Linconia|Linkol'nija|Linkolnija|lin ke er ni ya|lynklnya|lynkwlnya|rinkania|Линколнија|Линкольния|Лінкольнія|لينكولنيا|لینکلنیا|リンカニア|林科尔尼亚
Linton Hall,city,VA,38.75984,-77.57499,35725,Linton Khol|Linton-Goll|lyntwn hal|lyntwn hal  wyrjynya|Линтон Хол|Линтон-Голл|Лінтон-Голл|لنٹن ہال، ورجینیا|لينتون هال|لینتون هال|لینتون هال، ویرجینیا
Lorton,city,VA,38.70428,-77.22776,18610,loteon|luo dun|lwrtwn|lwrtwn  wyrjynya|roton|Лортон|لورتون|لورتون، ویرجینیا|ロートン|洛顿|로턴
Lowes Island,city,VA,39.05983,-77.35221,10756,Loues Ajland|Lous-Ajlend|luo yi si dao|Лоуес Ајланд|Лоус-Айленд|洛伊斯岛
Lynchburg,city,VA,37.41375,-79.14225,79812,Campbell Court House|LYH|Linchberg|Linchburg|Lynchs Ferry|Lynchs Warehouse|lin qi bao|linchibeogeu|lynchbrg  wrjynya|lynchbrg  wyrjynya|lynshbrgh|rinchibagu|Линчберг|Линчбург|Линчбърг|لينشبرغ|لینچبرگ، ورجینیا|لینچبرگ، ویرجینیا|リンチバーグ|林奇堡|린치버그
Madison Heights,city,VA,37.43098,-79.12308,11285,
Manassas,city,VA,38.75095,-77.47527,41764,MNZ|Manasas|Manassa Junction|Manassas City|ma na sa si|manasas|manasas  wrjynya|manasasu|mnass  wyrjynya|Манасас|Манассас|ماناساس|ماناساس، ورجینیا|مناسس، ویرجینیا|マナサス|馬納薩斯
Manassas Park,city,VA,38.784,-77.46971,15726,Manasas Park|Manassas-Park|bark manasas|ma na sa si pa ke|manasas park  wrjynya|manasasupaku|mnass park  wyrjynya|Манасас Парк|Манассас-Парк|بارك ماناساس|ماناساس پارک، ورجینیا|مناسس پارک، ویرجینیا|マナサスパーク|馬納薩斯帕克
Martinsville,city,VA,36.69153,-79.87254,13645,Martinsvil|Martinsvill|Martinsville City|ma ding si wei er|martynsfyl|martynzwyl  wyrjynya|matinzubiru|Мартинсвил|Мартинсвилл|مارتينسفيل|مارتینزویل، ویرجینیا|مارٹنزویل، ورجینیا|マーティンズビル|馬丁斯維爾
McLean,city,VA,38.93428,-77.17748,48115,Ingleside|Mak-Lejn|Maklejn|Maklin|maekeullein|mai ke li en|mai ke lin|maklyn|makurin|mklyn  wrjynya|mklyn  wyrjynya|mqlyn|Мак-Лейн|Маклейн|Маклејн|Маклин|ՄաքԼին|מקלין|ماكلين|مکلین، ورجینیا|مکلین، ویرجینیا|مک‌لین، ویرجینیا|マクリーン|麥克利恩|麥克林|麦克林|매클레인
Mechanicsville,city,VA,37.60876,-77.37331,36348,Mekaniksvil|Меканиксвил
Merrifield,city,VA,38.87428,-77.22693,15212,Mills Cross Roads|Slabtown
Midlothian,city,VA,37.50598,-77.64916,18320,
Montclair,city,VA,38.61095,-77.33971,19570,Montkler|mwnt klyr|mwnt klyr  wyrjynya|mwntklayr|Монтклер|مونت کلیر|مونت کلیر، ویرجینیا|مونتكلاير|مونٹکلئر، ورجینیا
Newington,city,VA,38.73845,-77.18498,12943,Accotink Station|Truro Glebe
Newport News,city,VA,36.98038,-76.42975,186247,N'juport-N'jus|New Port Newce|New Porte Newce|Newport Ness|Newport Newse|Newport's News|Newportes Newce|Newportes Newes|Newports News|PHF|Point Hope|Pointe Hope|Porte Newce|The New Port of the Newces|ZWW|Ньюпорт-Ньюс
Norfolk,city,VA,36.84681,-76.28522,238005,Norfalk|Norfok|Norfolk City|Norfolka|Norfolkas|Norfolko|ORF|narfwk  wrjynya|nofoku|nopeog|nuo fu ke|nwrfwk  wyrjynya|nwrfwlk|nwrpwq|Норфалк|Норфок|Норфолк|נורפוק|نارفوک، ورجینیا|نورفولك|نورفوک، ویرجینیا|ნორფოლკი|ノーフォーク|諾福克|노퍽
Oakton,city,VA,38.88095,-77.30082,34166,Flint Hill|Oukton|ao ke dun|awaktwn  wyrjynya|awktn  wyrjynya|awktwn|feafakkusu jun|Оуктон|אוקטון|أوكتون|اواکتون، ویرجینیا|اوکتن، ویرجینیا|フェアファックス郡|奥克顿
Petersburg,city,VA,37.22793,-77.40193,32477,Appamatuck|Cockade City|Fals|Fort Henry|PTB|Peter's Point|Peterburg|Peters Point|Petersburg City|Petersburgh|Pitersberg|Pitersburg|The Cockade City|bi de si bao|btrsbrgh|pitazubagu|piteoseubeogeu|pytrzbwrg  wyrjynya|Петербург|Питерсберг|Питерсбург|Пітерсбург|بطرسبرغ|پیترزبورگ، ویرجینیا|پیٹرزبرگ، ورجینیا|ピーターズバーグ|彼得斯堡|피터스버그
Poquoson,city,VA,37.12237,-76.34578,12059,Jeffs|Po-co-son|Pokoson|Poquosin|bwkywswn|pakwsn  wyrjynya|pokoson|pu ku sen shi|pwkwyswn  wrjynya|Покосон|بوكيوسون|پاکوسن، ویرجینیا|پوکوئسون، ورجینیا|ポコソン|普庫森市
Portsmouth,city,VA,36.83543,-76.29827,96201,Portsmut|bwrtsmwth|pocheumeoseu|potsumasu|pu ci mao si|pwrtsmwt|pwrtsmwth  wyrjynya|Портсмут|פורטסמות|بورتسموث|پورتسموث، ویرجینیا|پورٹسماؤت، ورجینیا|ポーツマス|朴次茅斯|포츠머스
Portsmouth Heights,city,VA,36.82098,-76.36883,99049,
Radford,city,VA,37.13179,-80.57645,17403,Central|Central Depot|Ingles Ferry|Lovely Mount|Radford Furnace|la de fu|radfwrd|radofodo|rdfwrd  wyrjynya|Радфорд|رادفورد|راڈفورڈ، ورجینیا|ردفورد، ویرجینیا|ラドフォード|拉德福
Reston,city,VA,38.96872,-77.3411,58404,Thornton Station|Thornton's Station|Wiehle|li si dun|resuton|rstwn  wyrjynya|Рестон|رستون، ویرجینیا|レストン|里斯頓|里斯顿
Richmond,city,VA,37.55376,-77.46026,226610,Manchester|None Such|RIC|Richmond City|Richmund|Ricmonda|Ricmondas|Ricmondia|Ricmondo|Ricmonds|Ritsmont|Riĉmondo|Ričmonda|Ričmondas|Ričmonds|Rychmand|Shoccoe's|Shockoe|li shi man|lichimeondeu|lie zhi wen|rchmnڈ|ricamanda|ricmand|ricmant|ritchimondo|rychmwnd|rychmwnd  wyrjynya|rytshmwnd|ryzmwnd|Ρίτσμοντ|Ричмонд|Ричмънд|Рычманд|Ռիչմոնդ|ריצמונד|ريتشموند|رچمنڈ|رچمنڈ، ورجینیا|ریچموند|ریچموند، ویرجینیا|रिचमंड|रिचमन्ड|रिच्मन्ड्|ரிச்மண்ட்|リッチモンド|列治文|里士满|리치먼드
Roanoke,city,VA,37.27097,-79.94143,100011,Big Lick|Old Lick|ROA|Rawrenock|Rhoanoke|Roanok|Roanoke City|Rowrenoc|Rōwrenoc|Star City|Star City of the SouMagic City|The own|lo-eonokeu|luo a nuo ke|ro'anoka|roanoku|rwanwk|rwanwk  wrjynya|rwnwk  wyrjynya|Роанок|רואנוק|روانوك|روانوک، ورجینیا|رونوک، ویرجینیا|रोआनोक|ロアノーク|羅阿諾克|로어노크
Rose Hill,city,VA,38.78872,-77.11276,20226,Rouz Khil|Rouz-Gill|roja hila|rz hyl  fayrfaks kanty  wyrjynya|Роуз Хил|Роуз-Гилл|Роуз-Гілл|رز هیل، فایرفاکس کانتی، ویرجینیا|রোজ হিল
Salem,city,VA,37.29347,-80.05476,25432,Fauquier|Salem (Virginia)|Salem City|Sejlem|sai lei mu|salm|seiramu|slym  wyrjynya|sylm  wrjynya|Салем|Сейлем|Сејлем|سالم|سلیم، ویرجینیا|سیلم، ورجینیا|セイラム|塞勒姆
Short Pump,city,VA,37.65042,-77.61249,24729,
South Riding,city,VA,38.92094,-77.50388,24256,Saut Rajding|Saut-Rajding|sawt raydyng|sawt raydynq  wyrjynya|Саут Рајдинг|Саут-Райдинг|Саут-Райдінг|ساوت رایدینق، ویرجینیا|ساوت رایدینگ
South Suffolk,city,VA,36.71709,-76.59023,80690,
Springfield,city,VA,38.78928,-77.1872,30484,Springfild|aspryngfyld  wyrjynya|aysprynqfyld  wyrjynya|chun tian shi|sbrynghfyld|sbrynjfyld|si pu lin fei er de|spryngpyld|supuringufirudo|Спрингфилд|Спрінгфілд|ספרינגפילד|اسپرینگفیلد، ویرجینیا|ایسپرینقفیلد، ویرجینیا|سبرينجفيلد|سبرينغفيلد|سپرنگفیلڈ، ورجینیا|ߛߔߑߙ߭ߌ߲ߜ߭ߑߝߌߍߟߘ|スプリングフィールド|斯普林菲爾德|春田市
Staunton,city,VA,38.14991,-79.0732,24416,Augusta Court House|Mill Place|Stanton|Staunton City|Stonton|astntwn  wyrjynya|si tang dun|stwntwn|sutanton|Стантон|Стонтон|استنتون، ویرجینیا|ستونتون|سٹانٹن، ورجینیا|スタントン|斯湯頓
Sterling,city,VA,39.00622,-77.4286,27822,Guilford|Guilford Station|Loudoun|Old Sterling|Sturling|Whaleys Store|Стерлинг|Стърлинг
Sudley,city,VA,38.79289,-77.49749,16203,Sadli|sadly|sadly  wyrjynya|Садли|Садлі|سادلی|سادلی، ویرجینیا
Suffolk,city,VA,36.72836,-76.58496,88161,Constances Warehouse|Contant's Wharf|Saffolk|Safok|Sleepy Hole|Suffolk City|sa fu ke|safk  wyrjynya|safoku|seopeog|swfwlk|swfwlk  wrjynya|Сафок|Саффолк|سافک، ویرجینیا|سوفولك|سوفولک، ورجینیا|サフォーク|薩福克|서퍽
Sugarland Run,city,VA,39.03761,-77.37526,11799,Shugarland Ran|Shugarlend-Ran|shwgrlnd ran  wyrjynya|Шугарланд Ран|Шугарленд-Ран|شوگرلند ران، ویرجینیا
Timberlake,city,VA,37.3207,-79.25753,12183,Timber Lake
Tuckahoe,city,VA,37.59015,-77.55638,44990,
Tysons,city,VA,38.91872,-77.23109,19627,Peach Grove|Peach Grove Crossroads|Tajsons Korner|Tyson's Corner|Tysons Corner|Tysons Cross Roads|Tysons Crossroads|tayswnz krnr  wyrjynya|Тајсонс Корнер|تایسونز کرنر، ویرجینیا
Vienna,city,VA,38.90122,-77.26526,16522,Ayr Hill|Vijena|vuina|wyana  wrjynya|Вијена|ویانا، ورجینیا|ヴィーナ
Virginia Beach,city,VA,36.85293,-75.97799,454808,Litus Virginiae|NTU|Verdzhinija-Bich|Vijini Beach|Virciniya Bic|Virciniya Biç|Virdzhini-Bich|Virdzhinija Bijch|Virdzhinija-Bich|Virdzhynija-Bich|Virdzinija Bich|Virdzinija Bycas|Virdzinijabica|Virdžinija Byčas|Virdžīnijabīča|Virginia Beach City|Virginian Bch|Virginija-Bich|Virginijabico|Virgìnia Beach|Virtzinia Bits|Virĝinijabiĉo|bajiniabichi|beojiniabichi|bharjiniya bica|frjynya bytsh|vharjiniya bica|virjinia-bichi|wei zhen ni ya hai tan|wexr ci neiy bich|wrjynya bych|wyrgynyh byz|wyrjynya bych  wyrjynya|Βιρτζίνια Μπιτς|Верджиния-Бич|Виргиния-Бич|Вирджини-Бич|Вирджиния Бийч|Вирджиния-Бич|Вирџинија Бич|Вірджинія-Біч|Вірджынія-Біч|Վիրջինիա Բիչ|וירגיניה ביץ|فرجينيا بيتش|ورجینیا بیچ|ویرجینیا بیچ، ویرجینیا|व्हर्जिनिया बीच|ভার্জিনিয়া বিচ|เวอร์จิเนียบีช|ვირჯინია-ბიჩი|バージニアビーチ|維珍尼亞海灘|버지니아비치
Waynesboro,city,VA,38.06847,-78.88947,21491,Teesville|Vejnsboro|Waynesborough|ueinzuboro|waynysbwrw|wei en si bo lei|wynzbwrw  wyrjynya|wyynzbwrw  wrjynya|Вејнсборо|واينيسبورو|ویئنزبورو، ورجینیا|وینزبورو، ویرجینیا|ウェインズボロ|韋恩斯伯勒
West Lynchburg,city,VA,37.4032,-79.17808,65517,
West Springfield,city,VA,38.77261,-77.22109,22460,Fairfax Park
Williamsburg,city,VA,37.2707,-76.70746,15052,Middle Plantation|Uil'jamsberg|Uiljamsburg|Vilijamsburg|Williamsbourg|Williamsburg City|Williamsburg i Virginia|ZWB|uiriamuzubagu|wei lian si bao|willieomseubeogeu|wylmzbrg  wrjynya|wylyamzbrg  wyrjynya|wylyamzbrgh|Вилијамсбург|Уильямсберг|Уилямсбърг|ويليامزبرغ|ویلمزبرگ، ورجینیا|ویلیامزبرگ، ویرجینیا|ウィリアムズバーグ|威廉斯堡|윌리엄스버그
Winchester,city,VA,39.18566,-78.16333,27284,Frederick Town|Fredericktown|Old Town|Opequon|Uinchestur|Vincestro|Vinchester|Vinĉestro|WGO|uinchesuta|wen che si te|wincheseuteo|wynchstr  wyrjynya|wynshstr|Винчестер|Уинчестър|ونچیسٹر، ورجینیا|وينشستر|وینچستر، ویرجینیا|ウィンチェスター|溫徹斯特|윈체스터
Wolf Trap,city,VA,38.93983,-77.28609,16131,
Woodlawn,city,VA,38.71678,-77.13276,20804,
Beckley,city,WV,37.77817,-81.18816,17056,BKW|Beckleyville|Bekli|Raleigh|Raleigh Court House|bekeulli|bkly  wyrjynyay ghrby|Бекли|بکلی، ویرجینیای غربی|베클리
Bluefield,city,WV,37.26984,-81.22232,10323,BLF|Beaver Pond Spring|Beaver Pond Springs|Bloufilnt|Blufayld|Blufijld|Blufild|Blyufild|beullupildeu|blwfyld|blwfyld  wyrjynyay ghrby|blwpyld|bu lu fei er de|burufirudo|Μπλούφιλντ|Блуфийлд|Блуфилд|Блуфілд|Բլյուֆիլդ|בלופילד|بلوفيلد|بلوفیلد|بلوفیلد، ویرجینیای غربی|ブルーフィールド|布魯菲爾德|布鲁菲尔德|블루필드
Charleston,city,WV,38.34982,-81.63262,46838,CRW|Carlstona|Carlstonas|Carlstons|Carolopolis|Charles Town|Charleston i Vest-Virginia|Charleston-on-the-Kanawha|Charlestown|Charlstan|Charlston|Charlstun|Clendenin's Settlement|Clendenins Fort|Clendenins Settlement|Fort Clendennin|Fort Lee|Kanawha|Kanawha Court House|Mouth of Elk|The Town at the Mouth of Elk|Tsarlston|carlsatan|carlsatana|carlstan|carlstana|cha er si dun|chalseuteon|charlstwn|charusuton|tsharlstwn|zʼrlstwn|Čarlstonas|Čarlstons|Čārlstona|Τσάρλστον|Чарлстан|Чарлстон|Чарлстън|Չարլսթոն|צארלסטון|تشارلستون|چارلستون|چارلسٹن|چارلسٹن، مغربی ورجینیا|चार्ल्सटन|चार्ल्सटन्|चार्ल्स्टन|சார்ல்ஸ்டன்|チャールストン|查尔斯顿|찰스턴
Clarksburg,city,WV,39.28065,-80.34453,16152,CKB|Clarkes Town|Clarkesburg|Clarkesburgh|Klarksberg|Klarksburg|ke la ke si bao|klarksbrg  mghrby wrjynya|klarksbrg  wyrjynyay ghrby|klarksbwrgh|kurakusubagu|Кларксберг|Кларксбург|كلاركسبورغ|کلارکسبرگ، مغربی ورجینیا|کلارکسبرگ، ویرجینیای غربی|クラークスバーグ|克拉克斯堡
Fairmont,city,WV,39.48508,-80.14258,18733,Fehrmont|Fermont|Middletown|Palatine|Polsley|Polsleys|Polsleys Mill|Polsleys Mills|feamonto|fei er meng te|frmwnt  wyrjynyay ghrby|fyrmwnt|Фермонт|Фэрмонт|فرمونت، ویرجینیای غربی|فيرمونت|فیئرمونٹ، مغربی ورجینیا|フェアモント|费尔蒙特
Huntington,city,WV,38.41925,-82.44515,48638,Gantington|Guyandot|Guyandotte|HTS|Holderbys Landing|Khantington|Khuntingtun|Maple Grove|hantinton|hantyngtwn  wyrjynyay ghrby|heng ting dun|heontingteon|hnghtynghtwn|Гантінґтон|Хантингтон|Хънтингтън|האנטינגטון|هانتینگتون، ویرجینیای غربی|هنغتينغتون|ہنٹنگٹن، مغربی ورجینیا|ハンティントン|亨廷顿|헌팅턴
Martinsburg,city,WV,39.45621,-77.96389,17700,MRB|Martinopolis|Martins Town|Martins-Burgh|Martinsberg|Martinsburgh|Martinsville|ma ding si bao|martynzbrg  wyrjynyay ghrby|matinjeubeogeu|matinzubagu|mrtynsbwrgh|Мартинсберг|Мартинсбург|Мартінсбург|مارتینزبرگ، ویرجینیای غربی|مارٹنسبرگ، مغربی ورجینیا|مرتينسبورغ|マーティンズバーグ|马丁斯堡|마틴즈버그
Morgantown,city,WV,39.62953,-79.9559,30708,MGW|Monongahela Court House|Morgan Town|Morganopolis|Morgans Town|Morgans-Town|Morganstown|Morgantaun|Morgantown (West Virginia)|mo gen dui|mogantaun|mogeontaun|mrgntawn  wyrjynyay ghrby|mwrghantawn|Моргантаун|مرگنتاون، ویرجینیای غربی|مورغانتاون|مورگن ٹاؤن، مغربی ورجینیا|モーガンタウン|摩根敦|모건타운
Parkersburg,city,WV,39.26674,-81.56151,30991,Neals Landing|Neals Station|Newport|PKB|Parkersberg|Parkersburgh|Parkursburg|Stokelyville|The Point|barkrsbwrgh|pa ke si bao|pakazubagu|pakeojeubeogeu|parkrzbrg  mghrby wrjynya|parkrzbrg  wyrjynyay ghrby|Паркерсберг|Паркерсбург|Паркърсбърг|باركرسبورغ|پارکرزبرگ، مغربی ورجینیا|پارکرزبرگ، ویرجینیای غربی|パーカーズバーグ|帕克斯堡|파커즈버그
Saint Albans,city,WV,38.38565,-81.83624,11044,Coals Mouth|Coalsmouth|Cole's Mouth|Kanawha City|Philippi|St. Albans
South Charleston,city,WV,38.36843,-81.69957,13045,Saut Charlston|Saut-Charlston|nan cha er si dun|sausucharusuton|sawth tsharlstwn|Саут Чарлстон|Саут-Чарлстон|جنوبی چارلسٹن، مغربی ورجینیا|ساوث تشارلستون|サウスチャールストン|南查爾斯頓
Teays Valley,city,WV,38.45009,-81.9293,13175,
Vienna,city,WV,39.32702,-81.54846,10573,V'enna|Vajena|biena|fyyna|wei ye na|wyana  mghrby wrjynya|wyna  baty wyrjynya|wyna  wyrjynyay ghrby|В'єнна|Вајена|Виенна|فيينا|ویانا، مغربی ورجینیا|وینا، باتی ویرجینیا|وینا، ویرجینیای غربی|ビエナ|维也纳
Sherwood,city,AR,34.81509,-92.22432,30517,Shervud|seravuda|shrwwd|shyrwwd|Шервуд|شروود|شيروود|شیرووڈ، آرکنساس|शेरवूड
Franklin,city,IN,39.48061,-86.05499,24598,franklyn|franklyn  ayndyana|fu lan ke lin|peulaengkeullin|Франклин|فرانكلين|فرانکلین، ایندیانا|فرینکلن، انڈیانا|富蘭克林|프랭클린
Chillicothe,city,OH,39.33312,-82.9824,21727,Chilcotha|Chilecothe|Chilicotha|Chilicothe|Chillakothe
Bay City,city,TX,28.98276,-95.9694,17598,BBC|Bej Siti|Bej-Siti|bay syty|beishiti|beisiti|by syty  tgzas|Бей-Сити|Беј Сити|باي سيتي|بی سیتی، تگزاس|ベイシティ|베이시티
Alabaster,city,AL,33.24428,-86.81638,32707,Alebastr|a la ba si te|alabastr  alabama|alabastyr|elbyastara|Алабастер|Алебастр|آلاباستر، آلاباما|ألاباستير|एल्ब्यास्टर|阿拉巴斯特
Albertville,city,AL,34.26783,-86.20878,21462,Al'bertvill|Albertvil|ai bo te wei er|albartabhila|albrt‌wyl|albyrtfyl|Албертвил|Альбертвилл|Альбертвілл|آلبرت‌ویل|ألبيرتفيل|البيرتفيل|अल्बर्टभिल|艾伯特维尔
Alexander City,city,AL,32.94401,-85.95385,14718,ALX|Aleksander Siti|Aleksander-Siti|Alexander|Youngsville|alekjendara siti|alksandr syty|alksndr syty|ya li shan da cheng|Александер Сити|Александер-Сіті|آلکساندر سیتی|ألكسندر سيتي|अलेक्जेन्डर सिटी|亚历山大城
Anniston,city,AL,33.65983,-85.83163,22347,ANB|Aniston|Annies Town|Woodstock|aeniseuteon|an ni si dui|anisuton|annistana|annystwn|anystwn|enisatana|Анистон|Аннистон|Анністон|آنیستون|أننيستون|انیسٹن، الاباما|अन्निस्टन|एनिसटन|アニストン|安尼斯敦|애니스턴
Athens,city,AL,34.80243,-86.97219,24966,Afini|Atens|Athenson|a sen si|aeseonseu|athnz|atn  alabama|ethensa|Атенс|Афіни|آتن، آلاباما|آثنز|ایتھنز، الاباما|एथेन्स|阿森斯|애선스
Atmore,city,AL,31.02379,-87.49387,10049,Atmor|Ehtmar|Williams Station|a te mo er|atmwr|etmora|Атмор|Атморе|Этмар|אטמור|آتمور|أتمور|اتمور|एट्मोर|阿特莫尔
Auburn,city,AL,32.60986,-85.48078,62059,AUO|Obern|a'ubarna|abarna|abrn  alabama|awbwrn|oban|obeon|ou ben|Оберн|آبرن، آلاباما|آبرن، الاباما|أوبورن|अउबर्न|अबर्न|オーバーン|歐本|오번
Canton,city,IL,40.55809,-90.03512,14211,Kanton|kan dun|kanton|kantwn|kantwn  aylynwy|kyantana|Кантон|كانتون|کانتون، ایلینوی|کینٹن، الینوائے|क्यान्टन|カントン|坎頓|坎顿
Glendale Heights,city,IL,41.9146,-88.06486,34208,
Cromwell,city,CT,41.5951,-72.64537,13750,Kromvehll|Kromvel'|Kromvell|krwmwyl|Кромвелл|Кромвель|Кромвэлл|كرومويل|کرامویل، کنیکٹیکٹ
North Andover,city,MA,42.6987,-71.13506,28222,Andover Septentrionalis|Nors Andover|North Andover Center|North Andover Depot|andrwr shmaly  masachwst|Норс Андовер|اندرور شمالی، ماساچوست
Revere,city,MA,42.40843,-71.01199,53422,North Chelsea|Rehvia|Revir|Riviur|li wei er|libieo|rfyr|ribia|rwy‌yr  masachwst|Ревир|Ривиър|Рэвиа|راویر، میساچوسٹس|رفير|روی‌یر، ماساچوست|リビア|里维尔|리비어
Danbury,city,CT,41.39482,-73.45401,84657,Beantown|DXR|Danberi|Danbjuri|Danburi|The Hatchery|daenbeli|dan bo li|danberi|danbry|danbry  kntykt|denabari|dyanabari|Данбери|Данбері|Данбъри|Данбюри|دانبري|دانبری، کنتیکت|ڈینبری، کنیکٹیکٹ|डॅनबरी|ड्यानबरी|แดนเบอรี|ダンベリー|丹伯里|댄베리
Darien,city,CT,41.07871,-73.46929,20732,Dariehn|Dehrien|Derian|Derijen|da li an|da li en|daelien|darian|daryn|deriyana|dryn  kntykt|Дариен|Дариэн|Дериан|Деријен|Деріан|Дэриен|דריאן|دارين|درین، کنتیکت|ڈیرین، کنیکٹیکٹ|डेरियन|ダリアン|达里恩|達里安|達里恩|대리엔
Inkster,city,MI,42.2942,-83.30993,24672,In'kster|ankstr|aynkstr  myshygan|aynkstr  myshyqan|inkusuta|ying ke si te|Ίνκστερ|Інкстер|Инкстер|إنكستر|انكستر|اینکستر، میشیقان|اینکستر، میشیگان|インクスター|英克斯特
Derby,city,CT,41.32065,-73.089,12700,Birmingham|Dehrbi|Derbi|East Huntington|Ntermpi|dabi|darbi|de bi|deobi|drby|drby  kantykt|drby  kntykt|Ντέρμπι|Дерби|Дербі|Дэрби|برمنگھم، کنیکٹیکٹ|دربى|دربي|دربی، کانتیکت|دربی، کنتیکت|डर्बी|ダービー|德比|더비
Watervliet,city,NY,42.73008,-73.70123,10214,Gibbonsville|Port Schuyler|Uotervlit|Vatervlejt|Votervlit|Washington|West Troy|Wатервлиет|uotaburito|wa te fu li te|watrwyt  nywywrk|wtrflyt|Ватервлейт|Вотервлит|Вотервліт|Уотервлит|واترویت، نیویورک|واٹرولیٹ، نیو یارک|وترفليت|വാട്ടർവ്ലിയെറ്റ്|ウォーターブリート|瓦特弗利特
Cleveland Heights,city,OH,41.52005,-81.55624,44962,Klevalehnd Khehjts|Kliveland Khajts|Klivlend-Khajts|ke li fu lan gao de|klyfland hayts|klywlnd hayts  awhayw|Клевалэнд Хэйтс|Кливеланд Хајтс|Кливленд-Хайтс|كليفلاند هايتس|کلیولند هایتس، اوهایو|克利夫兰高地
East Hartford,city,CT,41.78232,-72.61203,51252,EHT|Ist Khartford|ayst hartfwrd|ista hartapharda|isutohatofodo|Ист Хартфорд|إيست هارتفورد|ایسٹ ہارٹفورڈ، کنیکٹیکٹ|इस्ट हार्टफर्ड|イーストハートフォード
East Haven,city,CT,41.27621,-72.86843,29257,East Village|Easthaven|Iron Works Village|Ist Khehven|Ist Khejven|Mioonkh-tuk|ayst hyfn|ista hyabhena|Ист Хејвен|Ист Хэвен|إيست هيفن|ایسٹ ہیون، کنیکٹیکٹ|इस्ट ह्याभेन
East Norwalk,city,CT,41.10565,-73.39845,84530,nwrwak shrqy|نورواک شرقی
Roxborough,city,PA,40.03817,-75.2224,14131,Rocksburrow|Roxboro
Ellington,city,CT,41.90399,-72.46981,14693,Dexter|Ehllington|Elenton|Ellington Center|Great Marsh|Great Swamp|Waazkashuck|Weaxkashuck|Weraxshuck|alynghtwn|Эллингтон|إلينغتون|ایلنگٹن، کنیکٹیکٹ
Enfield,city,CT,41.97621,-72.59176,45212,Ehnfild|Freshwater|aynfyld|enfirudo|Энфилд|إينفيلد|اینفیلڈ، کنیکٹیکٹ|エンフィールド
Fairfield,city,CT,41.14121,-73.26373,59052,Fajrfild|Fehrfild|Fejrfild|Feurfijld|Feurfild|Uncoa|feafirudo|fei er fei er de|fyrfyld|fyrfyld  kntykt|peeopildeu|Файрфилд|Фейрфілд|Феърфийлд|Феърфилд|Фэрфилд|فيرفيلد|فیئرفیلڈ، کونیکٹیکٹ|فیرفیلد، کنتیکت|フェアフィールド|費爾菲爾德|페어필드
Farmington,city,CT,41.71982,-72.83204,25000,Farmington Village|farmnghtwn|farmyngtwn  kntykt|Фармингтон|Фармінґтон|فارمنغتون|فارمنگٹن، کنیکٹیکٹ|فارمینگتون، کنتیکت
Glastonbury,city,CT,41.71232,-72.60815,31876,Glastenbury|Glastonberi|Glastonbjuri|Naubuc|Watertuyn|ghlastwnbwry|Гластонбери|Гластонбюри|غلاستونبوري|گلیسٹنبری، کنیکٹیکٹ
Greenwich,city,CT,41.02649,-73.62846,12942,Grinuich|Grinvich|Horse Neck|ge lin ni zhi|geulinichi|ghrynwytsh|grynwych  kntykt|gurinijji|Гринвич|Гринуич|Ґринвіч|غرينويتش|گرینویچ، کنتیکت|گرینچ، کنیکٹیکٹ|グリニッジ|格林尼治|그리니치
Guilford,city,CT,41.28899,-72.68176,22498,Gilford|Gilford Senter|Guilford Center|Menunkatucket|ghwylfwrd|gilapharda sentara|Гилфорд|Гилфорд Сентер|غويلفورد|گیلفورڈ، کنیکٹیکٹ|गिलफर्ड सेन्टर
Hamden,city,CT,41.39593,-72.89677,59847,Khamdehn|hamdn|hamuden|Хамдэн|هامدن|ہیمڈن، کنیکٹیکٹ|ハムデン
Hartford,city,CT,41.76371,-72.68509,121054,Chartfornt|Gartford|HFD|Halakepoka|Hartforda|Hartfordas|Hartfordia|Hartfords|Hārtforda|Kharford|Khartfard|Khartford|Newtown|Siti of Khartford|Suckiag|ha te fu|hartafard|hartaforda|hartapharda|hartaphorda|hartfwrd|hartfwrd  kntykt|hartpart|hateupeodeu|hatofodo|hrtpwrd|Χάρτφορντ|Гартфорд|Сити оф Хартфорд|Хартфард|Хартфорд|Харфорд|Ҳартфорд|Հարթֆորդ|הרטפורד|هارتفورد|هارتفورد، کنتیکت|ہارٹفورڈ|ہارٹفورڈ، کنیکٹیکٹ|हार्टफर्ड|हार्टफ़र्ड्|हार्टफ़ोर्ड|हार्टफोर्ड|हार्तफर्द|ஹார்ட்பர்ட்|ハートフォード|哈特福|하트퍼드
Killingly Center,city,CT,41.83871,-71.86924,17282,Aspenock|Killingly
Ledyard,city,CT,41.43982,-72.01424,15212,Led Yard|Ledyard Center|Maushantuxet
Madison,city,CT,41.27954,-72.59843,19100,East Guilford|MPE|Madison Center|Medison|Medison Senter|Mehdison|madyswn|myadisana sentara|Мадисон|Медисон Сентер|Медісон|Мэдисон|ماديسون|میڈیسون، کونیکٹیکوٹ|म्याडिसन सेन्टर
Manchester,city,CT,41.77593,-72.52148,30577,Central Manchester|Manchester Center|manchesuta|manshstr|mnchstr  kntykt|sentrala myancestara|Манчестер|مانشستر|مانچسٹر، کنیکٹیکٹ|منچستر، کنتیکت|सेन्ट्रल म्यांचेस्टर|マンチェスター
Mansfield City,city,CT,41.76593,-72.23369,26439,Mansfield
Meriden,city,CT,41.53815,-72.80704,59988,Meridehn|Silver City|mei li deng|meridena|mrydn  kntykt|myrydyan|Мериден|Меридэн|Меріден|مریدن، کنتیکت|ميريديان|میریڈن، کنیکٹیکٹ|मेरिडेन|メリデン|梅里登
Middletown,city,CT,41.56232,-72.65065,46756,Mattabeseck|Mattabesett|Mattabesset|Middltaun|Middltoun|Midltaun|Midltoun|Mintltaoun|mi de er dui|midalata'una|mideultaun|midorutaun|mydltawn|mydltwwn  kantykt|Μίντλταουν|Миддлтаун|Миддлтоун|Мидлтаун|Міддлтаун|Мідлтаўн|Միդլթաուն|מידלטאון|ميدلتاون|مڈل ٹاؤن، کنیکٹیکٹ|میدلتوون، کانتیکت|میدل‌تاون، کنتیکت|मिडलटाउन|ミドルタウン|米德尔敦|米德爾敦|미들타운
Milford,city,CT,41.22232,-73.0565,52759,Four Corners|Milfordas|Milfornt|Millfort|Wepowaug|mi er fu de|milapharda|milaphorda|milpeodeu|mirufodo|myldfwrd  kntykt|mylfwrd|mylfwrd  kantykt|mylpwrd|Μίλφορντ|Милфорд|Мілфорд|Միլֆորդ|מילפורד|ميلفورد|میلدفورد، کنتیکت|میلفورد، کانتیکت|میلفورڈ، کنیکٹیکٹ|मिलफर्ड|मिलफोर्ड|ミルフォード|米尔福德|米爾福德|밀퍼드
Montville Center,city,CT,41.47899,-72.15119,20180,Montville
Naugatuck,city,CT,41.48593,-73.05066,31538,Judd's Meadow|Judds Meadow|Naugatak|Naugatuck Village|Nawcotuck|Nogatak|Salem Bridge|naugacuka|nawghatwk|Наугатак|Ногатак|ناوغاتوك|یونین سٹی، کنیکٹیکٹ|नौगाचुक
New Britain,city,CT,41.66121,-72.77954,72808,Hardware City|N'ju Britan|N'ju-Briten|Nju Briten|Quebec|Quebek|n'yu britana|n'yu britena|nyubeuliteun|nyuburiten|nyw brytn|nyw brytyn  kntykt|xin bu lie dian|Њу Бритен|Нью Британ|Нью-Бритен|Нью-Брітен|نيو بريتن|نیو بریتین، کنتیکت|نیو بریٹن، کنیکٹیکٹ|न्यु ब्रिटेन|न्यू ब्रिटन|ニューブリテン|新不列颠|뉴브리튼
New Canaan,city,CT,41.14676,-73.49484,19738,N'ju Kanaan|Nju Kanaan|n'yu kanana|nyw kanan|nyw kynn  kntykt|Нью Канаан|Ню Канаан|نيو كانان|نیو کنعان، کنیکٹیکٹ|نیو کینن، کنتیکت|न्यू कनान
New Fairfield,city,CT,41.46648,-73.48568,14126,N'ju Fajrfild|nyw fyrfyld|Нью Файрфилд|نيو فيرفيلد|نیو فیئرفیلڈ، کنیکٹیکٹ
New Haven,city,CT,41.30815,-72.92816,130322,HVN|N'ju Khehven|N'ju-Gehjvehn|N'ju-Gejven|N'ju-Khehjven|N'ju-Khejven|Niou Cheiven|Niu Heivenas|Nju Khejven|Nju Khejvun|Novus Portus|Nuheivena|Nyu Heyven|Nyu-Heyven|Queenapick|Quillipiack|Quinnepyooghq|Quinnipiac|Quinnypiock|Quinopiocke|Rodeberg|Rodenburg|n'yu haivana|n'yu haven|n'yu hevana|n'yu hyabhena|n'yu hyaven|ni'u hyabhena|niu ha fen|niu hei wen|niu xi yun|niu-heiveni|niw he wen|niyu hevan|nyuheibeon|nyw hawn  kantykt|nyw hyfn|nyw hyybn|nywhywn  kantykt|Ņūheivena|Νιου Χέιβεν|Њу Хејвен|Нью Хэвен|Нью-Гейвен|Нью-Гэйвэн|Нью-Хейвен|Нью-Хэйвен|Нью-Һейвен|Ню Хейвън|Ню-Ҳейвен|Նյու Հեյվեն|ניו הייבן|نيو هيفن|نیو هاون، کانتیکت|نیو ہیون، کنیکٹیکٹ|نیوهیون، کانتیکت|न्यु ह्याभेन|न्यू हेवन|न्यू हैवन|নিউ হ্যাভেন|ન્યૂ હેવન|நியூ ஹேவன்|న్యూ హవెన్|ನ್ಯೂ ಹ್ಯಾವೆನ್|නිව් හේවන්|นิวเฮเวน|ნიუ-ჰეივენი|ニュー・ヘイヴン|紐哈芬|紐希雲|紐黑文|纽黑文|뉴헤이번
New London,city,CT,41.35565,-72.09952,27179,Mameeg|N'ju London|N'ju-London|New-London|Nju London|Nju Lundun|Nov-Londono|Nova Londres|Nyu London|Pequot Plantation|Pequot Town|n'yu landana|nyuleondeon|nyw landn  kntykt|nyw lndn|nyw lndn  kantykt|nyw lwndwn|xin lun dui|Њу Лондон|Нью Лондон|Нью-Лондон|Ню Лъндън|Նյու Լոնդոն|ניו לונדון|نيو لندن|نیو لاندن، کنتیکت|نیو لندن، کانتیکت|نیو لندن، کنیکٹیکٹ|न्यु लंडन|न्यू लंडन|ニュー・ロンドン|新伦敦|뉴런던
Newington,city,CT,41.69788,-72.72371,30562,Nevington|Njuington|n'yu'ingatana|nywynghwn|Њуингтон|Невингтон|نيوينغون|نیوانگٹن، کنیکٹیکٹ|न्युइंगटन
North Branford,city,CT,41.3276,-72.76732,14454,Nors Brehnford|North Branford Village|North Farms|nwrth branfwrd|Норс Брэнфорд|نارتھ برینفورڈ، کنیکٹیکٹ|نورث برانفورد
North Haven,city,CT,41.39093,-72.85954,24093,Bricktown|Nors Khehven|Nort Khejven|nartha hyabhena|nwrth hyfn|Норс Хэвен|Норт Хејвен|نارتھ ہیون، کنیکٹیکٹ|نورث هيفن|नर्थ ह्याभेन
North Stamford,city,CT,41.13815,-73.54346,121230,bei shi dan fu|nwrt astamfwrd|nwrt aystamfwrd|نورت استامفورد|نورت ایستامفورد|北史丹佛
Norwalk,city,CT,41.1176,-73.4079,88485,Chichester|Naramake|Noruolk|Norvalk|Norvok|Norvolk|Norvolkas|Norwaake|ORQ|The Bridge|The Great Bridge|naravaka|noravoka|nouoku|nowokeu|nuo wo ke|nwrwak  kntykt|nwrwwlk|Норвалк|Норвок|Норволк|Норуолк|نارواک، کنیکٹیکٹ|نورواک، کنتیکت|نوروولك|नरवाक|नॉरवॉक|ノーウォーク|诺沃克|노워크
Norwich,city,CT,41.52426,-72.07591,39899,Chelsea|Noridzh|Noruich|Norvich|Norwich Landing|Norwick|Rose of New England|naravica|nolichi|norvika|nouitchi|nuo wei qi|nwrwytsh|nwrych  kntykt|Норвич|Норвіч|Норидж|Норуич|نارویچ، کنیکٹیکٹ|نورويتش|نوریچ، کنتیکت|नरविच|नॉर्विक|ノーウィッチ|诺威奇|노리치
Old Saybrook,city,CT,41.29177,-72.3762,10627,Old Sehjbruk|Ould Sehjbruk|Pashbeshauke|Saybrook|Seabrook|Seabrooke|Zeebrugge|awld saybwrwk|Олд Сэйбрук|Оулд Сэйбрук|أولد سايبوروك|اولڈ سیبروک، کنیکٹیکٹ
Orange,city,CT,41.27843,-73.02566,13956,Bryan's Farms|North Milford|Orange (Connecticut)|Orange Center
Oxford,city,CT,41.43399,-73.11678,11345,Manchaug|OXC|Oksford|Oxford Center|aksfwrd  kntykt|awksfwrd|Оксфорд|آکسفورد، کنتیکت|آکسفورڈ، کنیکٹیکٹ|أوكسفورد
Plainfield,city,CT,41.67649,-71.91507,15498,Plainfield (Connecticut)|Plehjnfild|peulleinpildeu|Плэйнфилд|플레인필드
Plainville,city,CT,41.67454,-72.85816,17328,Plehjnvill|Plejnvill'|Плейнвилль|Плэйнвилл|پلینویل، کنیکٹیکٹ
Plymouth,city,CT,41.67204,-73.05289,12284,Northbury|Plajmaus|Plimut|Plymouth Center|Плаймаус|Плимут|پلایماؤت، کنیکٹیکٹ
Seymour,city,CT,41.39676,-73.07594,16562,Amaug Suck|Chusetown|Humphreysville|Humphreyville|Naugatuck|Naugetuc|Naukotunk|Sejmur|Сеймур|سیمور، کنیکٹیکٹ
Shelton,city,CT,41.31649,-73.09316,41296,Huntington|Huntington Landing|Ripton|Shehlton|seltana|sheruton|shltwn  kntykt|shyltwn|xie er dun|Шелтон|Шэлтон|شلتون، کنتیکت|شيلتون|شیلٹن، کنیکٹیکٹ|शेल्टन|シェルトン|谢尔顿
South Windsor,city,CT,41.82371,-72.6212,24412,Saus Vindzor|Sous Vindsor|Саус Виндзор|Соус Виндсор|ساوتھ ونڈسر، کنیکٹیکٹ
Southbury,city,CT,41.48148,-73.21317,19836,Sausbjuri|Sousbjuri|Саусбюри|Соусбюри|ساوتھبری، کنیکٹیکٹ|ساوت‌بوری، کنتیکت
Stafford,city,CT,41.98482,-72.28897,12029,Furnace Hollow|Stafford Hollow|Stafford Springs|Stafford Village|Staford Springs|Стафорд Спрингс|Стаффорд|سٹیفورڈ، کنیکٹیکٹ
Stamford,city,CT,41.05343,-73.53873,128874,Rippowams|Stamfordas|Stehmford|Stemford|ZTF|astmfwrd  kntykt|seutaempeodeu|si tan fu|stamfwrd|stemapharda|stmpwrd|styamapharda|sutanfodo|Стамфорд|Стемфорд|Стэмфорд|סטמפורד|استمفورد، کنتیکت|ستامفورد|سٹیمفورڈ، کنیکٹیکٹ|स्टॅमफर्ड|स्ट्यामफर्ड|สแตมเฟิร์ด|スタンフォード|斯坦福|스탬퍼드
Storrs,city,CT,41.80843,-72.24952,15344,Storrsville|Stors|astwrs|starsa|Сторрс|Сторс|استورس|स्टर्स
Stratford,city,CT,41.18454,-73.13317,51384,Cupheag|Strehtford|astratfrd  kntykt|seuteulaespeodeu|stryatapharda|sutoratofodo|Стратфорд|Стрэтфорд|استراتفرد، کنتیکت|سٹریٹفورڈ، کنیکٹیکٹ|स्ट्र्याटफर्ड|ストラトフォード|스트랫퍼드
Tolland,city,CT,41.87149,-72.36869,14891,Толланд|ٹولینڈ، کنیکٹیکٹ
Torrington,city,CT,41.80065,-73.12122,34906,Mast Swamp|New Orleans Village|Spruce Swamp|Torington|Toringtun|Wolcottville|taringatana|toringtana|torinton|tuo ling dun|twryngtwn  kntykt|twrynjtwn|Торингтон|Торингтън|Торрингтон|Торрінгтон|تورينجتون|تورینگتون، کنتیکت|ٹورنگٹن، کنیکٹیکٹ|टरिंगटन|टॉरिंग्टन|トリントン|托灵顿
Trumbull,city,CT,41.24287,-73.20067,36018,Trambal|Trambul|Trumbull Center|White Plains|tramabula|trwmbwl  kntykt|Трамбал|Трамбул|Трумбулл|ترومبول، کنتیکت|ٹرمبل، کنیکٹیکٹ|ट्रमबुल
Wallingford,city,CT,41.45704,-72.82316,17712,East River|New Haven Village|Vallingford|Volingford Senter|Wallingford Center|uoringufodo|valingapharda sentara|wo ling fu de|wollingpeodeu|Валлингфорд|Волингфорд Сентер|والنگفورڈ، کنیکٹیکٹ|वालिंगफर्ड सेन्टर|ウォリングフォード|沃灵福德|월링퍼드
Waterbury,city,CT,41.55815,-73.0515,108802,Forest City|The Brass City|Uoterberi|Uotrbri|Vaterbjuri|Voterberi|uotabari|uotaberi|vatarabari|votarabari|watrbry  kntykt|watrbwry|wo te bo li|woteobeli|wwtrbry|Ватербюри|Вотербери|Вотербері|Уотербери|Уотърбъри|ווטרברי|واتربری، کنتیکت|واتربوري|واٹربری، کنیکٹیکٹ|वाटरबरी|वॉटरबरी|ウォーターバリー|ウォーターベリー|沃特伯里|워터베리
West Hartford,city,CT,41.76204,-72.74204,63268,Vehst Khartford|Vest Kharford|Vest Khartford|Vest-Gartford|West Division|Zapadnyj Khartford|uesutohatofodo|vesta hartapharda|Вест Хартфорд|Вест Харфорд|Вест-Гартфорд|Вэст Хартфорд|Западный Хартфорд|וועסט הארטפארד|ویسٹ ہارٹفورڈ، کنیکٹیکٹ|वेस्ट हार्टफर्ड|ウエストハートフォード
West Haven,city,CT,41.27065,-72.94705,54927,Uehst-Khejven|Vehst Khehjvn|Vest Khehven|Vest Khejven|Vest-Gejven|uesutoheibun|vesta hevana|vesta hyabhena|wst hywn  kntykt|wyst hyfn|xi hei wen|Вест Хејвен|Вест Хэвен|Вест-Гейвен|Вэст Хэйвн|Уэст-Хейвен|وست هیون، کنتیکت|ويست هيفن|ویسٹ ہیون، کنیکٹیکٹ|वेस्ट हेवन|वेस्ट ह्याभेन|ウェストヘイブン|西黑文
West Torrington,city,CT,41.81843,-73.14372,36000,Torrington
Westport,city,CT,41.14149,-73.3579,26391,Vehstport|Vestport|vestaporta|weseuteupoteu|wstpwrt  kntykt|Вестпорт|Вэстпорт|وستپورت، کنتیکت|ویسٹپورٹ، کنیکٹیکٹ|वेस्टपोर्ट|웨스트포트
Wethersfield,city,CT,41.71427,-72.65259,26668,Pyquaq|Vedersfild|Vezersfild|Watertown|vedarsaphilda|Ведерсфилд|Везерсфилд|ویدرزفیلڈ، کنیکٹیکٹ|वेदर्सफिल्ड
Willimantic,city,CT,41.71065,-72.20813,17737,Thread City|Vilimantik|Villimantik|Wallamantuck|Walumantticuk|Waramantick|We-am-man-tuck|Wewemantick|uirimantikku|vilimyantika|wei li man di ke|wylymantyk|wylymntyq|Вилимантик|Виллимантик|Віллімантік|וילימנטיק|ويليمانتيك|ویلیمانتیک|विलिम्यांटिक|ウィリマンティック|威利曼蒂克
Wilton,city,CT,41.19537,-73.4379,18062,Vilton|Вилтон|ولٹن، کنیکٹیکٹ
Winchester Center,city,CT,41.9001,-73.13483,10830,Old Society|Winchester
Windham,city,CT,41.69982,-72.15702,23072,Hither Place|Hither-Place|South East Quarter|The Center|Vindkham|Windham Center|wyndham  knktykt|Виндхам|ویندهام، کنکتیکت|وینڈم، کنیکٹیکٹ
Windsor,city,CT,41.8526,-72.6437,28778,Uinsor|Vindzor|uinza|wen sha|winjeo|wyndzwr|wyndzwr  kantykt|Виндзор|Віндзор|Уинсор|וינדזור|ونڈسر، کنیکٹیکٹ|ویندزور، کانتیکت|ウィンザー|溫莎|윈저
Windsor Locks,city,CT,41.92926,-72.62731,12498,BDL|Enfield Falls|Pine Meadow|Vindsor Loks|Vindzor Loks|vindara laks|Виндзор Локс|Виндсор Локс|ونڈسر لاکس، کنیکٹیکٹ|विन्डर लक्स्
Wolcott,city,CT,41.60232,-72.98677,16639,Wolcottsville
Altoona,city,IA,41.64416,-93.46466,16984,Altuna|a er tu na|altwna|altwna  aywwa|Алтуна|آلتونا، آیووا|ألتونا|التونا|ایلٹونا، آئیووا|ალტუნა|阿尔图纳
Ames,city,IA,42.03471,-93.61994,65060,AMW|Ehjmes|Ehjmsa|Ejms|Ejmso|ai mu si|amesi|amys|aymz  aywwa|aymz  ayywwa|eimseu|eimuzu|xem s|Ејмс|Эймес|Эймса|أميس|ایمز، آئیووا|ایمز، آیووا|เอมส์|ამესი|エイムズ|艾姆斯|에임스
Ankeny,city,IA,41.72971,-93.60577,56764,Ankehni|Ankeni|Ankenj|Ankenny|an ke ni|ankeni|ankny  aywwa|ankyny|ankyny  ayywwa|Анкени|Анкенй|Анкені|Анкэни|أنكيني|انكينى|انکنی، آیووا|انکینی، آئیووا|ანკენი|アンケニー|安克尼
Bettendorf,city,IA,41.52448,-90.51569,35505,Behttendorf|Betendorf|bei teng duo fu|bettenadorpha|btndrf  aywwa|bytyndwrf|Бетендорф|Бэттендорф|بتندرف، آیووا|بيتيندورف|بیٹنڈورف، آئیووا|बेट्टेनडॉर्फ|ბეტენდორფი|贝滕多夫
Boone,city,IA,42.0597,-93.88023,12692,BNW|Bun|buni|bwn|bwn  aywwa|Бун|بون|بون، آیووا|ბუნი
Burlington,city,IA,40.80754,-91.11292,25410,BRL|Berlington|Burlingtun|bo ling dun|brlnghtwn|bwrlyngtwn  aywwa|Берлингтон|Берлінгтон|Бурлингтон|Бърлингтън|برلنغتون|برلنگٹن، آئیووا|بورلینگتون، آیووا|ბარლინგტონი|伯灵顿
Cedar Falls,city,IA,42.52776,-92.44547,41255,Sehdar Folls|Sidar-Fols|sdar falz  aywwa|sideopolseu|sydar fwlz|sydr pwls|xi da fu er si|Сидар-Фолс|Сэдар Фоллс|Сідар-Фолс|סידר פולס|سدار فالز، آیووا|سيدار فولز|سیڈر فالز، آئیووا|シーダー・フォルス|錫達福爾斯|시더폴스
Cedar Rapids,city,IA,42.00833,-91.64407,130405,CID|Sehdar Rapids|Sidar Rapids|Sidar-Rapids|Sidur Rapids|sdar rapydz  aywwa|shidarapizzu|sidara repidsa|sideolaepijeu|sydar rabydz|sydr rpyds|xi da la pi zi|Сидар Рапидс|Сидар-Рапидс|Сидър Рапидс|Сэдар Рапидс|Сідар-Рапідс|Սիդար Ռեփիդս|סידר רפידס|سدار راپیدز، آیووا|سيدار رابيدز|سڈار ریپڈس، آئیووا|سیڈار ریپڈز|सीडार रॅपिड्स|シーダーラピッズ|錫達拉皮茲|시더래피즈
Clinton,city,IA,41.84447,-90.18874,26064,CWI|Klinton|Klintun|klyntwn|klyntwn  aywwa|Клинтон|Клинтън|كلينتون|کلنٹن، آئیووا|کلینتون، آیووا
Clive,city,IA,41.60304,-93.72411,15447,
Coralville,city,IA,41.6764,-91.58045,20608,Koralvil|Koralvill|kwralfyl|kwralwyl  aywwa|Коралвил|Коралвилл|كورالفيل|کورالویل، آیووا
Council Bluffs,city,IA,41.26194,-95.86083,62597,CBF|Co Bluffs|Council Blfs|Kanesville|Kaunsil Bafs|Kaunsil-Blafs|Konsil-Blafs|Kounsl Blaffs|Miller's Hollow|ka'unsila blaphsa|kang se er bu la fu si|kaunshiruburafusu|kwnsl blfs  ayywwa|kwnsyl blwfs|kwnsyl blwfs  aywwa|Каунсил Бафс|Каунсил-Блафс|Консіл-Блафс|Коунсл Блаффс|كونسيل بلوفس|کونسل بلفس، آئیووا|کونسیل بلوفس، آیووا|काउन्सिल ब्लफ्स|カウンシルブラフス|康瑟尔布拉夫斯
Davenport,city,IA,41.52364,-90.57764,102582,DVN|Davehnport|Dehvenport|da wen bo te|dabenpoto|daebeunpoteu|dafnbwrt|dbnpwrt|devhenaporta|dwnpwrt  aywwa|Давенпорт|Давэнпорт|Дэвенпорт|דבנפורט|دافنبورت|دونپورت، آیووا|ڈیونپورٹ، آئیووا|डॅव्हेनपोर्ट|แดเวนพอร์ต|ダベンポート|達文波特|대븐포트
Des Moines,city,IA,41.60054,-93.60911,214133,DSM|De Moinas|De Moins|De Mojn|De Moyn|De-Moinso|De-Mojn|Deh-Mojn|Dehs Mojns|Demoina|Monachopolis|Nte Moin|de mayne|de mei yin|de mo'ina|de-moini|demoin|des mvane|dh mwyn|di mo'ina|di mxyn|dimoin|dmwyn  aywwa|dy mwyn|dy mwyn  ayywwa|ti moyin|Ντε Μόιν|Де Мойн|Де Мојн|Де-Мойн|Дэ-Мойн|Дэс Мойнс|Դե Մոյն|דה מוין|دموین، آیووا|دي موين|دی موین، آئیووا|ڈس موئنس|डे माय्ने|डेस् म्वाने|दि मोइन|दे मॉईन|டி மொயின்|ดิมอยน์|დე-მოინი|デモイン|德梅因|디모인
Dubuque,city,IA,42.50056,-90.66457,58799,DBQ|Dabek|Дабек
Fort Dodge,city,IA,42.49747,-94.16802,24649,FOD|Fort Dadz|Fort Dodzh|fwrt daj  aywwa|fwrt dwdj|Форт Даџ|Форт Додж|فورت داج، آیووا|فورت دودج|فورٹ ڈاج، آئیووا
Fort Madison,city,IA,40.62976,-91.31515,10717,FMS|Fort Medison|Fort Mehdison|Potowanek|fwrt madyswn|fwrt mdyswn  aywwa|Форт Медисон|Форт Мэдисон|فورت ماديسون|فورت مدیسون، آیووا
Grimes,city,IA,41.68832,-93.79106,10676,Grajms|ge lan mu si|ghraymz|grayms  ayywwa|grymz  aywwa|jraymz|qrymz  aywwa|Граймс|جرايمز|غرايمز|قریمز، آیووا|گرائمس، آئیووا|گریمز، آیووا|格蘭姆斯
Indianola,city,IA,41.35805,-93.55744,15467,Indianolo|Indijanola|andyanwla|ayndyanwla  aywwa|Индианола|Индијанола|إنديانولا|ایندیانولا، آیووا
Iowa City,city,IA,41.66113,-91.53017,74220,Ajova Siti|Ajova-Siti|IOW|Lova Siti|a'i'ova nagara|ai ao wa cheng|aiowashiti|aiowasiti|ayova siti|aywa syty|aywwa syty  aywwa|Айова Сити|Айова-Сити|Айова-Сіті|Ајова Сити|Лова Сити|Այովա Սիթի|איווה סיטי|آئیووا سٹی، آئیووا|آيوا سيتي|آیووا سیتی، آیووا|आइओवा नगर|आयोवा सिटी|アイオワシティ|艾奥瓦城|아이오와시티
Johnston,city,IA,41.67304,-93.69772,20871,Dzhonston|Dzhonstun|janstn  aywwa|jonsuton (aiowa zhou)|jwnstwn|yue han si dun|Джонстон|Джонстън|جانستن، آیووا|جانسٹن، آئیووا|جونستون|ジョンストン （アイオワ州）|約翰斯頓
Keokuk,city,IA,40.39727,-91.38487,10609,EOK|Keokukas|Kiokuk|ji ao ka ke|kiokakku|kiokug|kykwk  aywwa|kywkwk|kywkwk  ayywwa|Кеокук|Киокук|Кіокук|קאוקוק|كيوكوك|کیوکوک، آئیووا|کیکوک، آیووا|キオカック|基奧卡克|키오쿡
Marion,city,IA,42.03417,-91.59768,37330,Mehrion|Мэрион
Marshalltown,city,IA,42.04943,-92.90798,27620,MIW|Marshall|Marshall Town|Marshaltaun|marshaltawn|masharutaun|masyeoltaun|Маршалтаун|مارشالتاون|مارشال‌تاون، آیووا|مارشل ٹاؤن، آئیووا|マーシャルタウン|마셜타운
Mason City,city,IA,43.15357,-93.20104,27366,MCW|Mason Siti|Mejson Siti|Mejson-Siti|Mejsun Siti|maswn syty|maswn syty  aywwa|mesana siti|Масон Сити|Мейсон-Сити|Мейсън Сити|Мејсон Сити|ماسون سيتي|ماسون سیتی، آیووا|میسن شہر، آئیووا|मेसन सिटी
Muscatine,city,IA,41.42447,-91.04321,23968,MUT|Maskatin|Muskatin|ma si ka ting|mwsktyn  aywwa|Маскатин|Мускатин|موسکتین، آیووا|馬斯卡廷
Newton,city,IA,41.69971,-93.04798,15125,N'juton|Newton City|Njuton|TNU|nywtn|nywtwn  aywwa|Њутон|Ньютон|نيوتن|نیوتون، آیووا
North Liberty,city,IA,41.74918,-91.59795,15931,Nors Liberti|Nort Liberti|nwrth lybrty|nwrth lybrty  aywwa|Норс Либерти|Норт Либерти|نورث ليبرتي|نورث لیبرتی، آیووا
Norwalk,city,IA,41.47555,-93.67883,10135,
Oskaloosa,city,IA,41.29639,-92.64436,11607,OOA|Oskalusa|ao si ka lu sa|asklwsa  aywwa|osukarusa|Оскалуса|آسکلوسا، آیووا|オスカルーサ|奥斯卡卢萨
Ottumwa,city,IA,41.02001,-92.4113,24624,OTM|Otamva|Ottamua|Ottumva|awtwmwa|awtwmwa  aywwa|oteom-wa|Отамва|Оттамуа|Оттумва|آٹوموا، آئیووا|أوتوموا|اوتوموا، آیووا|오텀와
Pella,city,IA,41.40805,-92.91631,10363,Pehlla|Pela|byla|pla  aywwa|Пела|Пэлла|بيلا|پلا، آیووا
Sioux City,city,IA,42.49999,-96.40031,82821,Kota Sioux|SUX|Siouks Siti|Su Siti|Su-Siti|su cheng|su siti|sushiti|susiti|sw syty|sw syty  aywwa|sywks syty|Сиоукс Сити|Су Сити|Су-Сити|Су-Сіті|סו סיטי|سو سیتی، آیووا|سيوكس سيتي|سیو سٹی، آئیووا|सू सिटी|スーシティ|蘇城|수시티
Spencer,city,IA,43.14136,-95.14444,11212,SPW|Spensehr|Spenser|aspnsr  aywwa|sbnsr|Спенсер|Спенсэр|اسپنسر، آیووا|سبنسر
Storm Lake,city,IA,42.64109,-95.20972,10910,SLB|Storm Lehjk|Storm Lejk|astwrm lyk  aywwa|si tuo mu lai ke|stwrm lyk|Сторм Лејк|Сторм Лэйк|استورم لیک، آیووا|ستورم ليك|斯托姆莱克
Urbandale,city,IA,41.62666,-93.71217,44062,Urbandehjl|Urbandejl|awrbandal  aywwa|awrbndyl|Урбандејл|Урбандэйл|أوربنديل|اربنڈیل، آئیووا|اورباندال، آیووا
Waterloo,city,IA,42.49276,-92.34296,68460,ALO|Uatehrlu|Vaterlo|Voterlu|uotaru|votarlu|watrlw|watrlw  aywwa|woteollu|wwtrlw|Ватерло|Вотерлу|Уатэрлу|ווטרלו|واترلو|واترلو، آیووا|واٹرلو، آئیووا|वॉटर्लू|ウォータールー|워털루
Waukee,city,IA,41.61166,-93.88523,18990,Vauki|Voki|Wankes|wawky|wawky  aywwa|Вауки|Воки|واوكي|واوکی، آیووا
Waverly,city,IA,42.72581,-92.47546,10066,Vejverli|wawrly  aywwa|wyfrly|Вејверли|واورلی، آیووا|ويفرلي
West Des Moines,city,IA,41.57721,-93.71133,64113,Valley Junction|Vehst Dehs Mojnehs|Vest-De-Mojn|uesutodemoin|wst ds mwyns  aywwa|wysant dy mwynz|wyst dy mwynz|xi de mei yin|Вест-Де-Мойн|Вэст Дэс Мойнэс|وست دس موینس، آیووا|ويسانت دى موينز|ويست دي موينز|ویسٹ دی موین، آئیووا|ウェストデモイン|西得梅因
Addison,city,IL,41.9317,-87.98896,37208,Adison|adyswn|adyswn  aylynwas|edisana|Аддисон|Адисон|إديسون|ادیسون، ایلینواس|ایڈسن، الینوائے|एडिसन
Albany Park,city,IL,41.96836,-87.72339,52079,
Algonquin,city,IL,42.16558,-88.29425,30571,Algonkvin|algankwyyn  alynwaz|alghankwyyn|elgonkvina|Алгонквин|ألغانكوئين|الگانکوئین، الینواز|الگونکوئن، الینوائے|एल्गोन्क्विन
Alsip,city,IL,41.66892,-87.73866,19346,Olsip|alsyb|alsyp  aylynwaz|elsipa|Олсип|إلسيب|السیپ، ایلینواز|ایلسپ، الینوائے|एल्सिप
Antioch,city,IL,42.47724,-88.09564,14329,Antiok|antywtsh|entiyaka|Антиок|آنتیوچ، الینوائے|أنتيوتش|एन्टियक
Arlington Heights,city,IL,42.08836,-87.98063,75926,Arlington Khajts|Arlington-Khajts|Dunton|JLH|arintonhaitsu|arlingatana ha'itsa|arlynghtwn hayts|Арлингтон Хајтс|Арлингтон-Хайтс|آرلنگٹن ہائٹس، الینوائے|أرلينغتون هايتس|आर्लिङ्गटन हाइट्स|アーリントンハイツ
Ashburn,city,IL,41.74753,-87.71116,42752,Clarkdale
Aurora,city,IL,41.76058,-88.32007,200661,AUZ|Avrora|Аврора
Avondale,city,IL,41.93892,-87.71117,39721,ایونڈیل، شکاگو
Barrington,city,IL,42.15391,-88.13619,10353,Barington|bararingatana|barynghtwn|Барингтон|بارينغتون|بیرنگٹن، الینوائے|बाररिंगटन
Bartlett,city,IL,41.99503,-88.18563,41545,Bartlet|bartleta|bartlyt|Бартлет|Бартлетт|بارتليت|بارٹلیٹ، الینوائے|बार्ट्लेट
Batavia,city,IL,41.85003,-88.31257,26495,Batavija|Bateivia|Batejvija|Betejvija|ba da wei ya shi|batabhiya|batafya|batavuia|btwwyh|btywya  aylynwy|Μπατέιβια|Батавия|Батејвија|Бетейвия|Бетейвія|בטוויה|باتافيا|بتیویا، ایلینوی|بٹاویا، الینوائے|बाटाभिया|バタヴィア|巴达维亚市|巴達維亞市
Beach Park,city,IL,42.42224,-87.8573,13976,
Bellwood,city,IL,41.88142,-87.88312,19308,Belvud|belavuda|blwwd|Белвуд|بلوود|بیلووڈ، الینوائے|बेलवूड
Belmont Cragin,city,IL,41.9317,-87.76867,79159,
Belvidere,city,IL,42.26391,-88.84427,25132,Bel'vedere|Belvider|Belvidir|belbhidera|blwydr  aylynwy|bylfydyr|Белвидир|Белвідер|Бельведере|بلویدر، ایلینوی|بيلفيدير|بیلویڈیر، الینوائے|बेल्भिदेर
Bensenville,city,IL,41.95503,-87.94007,18440,Bensenvil|benasenabhila|bnsnfyl|Бенсенвил|بنسنفيل|बेनसेनभिल
Berwyn,city,IL,41.85059,-87.79367,56368,Bervin|barvina|bauin|bei wen|beowin|brwwyn|brwyn|brwyn  aylynwy|byrwyn  aylynwy|Бервин|Бервін|Բերվին|ברווין|بروين|بروین، الینوائے|بروین، ایلینوی|بيروين، ايلينوى|बर्विन|バーウィン|貝溫|贝温|버윈
Bloomingdale,city,IL,41.95753,-88.0809,22254,Blumingdejl|blumingadela|blwmynghdyl|Блумингдејл|بلومنگڈیل، الینوائے|بلومينغديل|ब्लूमिंगडेल
Bloomington,city,IL,40.4842,-88.99369,78292,BMI|Blooming Grove|Blumington|Blumingtona|Blumingtun|Blūmingtona|Keg Grove|beullumingteon|blumingatana|blumingtana|blumintana|blwmnjtwn|blwmyngtwn|bu lu ming dun|buruminton|Блумингтон|Блумингтън|Блумінгтон|بلومنجتون|بلومنگٹن|بلومینگتون|ब्लूमिंगटन|ब्लूमिंग्टन|ব্লুমিংটন|ブルーミントン|布卢明顿|블루밍턴
Blue Island,city,IL,41.65726,-87.68005,23652,Blou Ailant|Blu Ajland|Blu-Ajlend|Portland|beulluaillaendeu|blu a'ilyanda|blw ayland|blw aylnd  aylynwy|buruairando|lan dao|Μπλου Άιλαντ|Блу Ајланд|Блу-Айленд|בלו איילנד|بلو آئی لینڈ، الینوائے|بلو آیلند، ایلینوی|بلو أيلاند|بلو ايلاند|ब्लु आइल्यान्ड|ブルーアイランド|藍島|블루아일랜드
Bolingbrook,city,IL,41.69864,-88.0684,74306,Bolingbruk|bolingabruka|bwlygh brwk|Болингбрук|بولنگبروک، الینوائے|بوليغ بروك|बोलिङ्गब्रूक
Bourbonnais,city,IL,41.15376,-87.88754,18569,Bourbonnais Grove|Bulbonas Grove
Bradley,city,IL,41.14198,-87.86115,15617,Bradli|bradly|bryadali|Брадли|برادلي|بریڈلی، الینوائے|ब्र्याडली
Bridgeport,city,IL,41.83809,-87.65116,33878,Bridzport|Bridžport|Hardscrabble|برج پورٹ، شکاگو
Bridgeview,city,IL,41.75003,-87.80422,16407,Bridzvju|beulijibyu|brijabhyu|bryjfyw|Бриџвју|بريجفيو|بریجویئو، الینوائے|ब्रिजभ्यू|브리지뷰
Brighton Park,city,IL,41.81892,-87.69894,44202,
Brookfield,city,IL,41.82392,-87.85173,18944,Brukfild|Grossdale|brukaphilda|brwkfyld|Брукфилд|بروكفيلد|بروکفیلڈ، الینوائے|ब्रूकफिल्ड
Buffalo Grove,city,IL,42.15141,-87.95979,41496,Bafalo Grouv|Bafalo Grouvas|baffarogurobu|baphelo grobha|bwfalw ghrwf|Бафало Гроув|بفیلو گروو، الینوائے|بوفالو غروف|बफेलो ग्रोभ|バッファローグローブ
Burbank,city,IL,41.73392,-87.7795,29128,Berbank|barbyanka|brbank|bwrbank  aylynwy|Бербанк|بربانك|بربینک، الینوائے|بوربانک، ایلینوی|बर्ब्याङ्क
Burr Ridge,city,IL,41.74892,-87.91839,10818,Bar Ridz|bara rija|bwr rydj|Бар Риџ|بور ريدج|बर रीज
Calumet City,city,IL,41.61559,-87.52949,37031,Calumet|Kaljumet Siti|New Hammond|West Hammond|kalwmyt syty|klemeta siti|Калјумет Сити|كالوميت سيتي|کالومی‌سیتی، ایلینوی|کلامے سٹی، الینوائے|क्लेमेट सिटी
Carol Stream,city,IL,41.91253,-88.13479,40356,Karol Strim|karwl strym|kyarola strima|Карол Стрим|كارول ستريم|کیرول سٹریم، الینوائے|क्यारोल स्ट्रिम
Carpentersville,city,IL,42.12114,-88.25786,38512,Karpintersvil|karapenatarasbhila|karbntrfyl|khar phe n te xrs wi ll|Карпинтерсвил|كاربنترفيل|کارپینٹرزویل، الینوائے|कारपेनटरस्भिल|คาร์เพนเตอร์สวิลล์
Cary,city,IL,42.21197,-88.23814,17965,Carey Station|Cary Station|Kehri|Keri|kary|kyari|Кери|Кэри|كاري|क्यारि
Champaign,city,IL,40.11642,-88.24338,86096,CMI|Shampejn|West Urbana|cyampena|shang pei en|shanpen|shmpyn  aylynwy|smpyyn|syaempein|syampe'ina|tshambyghn|Шампейн|Шампејн|שמפיין|تشامبيغن|شمپین، ایلینوی|شیمپین، الینوائے|च्याम्पेन|শ্যাম্পেইন|シャンペーン|尚佩恩|섐페인
Channahon,city,IL,41.42948,-88.22867,12594,
Chatham,city,IL,41.74115,-87.61255,31392,
Chicago,city,IL,41.85003,-87.65005,2664452,CHI|Cekaga|Chi-ka-ko|Chi-kâ-kô|Chicagu|Chikago|Chykaga|Cikaga|Cikago|Cikaqo|E-Chicago|Kikako|Shikago|Sicagum|Sikago|The Windy City|Tsikago|Windy City|chikhako|cikago|cikako|shikago|shkagw|shykaghw|shykagw|shykajw|shyqgw|sikago|sikkagea|syqgw|zhi jia ge|Çikago|Çikaqo|Ĉikago|Čikaga|Čikago|Čikāga|Čėkaga|Şikago|Σικάγο|Чикаго|Чикаґо|Чыкага|Шикаго|Չիկագո|שיקאגא|שיקגו|شيكاجو|شيكاغو|شکاگو|شیکاگو|شیکاگۆ|ܫܝܩܓܘ|शिकागो|শিকাগো|ਸ਼ਿਕਾਗੋ|சிகாகோ|చికాగో|ಶಿಕಾಗೊ|ഷിക്കാഗോ|ชิคาโก|ရှီကာဂိုမြို့|ჩიკაგო|ሺካጎ|ᓰᖄᑯ|Ṣìkágò|シカゴ|芝加哥|시카고|𐍃𐌾𐌹𐌺𐌰𐌲𐍉
Chicago Heights,city,IL,41.50615,-87.6356,30284,Bloom|Chikago Khajts|Chikago-Gajts|Chikago-Khajts|Sikago Chaits|Thorn Grove|shikagohaitsu|shykaghw hayts|shykagw haytz  aylynwy|shykaqw hayts  aylynwy|sikago ha'itsa|sikagohaicheu|syqgw hyyts|zhi jia ge gao de|Σικάγο Χάιτς|Чикаго Хајтс|Чикаго-Гайтс|Чикаго-Хайтс|שיקגו הייטס|شيكاغو هايتس|شکاگو ہائٹس، الینوائے|شیکاقو هایتس، ایلینوی|شیکاگو هایتز، ایلینوی|शिकागो हाइट्स|シカゴハイツ|芝加哥高地|시카고하이츠
Chicago Lawn,city,IL,41.77503,-87.69644,55551,
Chicago Ridge,city,IL,41.70142,-87.77922,14373,
Cicero,city,IL,41.84559,-87.75394,83886,Ciceron|Cícero|Hawthorne|Siseras|Sisero|shisero|siseolo|sisero|sysyrw|Сисеро|Сісеро|Цицерон|سيسيرو|سیسیرو، الینوائے|सिसेरो|シセロ|시서로
Country Club Hills,city,IL,41.56809,-87.72033,16795,Kantri Klab Khils|Kantri-Klab-Gills|guo hui shan zhuang|kantri klaba hilsa|kantry klab hylz  aylynwy|kawntry klab hylz|Кантри Клаб Хилс|Кантри-Клаб-Гиллс|Кантрі-Клаб-Гіллс|كاونتري كلاب هيلز|کانتری کلاب هیلز، ایلینوی|کنٹری کلب ہلز، الینوائے|कन्ट्री क्लब हिल्स|國會山莊
Crest Hill,city,IL,41.55475,-88.09867,21153,
Crestwood,city,IL,41.64463,-87.74154,10984,Krestvud|krestavuda|krstwwd|Крествуд|كرستوود|کریسٹووڈ، الینوائے|क्रेस्टवूड
Crystal Lake,city,IL,42.24113,-88.3162,40448,Brooklyn|Chrystal Lake|Crystal Lake Station|Crystallake|Dearborn|Kristal Lejk|North Crystal Lake|Nunda|kristala leka|krystal lyk|Кристал Лејк|كريستال ليك|کرستل لیک، الینوائے|کریستال‌لیک، ایلینوی|क्रिस्टल लेक
Danville,city,IL,40.12448,-87.63002,32108,DNV|Danvil|Danvil'|Danvill|Vermilion Court House|daenbil|dan wei er|danbiru|danfyl|dnwyl  aylynwy|dyanabhila|Данвил|Данвилл|Данвіль|دانفيل|دنویل، ایلینوی|ڈنویل، الینوائے|ड्यानभिल|ড্যানভিল|ダンビル|丹维尔|댄빌
Darien,city,IL,41.75198,-87.97395,22256,Derian|Derijen|da li en|daryn|daryn  aylynwy|deriyana|Дериан|Деријен|Деріан|דאריין|دارين|دارین، ایلینوی|ڈیرین، الینوائے|डेरियन|ダリエン|達里恩
DeKalb,city,IL,41.92947,-88.75036,43211,Buena Vista|De Kalb|De-Kalb|DeKalb Center|Huntleys Grove|dekalba|di ka er bu|dikaelbeu|dikarubu|dkalb  aylynwy|dykalb|dyqlb|Де-Калб|Декалб|Դե Քալբ|דיקלב|ديكالب|دکالب، ایلینوی|ڈیکالب|ڈے کالب، الینوائے|डेकाल्ब|ディカルブ|迪卡尔布|迪卡爾布|디캘브
Deerfield,city,IL,42.17114,-87.84451,19019,Dirfild|di er fei er de|dyaraphilda|dyrfyld|Дирфилд|ديرفيلد|ड्यरफिल्ड|迪爾菲爾德
Des Plaines,city,IL,42.03336,-87.8834,58677,Des Pleinsas|Des Plejns|Des-Plejns|Desplaines Station|Maine|Rand|des ple'insa|deseupeulleinseu|dys blyns|Дес Плејнс|Дес-Плейнс|دس‌پلینز، ایلینوی|ديس بلينس|دےپلینے، الینوائے|डेस् प्लेइन्स|데스플레인스
Dixon,city,IL,41.83892,-89.47955,15319,Dikson|di ke sen|diksana|dykswn|dykswn  aylynwy|Диксон|ديكسون|دیکسون، ایلینوی|ڈکسن، الینوائے|डिक्सन|迪克森
Dolton,city,IL,41.63892,-87.60727,23197,Dalton|Dalton Station|Daltons Station|Dolton Station Village|Dolton's Station|Doltons|Doltons Station
Douglas,city,IL,41.83476,-87.61811,20323,
Downers Grove,city,IL,41.80892,-88.01117,49732,East Grove
East Garfield Park,city,IL,41.88087,-87.70283,20656,
East Moline,city,IL,41.50087,-90.4443,21350,Ist Molin|ayst mwlyn|ayst mwlyn  aylynwy|ista mola'ina|Ист Молин|إيست مولين|ایست مولین، ایلینوی|ایسٹ مولین، الینوائے|इस्ट मोलाइन
East Peoria,city,IL,40.66615,-89.5801,23080,Ist Piorija|ayst bywrya|ayst pywrya  aylynwy|ista pe'oriya|Ист Пиорија|إيست بيوريا|ایست پیوریا، ایلینوی|ایسٹ پیوریا، الینوائے|इस्ट पेओरिया
Edgewater,city,IL,41.98337,-87.66395,54873,
Elgin,city,IL,42.03725,-88.28119,112111,Ehldzhin|Ehldzhyn|Elcin|Eldzhin|Eldzin|Eldzinas|Eldžinas|Elgina|Eltzin|ai er jin|algn  aylynwy|aljyn|alqn  aylynwy|aylgn|elajina|elgina|elkin|erujin|ilgina|xel cin|Έλτζιν|Елджін|Елџин|Элджин|Элджын|Элҗин|אלגין|إلجين|الجين|القن، ایلینوی|الگن، الینوائے|الگن، ایلینوی|ایلگن|इल्गिन|एल्गिन|এলজিন|એલ્ગિન|எல்கின்|ఎల్గిన్|ಎಲ್ಗಿನ್|එල්ගිජ්|เอลจิน|エルジン|埃尔金|埃爾金|엘긴
Elk Grove Village,city,IL,42.00392,-87.97035,33238,Elk Grouv Vilidz|Elk Grove|elka grobha bhileja|qryt alk ghrwf|Елк Гроув Вилиџ|ایلک گروو گاؤں، الینوائے|قرية إلك غروف|एल्क ग्रोभ भिलेज
Elmhurst,city,IL,41.89947,-87.94034,45957,Cottage Hill|Ehlmgerst|Ehlmkherst|Elmcherst|Elmgerst|Elmkherst|Elmkhurst|ai er mu he si te|almhrst  aylynwy|almhwrst|elmaharsta|erumuhasuto|Έλμχερστ|Елмгерст|Елмхерст|Елмхурст|Элмгерст|Элмхерст|אלמהרסט|إلمهورست|المهرست، ایلینوی|المہرست، الینوائے|एल्महर्स्ट|エルムハースト|埃尔姆赫斯特|埃爾姆赫斯特
Elmwood Park,city,IL,41.92114,-87.80923,24840,Elmvud Park|almwwd bark|elmavuda parka|Елмвуд Парк|إلموود بارك|ایلم ووڈ پارک، الینوائے|एल्मवूड पार्क
Englewood,city,IL,41.77976,-87.64588,26121,Junction Grove
Evanston,city,IL,42.04114,-87.69006,75527,Ehvanstan|Ehvanston|Evanstona|Evanstonas|Evanstun|Grosse Pointe|Ridgeville|ai wen si dun|awanstwn  aylynwy|ayfanstwn|ebeonseuteon|ebhanasatana|evansatana|evanstan|evanstana|evuansuton|ibhansatana|ivanstan|ivhanastona|yi yun si dun|Έβανστον|Еванстон|Еванстън|Эванстан|Эванстон|Էվանստոն|אוונסטון|إيفانستون|اوانستون، ایلینوی|اوانسٹن، الینوائے|ايفانستون|इभान्सटन|इव्हानस्टोन|एवंसटन|এভানসটন|એવન્સ્ટન|எவன்ஸ்டோன்|ఎవాన్స్టన్|ಇವಾನ್ಸ್ಟನ್|എവൻസ്റ്റൺ|එවන්ස්ටන්|อีแวนสตัน|エヴァンストン|伊雲斯頓|埃文斯頓|埃文斯顿|에번스턴
Evergreen Park,city,IL,41.72059,-87.70172,19841,Evergrin Park|afrghryn bark|ebharagrina parka|Евергрин Парк|إفرغرين بارك|एभरग्रीन पार्क
Forest Park,city,IL,41.87948,-87.81367,14123,Forest-Park|Forist Park|Harlem|fwrst bark|pharesta parka|Форест-Парк|Форист Парк|فورست بارك|फरेस्ट पार्क
Fox Lake,city,IL,42.39669,-88.1837,10518,Foks Lejk|Фокс Лејк
Frankfort,city,IL,41.49587,-87.84866,18653,Frankfort Station|Frankfurt|frankfwrt|phryankapharta|Франкфорт|Франкфурт|فرانكفورت|فرینکفرٹ، الینوۓ|फ्र्यांकफर्ट
Franklin Park,city,IL,41.93531,-87.86562,18312,franklyn bark|phryanklina parka|Франклин Парк|فرانكلين بارك|फ्र्याङ्क्लिन पार्क
Freeport,city,IL,42.29669,-89.62123,24476,FEP|Friport|fry bwrt|peulipoteu|phriporta|Фрипорт|Фріпорт|فري بورت|فری پورٹ، الینوائے|فری‌پورت، ایلینوی|फ्रीपोर्ट|프리포트
Gage Park,city,IL,41.79503,-87.69616,41202,
Gages Lake,city,IL,42.35169,-87.98258,10198,Gejdz Lejk|Gejdzhes-Lejk|gai jie si hu|gyagesa leka|gyjz lyk  aylynwy|qyyjs lyyk  aylynwy|Гейджес-Лейк|Гејџ Лејк|قئیجس لئیک، ایلینوی|گیجز لیک، ایلینوی|ग्यागेस लेक|蓋傑斯湖
Galesburg,city,IL,40.94782,-90.37124,31273,GBG|Galesburgh|Gejlsberg|Gejlsburg|gai er si bao|geiruzubagu|gelsabarga|ghalysbwrgh|gylzbrg  aylynwy|Гейлсберг|Гейлсбург|Гејлсбург|غاليسبورغ|گیلزبرگ، الینوائے|گیلزبرگ، ایلینوی|गेल्सबर्ग|ゲイルズバーグ|盖尔斯堡
Geneva,city,IL,41.88753,-88.30535,21806,Dzeniva|Zheneva|jenebha|jnyf|zhnw  aylynwy|Џенива|Женева|جنيف|جنیوا، الینوائے|ژنو، ایلینوی|जेनेभा
Glen Ellyn,city,IL,41.87753,-88.06701,28201,Danby|Glen Elin|Prospect Park|ghln alyn|glena elina|Глен Елин|غلن إلين|ग्लेन एलिन
Glenview,city,IL,42.06975,-87.78784,47446,NBU|ZWV
Goodings Grove,city,IL,41.6292,-87.93089,18569,Gooding's Grove|Gudings Grouv|gudingsa grobha|Гудингс Гроув|गूडिंग्स ग्रोभ
Grand Boulevard,city,IL,41.81392,-87.61727,22373,
Grayslake,city,IL,42.34447,-88.04175,20915,Grays Lake|Greyslake|QMY
Gurnee,city,IL,42.3703,-87.90202,31056,Gerni|Gurnee Station|garni|ghwrny|Герни|غورني|گورنی، الینوائے|गर्नी
Hanover Park,city,IL,41.99947,-88.14507,38333,Khanover Park|hanwwr bark|Хановер Парк|هانوور بارك|ہنور پارک، الینوائے
Harvey,city,IL,41.61003,-87.64671,25194,Charvei|Garvi|Harvi|Kharvi|ha wei|habi|harbhei|harfy|harwy  aylynwy|havui|Χάρβεϊ|Гарви|Гарві|Харви|הארווי|هارفى|هارفي|هاروی، ایلینوی|ہاروے، الینوائے|हार्भेी|ハーヴィー|哈維|哈维|하비
Hazel Crest,city,IL,41.5717,-87.69449,14118,Khejzel Krest|hazl krst|hyajela kresta|Хејзел Крест|هازل كرست|ह्याजेल क्रेस्ट
Hickory Hills,city,IL,41.72559,-87.82506,14122,Gikori-Gills|Khikori Khils|hikari hilsa|hikkorihiruzu|hykwry hylz|hykwry hylz  aylynwy|shan he tao qiu ling|Гикори-Гиллс|Гікорі-Гіллс|Хикори Хилс|هيكوري هيلز|هیکوری هیلز، ایلینوی|ہکوری ہلز، الینوائے|हिकरी हिल्स|ヒッコリーヒルズ|山核桃丘陵
Highland Park,city,IL,42.18169,-87.80034,29743,Chailant Park|Gajlend-Park|Haylend-Park|Khajland Park|Khajlend-Park|Port Clinton|gao de gong yuan|ha'ilyanda parka|hai lan pa ke|haillaendeupakeu|hayland bark|haylnd park  aylynwy|Χάιλαντ Παρκ|Гайленд-Парк|Хайленд-Парк|Хајланд Парк|Հայլենդ–Պարկ|היילנד פארק|هايلاند بارك|هایلند پارک، ایلینوی|ہائی لینڈ پارک، الینوائے|हाइल्यान्ड पार्क|ჰაილენდ-პარკი|ハイランド・パーク|海兰帕克|高地公园|高地公園|하일랜드파크
Hinsdale,city,IL,41.80086,-87.93701,17628,
Hoffman Estates,city,IL,42.04281,-88.0798,52138,hofuman'esutetsu|huo fu man zhuang yuan|hxf mæn xe s te ths|ฮอฟแมน เอสเตทส์|ホフマンエステーツ|霍夫曼庄园
Homer Glen,city,IL,41.60003,-87.93811,24395,
Homewood,city,IL,41.55726,-87.6656,19373,Khomvud|hwmwwd|Хомвуд|هوموود
Huntley,city,IL,42.16808,-88.42814,26005,Huntley Grove|Khantli|Хантли
Hyde Park,city,IL,41.7942,-87.59394,26893,hai de gong yuan|海德公园
Irving Park,city,IL,41.95336,-87.73645,56520,
Joliet,city,IL,41.52519,-88.0834,147861,JOT|Juliet
Justice,city,IL,41.74448,-87.83783,12968,
Kankakee,city,IL,41.12003,-87.86115,26676,IKK|Kankaki|kankaki|kankaky|kankaky  aylynwy|kyanakaki|Канкаки|Канкакі|كانكاكي|کانکاکی، ایلینوی|کنکاکی، الینوائے|कान्काकी|ক্যানকাকি
Kenwood,city,IL,41.8092,-87.59755,17601,The Lake Forest of the South
Kewanee,city,IL,41.24559,-89.92483,12533,Kevani|Kivani|Kivoni|ji wa ni|kewani|kiuoni|kivani|kywany|kywny  aylynwy|Кевани|Кивани|Кивони|Ківані|كيوانى|كيواني|کیوانی، الینوائے|کیونی، ایلینوی|कीवानी|キウォニー|基瓦尼|케와니
La Grange,city,IL,41.80503,-87.86923,15723,Hazel Glen|Kensington|Kensington Heights|Lagrange|Robbville|West Lyons
La Grange Park,city,IL,41.83475,-87.86173,13608,LaGrange Park
Lake Forest,city,IL,42.25863,-87.84063,19408,Lejk Forist|leikeupoliseuteu|leka pharesta|lyk fwrst|lyk fwrst  aylynwy|reikuforesuto|Лејк Форист|ليك فورست|لیک فورست، ایلینوی|لیک فوریسٹ، الینوائے|लेक फरेस्ट|レイクフォレスト|레이크포리스트
Lake Zurich,city,IL,42.19697,-88.09341,19993,
Lake in the Hills,city,IL,42.18169,-88.33036,29024,
Lansing,city,IL,41.56476,-87.53893,28349,lansyngh|lyansinga|ranshingu|Лансинг|لانسينغ|ल्यान्सिंग|ランシング
Lemont,city,IL,41.67364,-88.00173,16788,Athens|Keepatau|Limont|Palmyra|Yankee Settlement|lemonta|lymwnt|Лимонт|ليمونت|लेमोन्ट
Libertyville,city,IL,42.28308,-87.95313,20436,Burlington|Independence Grove|Libertivil|li bo di wei er|Либертивил|利伯蒂维尔
Lincoln,city,IL,40.14838,-89.36482,13966,Camden|Linkol'n|Linkoln|Postville|linkana|lynkwln|lynkwln  aylynwy|Линколн|Линкольн|لنکن، الینوائے|لينكولن|لینکولن، ایلینوی|लिङ्कन
Lincoln Park,city,IL,41.9217,-87.64783,66959,lnkn park  shkagw|لنکن پارک، شکاگو|リンカーン・パーク
Lincoln Square,city,IL,41.97587,-87.68922,40761,Ravenswood
Lincolnwood,city,IL,42.00448,-87.73006,12646,Linkolnvud|Tessville|lynklnwwd|Линколнвуд|لينكلنوود
Lindenhurst,city,IL,42.41058,-88.02619,14408,
Lisle,city,IL,41.80114,-88.07479,22964,Lajl|Lilu|Lisle Station|lysl|Лајл|Лилу|ليسل
Lockport,city,IL,41.58948,-88.05784,25175,Lokport|Runyontown|Yankee Settlement|lakaporta|lwkbwrt|Локпорт|لاک پورٹ، الینوائے|لاک‌پورت، ایلینوی|لوكبورت|लकपोर्ट
Logan Square,city,IL,41.92337,-87.69922,73702,
Lombard,city,IL,41.88003,-88.00784,43797,Babock's Grove|lombarda|lwmbard|Ломбард|لومبارد|لومبارڈ، الینوائے|लोम्बार्ड
Loves Park,city,IL,42.32002,-89.05816,23455,Lavs Park|Love's Grove|Love's Park|labhsa parka|lawz park  aylynwy|lwfz bark|Лавс Парк|لاوز پارک، ایلینوی|لوفز بارك|لووز پارک، الینوائے|लभ्स पार्क
Lower West Side,city,IL,41.8542,-87.66561,34410,
Lyons,city,IL,41.81337,-87.81811,10722,
Machesney Park,city,IL,42.34724,-89.039,22927,RMC
Macomb,city,IL,40.45921,-90.6718,18547,MQB|Makom|Washington|ma ke mu|makwm|makwm  aylynwy|meokom|myakamba|Маком|ماكوم|ماکوم، ایلینوی|ماکومب، الینوائے|म्याकम्ब|马克姆|머콤
Markham,city,IL,41.59365,-87.69477,12682,Markam|Markem|ma ke mu|makamu|markahyama|markhm  aylynwy|Маркам|Маркем|מרקהאם|ماركهام|مارکهم، ایلینوی|مارکھم، الینوائے|मार्कह्याम|マーカム|馬克姆
Matteson,city,IL,41.50392,-87.7131,19195,
Maywood,city,IL,41.8792,-87.84312,24012,Maywood i Illinois|Mehjvud|Meivuda|Meivudas|Mejud|Mejvud|maywwd|mei wu shi|meiuddo|meiudeu|mevuda|my wwd|myywwd|myywwwd|Мейвуд|Мейуд|Мејвуд|Мэйвуд|מייווד|מייוווד|مايوود|می وود|मेवूड|メイウッド|梅坞市|메이우드
McHenry,city,IL,42.33335,-88.26675,26657,Makkhenri|makhnry|mikahenri|Макхенри|ماكهنري|مک ہنری، الینوائے|مک‌هنری، ایلینوی|मिकहेन्री
McKinley Park,city,IL,41.8317,-87.67366,15612,
Melrose Park,city,IL,41.90059,-87.85673,25379,Melrose|Melroz Park|melroja parka|mlrwz bark|Мелроз Парк|ملروز بارك|मेल्रोज पार्क
Midlothian,city,IL,41.62531,-87.71755,14847,Midlotijan|midlothiyana|mydlwthyan|Мидлотијан|ميدلوثيان|मिड्लोथियन
Minooka,city,IL,41.45531,-88.26173,11243,
Mokena,city,IL,41.52614,-87.88922,19923,
Moline,city,IL,41.5067,-90.51513,42681,MLI|Molijn|Molin|Quad Cities|mo lin|mola'ina|mwlyn|mwlyn  aylynwy|Молийн|Молин|Молін|مولن، الینوائے|مولين|مولین، ایلینوی|मोलाइन|莫林
Montgomery,city,IL,41.73058,-88.3459,19489,Montgomeri|Монтгомери
Morgan Park,city,IL,41.69031,-87.66672,22924,Horse Thief Hollow|North Blue Island
Morris,city,IL,41.35725,-88.42118,14363,Moris|morisa|mwrys|mwrys  aylynwy|Морис|مورس، الینوائے|موريس|موریس، ایلینوی|मोरिस
Morton,city,IL,40.61282,-89.45926,16306,Pumpkin Capital of the World
Morton Grove,city,IL,42.04059,-87.78256,23448,Morton Grouv|Mortongrove|mortana grobha|mwrtwn ghrwf|Мортон Гроув|مورتون غروف|मोर्टन ग्रोभ
Mount Greenwood,city,IL,41.69809,-87.70866,18783,
Mount Prospect,city,IL,42.06642,-87.93729,54747,Maunt Prospekt|ma'unta prospekta|mwnt brwsbkt|Маунт Проспект|ماؤنٹ پراسپیکٹ، الینوائے|مونت بروسبكت|माउन्ट प्रोस्पेक्ट
Mundelein,city,IL,42.26308,-88.00397,31582,Area|Mandlajn|mandelina|mwndlyn|Мандлајн|منڈلائن، الینوائے|موندلين|मंडेलीन
Naperville,city,IL,41.78586,-88.14729,147100,Fort Naper|Naper Settlement|Napervillium|Napiersville|Napierville|Nejpervil|Nejpervill|Nepervill|QMX|nabrfyl|nei po wei er|neipabiru|neipeobil|neparabhila|Нейпервилл|Непервілл|Нејпервил|نابرفيل|ناپرس‌ویل، ایلینوی|نیپرویل، الینوائے|नेपरभिल|ネイパービル|內珀維爾|네이퍼빌
Near North Side,city,IL,41.90003,-87.6345,85711,jin bei qu|ニアー・ノース・サイド|近北区
Near South Side,city,IL,41.8567,-87.62477,22401,Nir Saut Sajd|South Loop|jin nan qu|近南区
New City,city,IL,41.80753,-87.65644,40997,
New Lenox,city,IL,41.51198,-87.96561,25800,Nju Lenoks|n'yu lenaksa|nyw lnwks|Њу Ленокс|نيو لنوكس|न्यु लेनक्स
Niles,city,IL,42.01892,-87.80284,29876,Najls|na'ilsa|naylz|Најлс|نايلز|نایلز|नाइल्स
Normal,city,IL,40.5142,-88.99063,54373,Normal'naja|North Bloomington|nuo mo er|nwrmal  alynwy|Нормал|Нормальная|نورمال، إلينوي|诺默尔
Norridge,city,IL,41.96336,-87.82728,14621,Noridz|nararija|nwrydj|Нориџ|نوريدج|नररिज
North Aurora,city,IL,41.80614,-88.3273,17456,
North Center,city,IL,41.95392,-87.67895,34623,
North Chicago,city,IL,42.32558,-87.84118,29491,Nort Chikago|nartha sikago|nwrth shykaghw|Норт Чикаго|نورتھ شکاگو، الینوائے|نورث شيكاغو|نورث‌شیکاگو، ایلینوی|नर्थ शिकागो
North Lawndale,city,IL,41.86003,-87.71839,35276,Lawndale
North Peoria,city,IL,40.71754,-89.58426,113004,
Northbrook,city,IL,42.12753,-87.82895,33663,Nortbrook|Shermerville|Techny|narthabruka|nwrth brwk|Нортброок|نارتھبروک، الینوائے|نورث بروك|नर्थब्रूक
Northlake,city,IL,41.91725,-87.89562,12312,North Lake|North Lake Village|Nortlejk|narthaleka|nuo si lai ke|nwrthlyk|Нортлейк|Нортлејк|نورتھ لیک، الینوائے|نورثليك|نورث‌لیک، ایلینوی|नर्थलेक|諾斯萊克
Oak Forest,city,IL,41.60281,-87.74394,28074,Ouk Forest|Ouk-Forest|awk fwrst|oka pharesta|xiang shu sen lin|Оук Форест|Оук-Форест|أوك فورست|اوک فاریسٹ، الینوائے|اوک‌فارست، ایلینوی|ओक फरेस्ट|オーク・フォレスト|橡樹森林
Oak Lawn,city,IL,41.71087,-87.75811,56781,Oaklawn|Ouk Lon|awk lawn|oka lana|Оук Лон|أوك لاون|اوک لان، الینوائے|ओक लन
Oak Park,city,IL,41.88503,-87.7845,52287,Harlem|Noyesville|Oak Ridge|Ouk-Park|Оук-Парк
Orland Park,city,IL,41.63031,-87.85394,58619,Orland|awrland bark|Орланд Парк|اورلاند بارك|اورلینڈ پارک، الینوائے
Oswego,city,IL,41.68281,-88.35146,33955,Lodi|Osvigo|Oswego Mills|Освиго|اوسویگو، الینوائے
Ottawa,city,IL,41.34559,-88.84258,18342,Otava|Ottava|Ottowa|South Ottawa|atawa  aylynwy|awtawa|Отава|Оттава|أوتاوا|اتاوا، ایلینوی|اوٹاوا، الینوائے
Palatine,city,IL,42.1103,-88.03424,69308,Palatajn|Palatin|Palatinas|blatyn|Палатајн|Палатин|بلاتين|پالاتائن، الینوائے
Palos Heights,city,IL,41.66809,-87.79644,12545,Palos-Gajts|Pejlos Khajts|balws hayts|pa luo si gao de|parosuhaitsu|Палос-Гайтс|Пејлос Хајтс|פאלוס הייטס|بالوس هايتس|پالوس ہائٹس، الینوائے|پالوس‌هایتس، ایلینوی|パロスハイツ|帕洛斯高地|帕罗斯高地|帕羅斯高地
Palos Hills,city,IL,41.6967,-87.817,17565,Palos-Gills|Pejlos Khils|balws hylz|pa luo si qiu ling|Палос-Гиллс|Палос-Гіллс|Пејлос Хилс|بالوس هيلز|پالوس‌هیلز، ایلینوی|پپالوس ہلز، الینوائے|ポロス・ヒルズ|帕洛斯丘陵
Park Forest,city,IL,41.49142,-87.67449,21954,Park Forist|bark fwrst|Парк Форист|بارك فورست|پارک فارسٹ، الینوائے
Park Ridge,city,IL,42.01114,-87.84062,37757,Brickton|Park Ridz|Park Ritz|Park-Ridzh|Parkridge|bark rydj|pa ke li qi|pakeuliji|Παρκ Ριτζ|Парк Риџ|Парк-Ридж|Парк-Рідж|Փարք Ռիճ|פארק רידג'|بارك ريدج|پارک رج، الینوائے|پارک‌ریج، ایلینوی|パーク・リッジ|帕克里奇|파크리지
Pekin,city,IL,40.56754,-89.64066,33223,Pikin|bykyn|pkyn  aylynwy|Пекин|Пикин|بيكين|پکین، ایلینوی|پیکن، الینوائے
Peoria,city,IL,40.69365,-89.58899,115070,Au Pay|Au Pe|Le Pe|Opq|PIA|Peorija|Pimitoui|Piorias|Piorija|bywrya|pi ao li ya|piolia|pioria|piyoriya|pywrya|pywrya  aylynwy|Пеория|Пиорија|Піорія|פאוריה|بيوريا|پئوریا، ایلینوی|پیوریا|پیوریا، الینوائے|पियोरिया|ピオリア|皮奥里亚|피오리아
Plainfield,city,IL,41.62697,-88.20395,42527,Plejnfild|Walkers Grove|blaynfyld|peulleinpildeu|Плејнфилд|بلاينفيلد|پلینفیلڈ، الینوائے|플레인필드
Plano,city,IL,41.66281,-88.53702,11282,Planom|Plejno|blanw|planw  aylynwy|pu la nuo|pu lai nuo|purano|Планом|Плейно|Плејно|بلانو|پلانو، الینوائے|پلانو، ایلینوی|プラノ|普拉諾|普莱诺|普萊諾
Pontiac,city,IL,40.88087,-88.62978,11794,Pontiak|Pontijak|bwntyak|pntyak  aylynwy|Понтиак|Понтијак|بونتياك|پنتیاک، ایلینوی|پونٹیاک، الینوائے
Portage Park,city,IL,41.95781,-87.76506,64841,
Prospect Heights,city,IL,42.0953,-87.93757,16386,Prospekt Khajts|brwsbykt hayts|Проспект Хајтс|بروسبيكت هايتس|پراسپکت‌هایتس، ایلینوی|پراسپکٹ ہائٹس، الینوائے
Rantoul,city,IL,40.30837,-88.15588,13008,Rantul|rantwl|Рантул|رانتول|র‌্যান্টুল
Richton Park,city,IL,41.48448,-87.70338,13695,
River Forest,city,IL,41.89781,-87.81395,11199,Harlem|River Forist|Thatcher|Ривер Форист
River Grove,city,IL,41.92586,-87.83589,10219,Rivergrove
Riverdale,city,IL,41.63337,-87.6331,13536,Riverdejl|South Lawn|ryfrdyl|rywrdyl  aylynwy|Ривердејл|ريفرديل|ریوردیل، ایلینوی
Rock Island,city,IL,41.50948,-90.57875,38620,Quad Cities|Rok Ajland|Rok-Ajlend|Stephenson|roka ayalanda|rwk ayland|Рок Ајланд|Рок-Айленд|راک آئی لینڈ، الینوائے|راک‌آیلند، ایلینوی|روك أيلاند|रॉक आयलंड
Rockford,city,IL,42.27113,-89.094,148278,RFD|RMC|Rokfard|Rokford|Rokfordas|The Forest City|ZRK|logpeodeu|luo ke fu de|rakaphorda|rokkufodo|rwkfwrd|rwqpwrd|Рокфард|Рокфорд|רוקפורד|راک فورڈ، الینوائے|راک‌فورد، ایلینوی|روكفورد|روکفورڈ|রকফোর্ড|ロックフォード|罗克福德|록퍼드
Rogers Park,city,IL,42.00864,-87.66672,54402,Rogers Grove|Rogers Rendevouz|Rogers Retreat|Rogers Ridge|Rogersville
Rolling Meadows,city,IL,42.08419,-88.01313,24190,Roling Medous|Rolling Mdws|rwlynj mydwz|Ролинг Медоус|رولنگ میڈوز، الینوائے|رولينج ميدوز|رولینگ‌مدوز، ایلینوی
Romeoville,city,IL,41.64753,-88.08951,39719,LOT|Romiovil|rwmywfyl|Ромиовил|روميوفيل|رومیوویل، الینوائے
Roscoe,city,IL,42.41335,-89.00927,10565,
Roselle,city,IL,41.98475,-88.07979,22994,
Round Lake,city,IL,42.35336,-88.09341,18461,
Round Lake Beach,city,IL,42.37169,-88.09008,27852,
St. Charles,city,IL,41.91419,-88.30869,32974,Charleston|Sent Charls|Sent-Charl'z|Sent-Charlz|Waterville|sant tsharlz|sheng cha er si|snt charlz  aylynwy|Сент Чарлс|Сент-Чарлз|Сент-Чарльз|Սենտ Չարլզ|سانت تشارلز|سنت چارلز، ایلینوی|سینٹ چارلز، الینوائے|セイント・チャールズ|圣查尔斯|聖查爾斯
Sauk Village,city,IL,41.48837,-87.56754,10493,Sok Vilidz|swak fylyj|Сок Вилиџ|سواك فيليج
Schaumburg,city,IL,42.03336,-88.08341,74693,JMH|Schaumberg|Schaumburg Center|Shaumburg|Shomberg|shambwrgh|shanbagu|shao mu bao|syambeogeu|Шаумбург|Шомберг|شامبرگ، الینوائے|شامبورغ|シャンバーグ|绍姆堡|샴버그
Schiller Park,city,IL,41.95586,-87.8709,11806,Shiller Park
Shorewood,city,IL,41.52003,-88.20173,16747,Grinton|Troy
Skokie,city,IL,42.03336,-87.73339,64821,Niles Center|Niles Centre|Skoki|seukoki|skwky|sqwqy|Скоки|Скокі|סקוקי|سكوكي|سکوکی، الینوائے|스코키
South Chicago,city,IL,41.73977,-87.55425,28095,Gueney Chicago|Güney Chicago|daksina sikago|swt chykaqw  chykaqw|سوت چیکاقو، چیکاقو|দক্ষিণ শিকাগো
South Elgin,city,IL,41.99419,-88.2923,22365,Clintonville
South Holland,city,IL,41.60087,-87.60699,22043,Saut Kholand|sawth hwland|Саут Холанд|جنوبی ہالینڈ، الینوائے|ساوث هولاند
South Lawndale,city,IL,41.84364,-87.71255,73826,
South Shore,city,IL,41.76198,-87.57783,51451,
Sterling,city,IL,41.78864,-89.69622,15057,SQI|Sturling|astrlyng  aylynwy|strlyngh|Стерлинг|Стърлинг|استرلینگ، ایلینوی|سترلينغ|سٹرلنگ، الینوائے
Streamwood,city,IL,42.02558,-88.17841,40554,
Streator,city,IL,41.12087,-88.83535,13182,Glass Container Capital of the World|Stritor|astrytwr  aylynwy|si te li te|strtwr|strytwr|Στρίτορ|Стритор|Стрітор|סטריטור|استریتور، ایلینوی|سترتور|سٹریٹو، الینوائے|斯特里特
Summit,city,IL,41.78809,-87.81033,11389,
Sycamore,city,IL,41.98892,-88.68675,17712,Sikamor|sykamwr|sykamwr  aylynwy|Сикамор|سيكامور|سیکامور، الینوائے|سیکامور، ایلینوی
Tinley Park,city,IL,41.57337,-87.78449,57143,Tinleypark|Tinli Park|tynly bark|Тинли Парк|تينلي بارك|ٹنلی پارک، الینوائے
Uptown,city,IL,41.9659,-87.65262,55137,Aptaun|Wilson|apputaun|アップタウン
Urbana,city,IL,40.11059,-88.20727,42311,Ehrbana|abana|arbana|awrbana|awrbana  aylynwy|e ba na|eobaeneo|Урбана|Эрбана|אורבנה|أوربانا|اربانا، الینوائے|اوربانا، ایلینوی|আর্বানা|アーバナ|厄巴纳|어배너
Vernon Hills,city,IL,42.21947,-87.97952,26314,
Villa Park,city,IL,41.88975,-87.98895,21969,Vila Park|fyla bark|Вила Парк|فيلا بارك
Warrenville,city,IL,41.81781,-88.1734,13317,
Wasco,city,IL,41.93808,-88.40452,22560,wa si ke|waskw|waskw  aylynwy|واسکو|واسکو، ایلینوی|瓦斯科
Washington,city,IL,40.70365,-89.40731,16664,Vashington|hua sheng dun|oyasintana|washntn|washyngtwn  aylynwy|washynqtwn  aylynwy|Вашингтон|واشنطن|واشنگٹن، الینوائے|واشینقتون، ایلینوی|واشینگتون، ایلینوی|ওয়াশিংটন|華盛頓
Wauconda,city,IL,42.25891,-88.13925,13814,
Waukegan,city,IL,42.36363,-87.84479,88475,Little Fort|UGN|Uokigan|Vokigan|uokigan|waywkgan  aylynwy|wkghn|wo ji gen|wokigeon|wwqygn|wx khi kan|Вокиган|Вокіган|Уокиган|ווקיגן|وائوکگان، ایلینوی|واکیگن، الینوائے|وكغن|วอคีกัน|ウォキーガン|沃基根|워키건
West Chicago,city,IL,41.88475,-88.20396,27447,Junction|Turner|Vest Chikago|wst shykagw  aylynwy|wyst shykaghw|Вест Чикаго|وست شیکاگو، ایلینوی|ويست شيكاغو|ویسٹ شکاگو، الینوائے
West Elsdon,city,IL,41.79392,-87.7245,19219,
West Englewood,city,IL,41.77809,-87.66672,32156,
West Garfield Park,city,IL,41.88059,-87.72922,17742,
West Lawn,city,IL,41.77281,-87.72227,32749,
West Ridge,city,IL,41.99975,-87.69284,72211,
West Town,city,IL,41.89381,-87.67493,86429,Vest Taun
Westchester,city,IL,41.85059,-87.882,16729,Vestchester|wst tshtr|Вестчестер|وست تشتر
Western Springs,city,IL,41.80975,-87.90062,13369,Vestern Springs|wstrn sbryngh|Вестерн Спрингс|وسترن سبرينغ|ویسٹرن سپرنگز، الینوائے
Westmont,city,IL,41.79586,-87.97562,24941,Gregg|Uestmont|Vestmont|wst mwnt|Вестмонт|Уестмонт|وست مونت
Wheaton,city,IL,41.86614,-88.10701,53715,Uiton|Viton|hui dun|hwiteon|wyatwn  aylynwy|wytwn|Витон|Уитон|وئاتون، ایلینوی|ويتون|ویٹن، الینوائے|惠顿|휘턴
Wheeling,city,IL,42.13919,-87.92896,38079,Viling|wylyngh|Вилинг|ويلينغ|ویلینگ، الینوائے
Wilmette,city,IL,42.07225,-87.72284,27413,Ouilmette Reservation|Vilmet|Vilmett|wilmes|wylmt|wylmyt|Вилмет|Вілметт|וילמט|ويلميت|윌멧
Winnetka,city,IL,42.10808,-87.7359,12472,Uinnetka|Vinetka|Winetka|Wynetka|wyntka|Винетка|Уиннетка|وينتكا
Wood Dale,city,IL,41.96336,-87.97896,13917,Vud Dejl|Vud-Dejl|wu de dai er|wwd dal  aylynwy|wwd dayl|Вуд Дејл|Вуд-Дейл|وود دال، ایلینوی|وود دايل|ووڈ ڈیل، الینوائے|ウッド・デイル|伍德代爾
Woodlawn,city,IL,41.77948,-87.59949,24150,Wood Lawn
Woodridge,city,IL,41.74697,-88.05034,33370,
Woodstock,city,IL,42.31474,-88.4487,25189,Centerville|Vudstok|udeuseutog|wwdstwk|wwdstwk  aylynwy|Вудсток|وودستوك|وودستوک، ایلینوی|ووڈسٹاک، الینوائے|우드스톡
Worth,city,IL,41.68975,-87.79728,10784,
Yorkville,city,IL,41.64114,-88.44729,18451,Bristol|Jorkvil|ywrkfyl|Јорквил|يوركفيل|یارک ویل، الینوائے|یورک‌ویل، ایلینوی
Zion,city,IL,42.44613,-87.83285,24117,Ciono|Sion|Zajon|Zion City|jaieon|zai en|zaion|zywn|zywn  aylynwy|Зайон|Зајон|Сион|זאיון|زائن، الینوائے|زيون|زیون، ایلینوی|ザイオン|宰恩|자이언
Anderson,city,IN,40.10532,-85.68025,55305,AID|Andersonton|Andersontown|Wa-piminskink|aendeoseun|andrswn  ayndyana|mdynt andrswn|Андерсон|اندرسون، ایندیانا|اینڈرسن، انڈیانا|مدينة اندرسون|앤더슨
Auburn,city,IN,41.36699,-85.05886,12979,Obern|abrn  ayndyana|obeon|Оберн|آبرن، ایندیانا|오번
Bluffton,city,IN,40.73866,-85.17164,10005,Blafton|blaftwn  ayndyana|bu la fu dun|bwfalw|Блафтон|بلافتون، ایندیانا|بلفٹن، انڈیانا|بوفالو|布拉夫顿
Cedar Lake,city,IN,41.36476,-87.44115,12000,
Chesterton,city,IN,41.61059,-87.0642,13433,Calumet|Coffee Creek|Честертон
Crawfordsville,city,IN,40.04115,-86.87445,16024,Krofordsvil|ke lao fu ci wei er|krafwrdzwyl  ayndyana|krwfwrdsfyl|Крофордсвил|كروفوردسفيل|کرافوردزویل، ایندیانا|کرافورڈزویل، انڈیانا|克劳福兹维尔
Crown Point,city,IN,41.41698,-87.36531,28879,Crownpoint|Kraun Pojnt|Robinsons Prairie|kra'una po'inta|krawn bwynt|Краун Појнт|كراون بوينت|کراؤن پوائنٹ، انڈیانا|کرون‌پوینت، ایندیانا|क्राउन पॉइंट
Dyer,city,IN,41.4942,-87.52171,16051,Dajer|dayr|Дајер|داير
East Chicago,city,IN,41.6392,-87.45476,28699,Ist Chikago|Ist-Chikago|Orienta Cikago|Orienta Ĉikago|aysant shykajw|ayst shykaghw|dong zhi jia ge|dwghw shykaqw   ayndyana|iseuteusikago|mzrh syqgw|purba sikago|purvi sikago|shykagwy shrqy  ayndyana|Іст-Чикаго|Ист Чикаго|Ист-Чикаго|מזרח שיקגו|إيست شيكاغو|ايسانت شيكاجو|دوغو شیکاقو ، ایندیانا|شیکاگوی شرقی، ایندیانا|مشرقی شکاگو، انڈیانا|पूर्वी शिकागो|পূর্ব শিকাগো|イースト・シカゴ|东芝加哥|東芝加哥|이스트시카고
Elkhart,city,IN,41.68199,-85.97667,52348,EKI|Ehlkgart|Ehlkkhart|Elkgart|Elkkhart|ai er ke ha te|alkart  ayndyana|alkhart|elkharta|erukuhato|Елкгарт|Елкхарт|Элкгарт|Элкхарт|אלקהארט|إلخارت|الخارت|الکارت، انڈیانا|الکارت، ایندیانا|एल्खार्ट|エルクハート|埃尔克哈特|埃爾克哈特
Fort Wayne,city,IN,41.1306,-85.12886,260326,Arx Vainensis|FWA|Fort Gouein|Fort Miami|Fort Uejn|Fort Veinas|Fort Vejn|Fort Veyn|Fort-Uehjn|Fort-Vejn|Fortveina|Frenchtown|Kekionga|Kiskakon|Miami Town|Omee Town|Post Miami|Twightwee Village|fotouein|fwrt wayn|fwrt‌wyn  ayndyana|phorta vena|poteuwein|pwrt wyyn|wei en bao|Φορτ Γουέιν|Форт Вејн|Форт Уейн|Форт-Вейн|Форт-Уэйн|פורט ויין|فورت واين|فورت‌وین، ایندیانا|فورٹ وین، انڈیانا|फोर्ट वेन|フォートウェイン|韋恩堡|포트웨인
Frankfort,city,IN,40.27948,-86.51084,16060,Frankfurt|fa lan ke fu|frankfwrt|frankfwrt  ayndyana|Франкфорт|Франкфурт|فرانكفورت|فرانکفورت، ایندیانا|فرنکفرٹ، انڈیانا|法兰克福
Gary,city,IN,41.59337,-87.34643,77156,GYY|Gehri|Gehry|Geri|Qari|gairi|geli|geri|ghary|gry  ayndyana|jia li|Гери|Гері|Гэри|Гэры|Գերի|غاري|گری، انڈیانا|گری، ایندیانا|गैरी|แกรี|გერი|ゲーリー|加里|게리
Goshen,city,IN,41.58227,-85.83444,32983,GSH|Goshen (Indiana)|Гошен
Granger,city,IN,41.75338,-86.11084,30465,
Griffith,city,IN,41.52837,-87.42365,16378,
Hammond,city,IN,41.58337,-87.50004,77614,Hohman|Khammond|Khamond|State Line|ha meng de|haemeondeu|hamondo|hamwnd|hmwnd  ayndyana|Хаммонд|Хамонд|هاموند|هموند، ایندیانا|ہیمونڈ، انڈیانا|ハモンド|哈蒙德|해먼드
Highland,city,IN,41.55365,-87.45198,22936,Gajlend|Khajlend|hai lan|hayland|Гайленд|Хайленд|هايلاند|هايلاند ،مقاطعة ليك|ہائلینڈ، لیک کاؤنٹی، انڈیانا|海蘭
Hobart,city,IN,41.53226,-87.25504,28404,Khobart|hwbart|hwbart  ayndyana|Хобарт|هوبارت|هوبارت، ایندیانا|ہوبرٹ، انڈیانا
Huntington,city,IN,40.8831,-85.49748,17095,Khantington|hantyngtwn  ayndyana|heng ting dun|heontingteon|hntnghtwn|Хантингтон|هانتینگتون، ایندیانا|هنتنغتون|ہنٹنگٹن، انڈیانا|亨廷顿|헌팅턴
Kokomo,city,IN,40.48643,-86.1336,57995,OKK|ke ke mo|kwkwmw|kwkwmw  ayndyana|كوكومو|کوکومو، انڈیانا|کوکومو، ایندیانا|コーコモー|科科莫
Lafayette,city,IN,40.4167,-86.87529,71111,LAF|La Fayette|Lafajet|Lafejet|la fei te|lafayyt|lafyt  ayndyana|lapies|rafaietto|Лафайет|Лафејет|لا فائت، انڈیانا|لافاييت|لافیت، ایندیانا|ラファイエット|拉斐特|라피엣
Lake Station,city,IN,41.57504,-87.23892,12054,East Gary
Lebanon,city,IN,40.04837,-86.46917,15892,
Logansport,city,IN,40.75448,-86.35667,17793,Loganport|logeonjeupoteu|Логанспорт|로건즈포트
Marion,city,IN,40.55837,-85.65914,29081,MZZ|Mehrion|marywn|mrywn  ayndyana|Марион|Мэрион|ماريون|مریون، ایندیانا|میرین، انڈیانا
Merrillville,city,IN,41.48281,-87.33281,35224,Centreville
Michigan City,city,IN,41.70754,-86.89503,31459,MGC|Michigan-Siti|Miciganurbo|Miciqan-Siti|Miçiqan-Siti|Miĉiganurbo|mi xi gen shi|mishiganshiti|misigana sahara|misigana siti|myshygan syty  ayndyana|myshyghan syty|myshyjan syty|myshyqan syty  ayndyana|mysygn syty|Мичиган-Сити|Мічиган-Сіті|Միչիգան Սիթի|מישיגן סיטי|مشی گن سٹی، انڈیانا|ميشيجان سيتى|ميشيغان سيتي|میشیقان سیتی، ایندیانا|میشیگان سیتی، ایندیانا|मिशिगन शहर|মিশিগান সিটি|მიჩიგან-სიტი|ミシガンシティ|密西根市
Mishawaka,city,IN,41.66199,-86.15862,48261,Mishavoka|Mishewaka|misyeowaka|myshawaka|myshwaka  ayndyana|Мишавока|مشاواکا، انڈیانا|ميشاواكا|میشواکا، ایندیانا|미셔와카
Muncie,city,IN,40.19338,-85.38636,70087,MIE|Mansi|Muncey Town|Munseetown|Munsey|man si|manshi|mwnsy|mwnsy  ayndyana|Манси|منسی، انڈیانا|مونسي|مونسی، ایندیانا|มันซี|མཱུན་སི།|マンシー
Munster,city,IN,41.56448,-87.51254,22984,Mjunster|Мюнстер
New Haven,city,IN,41.0706,-85.01441,15709,N'ju-Gejven|N'ju-Khejven|Newhaven|naya hevana|niu hei wen|nyuheibun|nyw hafn|nywhywn  ayndyana|Нью-Гейвен|Нью-Хейвен|نيو هافن|نیو ہیون، انڈیانا|نیوهیون، ایندیانا|नया हेवन|ニューヘイブン|纽黑文
Noblesville,city,IN,40.04559,-86.0086,59093,Noblsvil|Nobulsvil|noburuzubiru|Ноблсвил|Нобълсвил|ノーブルズビル
Peru,city,IN,40.75365,-86.06888,11060,GUS|Miamisport|byrw|prw  ayndyana|Перу|بيرو|پرو، ایندیانا|پیرو، انڈیانا
Plymouth,city,IN,41.34366,-86.30973,10035,PLY|Plimut|blymwth|plymwth  ayndyana|Плимут|بليموث|پلائی موتھ، انڈیانا|پلیموث، ایندیانا
Portage,city,IN,41.57587,-87.17615,36738,Portidz|bwrtagh|pwrtyj  ayndyana|Портиџ|بورتاغ|پورتیج، ایندیانا|پورٹیج، انڈیانا
Saint John,city,IN,41.45004,-87.47004,14850,Prairie West|St. John|Western Prairie
Schererville,city,IN,41.47892,-87.45476,28791,Shervil|Шервил|شیئرویل، انڈیانا
South Bend,city,IN,41.68338,-86.25001,101516,Big Saint Joseph Station|Flexuvium Australe|SBN|Saint Joseph's|Saut Bend|Saut Bendas|Saut-Bend|Southold|The Bend|nan ben de|sauseubendeu|sausubendo|sawth bnd|sawth bnd  ayndyana|Саут Бенд|Саут-Бенд|Саўт-Бенд|סאות בנד|ساؤتھ بینڈ، انڈیانا|ساوث بند|ساوث بند، ایندیانا|サウスベンド|南本德|사우스벤드
Valparaiso,city,IN,41.47309,-87.06114,32626,Portersville|VPZ|Val'paraiso|Valparaíso|Valparejso|baelpeoleijo|falbaraysw|vuaruparezo|wa er pa lai suo|walprayzw  ayndyana|Валпарејсо|Вальпараисо|فالبارايسو|والپرایزو، ایندیانا|ولپراسیو، انڈیانا|ヴァルパレーゾ|瓦尔帕莱索|밸퍼레이조
Wabash,city,IN,40.79782,-85.82054,10381,Vobash|Wabash Town|Wabashtown|vabasa|wabash  ayndyana|Вобаш|واباش|واباش، انڈیانا|واباش، ایندیانا|वाबाश
Warsaw,city,IN,41.2381,-85.85305,14472,Vorso|warsaw  ayndyana|warsw|Ворсо|وارسا، انڈیانا|وارساو، ایندیانا|وارسو
West Lafayette,city,IN,40.42587,-86.90807,45550,Chauncey|Kingston|Lafayette Occidentalis|Uehst-Lafejett|Vest Lafajet|Vest-Lafajett|lafayt ghrby  ayndyana|uesutorafaietto|weseuteulapies|wyst lafayyt|xi la fa ye|Вест Лафајет|Вест-Лафайетт|Уэст-Лафейетт|لافایت غربی، ایندیانا|مغربی لافائت، انڈیانا|ويست لافاييت|ウェストラファイエット|西拉法葉|웨스트라피엣
Westfield,city,IN,40.04282,-86.12749,36738,Uehstfild|Vestfild|Westville|weseuteupildeu|wstfyld  ayndyana|wystfyld|Вестфилд|Вестфілд|Уэстфилд|وستفیلد، ایندیانا|ويستفيلد|ویسٹ فیلڈ، انڈیانا|웨스트필드
Yorktown,city,IN,40.17365,-85.49414,11231,
Abington,city,MA,42.10482,-70.94532,15985,Abington Centre|Manamooskeagin|abynghtwn|abyngtn  masachwst|Абингтон|Абінгтон|أبينغتون|ابینگتن، ماساچوست|ایبنگٹن، میساچوسٹس
Acton,city,MA,42.48509,-71.43284,20897,Actonia|Akshn|Ehkton|aktn  masachwst|aktwn|Акшн|Эктон|أكتون|اکتن، ماساچوست|ایکٹن، میساچوسٹس
Acushnet,city,MA,41.68066,-70.90782,10850,Achushnet|Achushnet Village|Acushena|Akjushnet|Akousnet|Akushnet|a ku shen nei te|akshnt  masachwst|akushunetto|akwshnt  masachwst|akwshynt|Ακούσνετ|Акушнет|Акюшнет|آکوشنت، ماساچوست|أكوشينت|اکشنت، ماساچوست|アクシュネット|阿庫什內特
Agawam,city,MA,42.06954,-72.61481,28761,Agavam|Agavom|Agawaam|Agawam Town|Agawam Village|Agawom|Agawome|Agawomes|Aggawam|Aggawom|Aggawom *|Agissawamg|Agowaun|Agowaymam|Aguwom|Angawom|Angoum|Anguum|Augawam|Augawoam|Augoam|Auguan|a jia wan|agawamu|aghawam|ajawam|ayjwam  masachwst|Агавам|Агавом|أغاوام|اجاوام|ایجوام، ماساچوست|ایگاوام، میساچوسٹس|アガワム|阿加万|阿加萬
Allston,city,MA,42.35843,-71.12589,28821,Cambridge Crossing|alstwn|ao er si dun|orusuton|آلستون|الستون|オールストン|奥尔斯顿|奧爾斯頓
Amesbury,city,MA,42.85842,-70.93005,18313,Almsbury|Amehsbjuri|Ejmsberi|Salisbury|amsbry  masachwst|amysbwry|eimjeubeli|eimuzuberi|Амэсбюри|Ејмсбери|آمسبری، ماساچوست|أميسبوري|ایمزبیری، میساچوسٹس|エイムズベリー|에임즈베리
Amherst,city,MA,42.36723,-72.51852,39833,Amerst|Amherst Village|Amkhehrst|Amkherst|Amkhurst|Ehmgerst|Emgerst|Hadley East|Hadley East Precinct|Hadley Third Precinct|Third Precinct|a mo si te|a mu he si te|aemeoseuteu|amasuto|amhrst  masachwst|amyrst|amyrst   masatshwsts|an mo si te|yan xue shi|Άμερστ|Амхерст|Амхърст|Амхэрст|Амҳерст|Емгерст|Эмгерст|Ամհերսթ|אמהערסט|אמהרסט|أميرست|ئەمھێرتس|امهرست، ماساچوست|اميرست ، ماساتشوستس|ამჰერსტი|アマースト|安默斯特|岩靴士|阿姆赫斯特|阿默斯特|애머스트
Amherst Center,city,MA,42.37537,-72.51925,19065,Amkherst Senter|Emgerst-Senter|a mo si te sen te|amhyrst sntr|mrkz amhrst  masachwst|Амхерст Сентер|Емгерст-Сентер|أمهيرست سنتر|امهيرست سنتر|مرکز امهرست، ماساچوست|阿默斯特森特
Arlington,city,MA,42.41537,-71.15644,42844,Menotomy|a ling dun|arinton|arlyngtwn  masachwst|Арлингтон|آرلنگٹن، میساچوسٹس|آرلینگتون، ماساچوست|アーリントン|阿灵顿
Ashland,city,MA,42.26121,-71.4634,15802,Ashland Coutre|Ashlehnd|Magunkaquog|Unionville|aesyullaendeu|ashlnd  masachwst|Ашлэнд|اشلند، ماساچوست|ایشلنڈ، میساچوسٹس|애슐랜드
Ashmont,city,MA,42.28343,-71.06894,30000,
Attleboro,city,MA,41.94454,-71.28561,44284,Atlboro|Attlboro|Attleborough|East Attleborough|Ehttlboro|Ettlboro|a te er bo lei|atlbarw  masachwst|atlbwrw|atoruboro|Атлборо|Аттлборо|Еттлборо|Эттлборо|Էթլբորո|אטלבורו|أتلبورو|اتلبارو، ماساچوست|اتلبورو|ایٹلبرو، میساچوسٹس|アトルボロ|阿特尔伯勒|阿特爾伯勒
Auburn,city,MA,42.19454,-71.83563,16724,Auburn Centre|awbrn  masachwst|obeon|Аубурн|آبرن، میساچوسٹس|اوبرن، ماساچوست|오번
Back Bay,city,MA,42.3501,-71.087,17577,baegbei|bakkubei|hou wan|バックベイ|后湾|백베이
Barnstable,city,MA,41.70011,-70.29947,47821,Barnstabl|Barnstable Town|Barnstable Village|Barnstabul|Barnstaple|Barnstehjbl|ba en si te bu er|banseuteobeul|bansutaburu|bar ns ta beil|barnstabl|brnstbl  masachwst|Барнстабл|Барнстабъл|Барнстэйбл|بارنستابل|بارنسٹیبل، میساچوسٹس|برنستبل، ماساچوست|บาร์นสตาเบิล|バーンスタブル|巴恩斯特布尔|반스터블
Bedford,city,MA,42.49065,-71.27617,12502,BED|Bedford Centre|Behdford|bai fu|bdfwrd  masachwst|bdpwrd|beddofodo|bei te fu de|bydfwrd|Бедфорд|Бэдфорд|בדפורד|بدفورد، ماساچوست|بيدفورد|بیڈفورڈ، میساچوسٹس|ベッドフォード|百福|貝特福德
Belmont,city,MA,42.39593,-71.17867,24729,Behlmont|Bellus Mons|blmwnt  masachwst|Белмонт|Бэлмонт|بلمونت، ماساچوست
Beverly,city,MA,42.55843,-70.88005,41186,BVY|Bass River|Behverli|Beverli|Bevurli|bebeolli|bei fu li|bivuari|bwrly  masachwst|bwwrly|byfrly|Μπέβερλι|Беверли|Беверлі|Бевърли|Бэверли|Բևերլի|בוורלי|بورلی، ماساچوست|بيفرلى|بيفرلي|بیورلی، میساچوسٹس|ビヴァリー|貝弗利|贝弗利|베벌리
Beverly Cove,city,MA,42.55343,-70.85366,40365,Cove Village
Billerica,city,MA,42.55843,-71.26895,39904,Billerica Centre|Billerica Village|Billerika|Billirrikey|Bïllerïka|Shawshine|bi lie li ka|birerika|bylryka  masachwst|Биллерика|Біллерика|بىيللەرىيكا|بیلریکا، ماساچوست|ビレリカ|比列里卡
Boston,city,MA,42.35843,-71.05977,653833,BOS|Baston|Bostan|Bostona|Bostonas|Bostone|Bostonia|Bostono|Bostons|Bostun|Bostún|Mushauwomuk|Old Boston|Po-su-tun|Pokekona|Pô-sṳ-tun|Shawmut|Shawmutt|Shawnnut|Totant|Tramount|Tremont|Trimountain|Trimountaine|Vostoni|Wahstoronon:ke|Wahstoronòn:ke|Wastok|bastan|bastana|bausatana|beasrraൺ|bo shi dun|boseuteon|bostan|bostana|bostʼoni|bosuton|bwstn|bwstwn|bxstan|pastan|Βοστωνη|Βοστώνη|Бостан|Бостон|Бостън|Բոստոն|באסטאן|בוסטון|بوستون|بوسطن|بوسٹن|بۆستن|ܒܘܣܛܘܢ|बस्तन|बास्टन्|बॉस्टन|बोस्टन|বস্টন|ਬੌਸਟਨ|பாஸ்டன்|బోస్టన్|ಬಾಸ್ಟನ್|ബോസ്റ്റൺ|บอสตัน|བོ་སེ་ཊོན།|ဘော့စတွန်မြို့|ბოსტონი|ቦስቶን|ボストン|波士頓|波士顿|보스턴
Brighton,city,MA,42.3501,-71.15644,45977,Kleines Cambridge|Le Petit Cambridge|Little Cambridge|Pequenos Cambridge
Brockton,city,MA,42.08343,-71.01838,95314,Broktan|Brokton|Broktona|Broktonas|Broktun|North Bridgewater|beulagteun|br xk tan|brakatana|braktan|braktwn  masachwst|brok ton|brokatana|brwktwn|brwqtwn|bu luo ke dun|burokkuton|piraktn|Μπρόκτον|Броктан|Броктон|Броктън|Բրոքթոն|ברוקטון|براکتون، ماساچوست|بروكتون|بروکٹن، میساچوسٹس|ब्रॉकटन|ब्रॉक्‍टोन|ব্রকটন|બ્રૉકટન|பிராக்ட்ன்|బ్రోక్ టొన్|ಬ್ರಾಕ್ಟನ್|බ්‍රොක්ටන්|บรอกตัน|ブロックトン|布罗克顿|布羅克頓|브락튼
Brookline,city,MA,42.33176,-71.12116,58732,Brouklain|Bruklaina|Bruklajn|Bruklin|Brūklaina|beulukeullain|brwklayn|brwklayn  masachwst|brwklyn|brwklyn  masachwst|brwqlyyn|bu lu ke lai en|bu lu lan|burukkurain|Μπρούκλαϊν|Бруклайн|Бруклајн|Бруклин|Бруклін|Բրուքլայն|ברוקליין|بروكلاين|بروكلين|بروکلاین، ماساچوست|بروکلین، ماساچوست|ブルックライン|布碌蘭|布魯克萊恩|布鲁克莱恩|브루클라인
Burlington,city,MA,42.50482,-71.19561,24498,BBF|Berlington|Bjurlington|Burlington Centre|Burlingtun|bo ling dun|brlyngtwn  masachwst|bwrlynghtwn|Берлингтон|Бърлингтън|Бюрлингтон|برلنگٹن، میساچوسٹس|برلینگتون، ماساچوست|بورلينغتون|伯灵顿
Cambridge,city,MA,42.3751,-71.10561,110402,Cambridge i Massachusetts|Cantabrigia|Kehmbridzh|Keimbridza|Keimbridža|Keimpritz|Kejmbridzh|Kembric|Kembridz|Kembridzas|Kembridzh|Kembridžas|Kembrigo|Kembrizh|Kembriĝo|Kembrydzh|Mishawum|New Town|New Towne|Newtown|Newtowne|Old Cambridge|jian qiao|kambrydj|kambryj|keimbeuliji|kemabrija|kembridj|kembrija|kempirij|kenburijji|khem bridc|kmbryj|kmbryj  masachwst|qyymbrydg'|Κέιμπριτζ|Кеймбридж|Кембридж|Кембриж|Кембриџ|Кембриҗ|Кембриҷ|Кембрыдж|Кэмбридж|Քեմբրիջ|קיימברידג'|קעמברידזש|كامبريدج|کامبریج|کمبریج|کمبریج، ماساچوست|کیمبرج، میساچوسٹس|केंब्रिज|কেমব্রিজ|கேம்பிரிஜ்|కేంబ్రిడ్జ్|เคมบริดจ์|კემბრიჯი|ケンブリッジ|剑桥|劍橋|케임브리지
Cambridgeport,city,MA,42.35843,-71.10366,13438,kenburijjipoto|mnfdh kambrdj  kambrdj|منفذ كامبردج، كامبردج|ケンブリッジポート
Canton,city,MA,42.15843,-71.14477,21679,Dorchester Village|Punkapoag|South Canton
Carver,city,MA,41.88344,-70.76254,11718,Carver Centre|Garvehr|Mohootset|karfyr|karwr  masachwst|Гарвэр|كارفير|کارور، ماساچوست
Charlestown,city,MA,42.37787,-71.062,20397,Carolopolis|Charl'ztaun|Charles Towne|Charleston|Charlestown Heights|Charlton|Charlztaun|Mishawum|Tsarlstaoun|bo shi dun cha er si dun|charlztawn  bwstwn|charlztwwn  bwztwn|charuzutaun|Τσαρλστάουν|Чарлзтаун|Чарлзтаўн|Чарльзтаун|Չալզթաուն|צ'ארלסטאון|چارلزتاون، بوستون|چارلزتوون، بوزتون|چارلس ٹاؤن، بوسٹن|チャールズタウン|波士頓查爾斯頓|波士顿查尔斯顿
Charlton,city,MA,42.13565,-71.97007,12764,Charleston|Charlton Centre|charltwn  masachwst|tsharltwn|Чарлтон|تشارلتون|چارلتون، ماساچوست
Chelmsford,city,MA,42.59981,-71.36728,33925,shlmzfwrd  masachwst|tshylmsfwrd|Челмсфорд|تشيلمسفورد|شلمزفورد، ماساچوست
Chelsea,city,MA,42.39176,-71.03283,39398,Chehlsi|Chelsi|Romney Marsh|Rumney Marsh|Tselsi|Winisemit|Winne-ashim-ut|Winnet Semet|Winnisemit|Winnisimmet|Winnissimmet|chelsi|cherushi|chlsy  masachwst|qie er xi|tshylsy|z'lsy|Τσέλσι|Челси|Челсі|Чэлси|Չելսի|צ'לסי|تشيلسى|تشيلسي|چلسی، ماساچوست|چیلسی، میساچوسٹس|チェルシー|切尔西|切爾西|첼시
Chestnut Hill,city,MA,42.33065,-71.16616,23649,Lees Hill
Chicopee,city,MA,42.1487,-72.60787,56741,CEF|Chikopi|chikopi|qi ke pi|shykwby|shykwpy  masachwst|z'yqwpy|Чикопи|Чикопі|צ'יקופי|شيكوبى|شيكوبي|شیکوپی، ماساچوست|چیکوپی، میساچوسٹس|チコピー|奇科皮
Concord,city,MA,42.46037,-71.34895,16810,Concord Centre|Concord i Massachusetts|Concordia|Kon'kornt|Konkard|Konkord|Konkordo|Musketequid|kang ke te|kongkodeu|konkodo|kwnkwrd|kwnkwrd  masachwst|qwnqwrd|Κόνκορντ|Конкард|Конкорд|Կոնկորդ|קאנקארד|קונקורד|كونكورد|کونکورد، ماساچوست|کونکورڈ، میساچوسٹس|კონკორდი|コンコード|康科特|콩코드
Danvers,city,MA,42.57509,-70.93005,26493,Danvehrs|Danvers Plains|Denvers|New Mills|Salem Village|The Plains|daenbeoseu|danbasu|danfrz|dnwrs  masachwst|Данверс|Данвэрс|Денверс|دانفرز|دنورس، ماساچوست|ダンバース|댄버스
Dedham,city,MA,42.24177,-71.16616,24729,Dedam|Dedham Village|Dehdkham|dai de mu|ddham  masachwst|dedamu|dedeom|dydam|Дедам|Дэдхам|ددهام، ماساچوست|ديدام|デダム|戴德姆|데덤
Dorchester,city,MA,42.29732,-71.0745,97826,Mattapan|Neponsitt|Washington Village|dwrchstr  bwstwn|دورچستر، بوستون
Dracut,city,MA,42.67037,-71.30201,28831,Dracut Centre|Drakat|Drakut|drakat  masachwst|drakwt|Дракат|دراكوت|دراکات، ماساچوست
Dudley,city,MA,42.0451,-71.93007,11165,Chabanakongkomom|Dadlehj|Dudley Centre|dadly  masachwst|dwdly|Дадлэй|دادلی، ماساچوست|دودلي
Duxbury,city,MA,42.04177,-70.67226,15059,Daksburu|Djuksbjuri|Mattakesett|daksbry  masachwst|dwksbwry|Даксбуру|Дюксбюри|داکسبری، ماساچوست|دوكسبوري
East Boston,city,MA,42.3751,-71.03922,43066,Bostonia Orientalis|Ist-Bostan|Noddles Island|Noodle's Island|Orient-Bostono|dong bo shi dun|dong bo shi dun de qu|ista bostana|Іст-Бостан|בוסטון/מזרח העיר|ईस्ट बॉस्टन|东波士顿|東波士頓|東波士頓地區
East Bridgewater,city,MA,42.03343,-70.95921,14021,Ist Bridzhuateh|bryjwatr shrqy  masachwst|Ист Бриджуатэ|بریجواتر شرقی، ماساچوست
East Cambridge,city,MA,42.36676,-71.08005,13122,Graves Neck|Lechmere Point|dong jian qiao|kambrydj alshrqyt|كامبريدج الشرقية|东剑桥|東劍橋
East Longmeadow,city,MA,42.06454,-72.51259,15102,East Long Meadow|Ist Longmidou|ayst lwnghmydw|langmydw shrqy  masachwst|Ист Лонгмидоу|إيست لونغميدو|لانگمیدو شرقی، ماساچوست
Easthampton,city,MA,42.26676,-72.66898,16611,East Hampton|Istgempton|Isthempton|Istkhampton|Istkhempton|asthamptwn  masachwst|aysthambtwn|isutohanputon|yi si te han pu dun|İsthempton|Істгемптон|Истгемптон|Истхамптон|Истхемптон|إيستهامبتون|استهامپتون، ماساچوست|ايستهامبتون|ایسٹ ہیمپٹن، میساچوسٹس|イーストハンプトン|伊斯特汉普顿|伊斯特漢普頓
Easton,city,MA,42.02454,-71.12866,23459,Easton Furnace|Furnace|Furnace Village|Iston|Pequimmit|astwn  masachwst|aystwn|isuton|yi si dun|Істон|Истон|إيستون|استون، ماساچوست|ایسٹن، میساچوسٹس|イーストン|伊斯顿
Everett,city,MA,42.40843,-71.05366,46050,Ehverett|Everet|ai fu li te|awryt  masachwst|ayfrt|ebaretto|ebeoles|Еверет|Еверетт|Эверетт|Էւըրէթ|אברט|إيفرت|اوریت، ماساچوست|ايفرت|ایوریٹ، میساچوسٹس|エバレット|埃弗里特|에버렛
Fairhaven,city,MA,41.6376,-70.90365,16453,Fajehkhaven|fyrhawn  masachwst|fyrhyfn|Файэхавен|فيرهيفن|فیئرہون، میساچوسیٹس|فیرهاون، ماساچوست
Fall River,city,MA,41.70149,-71.15505,94000,Border City Village|Fall River Village|Fol Riveh|Fol River|Foll-River|Pocasset|The Border City|fal rywr  masachwst|foruriba|fu er li fu|fwl ryfr|Фол Ривер|Фол Ривэ|Фолл-Ривер|Фолл-Рівер|فال ریور، ماساچوست|فال ریور، میساچوسیٹس|فول ريفر|フォールリバー|福尔里弗
Fitchburg,city,MA,42.58342,-71.8023,40545,Fichberg|Fichburg|Fitchberg|Fitchburg Centre|fei qi bao|fitchibagu|fychbrg  masachwst|fychbrq  masachwst|fytshbwrgh|fytshbwrj|pichibeogeu|pytsbwrg|Фитчберг|Фитчбург|Фичбург|Фітчбурґ|Фічберг|פיטשבורג|فيتشبورج|فيتشبورغ|فیچبرق، ماساچوست|فیچبرگ، ماساچوست|فیچبرگ، میساچوسٹس|フィッチバーグ|菲奇堡|피치버그
Framingham,city,MA,42.27926,-71.41617,68318,Framingem|Framingkham|Frejmingam|Frejmingem|Frejminggam|Frejmingkham|South Framingham|fei ming xian|framyngham  masachwst|framynghham|fu lei ming han|fu lei ming han shi|fureimingamu|ma sa zhu sai zhou|peuleiminghaem|Фрамингхам|Фрамінгем|Фреймингам|Фрейминггам|Фреймингем|Фрејмингхам|פרמינגהאם|فرامينغهام|فرامینگهام، ماساچوست|فریمنگہیم، میساچوسٹس|フレイミンガム|弗雷明汉|弗雷明翰市|費明咸|馬薩諸塞州|프레이밍햄
Framingham Center,city,MA,42.29732,-71.43701,65413,Framingham Centre
Franklin,city,MA,42.08343,-71.39673,30636,Franklin Centre|Franklin Village|franklyn|frankyn  masachwst|fu lan ke lin|furankurin|peulaengkeullin|prnqlyn|Франклин|Франклін|פרנקלין|فرانكلين|فرانکین، ماساچوست|فرینکلن، میساچوسٹس|フランクリン|富兰克林|프랭클린
Gardner,city,MA,42.57509,-71.99813,20333,GDM|Gardnehr|Gardner Centre|Nkarntner|West Gardner|gadona|gardnr  masachwst|ghardnr|jardnr|jia de na|qardnr  masachwst|Γκάρντνερ|Гарднер|Гарднэр|جاردنر|غاردنر|قاردنر، ماساچوست|گاردنر، ماساچوست|گارڈنر، میساچوسٹس|ガードナー|加德納|加德纳
Gloucester,city,MA,42.61405,-70.66313,29781,Glocester|Gloster|Gloucester Harbor|Glousehstehr|The Harbor|Wingaersheek|Wonasquam|ge luo si te|ghlwstr|glwkstr  masachwst|gurosuta|Глостер|Глоусэстэр|غلوستر|گلوسٹر، میساچوسٹس|گلوکستر، ماساچوست|グロスター|格洛斯特
Grafton,city,MA,42.20704,-71.68562,16583,Grafton Center|Grafton Centre|Grehfton|ghraftwn|grftwn  masachwst|gurafuton|ma sa zhu sai zhou|qraftwn  masachwst|Графтон|Грэфтон|غرافتون|قرافتون، ماساچوست|گرافٹن، میساچوسٹس|گرفتون، ماساچوست|グラフトン|麻萨诸塞州|麻薩諸塞州
Greenfield,city,MA,42.58759,-72.59953,19753,Greenfielt|Grinfild|ge lin fei er de|ghrynfyld|grynfyld  masachwst|grynpyld|gurinfirudo|jrynfyld|qrynfyld  masachwst|Гринфилд|Грінфілд|גרינפילד|جرينفيلد|غرينفيلد|قرینفیلد، ماساچوست|گرین فیلڈ، میساچوسٹس|گرینفیلد، ماساچوست|グリーンフィールド|格林菲尔德|格林菲爾德
Hanson,city,MA,42.0751,-70.88004,10209,Khanson|Khehnson|North Hanson|hansn|hanswn|Хансон|Хэнсон|هانسن|هانسون
Hanover,city,MA,42.11316,-70.81199,16906,Four Corners|Hanover Four Corners|Khanouveh|hanwfr|hanwwr|Ханоувэ|هانوفر|هانوور
Harwich,city,MA,41.68622,-70.07585,13059,Harwich Center|Harwich Centre|Kharvich|Satucket|Satuckett|harwyk|harwytsh|Харвич|هارويتش|هارویک
Haverhill,city,MA,42.7762,-71.07728,62765,Gejvrill|Haverhil|Khaverkhill|Khejvril|Pentucket|Pentuckett|hafr hyl|hei fu li er|heibeulil|heiburiru|hwwrhyl|hywrhyl  masachwst|Гейврилл|Гейврілл|Хаверхилл|Хейврил|Хејврил|Һейверилл|Հավերհիլ|הוורהיל|هافر هيل|هیورهیل، ماساچوست|ہیویرہل، میساچوسٹس|ヘイブリル|黑弗里尔|黑弗里爾|헤이브릴
Head of Westport,city,MA,41.62094,-71.06199,14809,Head of the River|Westport|Westport Village
Holbrook,city,MA,42.1551,-71.00866,10791,Kholbruk|halbrwk|hwlbrwk|Холбрук|هالبروک|هولبروك
Holden,city,MA,42.35176,-71.86341,17016,Eagleville|Khouldehn|hwldn  masachwst|hwldyn|Хоулдэн|هولدن، ماساچوست|هولدين
Holliston,city,MA,42.2001,-71.4245,14010,Holliston Centre|Kholliston|hlystwn  masachwst|hwlystwn|Холлистон|هلیستون، ماساچوست|هوليستون
Holyoke,city,MA,42.20426,-72.6162,40684,Choliok|Goliok|Holyok|Kholiok|Kholiouk|Kholjok|holli yokeu|horuyoku|huo li ao ke|hwlywk|hwlywk  masachwst|hwlywq|Χόλιοκ|Голиок|Голіок|Холиок|Холиоук|Холјок|Հոլյոկ|הוליוק|هوليوك|هولیوک، ماساچوست|ہولیوک، میساچوسٹس|ဟိုလီအိုဟာမြို့|ሆዮኬክ|ᐦᐅᓖᔪᒃ|ホルヨーク|霍利奥克|霍利奧克|홀리 요크
Hudson,city,MA,42.39176,-71.56618,14907,Feltonville|Gudzon|Khadson|hwdstwn  masachwst|hwdswn|Гудзон|Хадсон|هودستون، ماساچوست|هودسون|ہڈسن، میساچوسٹس
Hull,city,MA,42.30204,-70.90782,10293,Khal|Khall|Nantascot|hal|hwl|Хал|Халл|هال|هول
Hyannis,city,MA,41.65289,-70.2828,14120,HYA|Hyannis Port|Iyanoughs Land|Khajanis|Yannos|haiaeniseu|haianisu|haynys|Хаянис|هاينيس|ハイアニス|하이애니스
Hyde Park,city,MA,42.25565,-71.1245,31845,
Jamaica Plain,city,MA,42.30982,-71.12033,37468,Jamaica Plains|جمیکا پلائیں
Kingston,city,MA,41.99455,-70.72448,12208,gyngstwn  masachwst|kynghstwn|Кингстон|كينغستون|کنگسٹن، میسا چوسٹس|گینگستون، ماساچوست
Lawrence,city,MA,42.70704,-71.16311,80231,LWM|Lorehns|Lorens|Loruns|Lourens|lao lun si|larensa|larns  masachwst|lolenseu|lorensi|luo lun si|lwrans|lwrns|rorensu|Λώρενς|Лоренс|Лорънс|Лорэнс|Лоуренс|Լորենս|לורנס|لارنس، ماساچوست|لارنس، میساچوسٹس|لورانس|লরেন্স|ലോറൻസ്|ლორენსი|ローレンス|劳伦斯|羅倫斯|로렌스
Leicester,city,MA,42.24593,-71.90868,11064,Lehjsehstehr|Leicester Center|Lester|lai si te|lstr|lykstr  masachwst|resuta|Лестер|Лэйсэстэр|לסטר|لیکستر، ماساچوست|گرینویل، میساچوسٹس|レスター|莱斯特
Leominster,city,MA,42.52509,-71.75979,41569,Lemenster|Leminster|Leominster Centre|Leominstere|Liominstur|lai min si te|lywmnstr|lywmynstr  masachwst|reminsuta|ywmnstr|Леменстер|Леминстер|Леоминстер|Леоминстере|Лиоминстър|לאומינסטר|لئومینستر، ماساچوست|ليومنستر|لیومینسٹر، میساچوسٹس|يومنستر|レミンスター|萊敏斯特
Lexington,city,MA,42.44732,-71.2245,31394,Cambridge Farms|Leksington|Lexington Centre|Lexington Village|Lexingtonia|legsingteon|lie ke xing dui|lksyngtwn  masachwst|lyksynghtwn|rekishinton|Лексингтон|ليكسينغتون|لکسینگتون، ماساچوست|لیکسنگٹن، میساچوسٹس|レキシントン|列克星敦|렉싱턴
Longmeadow,city,MA,42.0501,-72.58287,15784,Long Meadow|Longmedou|Longmidou|Masacksick|langmydw  masachwst|lwnghmydw|Лонгмедоу|Лонгмидоу|لانگمیدو، ماساچوست|لونغميدو
Lowell,city,MA,42.63342,-71.31617,110699,Lauehll|Loouel|Louehl|Louehll|Louel|Louela|Louelis|Louell|Louul|Lovell|loueli|loval|lovel|lovela|lowel|loyela|luo e er|luo wei er|lwwl|lwwl  masachwst|lwwyl|roueru|Λόουελ|Лауэлл|Ловелл|Лоуел|Лоуелл|Лоуъл|Лоуэлл|Лоўэл|Լոուել|לוול|لوول، ماساچوست|لوويل|لوویل، میساچوسٹس|लॉवेल|লোয়েল|લોવેલ|லோவல்|లోవెల్|ಲೋವೆಲ್|ලෝවෙල්|โลเวลล์|ლოუელი|ក្រុងឡូវែល រដ្ឋម៉ាស្សាឈូស៊ែត|ローウェル|洛厄尔|洛厄爾|羅威爾|로웰
Ludlow,city,MA,42.16009,-72.47592,22201,Jenckesville|Jenksville|Ladlou|Stony Hill|lwdlaw  masachwst|lwdlw|Ладлоу|لودلاو، ماساچوست|لودلو
Lynn,city,MA,42.46676,-70.94949,92457,Lin|Linn|Lyn|Saugus|lin|lin en|lini|lyn|lynn  masachwst|rin|Λιν|Лин|Линн|Лінн|Լինն|לין|لين|لین، میساچوسٹس|لینن، ماساچوست|ლინი|リン|林恩|린
Lynnfield,city,MA,42.53898,-71.04811,11596,Linfild|Linnfild|Lynn End|Lynnfield Center|Lynnfield Centre|laynnfyld|lynnfyld  masachwst|Линнфилд|Линфилд|لايننفيلد|لینفیلڈ، میساچوسٹس|لیننفیلد، ماساچوست
Malden,city,MA,42.4251,-71.06616,61068,Maldehn|Maldeno|Molden|maldn|mldn  masachwst|moldeun|moruden|Малдэн|Молден|مالدن|مالڈن، میساچوسٹس|ملدن، ماساچوست|モールデン|몰든
Mansfield,city,MA,42.03343,-71.21894,23380,Mansfild|Mehnsfild|maenseupildeu|mansfyld|mnsfyld  masachwst|Мансфилд|Мэнсфилд|مانسفيلد|منسفیلد، ماساچوست|맨스필드
Marblehead,city,MA,42.5001,-70.85783,19808,Marble Harbor|Marblged|Marblkhed|Marblkhid|Marmplchent|ma bo hei|ma bu lin hei de|mabeulhedeu|maburuheddo|marblhd  masachwst|marblhyd|Μάρμπλχεντ|Марблгед|Марблхед|Марблхид|מארבלהד|ماربل ہیڈ، میساچوسٹس|ماربلهد، ماساچوست|ماربلهيد|マーブルヘッド|馬布林黑德|馬波黑|马波黑|마블헤드
Marlborough,city,MA,42.34593,-71.55229,39818,MXG|Malboro|Marlboro|ma er bao|malbeoleo|marlbrw  masachwst|marlbwrw|maruboro|mrlbwrw|Марлборо|מרלבורו|مارلبرو، ماساچوست|مارلبورو|مارلبورو، میساچوسٹس|マールボロ|馬爾堡|马尔堡|말버러
Mashpee,city,MA,41.64844,-70.48114,14834,Cadtanmut|Garsey|Marshpee|Mashpi|Pawpoesit|ma shen pi|mashby|mashpy  masachwst|Машпи|Машпі|ماشبي|ماشپی، ماساچوست|馬什皮
Mattapan,city,MA,42.27232,-71.087,36299,Matapan|ma ta pan|matapan|マタパン|馬塔潘
Maynard,city,MA,42.43343,-71.44951,10106,Assabet|Mehjnard|Mejnard|mynrad  masachwst|Мејнард|Мэйнард|مینراد، ماساچوست
Medford,city,MA,42.41843,-71.10616,57403,Medfard|Mehdford|Mentfornt|Mistic|Mystic|mdfwrd  masachwst|mdpwrd|medeupeodeu|medofodo|mei de fu|mei te fu de|mydfwrd|Μέντφορντ|Медфард|Медфорд|Мэдфорд|Մեդֆորդ|מדפורד|مدفورد، ماساچوست|ميدفورد|میڈفورڈ، میساچوسٹس|メドフォード|梅德福|梅特福德|메드퍼드
Medway,city,MA,42.14176,-71.39673,13042,Factory Village|Medway Village|Mehdvehj|mdwy  masachwst|mydway|Мэдвэй|مدوی، ماساچوست|ميدواي
Melrose,city,MA,42.45843,-71.06616,27997,Mehlrous|Melrouz|Mystic Side|Ponde Fielde|mlrwz  masachwst|Мелроуз|Мэлроус|ملروز، ماساچوست
Methuen,city,MA,42.7262,-71.19089,52044,Mehc'juehn|Mehsjuehn|Met'juehn|Methuen Falls|Methuen Town|Metuen|masuan|mei xiu yin|meosyueon|mthwyn  masachwst|mtwyn  masachwst|mythywn|Метуен|Метьюэн|Мэсюэн|Мэцьюэн|מתואן|متوئن، ماساچوست|مثوئن، ماساچوست|ميثيون|میتھوئن، میساچوسٹس|マスーアン|梅休因|머슈언
Middleborough,city,MA,41.89316,-70.91115,23116,Four Corners|Middleboro|Namasket
Milford,city,MA,42.13982,-71.51617,25055,Milford Centre|mylfwrd|mylfwrd  masachwst|Милфорд|ميلفورد|میلفورد، ماساچوست|میلفورڈ، میساچوسٹس
Millbury,city,MA,42.19398,-71.76007,13606,Armory village|Milberi|Millberi|Millburi|Millbury Centre|mi er bo li|miruberi|mylbry|mylbry  masachwst|mylbwry|mylbwry  masachwst|Милбери|Миллбери|Миллбури|Міллбері|מילברי|ميلبوري|میلبری، ماساچوست|میلبوری، ماساچوست|ミルベリー|米尔伯里|米爾伯里
Milton,city,MA,42.24954,-71.06616,27003,Massachusett|Mil'ton|Miltun|Uncataquisset|Uncataquissett|Unquety|mi er dun|myltwn|myltwn  masachwst|Милтон|Милтън|Мильтон|ملٹن، میساچوسٹس|ميلتون|میلتون، ماساچوست|米尔顿
Natick,city,MA,42.28343,-71.3495,32276,Locus Collium|Natick Centre|Natick Village|Natik|Nejtik|natikeu|natyk|natyk  masachwst|nei di ke|nei di ke shi|neitikku|ntyq|Натик|Натік|Нейтик|Նեյթիք|נטיק|ناتيك|ناتیک، ماساچوست|ネイティック|內蒂克市|内蒂克|나티크
Needham,city,MA,42.28343,-71.23283,28886,Nidam|Nidkham|nydham|nydham  masachwst|Нидам|Нидхам|نيدهام|نیدهام، ماساچوست
New Bedford,city,MA,41.63526,-70.92701,101079,Achushena|Acushnet Village|EWB|N'ju Behdford|N'ju-Bedford|Nju Bedford|bdfwrd jdyd  masachwst|niwbedf xrd|nyubeddofodo|nyubedeupeodeu|nyw bdfwrd|xin bei de fu de|Њу Бедфорд|Нью Бэдфорд|Нью-Бедфорд|بدفورد جدید، ماساچوست|نيو بدفورد|نیو بیڈفورڈ، میساچوسٹس|นิวเบดฟอร์ด|ニューベッドフォード|新贝德福德|뉴베드퍼드
Newburyport,city,MA,42.81259,-70.87728,17982,Clipper City|N'jubjuriport|Njuberiport|niu bo li bo te|nyubeolipoteu|nyuberipoto|nywbwrypwrt  masachwst|Њуберипорт|Ньюбюрипорт|نیوبریپورٹ، میساچوسٹس|نیوبوریپورت، ماساچوست|ニューベリーポート|纽伯里波特|뉴버리포트
Newton,city,MA,42.33704,-71.20922,88817,Cambridge|N'jutan|N'juton|Neutono|New Towne|Neŭtono|Niouton|Njuton|Njutun|Nonantum|Nyuton|ni'utana|niu dun|nyuteon|nyuton|nywtn|nywtwn|nywtwn  masachwst|Νιούτον|Њутон|Ньютан|Ньютон|Нютън|Նյութոն|ניוטון|نيوتن|نیوتون، ماساچوست|نیوٹن، میساچوسٹس|নিউটন|ნიუტონი|ニュートン|牛顿|뉴턴
Newtonville,city,MA,42.3501,-71.20367,11251,
Norfolk,city,MA,42.11954,-71.32506,10386,North Wrentham|nwrfalk  masachwst|nwrfwlk|Норфолк|نورفالک، ماساچوست|نورفولك
North Adams,city,MA,42.70092,-73.10871,13263,Nors Adams|Nort Adams|Nort-Adams|North Antams|admz shmaly  masachwst|bei ya dang si|noseuaedeomseu|nosuadamuzu|nwrth admz|qwzyy admz|Νορθ Άνταμς|Норс Адамс|Норт Адамс|Норт-Адамс|Նորթ-Ադամս|נורת' אדמס|آدمز شمالی، ماساچوست|قوزئی آدمز|نارتھ ایڈمز، میساچوسٹس|نورث آدمز|ノースアダムズ|北亚当斯|노스애덤스
North Chicopee,city,MA,42.18343,-72.59953,55179,
North End,city,MA,42.3651,-71.0545,10131,
North Reading,city,MA,42.57509,-71.07867,14101,Nors Riding|North Parish Village|nwrth rydyngh|rydyng shmaly  masachwst|Норс Ридинг|ریدینگ شمالی، ماساچوست|شمالی ریڈنگ، میساچوسٹس|نورث ريدينغ
Northampton,city,MA,42.32509,-72.6412,28540,Nalwottoge|Nolwottoge|Nonatuck|Nonotuck|Nonotuck City of Northampton|Norsehmpton|Nortgempton|Nortkhamptun|Nortkhempton|Norwottocke|Paradise City|bei an pu dui|nosanputon|nwrthamptwn  masachwst|nwrthhambtwn|Норсэмптон|Нортгемптон|Нортхамптън|Нортхемптон|نارتھیمپٹن، میساچوسٹس|نورتهامپتون، ماساچوست|نورثهامبتون|ノーサンプトン|北安普敦
Northbridge,city,MA,42.15148,-71.64951,14061,Norsbridzh|Rochdale|Rockdale|nwrtbryj  masachwst|nwrthbrydj|Норсбридж|نورتبریج، ماساچوست|نورثبريدج
Norton,city,MA,41.96677,-71.18699,19808,Norton Centre|nwrtwn|nwrtwn  masachwst|Нортон|نورتون|نورتون، ماساچوست
Norwell,city,MA,42.16177,-70.79393,10581,Norvehll|South Scituate|nwrwl  masachwst|nwrwyl|Норвэлл|نورول، ماساچوست|نورويل
Norwood,city,MA,42.19454,-71.1995,28602,Norvud|OWD|nwrwwd|nwrwwd  masachwst|Норвуд|نوروود|نوروود، ماساچوست
Orient Heights,city,MA,42.3876,-71.00366,15741,
Palmer,city,MA,42.15843,-72.32869,18261,PMX|Palmehr|Palmer Depot|balmr|palmr  masachwst|pama|Палмер|Палмэр|بالمر|پالمر، ماساچوست|پامر، میساچوسٹس|パーマー
Peabody,city,MA,42.52787,-70.92866,52504,Pibadzi|Pibodi|South Danvers|bybwdy|pi bo di|pibodi|pybwdy|pybwy  masachwst|Пибоди|Пібадзі|Пібоді|Փիբոդի|פיבודי|بيبودى|بيبودي|پیباڈی، میساچوسٹس|پیبوی، ماساچوست|პიბოდი|ピーボディ|皮博迪
Pittsfield,city,MA,42.45008,-73.24538,43303,Boston Plantation|PSF|Pitsfijld|Pitsfild|Pittsfild|Pontoosuc|Pontoosuck|Poontoosuck|Wendells Town|bytsfyld|pi ci fei er de|picheupildeu|pittsufirudo|pytspyld|pytzfyld  masachwst|Питсфийлд|Питсфилд|Питтсфилд|Пітсфілд|Піттсфілд|פיטספילד|بيتسفيلد|پٹسفیلڈ، میساچوسٹس|پیتزفیلد، ماساچوست|ᐱᑦᓱᐱᓪᑦ|ピッツフィールド|皮茨菲尔德|피츠필드|𐍀𐌹𐍄𐍃𐍆𐌴𐌹𐌻𐌳
Quincy,city,MA,42.25288,-71.00227,93618,Braintree|Brantree|City Presidents|Kouinsi|Kuajnsi|Kuinsi|Kvinsi|MQI|kuinshi|kun shi|kun si|kun xi|kwinsi|kwynsy|kwynsy  masachwst|qwwynsy|Κουίνσι|Квинси|Квінсі|Куайнси|Куинси|Куінсі|Քուինսի|קווינסי|كوينسى|كوينسي|کوئنسی، ماساچوست|کوئنسی، میساچوسٹس|კუინსი|クインシー|昆市|昆斯|昆西|퀸시
Randolph,city,MA,42.1626,-71.04116,32112,Randol'f|Randolf|Randolph Centre|randorufu|randwlf|rndwlf  masachwst|Рандолф|Рандольф|راندولف|رندولف، ماساچوست|رینڈولف، میساچوسٹس|ランドルフ
Raynham,city,MA,41.94871,-71.0731,13153,Hockamock|North Raynham|Rayham|Rehjnkham|rayham  masachwst|Рэйнхам|رایهام، ماساچوست
Reading,city,MA,42.52565,-71.09533,24747,Lynn Village|Reding|Riding|rydyng  masachwst|Рединг|Ридинг|ریدینگ، ماساچوست|ریڈنگ، میساچوسٹس
Rehoboth,city,MA,41.84038,-71.24949,11486,Palmers River|Rehkhobos|Rehoboth Village|Saconet|Seakonk|ryhwbw  masachwst|Рэхобос|ریهوبو، ماساچوست
Rockland,city,MA,42.13066,-70.91616,17982,East Abington|Roklehnd|raklnd  masachwst|Роклэнд|راکلند، ماساچوست
Roslindale,city,MA,42.29121,-71.1245,27683,South Street Crossing|luo si lin dai er|rzlyndyl|رزلیندیل|罗斯林代尔|羅斯林代爾
Roxbury Crossing,city,MA,42.33065,-71.09116,15248,
Salem,city,MA,42.51977,-70.89552,42869,Naamkeek|Naumkeag|Nehumkeke|Salem (Massachusetts)|Sejlem|Sejlum|Seylem|qian lin|sa lem|sai lei mu|salm|seilemi|seilleom|seiramu|selama|slym  masachwst|sylm  masachwst|syylm|Σάλεμ|Салем|Сейлем|Сейлъм|Сејлем|Սեյլեմ|Սէյլըմ|סיילם|سالم|سلیم، ماساچوست|سیلم، ماساچوست|سیلم، میساچوسٹس|सेलम|সেলাম|ซาเลม|სეილემი|セイラム|塞勒姆|茜琳|세일럼
Saugus,city,MA,42.46482,-71.01005,26628,Hammersmith|Saugas|Saugus Centre|Sogas|sagws  masachwst|Саугас|Согас|ساگوس، ماساچوست
Seekonk,city,MA,41.80843,-71.337,13966,Seacunk|Seconet|Seconnet|Secunke|Wauchimoquit|sykank  masachwst|سیکانک، ماساچوست
Shrewsbury,city,MA,42.29593,-71.71285,33893,Shrewsbury Centre|Shrjusbjuri|Shrusberi|shrwzbry  masachwst|shuruzuberi|Шрусбери|Шрюсбюри|شروزبری، ماساچوست|シュルーズベリー
Somerset,city,MA,41.76955,-71.12866,18165,Samerset|Somerset (Massachusetts)|Somerset Village|samrst  masachwst|Самерсет|Сомерсет|سامرست، ماساچوست
Somerville,city,MA,42.3876,-71.0995,80318,Samervil|Somehrvill|Somervil|Somervil'|Somervill|Sumurvil|sa mo wei er|samabiru|samrwyl  masachwst|seomeobil|swmrfyl|swmrwwyl|Σόμερβιλ|Самервил|Сомервилл|Сомервиль|Сомервіль|Сомэрвилл|Съмървил|Աոմըրվիլ|Սոմերվիլ|סומרוויל|سامرویل، ماساچوست|سومرفيل|سومرویل، میساچوسٹس|サマービル|萨默维尔|薩默維爾|서머빌
South Boston,city,MA,42.33343,-71.04949,571281,Dorchester Heights
South Hadley,city,MA,42.25842,-72.57453,17652,Saut Khadli|Sous Khadlehj|hdly jnwby  masachwst|Саут Хадли|Соус Хадлэй|هدلی جنوبی، ماساچوست
South Peabody,city,MA,42.50982,-70.94949,50293,
South Yarmouth,city,MA,41.66678,-70.18474,11092,
Southbridge,city,MA,42.0751,-72.03341,19030,Sautbridz|Sautbridzh|Sousbridzh|Southbridge Centre|satbryj  masachwst|sauseubeuliji|sausuburijji|sawthbrydj|shao si bu li qi|Саутбридж|Саутбриџ|Соусбридж|ساتبریج، ماساچوست|ساوتھبریج، میساچوسٹس|ساوثبريدج|サウスブリッジ|紹斯布里奇|绍斯布里奇|사우스브리지
Springfield,city,MA,42.10148,-72.58981,154341,Agawam|Agawome|Campifons|Nayasset|SFY|Springfield City|Springfijld|Springfild|Springfilda|Springfildas|Springfīlda|Spryngfild|aspryngfyld  masachwst|sbrynghfyld|seupeulingpildeu|si pu lin fei er de|spryngpyld|supuringufirudo|Спрингфийлд|Спрингфилд|Спрингфілд|Спрынгфілд|ספרינגפילד|اسپرینگفیلد، ماساچوست|سبرينغفيلد|سپرنگفیلڈ، میساچوسٹس|スプリングフィールド|斯普林菲尔德|스프링필드
Stoneham,city,MA,42.4801,-71.0995,21437,Stonkham|Stounkhem|astwnham  masachwst|Стонхам|Стоунхем|استونهام، ماساچوست
Stoughton,city,MA,42.1251,-71.10227,26915,Stoughton Centre|Stouton|astwtwn  masachwst|Стоутон|استوتون، ماساچوست
Sudbury,city,MA,42.38343,-71.41617,17343,New Plantation by Concord|Sadberi|Sadbjuri|Sudbury Centre|sa de bo li|sadbari|sadoberi|sdbry|sdbry  masachwst|Садбери|Садбері|Садбюри|סדברי|سدبری، ماساچوست|സഡ്ബറി|サドベリー|萨德伯里|薩德伯里|薩德博裏
Suffolk Downs Station,city,MA,42.38982,-70.99783,15000,
Swampscott,city,MA,42.47093,-70.91755,13787,Svampskott|Svompskot|Svompskott|Swampscot|si wang pu si ke te|suwanpusukotto|swamskat  masachwst|Свампскотт|Свомпскот|Свомпскотт|سوامسکات، ماساچوست|スワンプスコット|斯旺普斯科特
Swansea,city,MA,41.74816,-71.18977,16525,Swansey|Swansey Village|Swanzea|swansy  masachwst|سوانسی، ماساچوست
Taunton,city,MA,41.9001,-71.08977,56789,Taunton Green|Tonten|Tonton|Tontun|tang dun|tantwn  masachwst|tonteon|tonton|twntwn|Тонтен|Тонтон|Тонтън|تانتون، ماساچوست|تونتون|ٹاؤنٹن، میساچوسٹس|トーントン|汤顿|톤턴
Tewksbury,city,MA,42.61065,-71.23422,29326,T'juksberi|T'juksbjuri|Tewksbury Center|Tewksbury Centre|Tewksbury Village|Wamesit|twksbry  masachwst|twqsbry|Тьюксбери|Тьюксбюри|טוקסברי|توکسبری، ماساچوست
Tyngsboro,city,MA,42.67676,-71.42451,11366,Tyngsborough|Tyngsborough Centre
Uxbridge,city,MA,42.07732,-71.62951,12614,Aksbridz|Aksbridzas|Aksbridzh|Aksbridžas|Uxbridge Village|Wacuntug|Waeuntug|a ke si bu li qi|aksabrija|akusuburijji|awksbrydj|eogseubeuliji|ksbridzh|uksbridge|Аксбридж|Аксбриџ|Ъксбридж|آکس‌بریج، ماساچوست|أوكسبريدج|अक्सब्रिज|ऊक्ष्ब्रिद्गे|アクスブリッジ|阿克斯布里奇|억스브리지
Wakefield,city,MA,42.50648,-71.07283,24932,Lynn Village|Reading|South Reading|The Common|Vejkfild|Wakefield Center|wykfyld  masachwst|Вејкфилд|ویکفیلد، ماساچوست
Waltham,city,MA,42.37649,-71.23561,63378,Uoltehm|Uoltem|Volsom|Voltam|Voltem|Voltgem|WLM|uorusamu|waltham  masachwst|wo er se mu|wo xian|wwlt'm|Волсом|Волтам|Волтгем|Волтем|Уолтем|Уолтэм|Ուոլթեմ|וולת'ם|والتهام، ماساچوست|والتھم، میساچوسٹس|والثام|ウォルサム|沃尔瑟姆|窩咸
Watertown,city,MA,42.37093,-71.18283,31915,Gouotertaoun|Saltonstall Plantation|Uotertaun|Vatertaun|Votertaun|uotataun|watrtawn  masachwst|wo te dui|woteotaun|wtrtawn|wwtrtwwn|Γουότερταουν|Вотертаун|Уотертаун|Ուոթերթաուն|ווטרטוון|واترتاون، ماساچوست|واٹر ٹاؤن، میساچوسٹس|وترتاون|ウォータータウン|沃特敦|워터타운
Wayland,city,MA,42.3626,-71.36145,13155,East Sudbury|Wayland Centre|wylnd  masachwst|ویلند، ماساچوست
Webster,city,MA,42.0501,-71.88007,11412,Chabanakongkomum|Uehbster|Vebster|wbstr  masachwst|Вебстер|Уэбстер|وبستر، ماساچوست|ویبسٹر، میساچوسٹس
Wellesley,city,MA,42.29649,-71.29256,27982,Uehlsli|Vehlslehj|Velesli|West Needham|wei er si li|wlzly  masachwst|Велесли|Вэлслэй|Уэлсли|ولزلی، ماساچوست|韋爾斯利
West Springfield,city,MA,42.10704,-72.62037,27912,Ireland|Uehst Springfild|Uehst-Springfild|Vehst Springfild|Vest Springfild|Vest-Springfild|aspryngfyld ghrby  masachwst|baty asprynqfyld|spryngpyld|uesutosupuringufirudo|wysant sbrynjfyld|wyst sbrynghfyld|xi si pu lin fei er de|Вест Спрингфилд|Вест-Спрингфилд|Вест-Спрінгфілд|Вэст Спрингфилд|Уэст Спрингфилд|Уэст-Спрингфилд|ספרינגפילד|اسپرینگفیلد غربی، ماساچوست|باتی اسپرینقفیلد|ويسانت سبرينجفيلد|ويست سبرينغفيلد|ویسٹ سپرنگفیلڈ، میساچوسٹس|ウェストスプリングフィールド|西斯普林菲尔德|西斯普林菲爾德
West Roxbury,city,MA,42.27926,-71.1495,30442,Uest Roksburi|uesutorokusuberi|wst rwqsbry|wzt rwksbwry|xi luo ke si|xi ruo ke si bei rui|Уест Роксбъри|וסט רוקסברי|وزت روکسبوری|ウエストロクスベリー|西偌克斯貝瑞|西偌克斯贝瑞|西羅克斯
Westfield,city,MA,42.12509,-72.74954,41690,BAF|Kee|Uehstfild|Vehstfild|Vestfild|Warronoco|Westfield Centre|uesutofirudo|wei si te fei er de|weseuteupildeu|wstfyld  masachwst|wstpyld|wystfyld|Вестфилд|Вестфілд|Вэстфилд|Уэстфилд|וסטפילד|وستفیلد، ماساچوست|ويستفيلد|ویسٹ فیلڈ، میساچوسٹس|ウェストフィールド|韋斯特菲爾德|韦斯特菲尔德|웨스트필드
Westford,city,MA,42.57926,-71.43784,21587,Westford Centre|weseuteupeodeu|wstfwrd  masachwst|وستفورد، ماساچوست|웨스트퍼드
Weston,city,MA,42.36676,-71.30311,11682,Goueston|The Farmers|Uehston|Veston|Weston Centre|uesuton|wei si dun|wstwn  masachwst|wztwn  masachwst|Γουέστον|Вестон|Уэстон|وزتون، ماساچوست|وستون، ماساچوست|უესტონი|ウェストン|韋斯頓|韦斯顿
Westwood,city,MA,42.21399,-71.2245,14029,Vehstvud|West Dedham|wstwwd  masachwst|wystwwd|Вэствуд|وستوود، ماساچوست|ويستوود|ویسٹووڈ، میساچوسٹس
Weymouth,city,MA,42.22093,-70.93977,54395,Uejmut|Vehjmaus|Vejmut|Wessagusset|Wessagussett|Weymouth Centre|ueimasu|weimeoseu|wymawth|wymwt  masachwst|Вејмут|Вэймаус|Уеймът|ويماوث|ویماوتھ، میساچوسٹس|ویموت، ماساچوست|ウェイマス|웨이머스
Whitman,city,MA,42.08066,-70.9356,14495,Little Comfort|South Abington|South Abington Village|Vitman|wytmn  masachwst|Витман|ویتمن، ماساچوست
Wilmington,city,MA,42.54648,-71.17367,22325,Uilmington|Vilmington|Wilmington Center|uiruminton|wei ming dun|wylmnjtwn|wylmyngtwn  masachwst|Вилмингтон|Вілмінгтон|Уилмингтон|ويلمنجتون|ویلمینگتون، ماساچوست|ویلمینگٹن، میساچوسٹس|ウィルミントン|威明頓
Winchester,city,MA,42.45232,-71.137,21374,Uinchester|Vinchester|wincheseuteo|wynchstr  masachwst|Винчестер|Уинчестер|ونچیسٹر، میساچوسٹس|وینچستر، ماساچوست|윈체스터
Winter Hill,city,MA,42.39593,-71.09894,12613,
Winthrop,city,MA,42.3751,-70.98283,17618,Uintrap|Uintrop|Vinsrop|Vintrop|Winthorp|uinsuroppu|vinthropa|wen si luo pu|winseuleob|wynthrwb|wyntrap  masachwst|wyntrwp  masachwst|wyntwrp|Винсроп|Винтроп|Вінтроп|Уинтроп|Уінтрап|Ուինթրոփ|וינתורפ|ونتھروپ، میساچوسٹس|وينثروب|وینتراپ، ماساچوست|وینتروپ، ماساچوست|विन्थ्रोप|ウィンスロップ|溫斯羅普|윈스럽
Woburn,city,MA,42.47926,-71.15228,39555,Central Village|Vubern|Woburn Centre|Woburn Highland|Wooborne|uban|ubeon|wo ben|wwbrn|wwbwrn  masachwst|Вуберн|Ուոբըրն|ווברן|ووبرن|ووبرن، میساچوسٹس|ووبورن، ماساچوست|ウーバン|沃本|우번
Worcester,city,MA,42.26259,-71.80229,206518,Grafton Gore|ORH|Ouorster|Pakachoog|Uorsestehr|Ustur|Vigornia|Vustehr|Vuster|Vusteris|Worcester i USA|useuteo|usuta|wrsstr|wu si te|wwstr|wwstr  masachwst|Ουόρστερ|Вустер|Вустэр|Уорсестэр|Устър|ווסטר|ورسستر|ووستر، ماساچوست|ووسٹر، میساچوسٹس|ウースター|伍斯特|우스터
Wrentham,city,MA,42.06677,-71.32811,11251,Vrehnsam|Wrentham Centre|wrntham  masachwst|Врэнсам|ورنتهام، ماساچوست
Yarmouth,city,MA,41.70567,-70.22863,25243,Jarmaus|Mattacheeset|Yarmouth Village|yarmwt  masachwst|Ярмаус|یارموت، ماساچوست|یارموتھ، میسا چوسٹس
Auburn,city,ME,44.09785,-70.23117,22871,Auborn|Obern|Oburn|abrn  myn|ao ben|awbwrn|oban|obeon|Ауборн|Оберн|Обърн|آبرن، مینے|أوبورن|ابرن، مین|オーバーン|奧本|오번
Augusta,city,ME,44.31062,-69.77949,18899,AUG|Agasta|Aounkousta|Cushnoc|Cusinock|Harrington|Herringtown|Koussinock|Ogasta|Ogusta|The Fort|agasta|agwsta  myn|akasta|ao gu si ta|awghwsta|ke ge si ta|ogasta|ogasuta|ogeoseuta|Αουγκούστα|Агаста|Аугуста|Огаста|Огъста|Օգաստա|אוגוסטה|آگسٹا، میئن|آگوستا، مین|أوغوستا|अगस्टा|अगस्ता|ऑगस्टा|অগাস্টা|அகஸ்தா|オーガスタ|奥古斯塔|柯格斯塔|오거스타
Bangor,city,ME,44.79884,-68.77265,32391,BGR|Bangoro|Bangur|Kenduskeag Plantation|Sunbury|baeng-go-eo|ban ge|bango|bangwr  myyn|banjwr|bngr  myn|Бангор|Бангър|Банґор|באנגאר|بانجور|بانگور، میئن|بنگر، مین|バンゴー|班戈|뱅고어
Biddeford,city,ME,43.49258,-70.45338,21282,Biddford|bi di fu de|bidefodo|bydfwrd|bydfwrd  myn|Биддефорд|Биддфорд|Біддефорд|بيدفورد|بیدفورد، مین|بیڈیفورڈ، میئن|ビデフォード|比迪福德
Brunswick,city,ME,43.91452,-69.96533,15175,Bransuik|Bransvik|Braunshvejg|Brunsuik|NHZ|Pejebscot|Pejepscot|beuleonjeuwig|buranzuuikku|Брансвик|Брансвік|Брансуик|Брауншвейг|Брунсуик|برنزوک، مینے|ブランズウィック|브런즈윅
Lewiston,city,ME,44.10035,-70.21478,36202,L'juiston|LEW|Leviston|Luiston|Luistonas|Luistun|liu yi si dun|lwstn  myn|lwystwn|ruisuton|Левистон|Луистон|Луистън|Льюистон|لوستن، مین|لويستون|لیوئسٹں، میئن|ルイストン|刘易斯顿
Portland,city,ME,43.65737,-70.2589,66881,Casco|Elbow|Falmouth|Falmouth Neck|Indigreat|Machegony|Machigonne|PWM|Portland i Maine|Portlandia|Portlant|Portlend|Portlenda|Quack|The Neck|Uh-kos-is-co|bo te lan|bwrtland|portalanda|portalyanda|poteullaendeu|potorando|pwrtlnd|pwrtlnd  myn|Πόρτλαντ|Портланд|Портленд|Փորթլենդ|פורטלנד|بورتلاند|ورٹلینڈ، مینے|پورتلند، مین|पोर्टलंड|পোর্টল্যান্ড|ポートランド|波特蘭|포틀랜드
Saco,city,ME,43.50092,-70.44283,19078,Sako|Sawaguatock|Sawco|Sawguatock|Shawacotoc|Shawakotock|Shawocotuck|sakw|sakw  myn|soko|suo ke|Сако|ساكو|ساکو، مین|سکو،مائنے|ソコー|索科
Sanford,city,ME,43.43925,-70.77422,20893,Phillipstown|SFM|sanfodo|sanfwrd|sang fu de|snfwrd  myn|snfwrd  myyn|Санфорд|سانفورد|سنفورد، مئین|سنفورد، مین|سینفورڈ، میئن|サンフォード|桑福德
South Portland,city,ME,43.64147,-70.24088,25556,Saut Portland|Saut-Portlend|Sous Portland|nan bo te lan|pwrtlnd jnwby  myn|sausupotorando|sawth bwrtland|Саут Портланд|Саут-Портленд|Соус Портланд|جنوبی پورٹلینڈ، مینے|ساوث بورتلاند|پورتلند جنوبی، مین|サウスポートランド|南波特兰
South Portland Gardens,city,ME,43.63897,-70.31533,23893,Redbank|Redbank Village
Waterville,city,ME,44.55201,-69.63171,16261,Ticonic Falls|Uotervill|Vatehrvill|Votervil|Votervil'|WVL|uotabiru|watrwyl  myn|wo te wei er|woteobil|wwtrfyl|Ватэрвилл|Вотервил|Вотервіль|Уотервилл|واترویل، مین|واٹرویل، میئن|ووترفيل|ウォータービル|沃特维尔|워터빌
Wells Beach Station,city,ME,43.32397,-70.59144,10162,Depot Station
West Scarborough,city,ME,43.57036,-70.38783,27706,Alger Settlement|Dunstan|Dunstan Corner|Dunstan Village|Dunstan's Corner|West Scarboro
Westbrook,city,ME,43.67703,-70.37116,17978,Saccarabigg|Saccarrappa|Uehstbruk|Vehstbruk|Vestbruk|uesutoburukku|wei si te bu lu ke|wstbrwk|wstbrwk  myn|Вестбрук|Вэстбрук|Уэстбрук|وستبروك|وستبروک، مین|ویسٹبروک، میئن|ウェストブルック|韦斯特布鲁克
York Beach,city,ME,43.17148,-70.60894,12854,
Adrian,city,MI,41.89755,-84.03717,20691,ADG|Ejdrijan|adryan|adryan  myshygan|Адриан|Ејдријан|آدریان، میشیگان|أدريان|ایڈرین، مشی گن
Allen Park,city,MI,42.25754,-83.21104,27425,Alen Park|Allen-Park|Olehn Park|ai lun pa ke|alyn bark|alyn park  mshy gn|park aln  myshygan|park aln  myshyqan|Ален Парк|Аллен-Парк|Олэн Парк|ألين بارك|الين بارك|الین پارک، مشی گن|پارک آلن، میشیقان|پارک آلن، میشیگان|艾伦帕克|艾倫帕克
Allendale,city,MI,42.97225,-85.95365,17579,Alendejl|Allendejl|ai lun dai er|alndyyl  myshyqan|alyndal  myshygan|bldt alndl|Алендејл|Аллендейл|آلندئیل، میشیقان|الیندال، میشیگان|ایلنڈیل، مشی گن|بلدة ألندل|بلدة الندل|艾倫代爾
Alpena,city,MI,45.06168,-83.43275,10175,APN|Alpina|a er pi na|albyna|alpna  mshy gn|alpna  myshygan|Алпена|Алпина|آلپنا، میشیگان|ألبينا|الپنا، مشی گن|ཨཱལ་པེ་ན།|阿尔皮纳
Ann Arbor,city,MI,42.27756,-83.74088,117070,A2|ARB|An Arboras|An Arbur|Ann Armpor|Ann-Arbor|Arbaro de Ana|Ehnn-Arbor|En Arbor|Enarbora|Enn Arbor|Enn-Arbor|Enārbora|aen-abeo|aena arbara|aina arbara|an arbr|an arbr  myshygan|an nuo bao|anaba|ayn arbr  mshy gn|en arpar|ena arbar|Ανν Άρμπορ|Ан Арбър|Анн-Арбор|Ен Арбор|Енн-Арбор|Энн-Арбор|אן ארבור|آن آربر|ان آربر، میشیگان|این آربر، مشی گن|अॅन आर्बर|ऍन आर्बर्|ऐन आर्बर|ஏன் ஆர்பர்|アナーバー|安娜堡|앤아버
Auburn Hills,city,MI,42.68753,-83.2341,22672,Auburn Khills|Obern Khils|Obern-Gills|Obern-Khills|Obern-Khils|Oburn Khils|Ompern Chils|ao ben xi er si|aparn hils|awbwrn hylz|obanhiruzu|obeonhilseu|Όμπερν Χιλς|Аубурн Хиллс|Оберн Хилс|Оберн-Гиллс|Оберн-Гіллс|Оберн-Хиллс|Оберн-Хилс|Оберн-Хілс|Обърн Хилс|آبرن ہلز، مشی گن|آوبرن‌هیلز، میشیقان|آوبرن‌هیلز، میشیگان|أوبورن هيلز|اوبورن هيلز|ஆபர்ன் ஹில்ஸ்|オーバーンヒルズ|奥本希尔斯|오번힐스
Battle Creek,city,MI,42.3173,-85.17816,51589,BTL|Batl Krik|Batul Krijk|Betl Krik|ba te er ke li ke|baeteulkeulikeu|batl kryk|batorukuriku|Батл Крик|Батъл Крийк|Бетл Крик|باتل كريك|بتل‌کریک، میشیگان|بیٹل کریک، مشی گن|バトルクリーク|巴特爾克里克|배틀크리크
Bay City,city,MI,43.59447,-83.88886,33917,Behj Siti|Beisitija|Bej Siti|Bej-Siti|Kota Bay|Lower Saginaw|bay syty|bei cheng|beishiti|beisiti|by syty  myshygan|Бей-Сити|Бей-Сіті|Беј Сити|Бэй Сити|Բեյ Սիթի|باي سيتي|بی سیتی، میشیگان|بے سیٹی، مشی گن|ベイシティ|贝城|베이시티
Beecher,city,MI,43.09003,-83.6944,10232,
Berkley,city,MI,42.50309,-83.18354,15268,Berklej|Berkli|bakuri|barkly  myshygan|barkly  myshyqan|bo ke li|brqly|byrkly|Берклей|Беркли|Берклі|ברקלי|بارکلی، میشیقان|بارکلی، میشیگان|بارکلے، مشی گن|بيركلى|بيركلي|バークリー|伯克利
Beverly Hills,city,MI,42.52392,-83.22326,10267,Bevurli Khils|Бевърли Хилс
Big Rapids,city,MI,43.69808,-85.48366,10397,Big Rabbits Neck|WBR|bygh rabydz|Биг Рапидс|بيغ رابيدز|بگ ریپڈز، مشی گن|بیگ‌رپیدز، میشیگان
Birmingham,city,MI,42.5467,-83.21132,20857,Bermin'cham|Bermingkham|Birmingem|Birminghem|Birmingkham|bamingamu|bo ming han|brmnghham|brmnjham|byrmngam  myshygan|byrmnqam  myshyqan|Μπέρμινχαμ|Бермингхам|Бирмингем|Бирмингхам|Бірмінгем|Բիրմինգհեմ|ברמינגהאם|برمنجهام|برمنغهام|برمنگھم، مشی گن|بیرمنقام، میشیقان|بیرمنگام، میشیگان|バーミンガム|伯明罕
Burton,city,MI,42.99947,-83.61634,28788,Berton|bwrtwn  myshygan|byrtwn|Бертон|برٹن، مشی گن|بورتون، میشیگان|بيرتون
Cadillac,city,MI,44.25195,-85.40116,10373,CAD|Kadilak|Kadillak|Little Clam|kadylak|kadylak  myshygan|kai di la ke|Кадилак|Кадиллак|كاديلاك|کادیلاک، میشیگان|کیڈیلاک، مشی گن|凯迪拉克
Canton,city,MI,42.30865,-83.48216,86825,
Clawson,city,MI,42.53337,-83.14632,12015,Klauson|Kloson|ke lao sen|klasn  mshy gn|klawswn  myshygan|klawswn  myshyqan|klwswn|kuroson|Клаусон|Клосон|كلوسون|کلاسن، مشی گن|کلاوسون، میشیقان|کلاوسون، میشیگان|クローソン|克劳森
Clinton Township,city,MI,42.58698,-82.91992,99753,Charter Township of Clinton
Coldwater,city,MI,41.94033,-85.00052,10844,Koldvoter|Koulduatehr|ke er de wo te|kwldwatr  myshygan|kwldwwtr|Колдвотер|Коулдуатэр|كولدووتر|کولدواتر، میشیگان|کولڈواٹر، مشی گن|科尔德沃特
Comstock Park,city,MI,43.03864,-85.67003,10088,Kamstok Park|Komstok-Park|kamstak park|kamstak park  myshyqan|kang si tuo ke gong yuan|kwmstwk bark|Камсток Парк|Комсток-Парк|كومستوك بارك|کامستاک پارک|کامستاک پارک، میشیقان|コムストック・パーク|康斯托克公園
Cutlerville,city,MI,42.84086,-85.66364,14370,Katlervil|Katlervill|ka te lei wei er|katrlwyl|katrlwyl  myshyqan|kwtlrfyl|Катлервил|Катлервилл|Катлервілл|كوتلرفيل|کاترلویل|کاترلویل، میشیقان|卡特勒維爾
Dearborn,city,MI,42.32226,-83.17631,95171,Dearbornville|Dirborn|Dirborna|Diurborn|Dīrborna|di er bo en|diabon|dieobon|diyaraborna|dyrbwrn|dyrbwrn  myshygan|Дирборн|Диърборн|Дірборн|דירבורן|ديربورن|دیربورن، میشیگان|ڈئربورن، مشی گن|डीयरबॉर्न|ディアボーン|迪尔伯恩|디어본
Dearborn Heights,city,MI,42.33698,-83.27326,56145,Dirborn Khajts|Dirborn Khehjts|dyrbwrn hayts|Дирборн Хајтс|Дирборн Хэйтс|ديربورن هايتس|دیربورن‌هایتس، میشیگان|ڈئربورن ہائٹس، مشی گن
Detroit,city,MI,42.33143,-83.04575,645705,D-town|DTT|Dehtrojt|Detroita|Detroitas|Detroitum|Detrojt|Detrojto|Detroyt|Détroit|Détroyt|Mo-Town|Motor City|Motown|Ntitroit|The D|Tiughsaghrondy|Tsi kiohsahron:ta|Tsi kiohsahrón:ta|Wawyachtenok|detoroito|detra'ita|detrayeta|detrayit|detro'ita|detʼroitʼi|di te lu|di thrx yt|ditara'ita|diteuloiteu|dtrwyt|dytrwyt|titrayit|Ντιτρόιτ|Детроит|Детройт|Дэтройт|Դետրոյթ|דטרויט|דעטרויט|ديترويت|دیترویت|ڈیٹرائٹ|डेट्राइट|डेट्रॉईट|ডেট্রয়েট|ਡਿਟਰਾਇਟ|டிட்ராயிட்|డెట్రాయిట్|ดีทรอยต์|დეტროიტი|ዲትሮይት|デトロイト|底特律|디트로이트
East Grand Rapids,city,MI,42.94114,-85.61003,11311,Ist Grand Rapids|ayst ghrand rabydz|grndrpydz shrqy  myshygan|Ист Гранд Рапидс|إيست غراند رابيدز|مشرقی گرینڈ ریپڈ، مشی گن|گرندرپیدز شرقی، میشیگان
East Lansing,city,MI,42.73698,-84.48387,48471,Ist Lansin'nk|Ist Lansing|Ist-Lansing|Ist-Lensinq|Orienta Lansingtono|aysant lansnj|ayst lansngh|dong lan xin|iseuteulaensing|isutoranshingu|lnsyng shrqy  myshygan|lnsynq shrqy  myshyqan|mshrqy lynsng  mshy gn|İst-Lensinq|Ηστ Λάνσινγκ|Іст-Лансінг|Ист Лансинг|Ист-Лансинг|Իսթ Լենսինգ|איסט לאנסינג|إيست لانسنغ|ايسانت لانسنج|لنسینق شرقی، میشیقان|لنسینگ شرقی، میشیگان|مشرقی لینسنگ، مشی گن|イーストランシング|东兰辛|東蘭辛|이스트랜싱
Eastpointe,city,MI,42.46837,-82.95547,32657,East Detroit|Istpojnt|aystbwynt|isutopointo|yi si te bo yin te|Істпойнт|Истпойнт|Истпојнт|إيستبوينت|ايستبوينت|ایست‌پوینت، میشیقان|ایست‌پوینت، میشیگان|ایسٹ پوائنٹ، مشی گن|イーストポイント|伊斯特波因特
Escanaba,city,MI,45.74525,-87.06458,12334,ESC|Ehskanaba|Esconawba|Eskanaba|askanaba|askanaba  myshygan|skanaba  mshy gn|Есканаба|Эсканаба|إسكانابا|اسکانابا، میشیگان|سکانابا، مشی گن
Farmington,city,MI,42.46448,-83.37632,10523,fa ming dun|faminton|farmnghtwn|farmnjtwn|farmynqtwn  myshyqan|marmyngtwn  myshygan|Фармингтон|Фармінгтон|فارمنجتون|فارمنغتون|فارمنگٹن، مشی گن|فارمینقتون، میشیقان|مارمینگتون، میشیگان|ファーミントン|法明頓
Farmington Hills,city,MI,42.48531,-83.37716,81330,Farmin'nkton Chils|Farmington Khils|Farmington-Gills|Farmington-Khils|fa ming dun shan|farmnghtwn hylz|farmnjtwn hylz|pamingteonhilseu|pharmingtana hilsa|prmyngtwn hyls|Φάρμινγκτον Χιλς|Фармингтон Хилс|Фармингтон-Гиллс|Фармингтон-Хилс|Фармінгтон-Гіллс|פרמינגטון הילס|فارمنجتون هيلز|فارمنغتون هيلز|فارمنگٹن ہلز، مشی گن|فارمینقتون‌هیلز، میشیقان|فارمینگتون‌هیلز، میشیگان|फार्मिंग्टन हिल्स|ファーミントン・ヒルズ|法明頓山|파밍턴힐스
Fenton,city,MI,42.79781,-83.70495,11442,Siti of Fenton|fen dun|fntwn|fntwn  myshygan|fntwn  myshyqan|pntwn|Сити оф Фентон|Фентон|פנטון|فنتون|فنتون، میشیقان|فنتون، میشیگان|فینٹون، مشی گن|フェントン|芬頓|芬顿
Ferndale,city,MI,42.46059,-83.13465,20177,Ferndejl|fanderu|fei en da|fen dai er|frndal  myshygan|frndal  myshyqan|fyrndal|prndyyl|Ферндейл|Ферндејл|פרנדייל|فرندال، میشیقان|فرندال، میشیگان|فرینڈیل، مشی گن|فيرندال|ファーンデール|芬代爾|菲恩达|菲恩達
Flint,city,MI,43.01253,-83.68746,98310,FNT|Siti of Flint|flynt|flynt  myshygan|fu lin te|furinto|peullinteu|plynt|Сити оф Флинт|Флинт|Флінт|פלינט|فلنٹ، مشی گن|فلينت|فلینت، میشیگان|フリント|弗林特|플린트
Forest Hills,city,MI,42.95947,-85.48975,25867,
Fraser,city,MI,42.5392,-82.94937,14636,Frehjser|Frejzer|frasr  mshy gn|frasr  myshygan|frasr  myshyqan|fryzr|fu lei ze|fureiza|Фрейзер|Фрејзер|Фрэйсер|فراسر، مشی گن|فراسر، میشیقان|فراسر، میشیگان|فريزر|フレイザー|弗雷泽|弗雷澤
Garden City,city,MI,42.32559,-83.33104,26920,Garden Siti|Garden-Siti|Gardenurbo|gadenshiti|gadeunsiti|gardn syty  myshygan|ghardn syty|jardn syty|jia deng cheng|qardn syty  myshyqan|Ĝardenurbo|Гарден Сити|Гарден-Сити|Гарден-Сіті|جاردن سيتى|غاردن سيتي|قاردن سیتی، میشیقان|گاردن سیتی، میشیگان|گارڈن سٹی، مشی گن|ガーデンシティ|加登城|가든시티
Grand Haven,city,MI,43.06307,-86.22839,11062,Grand Khehjven|Grand Khejven|ge lan de gang|ghrand hyfn|grndhywn  myshygan|Гранд Хејвен|Гранд Хэйвен|غراند هيفن|گرندهیون، میشیگان|گرینڈ ہیون، مشی گن|格蘭德港
Grand Rapids,city,MI,42.96336,-85.66809,195097,GRR|Grand Rapidsas|Grand-Rapids|Grend-Repids|da ji liu cheng|geulaendeulaepijeu|gramda repidsa|grndrpydz  myshygan|gurandorapizzu|Гранд Рапидс|Гранд-Рапидс|Гранд-Рапідс|Гренд-Репідс|גרנד ראפידס|گرندرپیدز، میشیگان|ग्रँड रॅपिड्स|ᒥᓯ ᐹᐗᔅᑎᒃ|グランドラピッズ|大急流城|그랜드래피즈
Grandville,city,MI,42.90975,-85.76309,15953,Grandvil|Grandvill|ge lan wei er (mi xi gen)|ghrandfyl|grndwyl  myshygan|jrandfyl|qrndwyl  myshyqan|Грандвил|Грандвилл|Грандвілл|جراندفيل|غراندفيل|قرندویل، میشیقان|گرندویل، میشیگان|格蘭維爾（密西根）
Grosse Ile,city,MI,42.12921,-83.14437,11361,
Grosse Pointe Park,city,MI,42.37587,-82.93742,11220,Gros Pojnt Park|Gross Pojnte Park|Gross-Pojnt-Park|ge luo si jiao gong yuan|ghrws bwynt bark|jrws bwynt bark|Грос Појнт Парк|Гросс Пойнте Парк|Гросс-Пойнт-Парк|جروس بوينت بارك|غروس بوينت بارك|قراس‌پوینت، میشیقان|گراس‌پوینت، میشیگان|格羅斯角公園
Grosse Pointe Woods,city,MI,42.44365,-82.90686,15762,
Hamtramck,city,MI,42.39282,-83.04964,22002,Chamtramk|Gemtremk|Hamtramko|Khamtramik|Khamtramk|ha mu te la mi ke  mi xie gen zhou|haemteulaemig|haimatraimaka|hamtramyk|hamutoramuku|hematramika|hmtrak  myshygan|hmtrak  myshyqan|hmtrmq|Χάμτραμκ|Гемтремк|Хамтрамик|Хамтрамк|המטרמק|هامتراميك|همتراک، میشیقان|همتراک، میشیگان|ہیمٹرامک، مشی گن|হেমট্রামিক|ਹੈਮਟ੍ਰੈਮਕ|ハムトラムク|哈姆特拉米克，密歇根州|햄트래믹
Harper Woods,city,MI,42.43309,-82.92408,13836,Garper-Vuds|Kharper Vuds|ha po wu ci shi|ha po wu zi shi|harbr wwdz|harprwwdz  myshygan|harprwwdz  myshyqan|Гарпер-Вудс|Харпер Вудс|هاربر وودز|هارپروودز، میشیقان|هارپروودز، میشیگان|哈珀伍兹市|哈珀伍茲市
Haslett,city,MI,42.74698,-84.40108,19220,Gaslett|Khaslet|ha si lai te|haslyt|hzlt|hzlt  myshyqan|Гаслетт|Хаслет|هاسليت|هزلت|هزلت، میشیقان|哈斯萊特
Hazel Park,city,MI,42.46254,-83.10409,16597,Gejzel-Park|Khazel Park|Khehjzehl Park|Khejzel Park|hazl bark|hei ze er pa ke|hezerupaku|Гейзел-Парк|Хазел Парк|Хејзел Парк|Хэйзэл Парк|هازل بارك|هیزل‌پارک، میشیقان|هیزل‌پارک، میشیگان|ہیزل پارک، مشی گن|ヘーゼルパーク|黑澤爾帕克
Highland Park,city,MI,42.40559,-83.09687,10949,Gajlend-Park|Khajland Park|Khajlend Park|Khajlend-Park|gao de gong yuan|hai lan pa ke|haillaendeupakeu|hairandopaku|hayland bark|haylndpark  myshygan|haylndpark  myshyqan|Гайленд-Парк|Хайленд Парк|Хайленд-Парк|Хајланд Парк|היילנד הפארק|هايلاند بارك|هایلندپارک، میشیقان|هایلندپارک، میشیگان|ハイランドパーク|海兰帕克|高地公園|하일랜드파크
Holland,city,MI,42.78752,-86.10893,33742,Golland|Gollandija|HLM|Kholand|Kholland|Misi-pawastik|Misi-páwastik|he lan shi|hlnd  myshygan|hlnd  myshyqan|hollaendeu|horando|huo lan|hwland|hwlnd|Голланд|Голландия|Холанд|Холланд|הולנד|هلند، میشیقان|هلند، میشیگان|هولاند|ہالینڈ، مشی گن|ホランド|賀蘭市|贺兰市|霍蘭|홀랜드
Holt,city,MI,42.64059,-84.51525,23973,Golt|Kholt|horuto|huo er te|hwlt|hwlt  myshyqan|Голт|Холт|هولت|هولت، میشیقان|ホルト|霍尔特|霍爾特
Ionia,city,MI,42.98725,-85.07112,11372,Ajonija|Ionia Centre|Lonia|aywnya|aywnya  myshygan|Айония|Ајонија|Лониа|آیونیا، میشیگان|إيونيا
Jackson,city,MI,42.24587,-84.40135,33133,Dzekson|Dzhehkson|Dzhekson|JXN|Jacksonburg|Jacksonopolis|jakswn|jakuson|jkswn  myshygan|jyksn  mshy gn|Џексон|Джексон|Джэксон|جاكسون|جکسون، میشیگان|جیکسن، مشی گن|ジャクソン
Jenison,city,MI,42.90725,-85.79198,16538,Dzhenison|jnyswn|jnyswn  myshyqan|jynyswn|zhen ni sen|Дженисон|Дженісон|جنیسون|جنیسون، میشیقان|جينيسون|珍妮森
Kalamazoo,city,MI,42.29171,-85.58723,76041,AZO|Bronson|Kalamazu|Kalamazū|ka la ma zu|kaelleomeoju|kalamazw|kalamazw  mshy gn|kalamzw  myshygan|karamazu|Каламазу|קאלאמאזו|كالامازو|کالامازو، مشی گن|کالامزو، میشیگان|カラマズー|卡拉马祖|캘러머주
Kentwood,city,MI,42.86947,-85.64475,51357,Kentvud|ken te wu de|kenteuudeu|kentouddo|kntwwd  myshygan|kntwwd  myshyqan|kyntwwd|Кентвуд|كينتوود|کنتوود، میشیقان|کنتوود، میشیگان|کینٹووڈ، مشی گن|ケントウッド|肯特伍德|켄트우드
Lansing,city,MI,42.73253,-84.55553,112644,LAN|Lansin'nk|Lansinga|Lansingas|Lansings|Lehnsing|Lensing|laensing|lan xin|lancin|lansin|lansina|lansinga|lansng|lansng  mshy gn|lansngh|lnsyng|lnsyng  myshygan|lyansinga|ranshingu|Λάνσινγκ|Лансинг|Лансінг|Ленсинг|Лэнсинг|Լանսինգ|לאנסינג|لانسنغ|لانسنگ|لانسنگ، مشی گن|لنسینگ|لنسینگ، میشیگان|लान्सिंग|लान्सिङ|लान्सिङ्|ल्यान्सिंग|லான்சிங்|ランシング|兰辛|蘭辛|랜싱
Lincoln Park,city,MI,42.25059,-83.17854,37012,Linkol'n Park Michigan|Linkol'n-Park|Linkoln Park|lin ke er en pa er ke|lnkn park  mshy gn|lynkwln bark|rinkanpaku|Линколн Парк|Линкольн Парк Мичиган|Линкольн-Парк|Лінкольн-Парк|لنکن پارک، مشی گن|لينكولن بارك|لینکون‌پارک، میشیقان|لینکون‌پارک، میشیگان|リンカンパーク|林科尔恩帕尔克
Livonia,city,MI,42.36837,-83.35271,94635,Livonija|libonia|lyfwnya|lywwnya  mshy gn|lywwnya  myshygan|Ливониа|Ливония|Ливонија|ليفونيا|لیوونیا، مشی گن|لیوونیا، میشیگان|리보니아
Madison Heights,city,MI,42.48587,-83.1052,30198,Madison Hts|Medison Khajts|Medison-Gajts|Mehdison Khehjts|madisonhaitsu|madyswn hayts|mai di xun hai ci|Медисон Хајтс|Медисон-Гайтс|Медісон-Гайтс|Мэдисон Хэйтс|ماديسون هايتس|مدیسون‌هایتز، میشیگان|مدیسون‌هایتس، میشیقان|میڈیسون ہائٹس، مشی گن|マディソンハイツ|麥迪遜海茨
Marquette,city,MI,46.54354,-87.39542,21297,MQT|Marguehtt|Market|Markett|makes|maketto|markyt|markywt  myshygan|Маргуэтт|Маркет|Маркетт|ماركيت|مارکیوت، میشیگان|マーケット|마켓
Melvindale,city,MI,42.28254,-83.1752,10404,Mehlvindehjl|Melvindejl|mei er wen dai er|mylfyndal|mylwyndl  myshygan|mylwyndl  myshyqan|Мелвиндейл|Мелвиндејл|Мелвіндейл|Мэлвиндэйл|ميلفيندال|میلویندل، میشیقان|میلویندل، میشیگان|梅尔文代尔|梅爾文代爾
Midland,city,MI,43.61558,-84.24721,42200,mydland|mydlnd  myshygan|Мидланд|ميدلاند|مڈلینڈ، مشی گن|میدلند، میشیگان
Monroe,city,MI,41.91643,-83.39771,20092,Monro|Monroe (Michigan)|Monroj|River Raisin Settlement|meonlo|mwnrw|mwnrw  myshygan|Монро|Монрой|مونرو|مونرو، میشیگان|먼로
Mount Clemens,city,MI,42.59726,-82.87798,16400,MTC|Maunt Klehmens|Maunt Klemens|Mt. Clemens|mawnt klymns|Маунт Клеменс|Маунт Клэменс|ماونت كليمنس|مونت‌کلمنز، میشیگان
Mount Pleasant,city,MI,43.59781,-84.76751,26060,MOP|Maunt Plezant|Maunt Plisant|Maunt-Plezant|Mt Pleasant|mawnt blyzant|Маунт Плезант|Маунт Плисант|Маунт-Плезант|ماونت بليزانت|مونت‌پلیزانت، میشیگان
Muskegon,city,MI,43.23418,-86.24839,38401,MKG|Maskegon|Maskigon|maskgwn  myshygan|meoseukigeon|mskyghwn|mskygn  mshy gn|Маскегон|Маскигон|ماسکگون، میشیگان|مسكيغون|مسکیگن، مشی گن|머스키건
Muskegon Heights,city,MI,43.20113,-86.23895,10796,Maskegon Khehjts|Maskigon Khajts|Maskigon-Gajts|Maskigon-Khajts|ma si ji gen hai ci|mskyghwn hayts|mskyjwn hayts|Маскегон Хэйтс|Маскигон Хајтс|Маскигон-Гайтс|Маскигон-Хайтс|Маскігон-Гайтс|ماسکگون‌هایتز، میشیگان|ماسکیقن‌هایتس، میشیقان|مسكيجون هايتس|مسكيغون هايتس|馬斯基根海茨
New Baltimore,city,MI,42.68114,-82.73686,12354,N'ju Baltimor|N'ju-Baltimor|Nju Baltimor|nyw baltymwr|nyw bwltymwr|nywbaltymwr  myshygan|nywbaltymwr  myshyqan|xin ba er de mo|Њу Балтимор|Нью Балтимор|Нью-Балтимор|ניו בולטימור|نيو بالتيمور|نیو بالٹیمور، مشی گن|نیوبالتیمور، میشیقان|نیوبالتیمور، میشیگان|新巴尔的摩|新巴爾的摩
Niles,city,MI,41.82977,-86.25418,11333,NLE|Najls|nai er si shi|nairuzu|nayls  mshy gn|nylz|nylz  myshygan|nylz  myshyqan|Найлс|Најлс|نائلس، مشی گن|نيلز|نیلز، میشیقان|نیلز، میشیگان|ナイルズ|奈爾斯市
Northview,city,MI,43.04558,-85.60059,14541,Nortv'ju|Nortvju|Nortvuju|nuo si wei you|nwrthfyw|nwrtwyw|nwrtwyw  myshyqan|Нортв'ю|Нортвъю|Нортвју|نورتویو|نورتویو، میشیقان|نورثفيو|諾斯維尤
Norton Shores,city,MI,43.1689,-86.26395,24208,Norton Shorehs|Norton Shors|Norton-Shors|Nortun Shors|nuo dun xiao er si|nwrtwn shwrz|swahl nwrtwn  myshygan|swahl nwrtwn  myshyqan|Нортон Шорс|Нортон Шорэс|Нортон-Шорс|Нортън Шорс|سواحل نورتون، میشیقان|سواحل نورتون، میشیگان|نورتون شورز|諾頓肖爾斯
Novi,city,MI,42.48059,-83.47549,58723,Novaj|Novyj|nobai|nuo wei|nwby|nwfy|nwwy  myshygan|nwwy  myshyqan|nwy  mshy gn|Новай|Новај|Нови|Новый|Նովի|נובי|نوفى|نوفي|نووی، میشیقان|نووی، میشیگان|نوی، مشی گن|ノバイ|諾維|诺维|노바이
Oak Park,city,MI,42.45948,-83.18271,29752,Oak-Park|Ouk Park|Ouk-Park|awk bark|awk park  mshy gn|okeupakeu|okupaku|xiang shu yuan shi|Оак Парк|Оук Парк|Оук-Парк|אוק פארק|أوك بارك|اوك بارك|اوک پارک، مشی گن|اوک‌پارک، میشیقان|اوک‌پارک، میشیگان|オークパーク|橡树园市|橡樹園市|오크파크
Okemos,city,MI,42.72226,-84.42747,21369,ao ke mo si|awkymws|Окемос|أوكيموس|اوکی‌موس|اوکی‌موس، میشیقان|奧克莫斯
Owosso,city,MI,42.9978,-84.17664,14699,Ovoso|Ovosso|ao wo suo|awsw|awsw  myshygan|awsw  myshyqan|owoso|Овосо|Овоссо|אווסו|أوسو|اوسو|اوسو، میشیقان|اوسو، میشیگان|奧沃索|오워소
Pontiac,city,MI,42.63892,-83.29105,59917,PTK|Pontiak|Pontijak|bwntyak|pang di ya ke|pontiaeg|pontiakku|pwntyak  myshygan|Понтиак|Понтијак|Понтіак|بونتياك|پونتیاک، میشیگان|پونٹیئک، مشی گن|ポンティアック|庞蒂亚克|폰티액
Port Huron,city,MI,42.97086,-82.42491,29330,Desmond|PHN|Port Khjuron|Port-Guron|bwrt hwrwn|potohyuron|pwrt harwn  myshygan|Порт Хюрон|Порт Хјурон|Порт-Гурон|بورت هورون|پورت هارون، میشیگان|ポートヒューロン
Portage,city,MI,42.20115,-85.58,48177,Portedzh|Portehjdzh|Portidz|Portidzh|bo di qi|bwrtagh|bwrtaj|poteji|pwrtyj  myshygan|pwrtyj  myshyqan|Портедж|Портидж|Портиџ|Портэйдж|بورتاج|بورتاغ|پورتیج، میشیقان|پورتیج، میشیگان|پورٹیج، مشی گن|ポーテージ|波蒂奇
Redford,city,MI,42.38337,-83.2966,49936,Редфорд
Riverview,city,MI,42.17421,-83.17937,12181,Rivehvju|Riverv'ju|Rivervju|li fu wei you|mishigan zhouribabyu|ryfrfyw|rywrwyw  myshygan|rywrwyw  myshyqan|Ривервью|Ривервју|Ривэвю|Ріверв'ю|ريفرفيو|ریورویو، میشیقان|ریورویو، میشیگان|ミシガン州リバービュー|里弗維尤
Rochester,city,MI,42.68059,-83.13382,12993,Rotsester|luo qie si te|rochesuta|rwchstr  myshygan|rwchstr  myshyqan|rwtshstr|rwz'str|Ρότσεστερ|Рочестер|Ռոչեստեր|רוצ'סטר|روتشستر|روچستر، میشیقان|روچستر، میشیگان|روچیسٹر، مشی گن|ロチェスター|罗切斯特|羅切斯特
Rochester Hills,city,MI,42.65837,-83.14993,73424,Rocesterhila|Rochehster Khills|Rochester Khils|Rochester-Gills|Rochester-Khils|Ročesterhila|luo che si te shan|rochesutahiruzu|rwchstr hlyz  myshygan|rwchstr hylz  myshyqan|rwtshstr hylz|rwz'str hyls|Рочестер Хилс|Рочестер-Гиллс|Рочестер-Гіллс|Рочестер-Хилс|Рочэстер Хиллс|רוצ'סטר הילס|روتشستر هيلز|روچستر هلیز، میشیگان|روچستر هیلز، میشیقان|روچیسٹر ہلز، مشی گن|ロチェスターヒルズ|羅徹斯特山
Romulus,city,MI,42.22226,-83.3966,23417,Romul|luo miao lei si|luo mou lei si|romurasu|rwmalws  myshygan|rwmalws  myshyqan|rwmwlws|Ромул|Ромулус|רומולוס|رومالوس، میشیقان|رومالوس، میشیگان|رومولوس|ロームラス|罗缪勒斯|羅繆勒斯
Roseville,city,MI,42.49726,-82.93714,47637,Rousvill|Rouzvil|Rouzvill|Rozvell|lojeubil|luo si wei|rozubiru|rwzfyl|rwzwwyl|rwzwyl  mshy gn|rzwyl  myshygan|rzwyl  myshyqan|Розвелл|Роузвил|Роузвилл|Роузвілл|Роусвилл|רוזוויל|رزویل، میشیقان|رزویل، میشیگان|روزفيل|روزویل، مشی گن|ローズビル|羅斯維|로즈빌
Royal Oak,city,MI,42.48948,-83.14465,59008,Rega Kverko|Reĝa Kverko|Rojal Ouk|Rojal-Ok|Rojal-Ouk|Royal-Ou|loyeol-okeu|luo ya er ao ke|rayl awk  mshy gn|rwyal awk|rwyal awk  myshygan|rwyal awk  myshyqan|Ройал-Ок|Роял-Оук|Ројал Оук|Ռոյալ Օուք|Ռոյըլ Օուք|רויאל אוק|رائل اوک، مشی گن|رويال أوك|رويال اوك|رویال اوک، میشیقان|رویال اوک، میشیگان|როიალ-ოუკი|ロイヤル・オーク|罗亚尔奥克|羅亞爾奧克|로열오크
Saginaw,city,MI,43.41947,-83.95081,49347,Fort Saginaw|MBS|Saginav|Saginava|Sagino|Saguno|saegino|saghynaw|sagino|sgynw  mshy gn|sgynw  myshygan|Сагинав|Сагино|Сагъно|ساغيناو|سگینؤ، مشی گن|سگینو، میشیگان|サギノー|새기노
Sault Ste. Marie,city,MI,46.4953,-84.34532,13827,SSM|Saint Marys Falls|Sault Marija|Sault Sainte Marie|Sault Sainte-Marie|Sault de Sainte Marie|Su Sent Meri|Su-Sent-Mari|su sheng ma li|suseinteumali|susentomari|swlt sant mary|Саулт Мария|Су Сент Мери|Су-Сент-Мари|سولت سانت ماري|スーセントマリー|蘇聖瑪麗|수세인트마리
Shelby,city,MI,42.67087,-83.03298,74099,
South Lyon,city,MI,42.46059,-83.65161,11722,Saut Lajon|Saut-Lion|gwnyy lywn|lywn jnwby  myshygan|nan lai ang|sausuraion|sawth lywn|Саут Лајон|Саут-Лион|Саут-Ліон|ساوث ليون|لیون جنوبی، میشیگان|گونئی لیون|サウスライオン|南萊昂
Southfield,city,MI,42.47337,-83.22187,73156,Sautfild|Sousfild|sauseupildeu|sausufirudo|sawthfyld|shao si fei er de|Саутфилд|Саутфілд|Соусфилд|Սաութֆիլդ|סאות'פילד|ساؤتھ فیلڈ، مشی گن|ساوت‌فیلد، میشیقان|ساوت‌فیلد، میشیگان|ساوثفيلد|サウスフィールド|紹斯菲爾德|绍斯菲尔德|사우스필드
Southgate,city,MI,42.21393,-83.19381,29293,Sautgejt|Sousgehjt|sawthghyt|Саутгејт|Соусгэйт|ساؤتھ گیٹ، مشی گن|ساوت‌گیت، میشیگان|ساوثغيت
Saint Clair Shores,city,MI,42.49698,-82.88881,59715,Saint Clr Shores|St. Clair Shores
Sterling Heights,city,MI,42.58031,-83.0302,132052,Stehrling-Khajts|Sterling Khajts|Sterling-Gajts|Sterling-Khajts|Sturling Khajts|astrlyng haytz  myshygan|astrlynq hayts  myshyqan|seuteollinghaicheu|si te ling hai ci|strlyng hyyts|styrlyngh hayts|styrlynj hayts|sutaringuhaitsu|Стерлинг Хајтс|Стерлинг-Гайтс|Стерлинг-Хайтс|Стерлиң-Һайтс|Стерлінг-Гайтс|Стърлинг Хайтс|Стэрлінг-Хайтс|סטרלינג הייטס|استرلینق هایتس، میشیقان|استرلینگ هایتز، میشیگان|ستيرلينج هايتس|ستيرلينغ هايتس|سٹرلنگ ہائٹس، مشی گن|スターリングハイツ|斯特灵海茨|斯特靈海茨|스털링하이츠
Sturgis,city,MI,41.79922,-85.41915,10896,IRS|Stargis|Sterdzis|Stergis|astwrgys  myshygan|astwrqys  myshyqan|si te ji si|stwrghys|stwrjys|sutajisu|Старгис|Стергис|Стергіс|Стерџис|Ստերգիս|استورقیس، میشیقان|استورگیس، میشیگان|ستورجيس|ستورغيس|スタージス|斯特吉斯
Taylor,city,MI,42.24087,-83.26965,61568,Tehjlor|Tejlor|tai lei|taylwr|teira|tylwr  myshygan|tylwr  myshyqan|tyylwr|Тейлор|Тејлор|Тэйлор|טיילור|تايلور|تیلور، میشیقان|تیلور، میشیگان|ٹیلر، مشی گن|テイラー|威廉姆·阿蘭·雷德|泰勒
Traverse City,city,MI,44.76306,-85.62063,15218,TVC|Travehrs Siti|Travers Siti|te la fu si cheng|teulaebeoseusiti|torabasushiti|trafyrs syty|traws syty  myshygan|Траверс Сити|Травэрс Сити|ترافيرس سيتي|تراوس سیتی، میشیگان|トラバースシティ|特拉弗斯城|트래버스시티
Trenton,city,MI,42.13949,-83.17826,18380,Sibley|te lun dun|teulenteon|torenton|trntwn|trntwn  myshygan|trntwn  myshyqan|tryntwn|Трентон|Թրենթոն|טרנטון|ترنتون، میشیقان|ترنتون، میشیگان|ترينتون|ٹرنٹن، مشی گن|トレントン|特伦顿|트렌턴
Troy,city,MI,42.60559,-83.14993,83280,Troj|Troja|Troy Corners|te luo yi|teuloi|toroi|trwy|trwy  myshygan|Трой|Троя|Трој|تروي|تروی، میشیگان|ٹرائے، مشی گن|トロイ|特洛伊|트로이
Walker,city,MI,43.00141,-85.76809,24647,Valkehr|Voker|Walker Grand Trunk|uoka|wakr  myshygan|wakr  myshyqan|wo ke shi|wwkr|Валкэр|Вокер|واکر، میشیقان|واکر، میشیگان|ووكر|ウォーカー|沃克市
Warren,city,MI,42.49044,-83.01304,134056,Gouoren|Oworen|Uarren|Uorehn|Uorren|Uorun|Voren|Vorena|Vorenas|Vorren|Warren i Michigan|oyarena|uoren|varan|varen|vorena|warn  mshy gn|warn  myshygan|warn  myshyqan|waryn|wo lun|woleon|wwrn|wxrren|Γουόρεν|Ворен|Воррен|Уаррен|Уоррен|Уорън|Уорэн|Ուորեն|וורן|وارن، مشی گن|وارن، میشیقان|وارن، میشیگان|وارين|वॉरेन|ওয়ারেন|વૉરેન|வாரன்|వారెన్|ವಾರೆನ್|වොරන්|วอร์เรน|ウォーレン|沃伦|沃倫|워런
Waterford,city,MI,42.69303,-83.41181,75737,Uoterford|Уотерфорд
Waverly,city,MI,42.7392,-84.62081,23925,Vejverli|wei fu li|wyfrly|wywrly|wywrly  myshyqan|Вейверли|Вейверлі|Вејверли|ويفرلي|ویورلی|ویورلی، میشیقان|韋弗利
Wayne,city,MI,42.28143,-83.38632,17081,Uehjn|Vajn|Vejn|uein|wayn|wayn  myshygan|wayn  myshyqan|wei en|wyn  mshy gn|wyyn|Вайн|Вейн|Вејн|Уэйн|ויין|واين|واین، میشیقان|واین، میشیگان|وین، مشی گن|ウェイン|韋恩
Westland,city,MI,42.3242,-83.40021,82000,Uehstlend|Vehstland|Vestland|Vestlend|uesutorando|wei si te lan|weseuteullaendeu|wstlnd  myshygan|wstlnd  myshyqan|wystland|Вестланд|Вестленд|Вэстланд|Уэстленд|وستلند، میشیقان|وستلند، میشیگان|ويستلاند|ویسٹلینڈ، مشی گن|ウェストランド|韋斯特蘭|韦斯特兰|웨스틀랜드
Wixom,city,MI,42.52476,-83.53633,13746,Viksom|uikusomu|wei ke sen|wykswm|wymwks  myshygan|wymwks  myshyqan|Виксом|Віксом|ويكسوم|ویموکس، میشیقان|ویموکس، میشیگان|ウィクソム|威克森
Woodhaven,city,MI,42.13893,-83.2416,12539,Vudgejven|Vudkhejven|wu de ha wen|wwdhyfn|wwdhywn  myshygan|wwdhywn  myshyqan|Вудгейвен|Вудхејвен|وودهيفن|وودهیون، میشیقان|وودهیون، میشیگان|伍德哈文
Wyandotte,city,MI,42.21421,-83.14992,25156,Vajandot|huai en duo te|wayndwt|wyandwt  myshygan|Вајандот|وايندوت|ویاندوت، میشیگان|怀恩多特
Wyoming,city,MI,42.91336,-85.70531,75275,Vajoming|huai e ming|waiomingu|waywmngh|waywmnj|wayywmng  mshy gn|wywmyng|wywmyng  myshygan|wywmynq  myshyqan|Вайоминг|Вайомінг|Вајоминг|ויומינג|وائیومنگ، مشی گن|وايومنج|وايومنغ|ویومینق، میشیقان|ویومینگ، میشیگان|ワイオミング|懷俄明
Ypsilanti,city,MI,42.24115,-83.61299,19945,Ipsilanti|aypsylanty  myshygan|ibsillaenti|ipushiranti|ybsylanty|ypslnty  mshy gn|Υψιλάντι|Ипсиланти|ایپسیلانتی، میشیگان|يبسيلانتي|یپسلنتی، مشی گن|イプシランティ|입실랜티
Albert Lea,city,MN,43.64801,-93.36827,17674,AEL|Al'bert Li|Al'bert-Li|Albert Li|City of Albert Lea|albarta li|albrt lya|Алберт Ли|Альберт Ли|Альберт-Ли|Альберт-Лі|آلبرت لی، مینه‌سوتا|ألبرت ليا|البرٹ لی، مینیسوٹا|आल्बर्ट ली
Alexandria,city,MN,45.88524,-95.37754,11843,AXN|Alegzandrija|Aleksandria|Aleksandrija|City of Alexandria|alksandrya|allegsandeulia|Алегзандрия|Александриа|Александрия|Александрија|Александрія|ألكساندريا|الکساندریا، مینه‌سوتا|الیگزیندریا، مینیسوٹا|알렉산드리아
Andover,city,MN,45.2333,-93.29134,32213,Andovehr|City of Andover|an duo fu|andovua|andwfr|andwwr|Андовер|Андовэр|آندوور|آندوور، مینه‌سوتا|أندوفر|اندوفر|اندوویر، مینیسوٹا|アンドーヴァー|安多弗
Anoka,city,MN,45.19774,-93.38718,17350,City of Anoka|a nuo ka|anwka|Анока|آنوکا، مینه‌سوتا|أنوكا|انوکا، مینیسوٹا|阿诺卡
Apple Valley,city,MN,44.73191,-93.21772,51221,Apl-Valli|Appl Volehj|City of Apple Valley|Ehpl-Velli|Epl Vali|Epl-Velli|Pomvalo|abl faly|aepeulbaelli|apl wly|appurubare|ping guo gu|Апл-Валли|Аппл Волэй|Епл Вали|Епл-Веллі|Эпл-Велли|Әпл-Вәлли|أبل فالي|ابل فالى|اپل ولی|اپل ولی، مینه‌سوتا|ایپل ویلی، مینیسوٹا|アップルバレー|苹果谷|애플밸리
Austin,city,MN,43.66663,-92.97464,24563,AUM|City of Austin|Ostin|awstyn|osutin|Остин|Остін|آستین، مینه‌سوتا|آسٹن، مینیسوٹا|أوستين|オースティン
Bemidji,city,MN,47.47356,-94.88028,14594,BJI|Behmidzhi|Bemidzhi|Bemidzi|Bemijigamaag|Bermidji|City of Bemidji|bymydjy|Бемиджи|Бемиџи|Беміджи|Бэмиджи|بمیجی، مینه‌سوتا|بيميدجي|بیمیجی، مینیسوٹا
Big Lake,city,MN,45.33246,-93.74608,10368,Big Lehjk|Big Lejk|Big-Lejk|City of Big Lake|Humboldt|byg lyk|bygh lyk|byj lyk|Биг Лејк|Биг Лэйк|Биг-Лейк|Біґ-Лейк|بيج ليك|بيغ ليك|بگ لیک، مینیسوٹا|بیق لیک، مینه‌سوتا|بیگ لیک
Blaine,city,MN,45.1608,-93.23495,62124,City of Blaine
Bloomington,city,MN,44.8408,-93.29828,86435,Bloominton|Blumington|Blumingtono|City of Bloomington|beullumingteon|blwmnghtwn|blwmyngtn  mynh‌swta|buruminton|Блумингтон|بلومنغتون|بلومنگٹن، مینیسوٹا|بلومینگتن، مینه‌سوتا|ブルーミントン|블루밍턴
Brainerd,city,MN,46.35802,-94.20083,13371,BRD|Brehjnerd|Brejnerd|Brejnurd|City of Brainerd|Oski-odena|brynrd|Брейнерд|Брейнърд|Брэйнерд|برينرد|برینرد، مینه‌سوتا|برینرڈ، مینیسوٹا
Brooklyn Center,city,MN,45.07608,-93.33273,30770,Bruklin Sentehr|Bruklin Senter|Bruklin-Senter|City of Brooklyn Center|brwklyn sntr|Бруклин Сентер|Бруклин Сентэр|Бруклин-Сентер|Бруклін-Сентер|بروكلين سنتر|بروکلین سنتر، مینه‌سوتا|بروکلین سینٹر، مینیسوٹا
Brooklyn Park,city,MN,45.09413,-93.35634,79149,Bruklin Park|Bruklin-Park|City of Brooklyn Park|beulukeullinpakeu|brwkln bark|brwklyn park|bu lu ke lin pa ke|burukkurinpaku|Бруклин Парк|Бруклин-Парк|Бруклін-Парк|Բրուքլին Պարկ|بروكلن بارك|بروکلین پارک|بروکلین پارک، مینه‌سوتا|بروکلین پارک، مینیسوٹا|ブルックリンパーク|布魯克林帕克|브루클린파크
Buffalo,city,MN,45.17191,-93.87469,16026,Baffalo|Bufalo|baflw|Баффало|Буфало|Буффало|بافلو|بوفالو، مینه‌سوتا|بوفیلو، مینیسوٹا
Burnsville,city,MN,44.76774,-93.27772,61481,Bernsvil|Bernsvil'|Bernsvill|Burnsvill|City of Burnsville|banzubiru|bo en si wei er|brnswwyl|brnzwyl|bwrnsfyl|Бернсвил|Бернсвилл|Бернсвиль|Бернсвіль|Бурнсвилл|ברנסוויל|برنزویل|برنزویل، مینه‌سوتا|برنزویل، مینیسوٹا|بورنسفيل|バーンズビル|伯恩斯維爾|伯恩斯维尔
Champlin,city,MN,45.18885,-93.39745,23894,Chamlin|City of Champlin|chanpurin|tshamblyn|z'mplyn|zhang bu lin|Чамлин|Чамплин|Чамплін|צ'מפלין|تشامبلين|چمپلین، مینه‌سوتا|چیمپلن، مینیسوٹا|チャンプリン|彰布林
Chanhassen,city,MN,44.86219,-93.53079,25332,Chankhasen|Chankhassehn|City of Chanhassen|Shangassen|Shankhasen|Shankhassen|Tsein'chasen|[چانهاسن، مینه‌سوتا|chang ha sen|qian ha sen|tshanhasyn|Τσέινχασεν|Чанхасен|Чанхассэн|Шангассен|Шанхасен|Шанхассен|تشانهاسين|چنهسن، مینه‌سوتا|چین ہاسن، مینیسوٹا|チャンハッセン|昌哈森|錢哈森|钱哈森
Chaska,city,MN,44.78941,-93.60218,25199,City of Chaska|chaska  mynh‌swta|tshska|Часка|تشسكا|چاسکا، مینه‌سوتا|چاسکا، مینیسوٹا
Cloquet,city,MN,46.72161,-92.45936,12075,City of Cloquet|Klogueht|Klokej|Kloket|Klokey|ke luo kai|keullokes|klwkt  mynh‌swta|klwkyh|kuroketto|Клогуэт|Клокей|Клокет|Клокеј|קלואט|كلوكيه|کلوکت، مینه‌سوتا|کلوکیٹ، مینیسوٹا|クロケット|克洛凯|克洛凱|클로켓
Columbia Heights,city,MN,45.0408,-93.263,19715,City of Columbia Heights|Columbia Hts|Kolambija Khajts|Kolambija-Gajts|Kolambija-Khajts|Kolumbia Khehjts|kwlwmbya hayts|Коламбия-Хайтс|Коламбија Хајтс|Коламбія-Гайтс|Колумбиа Хэйтс|كولومبيا هايتس|کلمبیا هایتس، مینه‌سوتا|کولمبیا ہائٹس، مینیسوٹا
Coon Rapids,city,MN,45.11997,-93.28773,62240,City of Coon Rapids|Kun Rapids|Kun-Rapids|ku en la pi ci|ku en la pi zi|kunlaepijeu|kwn rabydz|kwn rpydz|Кун Рапидс|Кун-Рапидс|Кун-Рапідс|קון ראפידס|كون رابيدز|کون رپیدز|کون رپیدز، مینه‌سوتا|کون ریپڈز، مینیسوٹا|クーン・ラピッズ|库恩拉皮兹|庫恩拉皮茲|쿤래피즈
Cottage Grove,city,MN,44.82774,-92.94382,35918,City of Cottage Grove|Kotidz Grouv|Kottedzh-Grouv|Kottedzh-Grov|Kottehjdzh Grouv|Kottidzh-Grov|ka di qi ge luo fu|ke di qi ge luo fu|kotejigurobu|kotijigeulobeu|kwtj ghrwf|kwtj jrwf|qwtg' grwb|Котиџ Гроув|Коттедж-Гров|Коттедж-Гроув|Коттидж-Гров|Коттэйдж Гроув|קוטג' גרוב|كوتج جروف|كوتج غروف|کاتیج قروو، مینه‌سوتا|کاتیج گروو، مینه‌سوتا|کوٹیج گروو، مینیسوٹا|コテージグローブ|卡蒂奇格羅夫|科蒂奇格羅夫|코티지그로브
Crystal,city,MN,45.03274,-93.36023,22943,City of Crystal|Kristal|ke li si tuo shi|keuliseuteol|krystal|Кристал|كريستال|کرسٹل، مینیسوٹا|کریستال|کریستال، مینه‌سوتا|克里斯托市|크리스털
Duluth,city,MN,46.78327,-92.10658,86110,City of Duluth|DLH|Dalut|Duljut|Dulut|Dulutas|Onigamiinsing|darusu|deolluseu|dlwth  mynh‌swta|du lu si|dulutha|dwlwt|dwlwth|Далут|Дулут|Дълют|Դուլութ|דולות|دلوث، مینه‌سوتا|دولوث|ڈولوتھ، مینیسوٹا|डुलुथ|ダルース|杜魯斯|덜루스
Eagan,city,MN,44.80413,-93.16689,66286,City of Eagan|Igan|aygan  mynh‌swta|ayjan|igan|igana|Іґан|Иган|إيجان|ایگان، مینه‌سوتا|ایگان، مینیسوٹا|ईगन|イーガン
East Bethel,city,MN,45.31941,-93.20245,11692,City of East Bethel|GJong Bethel|Ist Betel|Ist Bezehl|Ist-Betel|aysant bythyl|ayst bythyl|dong bei sai er|Đông Bethel|Іст-Бетел|Ист Безэл|Ист Бетел|Ист-Бетел|إيست بيثيل|ايسانت بيثيل|ایست بتل، مینه‌سوتا|ایسٹ بیتھل، مینیسوٹا|イースト・ベセル|東貝塞爾
Eden Prairie,city,MN,44.85469,-93.47079,63496,City of Eden Prairie|Ehden Prehjraj|Iden Preri|Iden-Preri|aydn bryry|aydn pryry  mynh‌swta|yi dian cao yuan|Іден-Прері|Иден Прери|Иден-Прери|Эден Прэйрай|אידן פריירי|إيدن بريري|ايدن بريرى|ایدن پریری، مینه‌سوتا|ایڈن پریری، مینیسوٹا|イーデン・プレーリー|伊甸草原
Edina,city,MN,44.88969,-93.34995,50138,City of Edina|Idajna|adyna|idaina|yi dai na|Ідайна|Идайна|Идајна|אדינה|إدينا|ادينا|ادینا|ادینا، مینه‌سوتا|ایڈینا، مینیسوٹا|イーダイナ|伊代納|伊代纳
Elk River,city,MN,45.30385,-93.56718,23963,City of Elk River|Ehlk Riveh|Ehlk-River|Elk-River|alk ryfr|Елк Ривер|Елк-Рівер|Элк Ривэ|Элк-Ривер|إلك ريفر|الک ریور، مینه‌سوتا|ელკ-რივერი
Fairmont,city,MN,43.65218,-94.46108,10221,City of Fairmont|FRM|Fair Mount|Fajrmont|Fehrmont|Fermont|fyrmwnt|Файрмонт|Фермонт|Фэрмонт|فيرمونت|فیئرمونٹ، مینیسوٹا|فیرمانت، مینه‌سوتا
Faribault,city,MN,44.29496,-93.26883,23650,City of Faribault|FBL|Fairbault|Fajrbault|Faribo|Fehribo|Feribolt|fa li bo|fryblt  mynh‌swta|fyrbawlt|pheribau|Файрбаулт|Фарибо|Феріболт|Фэрибо|فریبلت، مینه‌سوتا|فيرباولت|फेरिबौ|法里博
Farmington,city,MN,44.64024,-93.14355,22731,City of Farmington|fa er ming dun|farmynghtwn|farmynjtwn|Фармингтон|Фармінґтон|فارمنگٹن، مینیسوٹا|فارمينجتون|فارمينغتون|فارمینقتن، مینه‌سوتا|فارمینگتن، مینه‌سوتا|法爾明頓
Fergus Falls,city,MN,46.28302,-96.07756,13281,City of Fergus Falls|FFM|Fergas Folls|Fergas Fols|Fergus-Fols|frghws fwlz|frgs falz  mynh‌swta|fu ge si fu er si|Фергас Фоллс|Фергас Фолс|Фергус-Фолс|Ферґус-Фолс|فرغوس فولز|فرگس فالز، مینه‌سوتا|弗格斯福尔斯
Forest Lake,city,MN,45.27886,-92.98522,19618,City of Forest Lake|Forehst Lehjk|Forest-Lejk|Forist Lejk|fu li si te lai ke|fwrsant lyk|fwrst lyk|Форест-Лейк|Форист Лејк|Форэст Лэйк|فارست لیکس، مینه‌سوتا|فورسانت ليك|فورست ليك|福里斯特莱克|福里斯特萊克
Fridley,city,MN,45.08608,-93.26328,27713,City of Fridley|Fridlehj|Fridli|frydly|frydly  mynh‌swta|fu li de li|furidori|peulideulli|prydly|Фридли|Фридлэй|Фрідлі|פרידלי|فريدلى|فريدلي|فریدلئی، مینه‌سوتا|فریدلی، مینه‌سوتا|فریڈلی، مینیسوٹا|フリドリー|弗里德利|프리들리
Golden Valley,city,MN,45.00969,-93.34912,21270,City of Golden Valley|Golden Vali|Golden-Valli|Golden-Velli|Goldun Vali|Gouldehn Vallehj|Ora Valo|ghwldn faly|goldeunbaelli|gorudenbare|gwldn wly  mynh‌swta|huang jin gu|jwldn faly|Голден Вали|Голден-Валли|Голден-Велли|Голдън Вали|Гоулдэн Валлэй|Ґолден-Веллі|גולדן ואלי|جولدن فالى|غولدن فالي|گولدن ولی، مینه‌سوتا|ゴールデンバレー|黃金谷|黄金谷|골든밸리
Grand Rapids,city,MN,47.23717,-93.53021,11127,GPZ|Grand-Rapids|Grehnd Rapids|ghrand rabydz|granda repidsa|Гранд Рапидс|Гранд-Рапидс|Грэнд Рапидс|Ґранд-Рапідс|غراند رابيدز|گرند رپیدز، مینه‌سوتا|ग्रांड रॅपिड्स
Ham Lake,city,MN,45.25024,-93.24995,16062,City of Ham Lake|Gam-Lejk|Kham Lehjk|Kham Lejk|Kham-Lejk|ham lyk|Гам-Лейк|Хам Лејк|Хам Лэйк|Хам-Лейк|هام ليك|هم لیک، مینه‌سوتا
Hastings,city,MN,44.7433,-92.85243,22554,City of Hastings|Gastings|Khejstings|hastynghz|Гастінґс|Хейстингс|Хејстингс|هاستينغز|هیستینگز، مینه‌سوتا
Hibbing,city,MN,47.42715,-92.93769,16204,City of Hibbing|HIB|Hibbins|Khibbing|Khibing|hibing|hibingu|hybyngh|Хиббинг|Хибинг|Хіббінг|هيبينغ|هیبینگ، مینه‌سوتا|ہیبانگ، مینیسوٹا|ヒビング|히빙
Hopkins,city,MN,44.92496,-93.46273,17591,Bushnell|City of Hopkins|Gopkins|Khopins|Khopkins|West Minneapolis|hapkynz|hopukinzu|huo pu jin si|hwbknz|hwpqyns|Гопкинс|Гопкінс|Хопинс|Хопкинс|הופקינס|هاپکینز|هاپکینز، مینه‌سوتا|هوبكنز|ホプキンズ|霍普金斯
Hugo,city,MN,45.15997,-92.99327,14388,City of Hugo|G'jugo|Kh'jugo|Khjugo|hwghw|hwjw|hyugo|Г'юґо|Гьюго|Хьюго|Хюго|Хјуго|هوجو|هوغو|هیوقو، مینه‌سوتا|هیوگو، مینه‌سوتا|ヒューゴ
Hutchinson,city,MN,44.88774,-94.36971,13913,City of Hutchinson|Gatchinson|Khachinson|Khatchinson|ha qin sen|hachynswn|hatchinson|hwtshynswn|Гатчинсон|Гатчінсон|Хатчинсон|Хачинсон|هاچینسون|هاچینسون، مینه‌سوتا|هوتشينسون|ハッチンソン|哈钦森
Inver Grove Heights,city,MN,44.84802,-93.04272,34857,City of Inver Grove Heights|Invehr Grouv Khehjts|Inver Grouv Khajts|Inver Grove|Inver-Grov-Gajts|Inver-Grov-Khajts|Invergrove|anfr ghrwf hayts|anfr jrwf hayts|yin fu ge luo fu gao de|Інвер-Ґров-Гайтс|Инвер Гроув Хајтс|Инвер-Гров-Гайтс|Инвер-Гров-Хайтс|Инвэр Гроув Хэйтс|إنفر غروف هايتس|انفر جروف هايتس|اینور قروو هایتس، مینه‌سوتا|اینور گروو هیتس، مینه‌سوتا|اینور گروو ہائٹس، مینیسوٹا|インバー・グローブ・ハイツ|因弗格羅夫高地
Lakeville,city,MN,44.64969,-93.24272,60633,City of Lakeville|Fairfield|Lake Ville|Lakeville Village|Lakevilo|Lehjkvill|Lejkvil|Lejkvil'|Lejkvill|lei ke wei|lykfyl|lykwyl  mynh‌swta|lyyqwwyl|reikuvuiru|Лейквилл|Лейквиль|Лейквіль|Лејквил|Лэйквилл|לייקוויל|ليكفيل|لیک ویل، منیسوٹا|لیکویل، مینه‌سوتا|レイクヴィル|雷克維
Lino Lakes,city,MN,45.16024,-93.08883,21050,City of Lino Lakes|Lajno Lejks|Lajno-Lejks|Lino Lehjks|Lino-Lejks|lai nuo lei ke si|lynw lyks|Лайно-Лейкс|Лајно Лејкс|Лино Лэйкс|Лино-Лейкс|Ліно-Лейкс|لينو ليكس|لینو لیکس، مینه‌سوتا|ライノー・レイクス|萊諾雷克斯
Little Canada,city,MN,45.02691,-93.08772,10319,City of Little Canada|Litl Kanada|Litl-Kanada|Littl Kanada|lytl kanada|lytl knda|xiao jia na da|Литл Канада|Литл-Канада|Литтл Канада|Літл-Канада|ليتل كندا|لیتل کانادا|لیتل کانادا، مینه‌سوتا|小加拿大
Mankato,city,MN,44.15906,-94.00915,41044,City of Mankato|MKT|Mankejto|mankatw|menketo|Манкато|Манкейто|Манкејто|مانكاتو|منکیتو، مینه‌سوتا|مینکیٹو، مینیسوٹا|मॅन्कॅटो
Maple Grove,city,MN,45.07246,-93.45579,68385,City of Maple Grove|Mehjpl Grouv|Mejpl Grouv|Mejpl-Grouv|Mejpl-Grov|mabl ghrwf|mabl jrwf|mei pu er ge luo fu|mypl grww|Мейпл-Гров|Мейпл-Гроув|Мејпл Гроув|Мэйпл Гроув|مابل جروف|مابل غروف|میپل قروو، مینه‌سوتا|میپل گروو|میپل گروو، مینیسوٹا|メイプル・グローヴ|梅普尔格罗夫
Maplewood,city,MN,44.95302,-92.99522,40567,City of Maplewood|Mehjplvud|Mejplvud|Meplvud|mablwwd|mei pu er wu de|Меплвуд|Мејплвуд|Мэйплвуд|مابلوود|میپلووڈ، مینیسوٹا|میپل‌وود|میپل‌وود، مینه‌سوتا|梅普爾伍德
Marshall,city,MN,44.4469,-95.78835,13652,City of Marshall|MML|Marshal|marshal|Маршал|Маршалл|مارشال|مارشال، مینه‌سوتا|مارشل، مینیسوٹا
Mendota Heights,city,MN,44.88358,-93.13827,11223,City of Mendota Heights|Mendota Khajts|Mendota Khehjts|Mendota-Gajts|Mendota-Khajts|myndwta hayts|Мендота Хајтс|Мендота Хэйтс|Мендота-Гайтс|Мендота-Хайтс|مندوتا هایتس، مینه‌سوتا|ميندوتا هايتس
Minneapolis,city,MN,44.97997,-93.26384,410939,City of Minneapolis|Gakaabikaang|MSP|Min-ni-a-po-li-su|Mineapalis|Mineapoli|Mineapolis|Mineapolisa|Mineápolis|Minneapòlis|Minnéapolis|Minyapolis|Mìn-nì-â-pô-li-sṳ̂|mineaporisu|minepolisa|ming ni a bo li si|ming ni ya bo li si|miniaepolliseu|miniyapolisa|miniyappolis|minniyapolis|mnyapwls|mynyabwls|mynyapwlys|Μινεάπολη|Минеаполис|Миннеаполис|Мінеапаліс|Міннеаполіс|Մինեապոլիս|מיניאפוליס|منیاپولس|مينيابولس|مینیاپولیس|मिनियापोलिस|मिनीयापोलिस|মিনিয়াপোলিস|મિનેપોલિસ|மினியாப்பொலிஸ்|మిన్నియాపోలిస్|ಮಿನ್ನಿಯಾಪೋಲಿಸ್|มินนีแอโพลิส|მინეაპოლისი|ミネアポリス|明尼亞波利斯|明尼阿波利斯|미니애폴리스
Minnetonka,city,MN,44.9133,-93.50329,51669,City of Minnetonka|Minitonka|minetongka|minetonka|ming ni tong ka|myntwnqh|mynytwnka|Минитонка|Миннетонка|Міннетонка|מינטונקה|مينيتونكا|مینتونکا، مینه‌سوتا|مینه‌تونکا|مینیٹونکا، مینیسوٹا|ミネトンカ|明尼通卡|미네통카
Minnetonka Mills,city,MN,44.94107,-93.4419,50117,Minnetonka
Monticello,city,MN,45.30552,-93.79414,13299,City of Monticello|Mantysehla|Montikehllo|Montisello|Montiselo|mwntayslw|mwntyslw|Мантысэла|Монтикэлло|Монтиселло|Монтисело|Монтіселло|מונטיסלו|مانتیسلو، مینه‌سوتا|مونتايسلو|مونتیسلو، مینه‌سوتا
Moorhead,city,MN,46.87386,-96.76951,42005,City of Moorhead|Murkhed|Murkhid|mu er hei de|mwrhyd|Мурхед|Мурхид|مورهد، مینه‌سوتا|مورهيد|مورہیڈ، مینیسوٹا|穆爾黑德
Mounds View,city,MN,45.10497,-93.20856,12914,City of Mounds View|Maunds Vju|Maunds-V'ju|mwnd fyw|Маундс Вю|Маундс Вју|Маундс-В'ю|Маундс-Вью|ماوندز ویو، مینه‌سوتا|موند فيو
New Brighton,city,MN,45.06552,-93.20189,22351,City of New Brighton|N'ju Brajton|N'ju-Brajton|Nju Brajton|nyw braytwn|xin bu lai dun|Њу Брајтон|Нью Брайтон|Нью-Брайтон|نيو برايتون|نیو برائٹن، مینیسوٹا|نیو برایتن، مینه‌سوتا|ニュー・ブライトン|新布莱顿|新布萊頓
New Hope,city,MN,45.03802,-93.38662,21032,City of New Hope|N'ju Khoup|N'ju-Goup|N'ju-Khop|Nju Khoup|niu huo pu|nyuhopu|nyw hwb|Њу Хоуп|Нью Хоуп|Нью-Гоуп|Нью-Хоп|نيو هوب|نیو هوپ، مینه‌سوتا|نیو ہوپ، مینیسوٹا|ニューホープ|紐霍普
New Ulm,city,MN,44.31246,-94.46053,13327,City of New Ulm|N'ju Ulm|N'ju-Alm|Nju Ulm|Nova Ulma|ULM|nyueolleum|nyw awlm|nyw awlm  mynh‌swta|Њу Улм|Нью Улм|Нью-Алм|نيو أولم|نیو اولم، مینه‌سوتا|뉴얼름
North Branch,city,MN,45.51135,-92.98022,10215,Branch|City of North Branch|Nors Brehnch|Nort Branch|Nort-Branch|bei bu lan qi|nwrth bransh|nwrth brnch|Норс Брэнч|Норт Бранч|Норт-Бранч|نورث برانش|نورث برنچ|نورث برنچ، مینه‌سوتا|北布蘭奇
North Mankato,city,MN,44.1733,-94.03385,13529,City of North Mankato|Nors Mankato|Nort Mankato|Nort-Mankejto|nwrth mankatw|Норс Манкато|Норт Манкато|Норт-Манкейто|نورث مانكاتو|نورث منکیتو، مینه‌سوتا
North Saint Paul,city,MN,45.01247,-92.99188,11460,Castle|City of North Saint Paul
Northfield,city,MN,44.4583,-93.1616,20380,City of Northfield|Norsfild|Nortfild|nosufirudo|nuo si fei er de|nuo si fei er de shi|nwrt'pyld|nwrthfyld|Норсфилд|Нортфилд|Нортфілд|נורת'פילד|نارتھفیلڈ، مینیسوٹا|نورثفيلد|نورثفیلد|نورثفیلد، مینه‌سوتا|ノースフィールド|諾斯菲爾德|諾斯菲爾德市
Oakdale,city,MN,44.96302,-92.96494,28080,City of Oakdale|Oakdehjl|Okdejl|Oukdejl|awkdl|awkdyl|xiang gu|Оакдэйл|Окдейл|Оукдејл|أوكدل|اوكدل|اوکدیل|اوکدیل، مینه‌سوتا|اوکڈیل، مینیسوٹا|橡谷
Otsego,city,MN,45.27413,-93.59135,15551,Otsehgo|Otsigo|ao qi ge|awtsyghw|awtsyjw|Отсего|Отсиго|Отсэго|Отсіґо|أوتسيغو|اوتسقو، مینه‌سوتا|اوتسيجو|اوتسگو، مینه‌سوتا|奥齐戈
Owatonna,city,MN,44.08385,-93.22604,25725,City of Owatonna|OWA|Ovatona|Ovatonna|awatwna|owatona|Оватона|Оватонна|أواتونا|اواٹانا، مینیسوٹا|اوواتانا، مینه‌سوتا|오와토나
Plymouth,city,MN,45.01052,-93.45551,75907,City of Plymouth|Plajmaus|Plimut|blymwth|peullimeoseu|plymwt'|plymwth|pu li mao si|purimasu|Плаймаус|Плимут|Плімут|פלימות'|بليموث|پلایماؤت، مینیسوٹا|پلیموث|پلیموث، مینه‌سوتا|プリマス|普利矛斯|普利茅斯|플리머스
Prior Lake,city,MN,44.7133,-93.42273,25282,City of Prior Lake|Prajor Lejk|Prajor-Lejk|Prior Lehjk|bi e hu cheng|brywr lyk|Прайор-Лейк|Прајор Лејк|Приор Лэйк|بريور ليك|پریر لیک، مینه‌سوتا|彼略湖城
Ramsey,city,MN,45.2611,-93.45,25828,City of Ramsey|Ramsehj|Ramsi|Remzi|ramsy|Рамси|Рамсэй|Рамсі|Ремзи|رامسي|رمزی، مینه‌سوتا|ریمسی، مینیسوٹا
Red Wing,city,MN,44.56247,-92.5338,16445,City of Red Wing|Red Ving|Red-Uing|Red-Ving|ledeuwing|ryd wyngh|Ред Винг|Ред-Вінґ|Ред-Уинг|رد وینگ، مینه‌سوتا|ريد وينغ|레드윙
Richfield,city,MN,44.8833,-93.283,36216,City of Richfield|Richfild|rytshfyld|Ричфилд|Річфілд|ريتشفيلد|رچفیلڈ، مینیسوٹا|ریچفیلد، مینه‌سوتا
Robbinsdale,city,MN,45.03219,-93.33856,14418,City of Robbinsdale|Robbinsdejl|Robinsdejl|luo bin si de|rabynzdyl|rwbynsdl|rwbynsdyyl|Роббинсдейл|Роббінсдейл|Робинсдејл|רובינסדייל|رابینزدیل|رابینزدیل، مینه‌سوتا|روبينسدل|羅賓斯德
Rochester,city,MN,44.02163,-92.4699,112225,City of Rochester|RST|Rochestur|locheseuteo|luo che si te|rachstr  mynh‌swta|rochesuta|rwtshystr|rwzstr|Рочестер|Рочестър|רוצסטר|راچستر، مینه‌سوتا|روتشيستر|روچیسٹر، مینیسوٹا|ロチェスター|羅徹斯特|로체스터
Rogers,city,MN,45.18885,-93.55301,12562,City of Rogers|Rodzers|Rodzhehrs|Rodzhers|rajrz|rojazu|rwg'rs|rwjrz|Роджерс|Роджэрс|Роџерс|רוג'רס|راجرز|راجرز، مینه‌سوتا|روجرز|ロジャーズ
Rosemount,city,MN,44.73941,-93.12577,23413,City of Rosemount|Rosmaunt|Rousmaunt|Rouzmaunt|luo si mang te|rozumaunto|rwsymawnt|Росмаунт|Роузмаунт|Роусмаунт|رزماونت، مینه‌سوتا|روسيماونت|ローズマウント|罗斯芒特|羅斯芒特
Roseville,city,MN,45.00608,-93.15661,35580,City of Roseville|Rousvill|Rouzvil|Rozvell|Rozvil'|Rozvill|lojeubil|luo si wei er|rozuvuiru|rwzfyl|rwzwyl  mynh‌swta|Розвелл|Розвилл|Розвиль|Розвіль|Роузвил|Роусвилл|روزفيل|روزویل، مینه‌سوتا|روزویل، مینیسوٹا|ローズヴィル|罗斯维尔|羅斯維爾|로즈빌
Saint Cloud,city,MN,45.5608,-94.16249,65842,City of Saint Cloud|Ozaagiiziibiing|STC|St. Cloud
Saint Louis Park,city,MN,44.9483,-93.34801,45250,City of Saint Louis Park|St. Louis Park
Saint Michael,city,MN,45.20996,-93.66496,16399,City of Saint Michael|Sehjnt Majkl|Sent Majkl|Sent-Majkl|St. Michael|sant maykl|snt maykl|Сент Мајкл|Сент-Майкл|Сэйнт Майкл|سانت مايكل|سنت مایکل|سنت مایکل، مینه‌سوتا
Saint Paul,city,MN,44.94441,-93.09327,303176,City of Saint Paul|Imnizha ska|Saint Pol|San Pablo|Sejnt Pol|Sent Pol|Sent Polas|Sent Pols|Sent-Pol|Sentpola|Sint-Paul|St. Paul|Urbs Sancti Pauli de Minnesota|ceyint pal|saint pal|sant bawl|santa pala|seinteupol|senta pala|senta pola|sentoporu|sentphxl|sheng bao luo|synt pl  mynh‌swta|syynt pwl|Σαιντ Πωλ|Сейнт Пол|Сент Пол|Сент-Пол|Սեյնթ Փոլ|סיינט פול|سانت باول|سینت پل، مینه‌سوتا|سینٹ پال|سینٹ پال، مینیسوٹا|सन्त पल|सेंट पॉल|सेन्त पल|सैन्ट् पाल्|செயின்ட் பால்|เซนต์พอล|სენტ-პოლი|セントポール|圣保罗|세인트폴
Saint Peter,city,MN,44.32358,-93.95801,11196,City of Saint Peter|St. Peter
Sartell,city,MN,45.62163,-94.20694,16788,City of Sartell|Sartehll|sa te er|sartyl|srtl  mynh‌swta|Сартелл|Сартэлл|سارتيل|سرتل، مینه‌سوتا|薩特爾
Sauk Rapids,city,MN,45.59191,-94.1661,13424,City of Sauk Rapids|Sok Rapids|Sok-Rapids|suo ke la pi zi|swk rabydz|Саук Рапидс|Сок Рапидс|Сок-Рапидс|Сок-Рапідс|سوك رابيدز|سوک رپیدز، مینه‌سوتا|ソーク・ラピッズ|索克拉皮茲
Savage,city,MN,44.77913,-93.33634,30391,City of Savage|Hamilton|Savazh|Savidz|Savidzh|sa wei qi|safagh|safaj|savueji|sawj|Саваж|Савидж|Савиџ|سافاج|سافاغ|ساوج|ساوج، مینه‌سوتا|سیویج، مینیسوٹا|サヴェージ|萨维奇
Shakopee,city,MN,44.79802,-93.5269,39981,City of Shakopee|Shakopi|Shejkope|shakpy  mynh‌swta|shakwby|Шакопи|Шакопі|Шейкопе|شاكوبي|شاکوپی، مینیسوٹا|شاکپی، مینه‌سوتا
Shoreview,city,MN,45.07913,-93.14717,26477,City of Shoreview|Shorv'ju|Shorvju|shwrfyw|Шорвью|Шорвю|Шорвју|شورفيو|شورویئو، مینیسوٹا|شورویو، مینه‌سوتا
South Saint Paul,city,MN,44.89274,-93.03494,20160,City of South Saint Paul
Stillwater,city,MN,45.05636,-92.80604,18924,City of Stillwater|Stilluatehr|Stilluoter|Stillvoter|Stilvoter|seutil-woteo|stylwwtr|Стилвотер|Стиллуатэр|Стиллуотер|Стіллвотер|استیل‌واتر، مینه‌سوتا|ستيلووتر|스틸워터
Vadnais Heights,city,MN,45.05747,-93.07383,13266,City of Vadnais Heights|Vadnajs Khehjts|Vadnes-Gajts|Vadnes-Khajts|fadnays hayts|wa de nai gao de|Ваднайс Хэйтс|Ваднес-Гайтс|Ваднес-Хайтс|فادنايس هايتس|وادنایس هیتس، مینه‌سوتا|ودنس هایتس، مینه‌سوتا|瓦德奈高地
Waconia,city,MN,44.8508,-93.78691,11968,City of Waconia|Vekonija|wakwnya|wo ke ni ya|wqwnyh|Векония|Веконія|וקוניה|واكونيا|واکونیا|واکونیا، مینه‌سوتا|沃科尼亞
West Coon Rapids,city,MN,45.15969,-93.34967,62528,
West Saint Paul,city,MN,44.91608,-93.10161,19540,City of West Saint Paul
White Bear Lake,city,MN,45.08469,-93.00994,25205,City of White Bear Lake|Uajt Bia Lehjk|Uajt-Behr-Lejk|Vajt Ber Lejk|Vajt-Ber-Lejk|White Bear|bai xiong hu|howaitobeareiku|wayt byr lyk|Вайт-Бер-Лейк|Вајт Бер Лејк|Уайт Биа Лэйк|Уайт-Бэр-Лейк|وائٹ بئیر لیک، مینیسوٹا|وايت بير ليك|وایت بیر لیک|وایت بیر لیک، مینه‌سوتا|ホワイトベアレイク|白熊湖
Willmar,city,MN,45.12191,-95.04334,19638,City of Willmar|ILL|Uilmar|Villmar|Vilmar|wylmr|Виллмар|Вилмар|Вілмар|Уилмар|ويلمر|ویلمار، مینه‌سوتا
Winona,city,MN,44.04996,-91.63932,27094,City of Winona|Montezuma|ONA|Uinona|Vajnona|Vinona|uinona|wynwna|Вайнона|Вајнона|Винона|Вінона|Уинона|وينونا|وینونا، مینه‌سوتا|وینونا، مینیسوٹا|ウィノナ|위노나
Woodbury,city,MN,44.92386,-92.95938,67855,City of Woodbury|Vudbari|Vudberi|Vudbjuri|udeubeli|vudabari|wwdbwry|Вудбарі|Вудбери|Вудбюри|وودبری، مینه‌سوتا|وودبوري|ووڈبری، مینیسوٹا|वुडबरी|우드베리
Worthington,city,MN,43.61996,-95.5964,13090,City of Worthington|OTG|Okabena|Uehrtington|Vorsington|Vortington|wrthynghtwn|wwrdyngtn  mynh‌swta|Ворсингтон|Вортингтон|Вортінґтон|Уэртингтон|ورثينغتون|ووردینگتن، مینه‌سوتا
Kirksville,city,MO,40.19475,-92.58325,17520,Hopkinsville|IRK|Kirksvil|Kirksvill|Long Point|krkzwyl  myzwry|kyrkfyl|Кирксвил|Кирксвилл|كيركفيل|کرکزویل، میزوری
Maryville,city,MO,40.3461,-94.87247,11879,Mehrivill|Merivil|meribiru|Меривил|Мэривилл|مری‌ویل، میزوری|メリービル
Fargo,city,ND,46.87719,-96.7898,118523,Centralia|FAR|Fago|Farga|Fargas|Fàgo|Fārgo|fa ge|fago|farghw|fargw|fargw  dakwtay shmaly|pago|pargo|phargo|Фарга|Фарго|Фарґо|פארגא|פארגו|فارغو|فارگو|فارگو، داکوتای شمالی|फार्गो|ფარგო|ファーゴ|法戈|파고
Grand Forks,city,ND,47.92526,-97.03285,57011,GFK|Grand Foks|Grand-Forks|Grandforksa|Grann Foks|Grann Fòks|da fu ke si|geulaendeupokeuseu|ghrand fwrks|grnd frk  dakwtay shmaly|grnd pwrqs|gurandofokusu|Гранд Фокс|Гранд-Форкс|גרנד פורקס|غراند فوركس|گرند فرک، داکوتای شمالی|گرینڈفورکس|グランドフォークス|大福克斯|그랜드포크스
Jamestown,city,ND,46.91054,-98.70844,15422,Camp Sykes|Camp Thomas|Dzejmstaun|Fort Cross|Fort Seward|JMS|jeimseutaun|jymstawn|jymztawn  dakwtay shmaly|zhan mu si dui|Џејмстаун|جيمستاون|جیمز ٹاون، شمالی ڈکوٹا|جیمزتاون، داکوتای شمالی|詹姆斯敦|제임스타운
West Fargo,city,ND,46.87497,-96.90036,33597,Gouest Farnko|Haggert|Sheyenne Stockyards|South West Fargo|Tay Fargo|Tây Fargo|Vakaru Fargas|Vakarų Fargas|Vest Fargo|Vest-Fargo|Vestfargo|merku parko|oyesta pharago|uesutofago|vest phargo|vesta fargo|vesta phargo|weseuteu pago|westfar ko|wst fargww  dakwtay shmaly|wst farqw  qwzyy dakwta|wysant farjw|wyst farghw|xi fa ge|Γουέστ Φάργκο|Вест Фарго|Вест-Фарго|ווסט פארגו|وست فارقو، قوزئی داکوتا|وست فارگوو، داکوتای شمالی|ويسانت فارجو|ويست فارغو|ویسٹ فارگو، شمالی ڈکوٹا|वेस्ट फ़ार्गो|वेस्ट फार्गो|ওয়েস্ট ফারগো|વેસ્ટ ફાર્ગો|மேற்கு பார்கோ|వెస్ట్ ఫార్గో|ವೆಸ್ಟ್ ಫಾರ್ಗೊ|උතුරු ෆාර්ගෝ|เวสต์ฟาร์โก|ウェストファーゴ|西法戈|웨스트 파고
Beatrice,city,NE,40.26806,-96.74697,12388,BIE|Beatris|Biatris|Bitrajs|byatrys|bytrys  nbraska|Беатрис|Биатрис|Битрайс|بياتريس|بیئڑریس، نیبراسکا|بیتریس، نبراسکا
Bellevue,city,NE,41.13667,-95.89084,55510,Behllevju|Belv'ju|Belvju|bei er wei you|berubyu|blwyw  nbraska|blwyw  nybraska|bylyfyw|Белвью|Белвю|Белвју|Бэллевю|بلویو، نبراسکا|بلویو، نیبراسکا|بيليفيو|ベルビュー|贝尔维尤
Chalco,city,NE,41.18389,-96.1503,10994,
Columbus,city,NE,41.42973,-97.36838,22797,Kolambus|Kolumbus|OLU|klmbws  nbraska|kolleombeoseu|kwlmbs  nybraska|kwlmbws|Коламбус|Колумбус|كولمبوس|کلمبوس، نبراسکا|کولمبس، نیبراسکا|콜럼버스
Fremont,city,NE,41.43333,-96.49808,26474,FET|Frehmont|Frimont|frymant  nbraska|frymwnt|fu li meng te|Фримонт|Фрэмонт|Фрімонт|فريمونت|فریمانت، نبراسکا|فریمونٹ، نیبراسکا|弗里蒙特
Grand Island,city,NE,40.92501,-98.34201,51440,GRI|Grand Ajland|Grand-Ajlend|Grandis Insula|ge lan de ai lan|geulaendeuaillaendeu|ghrand aysland|gramda ayalanda|grnd aylnd  nbraska|gurandoairando|Гранд Айланд|Гранд Ајланд|Гранд-Айленд|Ґранд-Айленд|غراند إيسلاند|گرند آیلند، نبراسکا|گرینڈ آئلینڈ، نیبراسکا|ग्रँड आयलंड|グランドアイランド|格蘭德艾蘭|그랜드아일랜드
Hastings,city,NE,40.58612,-98.38839,24924,Gastings|HSI|Khastings|Khejstings|hastynghs|hei si ting si|heisutinguzu|hystyngz  nbraska|Гастінгс|Хастингс|Хейстингс|Хејстингс|هاستينغس|هیستینگز، نبراسکا|ہیسٹنگز، نیبراسکا|ヘイスティングズ|黑斯廷斯
Kearney,city,NE,40.69946,-99.08148,33021,EAR|Karni|Kerni|Kirnehj|ka ni|kani|karni|karny  nbraska|kyarny|kyryny  nybraska|Карни|Карні|Керни|Кирнэй|كيارني|کارنی، نبراسکا|کیرینی، نیبراسکا|कार्नी|カーニー|卡尼|카니
La Vista,city,NE,41.18389,-96.03113,16921,La-Vista|la fysta|la wysta  nbraska|Ла Виста|Ла-Виста|Ла-Віста|لا فيستا|لا ویستا، نبراسکا|لا ویسٹا، نیبراسکا
Lexington,city,NE,40.78084,-99.7415,10075,LXN|Leksington|lksyngtn  nbraska|lyksnghtwn|Лексингтон|Лексінгтон|ليكسنغتون|لکسینگتن، نبراسکا|لیکسنگٹن، نیبراسکا
Lincoln,city,NE,40.8,-96.66696,294757,LNK|Lin'koln|Lincolnia|Linkal'n|Linkol'n|Linkoln|Linkolna|Linkolnas|Linkolns|Linkuln|lin ken|ling khxln|lingkeon|linkan|linkana|lnkn|lnkn  nybraska|lynkln  nbraska|lynqwln|rinkan|Λίνκολν|Линколн|Линкольн|Линкълн|Лінкальн|Лінкольн|Լինքոլն|לינקולן|لنكن|لنکن|لنکن، نیبراسکا|لینکلن، نبراسکا|लिंकन|लिङ्कन|லிங்கன்|ลิงคอล์น|ლინკოლნი|リンカーン|林肯|링컨
Norfolk,city,NE,42.02834,-97.417,24366,Norfok|OFK|narfwk  nybraska|nofoku|nopeog|nuo fu ke|nwrfk  nbraska|nwrfwk  nbraska|nwrfwlk|nwrpwq|Норфок|Норфолк|נורפוק|نارفوک، نیبراسکا|نورفولك|نورفوک، نبراسکا|نورفک، نبراسکا|ノーフォーク|諾福克|诺福克|노퍽
Omaha,city,NE,41.25626,-95.94043,486051,OMA|Omacha|Omakha|ao ma ha|awmaha|awmaha  nbraska|awmaha nbraska|xo ma ha|Ομάχα|Омаха|Օմահա|אומהה|أوماها|اوماها نبراسكا|اوماها، نبراسکا|اوماہا، نیبراسکا|ओमाहा|ওমাহা|โอมาฮา|ომაჰა|オマハ|奥马哈|오마하
Papillion,city,NE,41.15444,-96.04224,19510,Papilion|babylywn|papylywn  nbraska|pypylyn  nybraska|Папилион|Папиллион|Папіліон|بابيليون|پاپیلیون، نبراسکا|پیپیلین، نیبراسکا
South Sioux City,city,NE,42.47388,-96.41364,13319,Saut Su Siti|Saut-Su-Siti|Sous Siouks Siti|Suda Siu-Urbo|nan su cheng|sawth sywks syty|sw syty  nbraska|Саут Су Сити|Саут-Су-Сити|Саут-Су-Сіті|Соус Сиоукс Сити|ساوتھ سیو سٹی، نیبراسکا|ساوث سيوكس سيتى|ساوث سيوكس سيتي|سو سیتی، نبراسکا|南蘇城
Bedford,city,NH,42.94647,-71.5159,21188,Behdford|Narragansett Number 5|Souhegan East|bdfwrd  nywhmpshayr|bedofodo|Бедфорд|Бэдфорд|بدفورد، نیوهمپشایر|بیڈفورڈ، نیو ہیمپشائر|ベドフォード
Claremont,city,NH,43.37674,-72.34676,12984,CNH|Klehjrmont|Klermont|ke lai er meng te|klyrmant  nywhmpshayr|klyrmwnt|kureamonto|Клермонт|Клэйрмонт|كليرمونت|کلیئرمونٹ، نیو ہیمپشائر|کلیرمانت، نیوهمپشایر|クレアモント|克莱尔蒙特|克萊爾蒙特
Concord,city,NH,43.20814,-71.53757,43976,CON|Concord i New Hampshire|Kankord|Kon'kornt|Konkord|Konkorda|Konkordas|Konkords|Penacook|Pencook|Pennacook|Romford|Rumford|kamkorda|kang ke de|kankard|kankarda|kankart|knkwrd  nywhmpshayr|kongkodeu|konkodo|kwnkwrd|qwnqwrd|Κόνκορντ|Канкорд|Конкорд|Կոնկորդ|קאנקארד|קונקורד|كونكورد|کنکورد، نیوهمپشایر|کنکورڈ|کونکورڈ، نیو ہیمپشائر|कङ्कर्द|कन्कर्ड|कन्कर्ड्|काँकोर्ड|காங்கர்ட்|კონკორდი|コンコード|康科德|콩코드
Derry,city,NH,42.88064,-71.32729,22015,Dehrri|Deri|Derri|Derry Depot|West Derry|deli|deri|dry  nywhmpshayr|dyry|Дери|Дерри|Дэрри|دری، نیوهمپشایر|ديري|ڈیری، نیو ہیمپشائر|デリー|데리
Derry Village,city,NH,42.89175,-71.31201,34539,Derry
Dover,city,NH,43.19786,-70.87367,30880,Bristol|Cochecho|Cocheco|Douvur|Dovehr|Dover i New Hampshire|Hilton's Point|Nachwanach|Newichwannock|Northam|Quochecho|Winichahanat|doba|duo fu|dwfr|dwwr  nywhmpshayr|Довер|Довэр|Доувър|دوفر|دوور، نیوهمپشایر|ڈوور، نیو ہیمپشائر|ドーバー|多佛
Durham,city,NH,43.13397,-70.92645,10345,Daram|Darem|Djurkham|Oyster River|daramu|dwram  nywhmpshayr|dwrham|Дарам|Дарем|Дюрхам|دورام، نیوهمپشایر|دورهام|ڈرہم، نیو ہیمپشائر|ダーラム
East Concord,city,NH,43.24202,-71.53813,42605,
Keene,city,NH,42.93369,-72.27814,23265,EEN|Keen|Kijn|Kin|Kini|Upper Ashuelot|ji en|kin|kyn|kyn  nywhmpshayr|Кийн|Кин|Кини|Кін|كين|کین، نیو ہیمپشائر|کین، نیوهمپشایر|キーン|基恩
Laconia,city,NH,43.52785,-71.47035,16227,City of the Lakes|LCI|Lakonia|Lakonija|Meredith Bridge|la ke ni ya|lakwnya|lkwwnya  nywhmpshayr|rakonia|Лакониа|Лакония|Лаконија|لاكونيا|لاکونیا، نیو ہیمپ شائر|لکوونیا، نیوهمپشایر|ラコニア|拉科尼亚
Lebanon,city,NH,43.64229,-72.25176,13579,LEB|Libana|Libanas|Libāna|Livan|Livanos|lai ba nen|lbanwn  nywhmpshayr|lbnan|lbnan  nywhmpshayr|lbnwn|lebanan|lebanana|lebanona|lebanxn|lebeoneon|lepanan|li ba nen|rebanon|Λίβανος|Лебанон|Ліван|לבנון|لبانون، نیوهمپشایر|لبنان|لبنان، نیوهمپشایر|لیبانن، نیو ہیمپشائر|लेबनान|लेबनॉन|লেবানন|લેબનોન|லெபனான்|లెబనాన్|ಲೆಬನಾನ್|ලෙබනනය|เลบานอน|レバノン|莱巴嫩|萊巴嫩|黎巴嫩|레버넌
Londonderry,city,NH,42.86509,-71.37395,11037,Londondehrri|Londonderi|Londonderri|Nutfield|landndry  nywhmpshayr|lndndry|rondonderi|Лондондери|Лондондерри|Лондондэрри|لاندندری، نیوهمپشایر|لندندري|لنڈنڈیری، نیو ہیمپشائر|ロンドンデリー
Manchester,city,NH,42.99564,-71.45479,110229,Derryfield|Harrytown|MHT|Mancester|Mancesteris|Mancestra|Mancestro|Manchehstehr|Manchehster|Manchester i New Hampshire|Manchestur|Mancunium|Mantsester|Mançester|Manĉestro|Mančesteris|Mančestra|Namaskeag|Old Harrytown|Tyng's Town|Tyngstown|maencheseuteo|mainacestara|mamcestara|man che si te|mancestar|mancestara|manchesuta|manshstr|mantshstr|mnchstr  nywhmpshayr|mnz'str|myanacestara|myancestar|Μάντσεστερ|Манчестер|Манчестър|Манчэстер|Манчэстэр|Մանչեսթր|מנצ'סטר|مانتشستر|مانشستر|مانچسٹر، نیو ہیمپشائر|منچستر، نیوهمپشایر|मँचेस्टर|मैनचेस्टर|ম্যানচেস্টার|માન્ચેસ્ટર|மான்செஸ்டர்|మాంచెస్టర్|ಮ್ಯಾಂಚೆಸ್ಟರ್|മാഞ്ചസ്റ്റർ|මැන්චෙස්ටර්|แมนเชสเตอร์|マンチェスター|曼彻斯特|曼徹斯特|맨체스터
Merrimack,city,NH,42.86509,-71.4934,26726,East Merrimack|Merrimac|Merrimak|Souhegan East|merimakku|myrymak|Мерримак|ميريماك|میریمیک، نیو ہیمپشائر|メリマック
Nashua,city,NH,42.76537,-71.46757,87970,ASH|Watanic|na shu e|naesyua|nashwa|nshwa  nywhmpshayr|Нашуа|נשואה|ناشوا|ناشوا، نیو ہیمپشائر|نشوا، نیوهمپشایر|ナシュア|纳舒厄|내슈아
Pelham,city,NH,42.73453,-71.32451,12676,
Portsmouth,city,NH,43.07704,-70.75766,21530,PSM|Pascataquack|Piscataqua|Portsmaus|Portsmut|Rivertown|Strabery Banke|Strawberry Banck|Strawberry Bancke|Strawberry Bank|Strawberry-bank|Strawbery Banke|The Bank|bwrtsmwth|pocheumeoseu|potsumasu|prtsmwt  nywhmpshayr|pu ci mao si|pwrtsmwt'|Πόρτσμουθ|Портсмаус|Портсмут|Портсмът|Պորտսմութ|פורטסמות'|بورتسموث|پرتسموت، نیوهمپشایر|پورٹسماؤت، نیو ہیمپشائر|პორტსმუთ|ポーツマス|朴次茅斯|포츠머스
Rochester,city,NH,43.30453,-70.97562,30038,Rochehstehr|Rochestehr|Rotsester|locheseuteo|luo che si te|rachstr  nywhmpshayr|rochesuta|rwtshstr|rwz'str|Ρότσεστερ|Рочестер|Рочестэр|Рочэстэр|רוצ'סטר|راچستر، نیوهمپشایر|روتشستر|روچیسٹر، نیو ہیمپشائر|ロチェスター|罗彻斯特|羅徹斯特|로체스터
Salem,city,NH,42.78842,-71.20089,29549,Salem (New Hampshire)|Sejlem|sai lei mu|salm  nywhmpshayr|seiramu|syylm|syylm  nywhmpshayr|Салем|Сейлем|סיילם|سئیلم، نیوهمپشایر|سالم، نیوهمپشایر|سیلم، نیو ہیمپشائر|セイラム|賽勒姆
Somersworth,city,NH,43.26175,-70.86534,11759,Great Falls|Samehrs|Samersvort|Sligo|Sumersworth|Summersworth|sa mo si wo si|samazuwasu|samrzwrt  nywhmpshayr|swmrswrt'|swmrswwrth|Самерсворт|Самэрс|סומרסורת'|سامرزورت، نیوهمپشایر|سامرزورتھ، نیو ہیمپشائر|سومرسوورث|サマーズワース|萨默斯沃思|薩默斯沃思
Windham,city,NH,42.80064,-71.30423,13091,Vindkham|Wyndham|uindamu|Виндхам|وینڈم، نیو ہیمپشائر|ウィンダム
Asbury Park,city,NJ,40.22039,-74.01208,15818,ARX|Absjuri Park|Azberi Park|a si bo li pa ke|aejeubelipakeu|aesbari parka|asbry park  nyw jrsy|asbwry park  nywjrsy|Абсюри Парк|Азбери Парк|اسبری پارک، نیو جرسی|اسبوری پارک، نیوجرسی|अॅस्बरी पार्क|阿斯伯里帕克|애즈베리파크
Avenel,city,NJ,40.58038,-74.28515,17011,
Basking Ridge,city,NJ,40.70621,-74.54932,21424,Baskeridge|Baskin-Ridzh|Baskingridge|Baskinridge|ba shi jing ling|bskyng ryj|bskynq ryj  nywjrsy|Баскин-Ридж|بسکینق ریج، نیوجرسی|بسکینگ ریج|バスキン・リッジ|巴士京岭|巴士京嶺
Bayonne,city,NJ,40.66871,-74.11431,66311,Bajon|Bajonn|Bejon|Bejonn|Bergen Neck|Constabals Hoek|Pamlicae Farme|Pamrepau|baywn  nywjrsy|bei yong|beion|beiyon|byywnny  nyw jrsy|Байон|Байонн|Бейонн|Бејон|بایون، نیوجرسی|بیئوننی، نیو جرسی|ベイヨン|貝永|베이온
Belleville,city,NJ,40.79371,-74.15014,36878,Second River
Bergenfield,city,NJ,40.9276,-73.99736,27621,Behrgenfild|Bergen Fields|Bergenfields|Bergenfild|brgnfyld  nywjrsy|Бергенфилд|Бэргенфилд|برگنفیلد، نیوجرسی
Berkeley Heights,city,NJ,40.68343,-74.44265,14179,Berkley Heights
Bloomfield,city,NJ,40.80677,-74.18542,49120,Wardsesson|Wassessing|Watsaping|Watsessing
Bound Brook,city,NJ,40.56844,-74.53849,10497,Baund Bruk|Baund-Bruk|Boundbreak|Boundbrook|Bridgewater|bwnd brwk  nywjrsy|Баунд Брук|Баунд-Брук|بوند بروک، نیوجرسی
Bradley Gardens,city,NJ,40.56288,-74.6546,14206,
Carteret,city,NJ,40.57733,-74.2282,24170,Kartereht|Karteret|Roosevelt|kartrt  nywjrsy|Картерет|Картерэт|کارترت، نیوجرسی
Cedar Grove,city,NJ,40.85177,-74.22903,12457,Cedarville
Clark,city,NJ,40.63,-74.31,14628,
Cliffside Park,city,NJ,40.82149,-73.98764,24857,Kliffsajd Park|Klifsajd Park|klyfsayd park  nywjrsy|Клифсајд Парк|Клиффсайд Парк|کلف سائیڈ پارک، نیو جرسی|کلیفساید پارک، نیوجرسی
Clifton,city,NJ,40.85843,-74.16376,86334,Klifton|Weasel|ke li fu dun|keullipeuteon|klyftwn  nywjrsy|kurifuton|Клифтон|کلفٹن، نیو جرسی|کلیفتون، نیوجرسی|クリフトン|克利夫頓|클리프턴
Colonia,city,NJ,40.57455,-74.30209,17795,Colonia Station|Houtenville
Colts Neck,city,NJ,40.28761,-74.17237,10142,Calls Neck|Coles Neck|Colt's Neck|Colts Neck Township|Coltsneck|Kolts NehkTaunship|Municipio de Colts Neck|kwlts nk  nywjrsy|Колтс НэкТауншип|کولتس نک، نیوجرسی
Cranford,city,NJ,40.65844,-74.29959,22627,Krehnford|Крэнфорд
Denville,city,NJ,40.89232,-74.47738,16669,Franklin
Dover,city,NJ,40.88399,-74.5621,18346,Beamans|Dovehr|Old Tye|dawr  nywjrsy|Довер|Довэр|داور، نیوجرسی
Dumont,city,NJ,40.94065,-73.99681,18001,Djumont|Schraalenburgh|Schralenburg|Strahlenburg|damwnt  nywjrsy|Думонт|Дюмонт|دامونت، نیوجرسی
East Brunswick,city,NJ,40.42788,-74.41598,48495,E Brunswick|East Brunswick CDP|East Brunswick Township|Ist Bransvik|Ist Bransvik Taunship|Municipio de East Brunswick|branzwyk shrqy  nywjrsy|mshrqy brnzwk ٹawn shp  nyw jrsy|Ист Брансвик|Ист Брансвик Тауншип|برانزویک شرقی، نیوجرسی|مشرقی برنزوک ٹاؤن شپ، نیو جرسی
East Hanover,city,NJ,40.8201,-74.36487,12194,
East Orange,city,NJ,40.76732,-74.20487,64949,Doddtown
Eatontown,city,NJ,40.29622,-74.05097,12301,Itontaun|aytwntawn  nywjrsy|Итонтаун|ایتونتاون، نیوجرسی
Edison,city,NJ,40.51872,-74.4121,102548,Edisun|Ehdison|Ehdison Taunship|Gmina Edison|Menlo Park|adyswn  nywjrsy|ai di sheng|edisana|ediseun|ejison|etican|Едисон|Едисън|Эдисон|Эдисон Тауншип|ادیسون، نیوجرسی|ایڈیسن، نیو جرسی|एडिसन|எடிசன்|エジソン|爱迪生|에디슨
Edgewater,city,NJ,40.82704,-73.97569,12034,Edzvoter|Ehdzhuateh|Undercliff|ajwatr  nywjrsy|Еџвотер|Эджуатэ|اجواتر، نیوجرسی|ایج واٹر، نیو جرسی
Elizabeth,city,NJ,40.66399,-74.2107,129007,Ehlizabeht|Ehlizabet|Elizabet|Elizabetas|Elizabeth Town|Elizabeth Towne|Elizabethtown|Elizabets Towne|alyzabt  nywjrsy|alyzabyth|ellijabeseu|erizabesu|yi li sha bai|Елизабет|Елізабет|Элизабет|Элизабэт|אליזבת|إليزابيث|الزبتھ، نیو جرسی|الیزابت، نیوجرسی|エリザベス|伊麗莎白|엘리자베스
Elmwood Park,city,NJ,40.90399,-74.11848,20279,Dundee Lake|East Paterson|Ehlmvud Park|Elmvud Park|almwwd park  nywjrsy|Елмвуд Парк|Элмвуд Парк|الموود پارک، نیوجرسی
Englewood,city,NJ,40.89288,-73.97264,28539,Ehnglvud|Englvud|Engulud|Inglvud|Liberty Pole|anghlwwd|anglwwd  nywjrsy|en ge er wu de|eng-geul-udeu|Енглвуд|Енгълуд|Инглвуд|Энглвуд|إنغلوود|انگلوود، نیوجرسی|恩格尔伍德|엥글우드
Ewing,city,NJ,40.26983,-74.79988,36559,
Fair Lawn,city,NJ,40.94038,-74.13181,33597,Fajeh Lon|Fer Lon|fayr lawn  nywjrsy|fyyr lan  nyw jrsy|Файэ Лон|Фер Лон|فایر لاون، نیوجرسی|فیئر لان، نیو جرسی
Fairview,city,NJ,40.8126,-73.99903,14451,Fajehvju|Fervju|fayrwyw  nywjrsy|Файэвю|Фервју|فایرویو، نیوجرسی|فیئرویو، برگن کاؤنٹی، نیو جرسی
Florham Park,city,NJ,40.78788,-74.38821,11835,Afton|Broomtown|Columbia|Floram Park|Florkham Park|flwrham park  nywjrsy|Флорам Парк|Флорхам Парк|فلورهام پارک، نیوجرسی
Fords,city,NJ,40.52927,-74.31598,15187,fwrdz|fwrdz  nywjrsy|Фордс|فوردز|فوردز، نیوجرسی
Fort Lee,city,NJ,40.85093,-73.97014,36672,Fort Li|Pickletown|fotori|fwrt ly  nywjrsy|poteuli|Форт Ли|فورت لی، نیوجرسی|فورٹ لی، نیو جرسی|フォートリー|포트리
Franklin Lakes,city,NJ,41.01676,-74.2057,10899,Campgaw|Franklin Lehjks|Franklin Lejks|franklyn lyks  nywjrsy|Франклин Лејкс|Франклин Лэйкс|فرانکلین لیکس، نیوجرسی
Franklin Park,city,NJ,40.43899,-74.53515,13295,
Freehold,city,NJ,40.26011,-74.27376,11959,Borough de Freehold|Freehold Borough|Frehold|Monmouth|Monmouth Court House|Monmouth Courthouse|fei li he zi zhi shi|菲力荷自治市
Garfield,city,NJ,40.88149,-74.1132,31802,East Passaic|Garfild|gapildeu|garfyld  nywjrsy|Гарфилд|گارفیلد، نیوجرسی|گارفیلڈ، نیو جرسی|가필드
Glen Rock,city,NJ,40.96288,-74.13292,11999,Glehn Rok|Glen Rok|Glen-Rok|gln rak  nywjrsy|Глен Рок|Глен-Рок|Глэн Рок|گلن راک، نیوجرسی
Guttenberg,city,NJ,40.79205,-74.00375,11665,Gatenberg|Gattehnberg|gwtnbrg  nywjrsy|Гатенберг|Гаттэнберг|گوتنبرگ، نیوجرسی|گوٹنبرگ، نیو جرسی
Hackensack,city,NJ,40.88593,-74.04347,44834,Hackensac|Hackinsack|Haginsack|Khakensak|Khakkensak|New Barbadoes|ha ken sa ke|haekeonsaeg|hakkensakku|hknsak  nywjrsy|Хакенсак|Хаккенсак|هکنساک، نیوجرسی|ہیکینسیک، نیو جرسی|ハッケンサック|哈肯萨克|해컨색
Hamilton Square,city,NJ,40.22733,-74.65321,12784,Crossroads in Nottingham Township|Gamil'ton-Skver|Khamilton Skver|Nottingham Square|Гамильтон-Сквер|Гамільтон-Сквер|Хамилтон Сквер|ハミルトン・スクエア
Hanover,city,NJ,40.80454,-74.36682,12898,
Harrison,city,NJ,40.74649,-74.15626,15474,East Neward|Garrison|Kharison|Kharrison|haeliseun|hryswn  nywjrsy|Гаррисон|Гаррісон|Харисон|Харрисон|هریسون، نیوجرسی|ہیریسن، نیو جرسی|해리슨
Hasbrouck Heights,city,NJ,40.85816,-74.0807,12227,Hasbrouck Hts.|Khasbrouk Khehjts|hsbrak hayts  nywjrsy|Хасброук Хэйтс|هسبراک هایتس، نیوجرسی
Hawthorne,city,NJ,40.94926,-74.15375,19074,Goffle|Hopperstown|Khosorn|Khotorn|North Paterson|Small Lots|hawthwrn|Хосорн|Хоторн|هاوثورن
Highland Park,city,NJ,40.49594,-74.42432,14347,Khajland Park|Khajlend Park|haillaendeupakeu|haylnd park  nywjrsy|Хайленд Парк|Хајланд Парк|هایلند پارک، نیوجرسی|하일랜드파크
Hillsborough,city,NJ,40.4776,-74.62682,38303,Hillsboro
Hillsdale,city,NJ,41.0026,-74.04042,10559,
Hillside,city,NJ,40.70121,-74.23015,22155,Lyons Farms
Hoboken,city,NJ,40.74399,-74.03236,53635,Hobocan|Hobokena|Hoebuck|Khoboken|Khobouken|Khouboukun|habwkn  nywjrsy|hobokeon|huo bo ken|hwbwqn|Хобокен|Хобоукен|Хоубоукън|הובוקן|هابوکن، نیوجرسی|ہوبوکین، نیو جرسی|ホーボーケン|霍博肯|호보컨
Hopatcong,city,NJ,40.93288,-74.65933,14510,Brookland|Brooklyn|Khopatkong|hapatkwng  nywjrsy|Хопатконг|هاپاتکونگ، نیوجرسی
Hopatcong Hills,city,NJ,40.94399,-74.67072,16267,
Irvington,city,NJ,40.73232,-74.23487,61323,Camptown
Iselin,city,NJ,40.57538,-74.32237,18695,Ajslin|Ajzelin|EWR|ZME|ai si lin|ayslyn  nywjrsy|ayzyln|izerin|Айзелин|Айзелін|Айслин|آیسلین، نیوجرسی|إيزيلن|イゼリン|艾斯林
Jersey City,city,NJ,40.72816,-74.07764,264290,Arissheck|Dinas Jersey|Dzersi Siti|Dzersi Sitis|Dzersisitija|Dzerzi Siti|Dzhehrsi-Sici|Dzhersej Siti|Dzhersi-Siti|Dzhursi Siti|Džersi Sitis|Džērsisitija|Hudson|JEC|Jersey Ceety|Paulus Hook|Paulus's Hook|Powles Hook|Thanh pho Jersey|Thành phố Jersey|grzy syty|jajishiti|jarsi siti|jeojisiti|jrzy syty|jyrsy syty|ze xi shi|Џерзи Сити|Џерси Сити|Джерсей Сити|Джерси-Сити|Джерсі-Сіті|Джърси Сити|Джэрсі-Сіці|Ջերսի Սիթի|גרזי סיטי|جرزی سیتی|جرسی شہر، نیو جرسی|جيرسي سيتي|जर्सी सिटी|ジャージーシティ|泽西市|저지시티
Kearny,city,NJ,40.76843,-74.14542,42137,Barbadoes Neck|Karni|Kearney|Kerni|Kirni|kani|karny  nywjrsy|Карни|Керни|Кирни|کارنی، نیوجرسی|カーニー
Kinnelon,city,NJ,41.00176,-74.3671,10392,Kinelon|Kinnehlon|Smoke Rise|kynlwn  nywjrsy|Кинелон|Киннэлон|کینلون، نیوجرسی
Lakewood,city,NJ,40.09789,-74.21764,53805,Bergen Works|Bricksburg|Lakewood Township|Lehjkvud|Lejkvud|Municipio de Lakewood|Washington Furnace|lykwwd  nywjrsy|lyyqwwd|reikuuddo|Лейквуд|Лејквуд|Лэйквуд|לייקוואוד|לייקווד|لیک ووڈ ٹاؤنشپ، نیو جرسی|لیکوود، نیوجرسی|レイクウッド
Lincoln Park,city,NJ,40.92427,-74.30209,10405,Linkol'n Park|Linkoln Park|lynkln park  nywjrsy|Линколн Парк|Линкольн Парк|لینکلن پارک، نیوجرسی
Linden,city,NJ,40.62205,-74.24459,42021,LDJ|Wheatsheaf|lyndn|lyndn  nywjrsy|rinden|Линден|ليندن|لیندن، نیوجرسی|リンデン
Little Falls,city,NJ,40.86899,-74.2082,10688,Littlefalls
Little Ferry,city,NJ,40.85288,-74.04208,10963,Litl Feri|Littl Ferri|lytl fry  nywjrsy|Литл Фери|Литтл Ферри|لیتل فری، نیوجرسی
Livingston,city,NJ,40.79593,-74.31487,27853,Centerville|Cheapside|Ливингстон
Lodi,city,NJ,40.88232,-74.0832,24835,Lodaj|lady  nywjrsy|Лодај|Лоди|لادی، نیوجرسی|لوڈی، نیو جرسی
Long Branch,city,NJ,40.30428,-73.99236,30941,Longbranch|lang brnch  nywjrsy|ronguburanchi|Лонг Бранч|لانگ برنچ، نیوجرسی|ロングブランチ
Lyndhurst,city,NJ,40.81204,-74.12431,19996,New Barbadoes
Madison,city,NJ,40.75982,-74.4171,16126,Battle Hill|Bottle Hill|Medison|Mehdison|South Hanover|mdyswn  nywjrsy|Мадисон|Медисон|Медісон|Мэдисон|مدیسون، نیوجرسی|میڈیسون، نیو جرسی
Mahwah,city,NJ,41.08871,-74.14376,24062,Makhvakh|Oweno|mava|mawa  nywjrsy|Махвах|مأوا، نیوجرسی|மாவா
Manville,city,NJ,40.54094,-74.58766,10429,Hillsboro|JVI|Manvil|Mehnvill|mnwyl  nywjrsy|Манвил|Мэнвилл|منویل، نیوجرسی
Maplewood,city,NJ,40.73121,-74.27348,25008,Jefferson|Middleville
Marlboro,city,NJ,40.31539,-74.24626,40191,Marlborough
Martinsville,city,NJ,40.60121,-74.55905,11980,Martinville
Mercerville,city,NJ,40.23705,-74.68655,13230,Five Roads|Merservil|Merservill|Sandtown|mrsrwyl|mrsrwyl  nywjrsy|Мерсервил|Мерсервилл|Мерсервілл|مرسرویل|مرسرویل، نیوجرسی
Metuchen,city,NJ,40.54316,-74.3632,13886,Matochshoning|Matouchin|Metachehn|Metachen|Mitachen|mtwchn  nywjrsy|Метачен|Метачэн|Митачен|متوچن، نیوجرسی
Middlesex,city,NJ,40.5726,-74.49265,13934,Lincoln|Midlsehks|Midlseks|mydlsks  nywjrsy|Мидлсекс|Мидлсэкс|میدلسکس، نیوجرسی
Middletown,city,NJ,40.39428,-74.11709,65490,Middleton|Middletown Township|Middletowne|Municipio de Middletown|midorutaun|mydltawn  nywjrsy|مڈل ٹاؤن ٹاؤن شپ، نیو جرسی|میدلتاون، نیوجرسی|ミドルタウン
Montclair,city,NJ,40.82593,-74.20903,39701,Cranetown|Mont Clair|Speertown|West Bloomfield
Morristown,city,NJ,40.79677,-74.48154,18594,MMU|Morris Town|Morristaun|Morstaun|New Hanover|West Hanover|mo li si dui|moliseutaun|morisutaun|mwrs ٹawn  nyw jrsy|mwrys‌tawn  nywjrsy|Морристаун|Морстаун|מוריסטאון|مورس ٹاؤن، نیو جرسی|موریس‌تاون، نیوجرسی|モリスタウン|莫里斯敦|모리스타운
New Brunswick,city,NJ,40.48622,-74.45182,57035,Brunswick|Inian|Inians Ferry|Middlesex|N'ju Bransvik|N'ju-Bransuik|N'ju-Bransvik|Nju Bransvik|Nju Brunzuik|Nuevo Brunswick|The River|nyubeuleonjeuwig|nyuburanzuuikku|nyw branzwyk  nywjrsy|nyw brnzwk  nyw jrsy|nyw brwnzwyk|xin bu lang si wei ke|Њу Брансвик|Нью Брансвик|Нью-Брансвік|Нью-Брансуик|Ню Брънзуик|نيو برونزويك|نیو برانزویک، نیوجرسی|نیو برنزوک، نیو جرسی|ニューブランズウィック|新布朗斯维克|뉴브런즈윅
New Milford,city,NJ,40.9351,-74.01903,16801,N'ju Milford|Nju Milford|Novye Milford|nyw mylfwrd  nywjrsy|Њу Милфорд|Новые Милфорд|Нью Милфорд|نیو میلفورد، نیوجرسی
New Providence,city,NJ,40.69843,-74.40154,12469,N'ju Providens|N'ju-Providens|Nju Providens|Turkey|nyw prawydns  nywjrsy|Њу Провиденс|Нью Провиденс|Нью-Провиденс|نیو پراویدنس، نیوجرسی
Newark,city,NJ,40.73566,-74.17237,281944,EWR|Milford|N'juark|New Worke|Nieworke|Niouark|Niuarkas|Njuark|Novarcum|Nuarka|Nyuark|Youngs Point|n'yu'arka|n'yurka|nevark|niu hua ke|nuvark|nwrk|nyuaku|nyueokeu|nywark|nywark  nyw jrsy|nywark  nywjrsy|Ņuarka|Νιούαρκ|Њуарк|Ньюарк|Нюарк|Նյուարկ|נוארק|ניוארק|نيوآرك|نیوآرک، نیو جرسی|نیوآرک، نیوجرسی|न्यूअर्क|न्यूर्क|நுவார்க்|నెవార్క్|นวร์ก|ნიუარკი|ニューアーク|紐華克|뉴어크
North Arlington,city,NJ,40.78843,-74.1332,15904,Nors Arlington|Nort Arlington|arlyngtwn shmaly  nywjrsy|Норс Арлингтон|Норт Арлингтон|آرلینگتون شمالی، نیوجرسی
North Bergen,city,NJ,40.80427,-74.01208,63484,bei bo gen|brgn shmaly  nywjrsy|برگن شمالی، نیوجرسی|北伯根
North Plainfield,city,NJ,40.6301,-74.42737,22140,Nors Plehjnfild|Nort Plejnfild|plynfyld shmaly  nywjrsy|Норс Плэйнфилд|Норт Плејнфилд|پلینفیلد شمالی، نیوجرسی
Nutley,city,NJ,40.82232,-74.15987,27572,Franklintown|Franklinville|Spring Garden
Oakland,city,NJ,41.01315,-74.26431,13165,Oklend|Oukland|Yaughpaugh|Yawpaw|awklnd  nywjrsy|Оакланд|Окленд|Оукланд|اوکلند، نیوجرسی
Old Bridge,city,NJ,40.41483,-74.36543,23753,Oldbridge
Orange,city,NJ,40.77066,-74.23265,34457,
Palisades Park,city,NJ,40.84816,-73.99764,20743,Palisade Park|Palisehjds Park|Palisejds Park|paelliseijeupakeu|palysadys park  nyw jrsy|palysydz park  nywjrsy|Палисејдс Парк|Палисэйдс Парк|پالیسادیس پارک، نیو جرسی|پالیسیدز پارک، نیوجرسی|팰리세이즈파크
Paramus,city,NJ,40.94454,-74.07542,26974,Parames|Pyramus|paramasu|paramws  nywjrsy|prmws|Парамус|פרמוס|پاراموس، نیوجرسی|パラマス
Parsippany,city,NJ,40.85788,-74.42599,51144,Parcipany|Parcipponog|Parsippani|Percipany|Percipeny|Парсиппани
Passaic,city,NJ,40.85677,-74.12848,71085,Acquackanonk|Acquackanonk Bridge|Acquackanonk Landing|Aqueyquinunke|Haquequenunck|Pasejik Siti|Passaik|ba sai ke|pasayyk  nywjrsy|paseiku|peoseiig|pysayk  nyw jrsy|Пасејик Сити|Пассаик|פאסעיק|پاسائیک، نیوجرسی|پیسایک، نیو جرسی|パセーイク|巴賽克|퍼세이익
Paterson,city,NJ,40.91677,-74.17181,147754,Great Falls|Manchester|New Manchester|Patehrson|Patersun|Totowa|batrswn|pa te sen|paeteoseun|patason|ptrswn|ptrswn  nywjrsy|Патерсон|Патерсън|Патэрсон|פטרסון|باترسون|پترسون، نیوجرسی|پیٹرسن، نیو جرسی|แพเทอร์สัน|パターソン|帕特森|패터슨
Perth Amboy,city,NJ,40.50677,-74.26542,52682,Ambo Point|Amboy|Amboy Perth|New Perth|New Point|Pehrs Ehmboj|Pert Amboj|Perth|Perth Town|Purt Amboj|pasuanboi|peoseuaemboi|prth ambwy  nywjrsy|Перт Амбој|Пърт Амбой|Пэрс Эмбой|پرتھ امبوی، نیو جرسی|پرث امبوی، نیوجرسی|パースアンボイ|퍼스앰보이
Phillipsburg,city,NJ,40.69371,-75.19018,14515,Chintewick|Lopatcong Village|Philipsburg|Phillipsburgh
Piscataway,city,NJ,40.49927,-74.39904,56044,New Market|Piscattaway
Plainfield,city,NJ,40.63371,-74.40737,51217,Plehjnfild|Plejnfild|peulleinpildeu|plynfyld  nywjrsy|pureinfirudo|Плейнфилд|Плейнфілд|Плејнфилд|Плэйнфилд|پلینفیلد، نیوجرسی|プレインフィールド|플레인필드
Point Pleasant,city,NJ,40.08317,-74.06819,18523,Pojnt Plezant|Pojnt Plezunt|pointeupeullejeonteu|pwynt plznt  nywjrsy|Пойнт Плезънт|Појнт Плезант|پوینت پلزنت، نیوجرسی|포인트플레전트
Pompton Lakes,city,NJ,41.00538,-74.2907,11202,Pompton Lehjks|Pompton Lejks|pamptwn lyks  nywjrsy|Помптон Лејкс|Помптон Лэйкс|پامپتون لیکس، نیوجرسی
Princeton,city,NJ,40.34872,-74.65905,29603,PCT|Prince Town|Princes Town|Princetonia|Princetown|Prinston|Prinstona|Prinstun|Stony Brook|brynstwn|peulinseuteon|prinstana|prynstwn|prynstwn  nywjrsy|pu lin si dun|purinsuton|Принстон|Принстън|Փրինսթոն|פרינסטון|برينستون|پرنسٹن، نیو جرسی|پرینستون، نیوجرسی|प्रिन्स्टन|प्रिन्‍सटन|პრინსტონი|プリンストン|普林斯顿|프린스턴
Princeton Meadows,city,NJ,40.33177,-74.56377,13834,Prinston Medous|Prinston Midous|Prinston-Medous|brnstwn mydwz|brnstyn mydwz|prynstn mydwz|prynstn mydwz  nywjrsy|Принстон Медоус|Принстон Мидоус|Принстон-Медоус|برنستون ميدوز|برنستين ميدوز|پرینستن میدوز|پرینستن میدوز، نیوجرسی
Rahway,city,NJ,40.60816,-74.27765,29508,Bridgetown|Leesville|Nawakwa|Rahwack|Rakhvzj|Raway|Rjawau. Spanktown|Rovej|Spanktown|rawy  nywjrsy|Рахвзй|Ровеј|راوی، نیوجرسی
Ramsey,city,NJ,41.05732,-74.14098,15102,Ramsehj|Ramseys|Ramseys Station|Rehmsi|Remzi|ramsy  nywjrsy|Рамсэй|Ремзи|Рэмси|رامسی، نیوجرسی
Red Bank,city,NJ,40.34705,-74.06431,12204,Redbank|Rehd Bank|rd bnk  nywjrsy|Ред Банк|Рэд Банк|رد بنک، نیوجرسی
Ridgefield,city,NJ,40.83427,-74.00875,11373,English Neighbourhood|Ridzfild|Ridzhfild|ryjfyld  nywjrsy|Риджфилд|Риџфилд|ریجفیلد، نیوجرسی
Ridgefield Park,city,NJ,40.85704,-74.02153,13102,Ridzfild Park|Ridzhfild Park|ryjfyld park  nywjrsy|Риджфилд Парк|Риџфилд Парк|ریجفیلد پارک، نیوجرسی
Ridgewood,city,NJ,40.97926,-74.11653,25621,Ridzhvud|Ridzvud|ryjwwd  nywjrsy|Риджвуд|Риџвуд|ریجوود، نیوجرسی
Ringwood,city,NJ,41.11343,-74.24543,12448,Ringvud|Ringwood Manor|ryngwwd  nywjrsy|Рингвуд|رینگوود، نیوجرسی
River Edge,city,NJ,40.92871,-74.03986,11668,Riveh Ehdzh|River Edz|Riveredge|Riveredzh|Riverehdzh|Riverside|rywr aj  nywjrsy|Ривер Еџ|Риверэдж|Ривэ Эдж|Рівередж|ریور اج، نیوجرسی
Robertsville,city,NJ,40.34622,-74.28792,11297,Robertsvil|Robertsvill|rabrtswyl|rabrtswyl  nywjrsy|Робертсвил|Робертсвилл|Робертсвілл|رابرتسویل|رابرتسویل، نیوجرسی
Roselle,city,NJ,40.65223,-74.25882,21670,Rosehll|Rozel|rasl  nywjrsy|Розел|Росэлл|راسل، نیوجرسی
Roselle Park,city,NJ,40.66455,-74.26431,13670,Rosehll Park|Rozel Park|rwzl park  nywjrsy|rwzyl park  nyw jrsy|Розел Парк|Росэлл Парк|روزل پارک، نیوجرسی|روزیل پارک، نیو جرسی
Rutherford,city,NJ,40.82649,-74.10681,18690,Boiling Springs|Raderford|Razehford|radrfwrd  nywjrsy|Радерфорд|Разэфорд|رادرفورد، نیوجرسی
Saddle Brook,city,NJ,40.89899,-74.09264,13130,Saddle River|Saddlebrook
Sayreville,city,NJ,40.45927,-74.36098,44920,Roundabout|Sehjrvill|Sejrvil|Wood's Landing|syrwyl  nywjrsy|Сејрвил|Сэйрвилл|سیرویل، نیوجرسی
Sayreville Junction,city,NJ,40.46538,-74.33043,42890,
Scotch Plains,city,NJ,40.65538,-74.38987,23584,Scotchplains|Scotsplain|Wahackick
Secaucus,city,NJ,40.78955,-74.05653,19104,Sehkaukas|Sikokus|sykwks  nywjrsy|Сикокус|Сэкаукас|سیکوکس، نیوجرسی
Short Hills,city,NJ,40.74788,-74.32543,13165,Short Khils|Short-Gills|Short-Khils|shotohiruzu|shwrt hylz|shwrt hylz  nywjrsy|swrt hyls|xiao te shan|Шорт Хилс|Шорт-Гиллс|Шорт-Гіллс|Шорт-Хилс|שורט הילס|شورت هیلز|شورت هیلز، نیوجرسی|ショートヒルズ|肖特山
Somerset,city,NJ,40.4976,-74.48849,22083,Samerset|Somerseht|Somerset (New Jersey)|sa mo sai te|sam me xr set|somerusetto|Самерсет|Сомерсет|Сомерсэт|ซัมเมอร์เซ็ต|ソメルセット|萨默塞特
Somerville,city,NJ,40.57427,-74.60988,12202,Raritan|Samervil|Somersvill|sang mo wei er|swmrwyl  nywjrsy|Самервил|Сомерсвилл|سومرویل، نیوجرسی|桑莫維爾
South Old Bridge,city,NJ,40.40816,-74.35432,23233,
South Orange,city,NJ,40.74899,-74.26126,17295,Orange Dale
South Plainfield,city,NJ,40.57927,-74.41154,24290,New Brooklyn|Samptown|Saut Plejnfild|Sous Plehjnfild|plynfyld jnwby  nywjrsy|Саут Плејнфилд|Соус Плэйнфилд|پلینفیلد جنوبی، نیوجرسی
South River,city,NJ,40.44649,-74.38598,16399,Saut River|Saut-River|Saut-Ryver|Sous Riveh|Washington|rywr jnwby  nywjrsy|Саут Ривер|Саут-Ривер|Саўт-Рывер|Соус Ривэ|ریور جنوبی، نیوجرسی
Sparta,city,NJ,41.03343,-74.63849,19722,
Springfield,city,NJ,40.70491,-74.31723,14429,Springfild|Спрингфилд
Summit,city,NJ,40.71562,-74.36468,22074,Samit|Sammit|samyt  nywjrsy|seomis|Самит|Саммит|سامیت، نیوجرسی|서밋
Teaneck,city,NJ,40.8976,-74.01597,40078,
Tenafly,city,NJ,40.92538,-73.96292,14880,Tenaflaj|Tienevlie|Tienevly|teneopeullai|tnafly  nywjrsy|Тенафлай|Тенафлај|تنافلی، نیوجرسی|테너플라이
Tinton Falls,city,NJ,40.30428,-74.10042,17772,New Shrewsbury|Tintern Falls|Tinton|Tinton Fals|Tinton Fols|Tintonfalls|tyntwn falz  nywjrsy|Тинтон Фалс|Тинтон Фолс|تینتون فالز، نیوجرسی
Totowa,city,NJ,40.9051,-74.20987,10973,Totawa|Totova|twtwwa  nywjrsy|Тотова|توتووا، نیوجرسی
Trenton,city,NJ,40.21705,-74.74294,89620,Chambersburg|Lamberton|Mill Hill|Santhickan|TTN|The Falls|Trehntan|Trehnton|Trent Town|Trent's Town|Trentona|Trentonas|Trentonia|Trents Town|Trentun|itrentan|te lun dun|teulenteon|torenton|trentana|trntwn|Τρέντον|Трентон|Трентън|Трэнтан|Трэнтон|Թրենթոն|טרנטון|ترنتون|ٹرنٹن، نیو جرسی|ٹرینٹن|ट्रेंटन|ट्रेन्टन|त्रेन्तन|இட்ரென்டன்|トレントン|特伦顿|트렌턴
Union,city,NJ,40.6976,-74.2632,56771,Connecticut Farms
Union City,city,NJ,40.77955,-74.02375,69156,ECC|East Cost Cities|Junion Siti|Junion-Siti|awnywn syty  nywjrsy|you lian shi|yunieonsiti|yunionshiti|ywnywn syty|Јунион Сити|Юнион Сити|Юнион-Сити|Юніон-Сіті|יוניון סיטי|اونیون سیتی، نیوجرسی|يونيون سيتي|یونین شہر، نیو جرسی|ユニオンシティ|友聯市|유니언시티
Upper Montclair,city,NJ,40.84621,-74.20126,11565,Aper Montkler|Apper-Montkler|Upper Mont Clair|appamontokurea|Апер Монтклер|Аппер-Монтклер|آپر مونت‌کلیر|آپر مونت‌کلیر، نیوجرسی|アッパーモントクレア
Verona,city,NJ,40.82982,-74.24015,13545,Buttertown|Vernon
Waldwick,city,NJ,41.01065,-74.11792,10095,New Prospect|Voldvik|waldwyk  nywjrsy|Волдвик|والدویک، نیوجرسی
Wallington,city,NJ,40.85316,-74.11375,11716,Vallington|Volington|walyngtwn  nywjrsy|Валлингтон|Волингтон|والینگتون، نیوجرسی|ویلنگٹں، نیو جرسی
Wanaque,city,NJ,41.03815,-74.29404,11848,Vanakju|Vonakju|Whinokie|wanak  nywjrsy|Ванакю|Вонакју|واناک، نیوجرسی
Wayne,city,NJ,40.92538,-74.27654,57915,
Weehawken,city,NJ,40.76955,-74.02042,14104,Uikhoken|Vigoken|Weahawk|Wiehachen|uihoken|vikovken|wei huo ken|wwyhwqn|wyhawkn  nyw jrsy|wyhawkn  nywjrsy|Вігокен|Уихокен|וויהוקן|ویهاوکن، نیو جرسی|ویهاوکن، نیوجرسی|வீகோவ்கென்|ウィーホーケン|威活肯|威霍肯
West Freehold,city,NJ,40.24206,-74.30126,13613,
West Milford,city,NJ,41.13121,-74.36737,26968,
West New York,city,NJ,40.78788,-74.01431,53366,Vehst N'ju Jork|Vest NJujork|mghrby nyw yark  nyw jrsy|nyw ywrk ghrby  nywjrsy|weseuteunyuyog|Вест Њујорк|Вэст Нью Йорк|مغربی نیو یارک، نیو جرسی|نیو یورک غربی، نیوجرسی|웨스트뉴욕
West Orange,city,NJ,40.79871,-74.23904,48131,Freemantown|McLellan|Williamstown
Woodland Park,city,NJ,40.88982,-74.19487,12518,West Paterson
Westfield,city,NJ,40.65899,-74.34737,30548,Uehstfild|Vehstfild|Vestfild|weseuteupildeu|wstfyld  nywjrsy|Вестфилд|Вэстфилд|Уэстфилд|وستفیلد، نیوجرسی|ویسٹ فیلڈ، نیو جرسی|웨스트필드
Westwood,city,NJ,40.99121,-74.03264,11247,Vehstvud|Vestvud|wstwwd  nywjrsy|Вествуд|Вэствуд|وستوود، نیوجرسی|ویسٹووڈ، نیو جرسی
Willingboro,city,NJ,40.02789,-74.86905,31668,Levittown
Woodbridge,city,NJ,40.5576,-74.28459,19265,Vudbridzh|Woodbridg|Woodbrige|lao qiao zhenCDP|wdbrydgh|wdbrydj|wwdbryj|wwdbryj   nywjrsy|Вудбридж|Вудбрідж|ودبريدج|ودبريدغ|وودبریج|وودبریج ، نیوجرسی|老橋鎮CDP
Wyckoff,city,NJ,41.00954,-74.17292,17124,Wikoff
Albany,city,NY,42.65258,-73.75623,101228,ALB|Albania|Albanija|Albany i New York|Albany on Niwum Eoforwice|Albany on Nīwum Eoforwīce|Aurania|Beverswyck|Beverwick|Beverwyck|Ches-co-don-ta|Fort Orange|Fuyck|Ga-isch-ti-nic|Gaasch-tinick|Gaishtinic|Kaishtinic|New Orange|Olbani|Olbanis|Olmpani|Pem-pot-a-wut-hut|Pempotuwuthut|Rensselaerwyck|Scheneghtada|Shaw-na-taw-ty|Ska-neh-ta-de|Skaghnetade|Skaneghtada|Skenectadea|William Stadt|Williamstadt|albani|albany  nyw yark|albany  nywywrk|albny|alpeni|ao er ba ni|elbani|ke ba li|olbeoni|orubani|xxlbani|Όλμπανι|Албания|Олбани|Олбані|Օլբանի|אולבני|אלבאני|آلبانی، نیویورک|ألباني|ئالبانی، نیویۆرک|البانی، نیو یارک|البنی|अल्बानी|आल्बनी|एल्बानी|ஆல்பெனி|ออลบานี|ალბანი|オールバニ|奥尔巴尼|柯巴利|올버니
Amherst,city,NY,42.97839,-78.79976,122366,Amkherst|amhrst  nywywrk|amuhasuto|Амхерст|امهرست، نیویورک|アムハースト
Amsterdam,city,NY,42.93869,-74.18819,18008,Amsterdam (New York  USA)|Vedder's Mills|Veddersburg|Veedersburgh|a mu si te dan|aemseuteodaem|amstrdam|amstrdam  nywywrk|amusuterudamu|Амстердам|אמסטערדאם|آمستردام، نیویورک|أمستردام|ایمسٹرڈیم، نیو یارک|ایمسٹرڈیم،نیویارک|アムステルダム|阿姆斯特丹|앰스터댐
Arrochar,city,NY,40.59844,-74.07264,13010,
Arverne,city,NY,40.59122,-73.79597,14120,
Astoria,city,NY,40.77205,-73.93014,150165,Astorija|Hallett's Cove|aeseutolia|astwrya|Αστόρια|Астория|آستوریا|অ্যাস্টোরিয়া|애스토리아
Auburn,city,NY,42.93173,-76.56605,26985,Hardenbergh's Corners|Obern|Oburn|Os-co|Was-co|abrn|abrn  nyw yark|abwrn  nywywrk|ao ben|awbwrn|oban|obeon|Аубурн|Оберн|Обърн|آبرن|آبرن، نیو یارک|آبورن، نیویورک|أوبورن|オーバーン|奧本|오번
Babylon,city,NY,40.69566,-73.32568,12161,Babilon|New Babylon|South Huntington|Бабилон
Baldwin,city,NY,40.65649,-73.6093,24033,Baldwins|Baldwinville|Bethel|Bolduin|Fox Borough|Hick's Neck|Milburn Corners|baldwyn|Болдуин|بالدوين|بالڈون، ناساؤ کاؤنٹی، نیو یارک
Batavia,city,NY,42.99812,-78.18752,15010,Batavija|Batejvija|Botovijoo|De-o-on-go-wa|Ge-ne-un-dah-sa-is-ka|Jo-a-i-ka|The Bend|batabia|batafya|batawya  nywywrk|Батавия|Батејвија|Ботовиёо|باتافيا|باتاویا، نیویورک|バタビア
Bath Beach,city,NY,40.60455,-74.00431,33080,
Bay Shore,city,NY,40.7251,-73.24539,26337,Bayshore|Bej Shor|Bej-Shor|Keith|Mechanicville|Penataquit|bay shwr|bei xiao|bei-shori|by shwr|by shwr  nywywrk|byy swr|kan ka ji|Бей Шор|Бей-Шор|Беј Шор|ביי שור|باى شور|باي شور|بی شور|بی شور، نیویورک|ბეი-შორი|ベイ・ショア|坎卡基|貝肖|贝肖
Baychester,city,NY,40.86928,-73.83645,16274,Bay Chester
Bayside,city,NY,40.76844,-73.77708,66455,Bay Side|bei sai|bei sai de|beisaido|byysyyd|בייסייד|بی‌ساید|بے سائڈ، کوئینز|ベイサイド|貝賽|貝賽德
Beacon,city,NY,41.50482,-73.96958,14347,Beason|Beikon Neas Yorkis|Biakun|Biken|Bikon|Fishkill|Mattewan|bi ken|bikon|bykwn|bykwn  nywywrk|byqwn|Μπέικον Νέας Υόρκης|Биакун|Бикен|Бикон|Бікен|Բեքոն|ביקון|بيكون|بیکون، نیویورک|ബീക്കൺ|ビーコン|比肯
Bellmore,city,NY,40.66871,-73.52707,16218,Belmor|New Bridge|bei mo er|berumoa|blmwr|Белмор|בלמור|ベルモア|貝摩爾
Bensonhurst,city,NY,40.60177,-73.99403,60000,Benson'cherst|Bensongerst|Bensonhurst-By-The-Sea|Bensonkherst|Bensonkhjorst|ben sen she qu/bu lu ke lin xiao xiang gang-guang dong di yi|ben sen she qun|bensonhasuto de qu|bin chen xu|bnswnhrst|Μπένσονχερστ|Бенсонгерст|Бенсонхерст|Бенсонхёрст|בנסונהרסט|בענסנהוירסט|ベンソンハースト地区|宾臣墟|本森社区/布鲁克林小香港－廣東第一|本森社群
Bergen Beach,city,NY,40.62038,-73.9068,13596,
Bethpage,city,NY,40.74427,-73.48207,16429,BPA|Betpejdz|Central Park|beseupeiji|Бетпејџ|베스페이지
Binghamton,city,NY,42.09869,-75.91797,46032,BGM|Bingamton|Bingamtonas|Bingemton|Binghamton i New York|Bingkhamtun|Bingnamton|Chenango Point|bin han dun|bing-eomteon|bingamuton|bynghamtwn|bynghmtwn|bynghmtwn  nywywrk|Бингамтон|Бингемтон|Бингхамтън|Бингњамтон|Бінгемтон|בינגהמטון|بينغامتون|بینگهمتون، نیویورک|بینگہمٹن، نیو یارک|ビンガムトン|賓漢頓|賓罕頓|빙엄턴
Bohemia,city,NY,40.76926,-73.11511,10180,Bogemija|Bokhimija|bo xi mi ya|bwhymya|bwhymya  nywywrk|Богемия|Богемія|Бохимија|بوهيميا|بوهیمیا|بوهیمیا، نیویورک|波希米亚|波希米亞
Borough Park,city,NY,40.63399,-73.99681,149248,Blythebourne|Boro-Park|zi zhi shi gong yuan|Боро-Парк|בארא פארק|בורו פארק|バラ・パーク|自治市公園
Brentwood,city,NY,40.78121,-73.24623,60664,Brentud|Brentvud|brntwwd|brntwwd  nywywrk|bryntwwd|Брентвуд|Брентуд|برنتوود|برنتوود، نیویورک|برينتوود|برینٹووڈ، نیو یارک|ウェスト・ブレントウッド
Brighton,city,NY,43.14756,-77.55055,36609,Brajton|Брайтон|برائٹن، مونرو کاؤنٹی، نیو یارک
Brighton Beach,city,NY,40.57788,-73.95958,31462,Duck Hill
The Bronx,city,NY,40.84985,-73.86641,1385108,Borough of Bronx|Bronks|Bronkso|Bronx|Бронкс
Brooklyn,city,NY,40.6501,-73.94958,2736074,BK|Bklyn|Borough of Brooklyn|Breuckelen|Breukelen|Broklino|Brucclinu|Bruklin|Bruklina|Bruklinas|Comitatus Bruclinum|Kings County|Marechkawick|beulukeullin|bru klin|brukalina|brwklyn|brwqlyn|bu lu ke lin qu|burukkurin qu|kinsa ka'unti|Бруклин|Бруклін|ברוקלין|بروكلين|بروکلین|ब्रुकलीन|ब्रूकलिन|কিংস কাউন্টি|ব্রুকলিন|บรุกลิน|ბრუკლინი|ブルックリン区|布鲁克林区|브루클린
Brooklyn Heights,city,NY,40.69538,-73.99375,20256,Brookland Heights|Brooklyn Village|bu lu ke lin gao de|布鲁克林高地
Brownsville,city,NY,40.66094,-73.92014,74497,Braounsvil|Braunsvil|Braunsvill|Brown's Village|brawnzfyl   brwklyn|brwynzwwyl|bu lang si wei er|buraunzuvuiru|Μπράουνσβιλ|Браунсвил|Браунсвилл|Браунсвіл|בראונסוויל|ברוינזוויל|براونزفيل ، بروكلين|ブラウンズヴィル|布朗斯維爾
Buffalo,city,NY,42.88645,-78.87837,258071,BUF|Bafalas|Bafalo|Baffalo|Bufala|Bufalo|Bufalum|Buffalo i New York|Bupalo|Búfalo|De-o-tro-weh|De-ose-lole|Ne-o-thro-ra|New Amsterdam|Tick-e-ack-gou-ga|Tsistekeriia'kon:ke|Tsistekeriia'kón:ke|bafelo|baffalo|baffaro|baphalo|baphelo|beopeollo|bfylw  nyw yark|bupalo|bwfalw|bwfalw  nywywrk|bwfylw|pahpalo|shui niu cheng|Μπάφαλο|Бафало|Баффало|Буфала|Буфало|Буффало|Бъфало|Բուֆֆալո|באפאלא|באפלו|بفیلو، نیو یارک|بوفالو|بوفالو، نیویورک|بوفیلو|बफ़ेलो|बफेलो|பஃபலோ|బఫెలో|ಬಫಲೋ|บัฟฟาโล|ბუფალო|バッファロー|水牛城|버펄로
Bushwick,city,NY,40.69427,-73.91875,112620,Boswijck|Bushuik|Bushwyck|bswwyq|bu xi wei ke|busshuuikku|bwshwk  brwklyn|bwswwyq|Бушуик|בושוויק|בשוויק|بوشوک، بروکلین|ブッシュウィック|布希維克
Cambria Heights,city,NY,40.69455,-73.73847,20287,han wu ji gao de|qmbryh hyyts|קמבריה הייטס|کیمبریا ہائیٹس، کوئینز|カンブリア・ハイツ|寒武紀高地
Canandaigua,city,NY,42.87423,-77.28804,10431,Ga-noon-daa-gwah|Kanandejgva|Konondiagou|kaeneondaigwa|kanandeigua|kanandy gwa  nywywrk|kanandyajw|Канандејгва|Конондиагоу|كاناندياجو|کاناندی گوا، نیویورک|カナンデイグア|캐넌다이과
Canarsie,city,NY,40.64372,-73.90069,87366,
Centereach,city,NY,40.85843,-73.09955,31578,New Village
Central Islip,city,NY,40.79065,-73.20178,34450,Sentral Ajslip|Sentral-Ajslip|sntral ayslb|syntral aslyb|zhong ai si li pu|Сентрал Ајслип|Сентрал-Айслип|Сентрал-Айсліп|سنترال آيسلب|سنترال آی‌اسلیپ|سنترال آی‌اسلیپ، نیویورک|سينترال اسليب|セントラル・アイスリップ|中艾斯利普
Cheektowaga,city,NY,42.90339,-78.75475,75178,Cheektowaga Station|Cheektowaga Village|Jiik-do-waah-geh
Chinatown,city,NY,40.71649,-73.99625,90000,Chajna-taun|chainataun|man ha dun hua bu|zyynhtʼwn|Чайна-таун|טשיינעטאון|ציינהטאון|チャイナタウン|曼哈頓華埠|차이나타운
Cicero,city,NY,43.17562,-76.11937,31632,Cicero Corners|sysyrw|سيسيرو
Clay,city,NY,43.1859,-76.17243,58206,West Cicero
Clifton Park,city,NY,42.86563,-73.77095,36705,Chou-en-da-ho-wa|Cliftonpark|Shanandhoi|Shanandhot|Shenondehowa|Stevens Corners|klyftwn bark|كليفتون بارك
Cohoes,city,NY,42.77424,-73.70012,16538,Cokhoes|Ga-ha-oos|Kogoz|Kokhos|ke huo si|kohoseu|kohozu|kwhs  nywywrk|kwhws|Когоз|Кохос|Куҳус|Цохоес|كوهوس|کوهس، نیویورک|کوہوس، نیو یارک|コーホーズ|科霍斯|코호스
College Point,city,NY,40.7876,-73.84597,27307,Collegepoint|Strattonport Point|Strattonsport|kalj pwynt|kalj pwynt  kwyynz|xue yuan jiao|کالج پوینت|کالج پوینت، کوئینز|کولج پوئنٹ، کوئینز|カレッジ・ポイント|學院角
Commack,city,NY,40.84288,-73.29289,36124,Co-Mac|Comac|Comack|Commac|Comock|Komak|Kommak|Wanecommack|Winne - Comack|Winnecomac Win-Ne-Co-Mack|Winnie Comac|kambk|kambk  nywywrk|komakku|kwmak|Комак|Коммак|קומאק|كوماك|کامبک|کامبک، نیویورک|コマック
Coney Island,city,NY,40.57788,-73.99403,60000,Coney Adasi|Coney Adası|Conyn Island|Conyne Island|Insulo Coney|Koni-Ajlend|kang ni dao|koni-ailendi|koniaillaendeu|koniairando|kwny ayland|Кони-Айленд|קוני איילנד|كوني آيلاند|კონი-აილენდი|ქონი-აილენდი|コニーアイランド|康尼島|코니아일랜드
Copiague,city,NY,40.68149,-73.39984,22993,East Amityville|Great Neck|Huntington South|Kopejg|kopeigeu|kwbyajwy|kwbygh|kwpyag|kwpyaq  nywywrk|Копейг|كوبياجوى|كوبيغ|کوپیاق، نیویورک|کوپیاگ|코페이그
Coram,city,NY,40.86871,-73.00149,39113,Corum
Corning,city,NY,42.14285,-77.05469,10897,Korning|Korninq|Kurning|ke ning|koning|koningu|kwrnng|kwrnyng  nywywrk|kwrnyngh|kwrnynq  nywywrk|qwrnyng|Корнинг|Корнінг|Курнинг|קורנינג|كورنينغ|کورننگ|کورنینق، نیویورک|کورنینگ، نیویورک|コーニング|科宁|코닝
Corona,city,NY,40.74705,-73.86014,109698,West Flushing
Cortland,city,NY,42.60118,-76.18048,18907,CTX|Kortland|Kurtlend|kotorando|kwrtland|kwrtlnd  nywywrk|Кортланд|Куртленд|كورتلاند|کورتلند، نیویورک|コートランド
Cypress Hills,city,NY,40.67705,-73.89125,54944,Union Place
Deer Park,city,NY,40.76177,-73.32929,27745,DPK|Deerpark|Dier-Park|Dir Park|di er pa ke|diapaku|dyr bark|dyrpark|dyrpark  nywywrk|Диер-Парк|Дир Парк|Діер-Парк|دير بارك|دیرپارک|دیرپارک، نیویورک|ディアーパーク|迪爾帕克
Depew,city,NY,42.90395,-78.69225,15146,Depju|dybyw|Депју|ديبيو
Dix Hills,city,NY,40.80482,-73.33623,26892,Diks Khils|Diks-Gills|Diks-Khillz|di ke si shan|dyks hyls|dyks hylz|dyks hylz  nywywrk|Дикс Хилс|Дикс-Гиллс|Дикс-Хиллз|Дікс-Гіллс|ديكس هيلس|دیکس هیلز|دیکس هیلز، نیویورک|ハーフ・ホロウ・ヒルズ|狄克斯山
Dobbs Ferry,city,NY,41.01454,-73.87264,11131,Dobb's Ferry|Dobs Feri|Greenburgh|New Wales|Weecquaesgunk|Добс Фери|ドブス・フェリー
Douglaston,city,NY,40.76871,-73.74708,14762,
Dunkirk,city,NY,42.4795,-79.33393,12081,Chadwicks Bay|DKK|Dankerk|Dankirk|Dinkirk|Ganadawao|dankaku|dankyrk  nywywrk|dui ke er ke|dwnkyrk|Данкерк|Данкирк|Динкирк|دانکیرک، نیویورک|دونكيرك|ダンカーク|敦刻尔克
Dyker Heights,city,NY,40.62149,-74.00958,34399,
East Amherst,city,NY,43.01839,-78.6967,24914,
East Elmhurst,city,NY,40.76121,-73.86514,23150,
East Flatbush,city,NY,40.65371,-73.93042,178464,Rugby
East Islip,city,NY,40.73204,-73.18567,14475,Ist Ajslip|Ist-Ajslip|ayst aslyb|ayst ayslyp|ayst ayslyp  nywywrk|Іст-Айсліп|Ист Ајслип|Ист-Айслип|إيست إسليب|ایست آیسلیپ|ایست آیسلیپ، نیویورک
East Meadow,city,NY,40.71399,-73.55902,38132,East Meadows|Ist Medou|Ist-Medou|ayst mydw|ayst mydw  nywywrk|iseuteumedo|niu yue zhou dong cao de|nyuyoku shi|Іст-Медоу|Ист Медоу|Ист-Медоу|איסט מדוו|إيست ميدو|ايست ميدو|ایست میدو|ایست میدو، نیویورک|ニューヨーク市|紐約州東草地|纽约州东草地|이스트메도
East Massapequa,city,NY,40.67343,-73.43651,19069,Ist Masapikva|Ist-Massapekva|ayst|ayst  masapkwa  nywywrk|ayst masabykwa|Іст-Массапеква|Ист Масапиква|Ист-Массапеква|إيست ماسابيكوا|ایست|ایست، ماساپکوا، نیویورک
East New York,city,NY,40.66677,-73.88236,173198,Oostwoud|Starrett City
East Northport,city,NY,40.87676,-73.32456,20217,Ist Nortport|Ist-Nortport|Larkfield|ayst nwrthbwrt|Іст-Нортпорт|Ист Нортпорт|Ист-Нортпорт|إيست نورثبورت|ايست نورثبورت|ایست نورت‌پورت|ایست نورت‌پورت، نیویورک
East Patchogue,city,NY,40.76704,-72.99622,22469,
East Setauket,city,NY,40.94149,-73.10594,17006,
East Tremont,city,NY,40.84538,-73.89097,22886,イースト・トレモント
East Village,city,NY,40.72927,-73.98736,62832,Ist-Villidzh|dong cun|iseuteubilliji|ʼyst wylg|Ист-Виллидж|איסט וויליזש|איסט וילג|イースト・ヴィレッジ|东村|이스트빌리지
Eastchester,city,NY,40.95833,-73.80861,19554,
Eggertsville,city,NY,42.96339,-78.80392,15019,Egertsvil|Eggertsvill|Еггертсвилл|Еггертсвілл|Егертсвил|اقرتس‌ویل، نیویورک|اگرتس‌ویل
Elmhurst,city,NY,40.73649,-73.87791,113364,Elmcherst|Middeburgh|Middelburg|Middelburgh|Neutuyn|Newtown|ai mu he si te|alm hrst|erumuhasuto|Έλμχερστ|אלמהארסט|إلم هرست|ایلم ہرسٹ، کوئینز|エルムハースト|艾姆赫斯特
Elmira,city,NY,42.0898,-76.80773,28213,ELM|Ehl'mira|Elmajra|Ilmiro|New Town|Newtown|Skwedowa|ai er mai la|almyra|almyra  nywywrk|aylmyra  nyw yark|erumaira|Елмайра|Елмајра|Илмиро|Эльмира|إلميرا|المیرا، نیویورک|ایلمیرا، نیو یارک|エルマイラ|埃尔迈拉
Elmont,city,NY,40.70094,-73.71291,33198,Ehlmont|Foster's Meadow|ai er meng te|almwnt|almwnt nywywrk|erumonto|Елмонт|Элмонт|אלמונט|إلمونت|المونت|المونت نیویورک|エルモント|埃尔蒙特|埃爾蒙特
Eltingville,city,NY,40.54538,-74.1657,10573,Sea Side|South Side
Elwood,city,NY,40.84538,-73.33512,11177,Elvud|alwwd|alwwd  nywywrk|eruuddo|Елвуд|إلوود|الوود|الوود، نیویورک|エルウッド
Emerson Hill,city,NY,40.60872,-74.09598,15412,
Endicott,city,NY,42.09841,-76.04937,13014,Endikot|andykwt|endikotto|Ендикот|إنديكوت|エンディコット
Endwell,city,NY,42.11285,-76.02103,11446,Endvel|Endvell|Hooper|andwl|andwl  nywywrk|andwyl|en de wei er|Ендвел|Ендвелл|إندويل|اندول|اندول، نیویورک|恩德維爾
Fairmount,city,NY,43.04729,-76.23854,10224,Fejrmaunt|Fermaunt|fyrmawnt|fyrmawnt  nywywrk|fyrmwnt|Фейрмаунт|Фермаунт|فيرمونت|فیئرماؤنٹ، نیو یارک|فیرماونت|فیرماونت، نیویورک
Fallsburg,city,NY,41.73204,-74.60127,12773,Falls of the Neversink|Fallsburgh|Lockwood's Mills|Neversink Falls|falsbwrgh|פאלסבורג|فالسبورغ
Far Rockaway,city,NY,40.60538,-73.75513,39189,Far-Rokavej|Far-Rokuehj|fa luo ke wei|far rakawy|far rwkway|farokkauei|huang hou qu fa luo ke wei zhen|Фар-Рокавей|Фар-Рокуэй|פאר ראקעוועי|פאר רוקאוויי|فار راکاوی|فار راک‌وی، کویینز|فار روكواي|فار روک اوے، کوئینز|ფარ-როკავეი|ファーロッカウェイ|法洛克威|皇后区法洛克衛镇|皇后區法洛克衛鎮
Farmingville,city,NY,40.83121,-73.02955,15481,
Flatbush,city,NY,40.65205,-73.95903,93361,Middelwout|Middewout|Vlackebos|פלעטבוש
Flatlands,city,NY,40.62122,-73.93486,63601,Keskachauge|Neue Amserfoort
Floral Park,city,NY,40.72371,-73.70485,15969,East Hinsdale|Hinsdale|flwral bark|flwrl park  nyw yark|Флорал Парк|فلورال بارك|فلورل پارک، نیو یارک
Fordham,city,NY,40.85927,-73.89847,94678,
Forest Hills,city,NY,40.71621,-73.85014,67714,Forest Hill|Whitepot
Fort Hamilton,city,NY,40.61872,-74.0332,28966,Fort Hamilton (Brooklyn)
Fort Salonga,city,NY,40.9126,-73.30095,10008,Fort Salonika|Fort-Salonga|fwrt salwnga|fwrt salwngha|fwrt salwnqa  nywywrk|Форт Салоника|Форт-Салонга|فورت سالونغا|فورت سالونقا، نیویورک|فورت سالونگا
Franklin Square,city,NY,40.70732,-73.67596,29320,Franklin Skver|Franklin-Skver|Trimming Square|Washington Square|franklyn askwyr|franklyn askwyr  nywywrk|franklyn skwary|franklyn skwyr|Франклин Сквер|Франклин-Сквер|Франклін-Сквер|فرانكلين سكوارى|فرانكلين سكوير|فرانکلین اسکوئر|فرانکلین اسکوئر، نیویورک|フランクリン・スクウェア
Fredonia,city,NY,42.44006,-79.33171,10705,Canadaway|Fridonija|frdwnya  nywywrk|frydwna|Фридонија|فردونیا، نیویورک|فريدونا
Freeport,city,NY,40.6576,-73.58318,43334,Friport|Hempstead South|Raynor South|Raynor's Neck|Raynortown|Raynorville|Washburn's Neck|frybwrt|peulipoteu|Фрипорт|فريبورت|فری پورٹ، نیو یارک|프리포트
Fresh Meadows,city,NY,40.73482,-73.79347,28397,
Fulton,city,NY,43.32285,-76.41716,11552,Fulton (New York)|Oswego Falls|ao si wei ge|fu er dun shi|furuton|fwltn  nywywrk|fwltwn|Фултон|فلٹن، اوسویگو کاؤنٹی، نیو یارک|فولتن، نیویورک|فولتون|フルトン|奧斯威戈|富爾頓市
Garden City,city,NY,40.72677,-73.6343,22612,Garden Siti|JHC|ghardyn syty|Гарден Сити|غاردين سيتي|گارڈن سٹی، نیو یارک
Geneva,city,NY,42.86896,-76.97774,13062,Dzeniva|Ganundasaga|Geneve|LjinivoNju-Jork|Zheneva|jnyf|zhnwa  nywywrk|ЉинивоНю-Йорк|Џенива|Женева|جنيف|ژنوا، نیویورک
Glen Cove,city,NY,40.86232,-73.63374,27400,Glen Kouv|Glen-Kouv|Glin Kav|Moscheto Cove|Mosquito Cove|Musquito Cove|Qlen-Kov|ge lun ke fu|ghlyn kwf|gln qwb|gln yarw  nywywrk|glyn kww  nyw yark|gurenkobu|klyn kwv|qln yarw  nywywrk|Глен Коув|Глен-Коув|Глен-Коўв|Глин Кав|Ґлен-Коув|Գլեն Կոուվ|גלן קוב|غلين كوف|قلن یارو، نیویورک|كلين كوڤ|گلن یارو، نیویورک|گلین کوو، نیو یارک|ഗ്ലെൻ കോവ്|グレンコーブ|格伦科夫|格倫科夫
Glendale,city,NY,40.70149,-73.8868,34389,
Glens Falls,city,NY,43.30952,-73.64401,14291,Che-pon-tuc|Dlens Fols|Four Corners|GFL|Glen's Falls|Glenn's Falls|Glens-Folls|Glens-Fols|Glenville|Glins Folz|Ka-yan-do-ros-sa|Nklens Fols|Qlens-Fals|Wing's Falls|ge lun si fu er si|geullenseupolseu|ghlynz fwlz|gln pwlz|glynz falz  nyw yark|glynz falz  nywywrk|gurenzuforuzu|qlynz falz  nywywrk|Γκλενς Φολς|Гленс Фаллс|Гленс-Фоллс|Гленс-Фолс|Глинс Фолз|Դլենս Ֆոլս|גלן פולז|غلينز فولز|قلینز فالز، نیویورک|گلینز فالز، نیو یارک|گلینز فالز، نیویورک|ഗ്ലെൻസ് ഫോൾസ്|グレンズフォールズ|格伦斯福尔斯|格倫斯福爾斯|글렌스폴스
Gloversville,city,NY,43.05285,-74.34375,15023,Glaversvil|Gloversvill|Glovursvil|ge luo fu si wei er|ghlwfrsfyl|glwbrswwyl|glwwrswyl  nywywrk|gurabazuvuiru|jlwfrsfyl|qlwwrswyl  nywywrk|Главерсвил|Гловерсвилл|Гловерсвилле|Гловерсвілл|Гловурсвил|גלוברסוויל|جلوفرسفيل|غلوفرسفيل|قلوورسویل، نیویورک|گلوورسویل، نیویورک|グラバーズヴィル|格洛弗斯維爾|格洛弗斯维尔
Grand Island,city,NY,43.03311,-78.96254,20813,Ga-wah-no-geh|Ga-we-not|Gawanogeh|Gawenodowanneh|ghrand ayland|גרנד איילנד|غراند أيلاند
Graniteville,city,NY,40.62483,-74.14848,15272,Bennett's Corners|Fayetteville
Gravesend,city,NY,40.5976,-73.96514,112229,
Great Kills,city,NY,40.55427,-74.15153,22000,Clarendon|Gifford's|Giffords|Greatkills|Newtown
Great Neck,city,NY,40.80066,-73.72846,10143,Greatneck|Grejt Nek|geuleiteuneg|gryt nk  nywywrk|Грејт Нек|گریت نک، نیویورک|그레이트넥
Greece,city,NY,43.20978,-77.69306,14519,Graecia|Grecia|Gris|ghrys|Грис|غريس
Greenburgh,city,NY,41.03287,-73.84291,86764,Grinburg|Гринбург|Ґрінбург
Greenlawn,city,NY,40.86899,-73.36512,13742,
Greenpoint,city,NY,40.72371,-73.95097,34719,Green Point|Grinpojnt|Гринпойнт
Hampton Bays,city,NY,40.86899,-72.51759,13603,Gempton-Bejs|Good Ground|Khampton Bejs|Khehmpton Behjs|hanputon|hmptwn byz|hmptwn byz  nywywrk|Гемптон-Бейс|Хамптон Бејс|Хэмптон Бэйс|همپتون بیز|همپتون بیز، نیویورک|ハンプトン
Harlem,city,NY,40.80788,-73.94542,116345,Garlem|Harlema|Harlemas|Harlemo|Hārlema|Kharlem|New Harlem|Nieu Haarlem|Nieuw Haarlem|Northern Manhattan|ha lai mu qu|hallem|haremu|harlemi|harlm|Гарлем|Харлем|Հառլեմ|הארלם|هارلم|ہارلم|ჰარლემი|ハーレム|哈莱姆区|할렘
Harrison,city,NY,40.96899,-73.71263,28348,Kharison|Kharisun|Kharrison|harryswn|Харисон|Харисън|Харрисон|هارريسون
Hauppauge,city,NY,40.82565,-73.20261,20882,Choponk|Goppog|Hauppaugs|Hoppogue|Khapog|Khopog|Wheeler Settlement|Wheelers|ha pa ke|hapag|hapaq  nywywrk|hawbbawj|hopogu|Χόπογκ|Гоппог|Хапог|Хопог|هاوبباوج|هاپاق، نیویورک|هاپاگ|ホーポグ|哈帕克
Haverstraw,city,NY,41.19759,-73.96458,12187,Averstroo|Haverstroo|Khejverstro|Warren|Waynesburgh|habesutoro|hafrstraw|Хејверстро|هافرستراو|ハベストロー
Hell's Kitchen,city,NY,40.76496,-73.9909,45884,La Cocina del Infierno|Midtown West
Hempstead,city,NY,40.70621,-73.61874,55547,Hemsted|Khempsted|Хемпстед
Henrietta,city,NY,43.05923,-77.61222,42581,East Henrietta|hnryta|هنريتا
Hicksville,city,NY,40.76843,-73.52513,41547,Giksvill|Hicksville i New York|Khiksvil|Khiksvilla|hikkusuvuiru|hyksfyly|hykswyl|hykswyl  nywywrk|hyqswwyl|xi ke si wei lei|Гиксвилл|Гіксвілл|Хиксвил|Хиксвилла|היקסוויל|هيكسفيلى|هيكسفيلي|هیکسویل|هیکسویل، نیویورک|ヒックスヴィル|希克斯維勒|希克斯维勒
Hillside,city,NY,40.70788,-73.7868,24808,East Jamaica|Rockaway Junction
Holbrook,city,NY,40.81232,-73.07844,27195,Kholbruk|Холбрук
Hollis,city,NY,40.71344,-73.76708,20269,
Holtsville,city,NY,40.81538,-73.04511,19714,Goltsvill|Kholtsvil|horutsubiru|hwltsfyl|Голтсвилл|Голтсвілл|Холтсвил|هولتسفيل|هولتس‌ویل|هولتس‌ویل، نیویورک|ホルツビル
Howard Beach,city,NY,40.65788,-73.83625,26148,Rambersville
Huntington,city,NY,40.86815,-73.42568,18046,Gantington|Hontingeton|Hontingtowne|Ke-te-wo-moke|Khantington|Khuntingtun|hanthing tan|hantyngtwn  nywywrk|heontingteon|hntnghtwn|Гантінґтон|Хантингтон|Хънтингтън|هانتینگتون، نیویورک|هنتنغتون|ฮันทิงตัน|헌팅턴
Huntington Station,city,NY,40.85343,-73.41151,33029,
Hunts Point,city,NY,40.8126,-73.88402,27204,heng si jiao|هانتس‌پوینت|ハンツ・ポイント|亨斯角
Inwood,city,NY,40.86566,-73.9268,10082,Invud|aynwwd  mnhtn|in'uddo|in-udeu|ying wu de|Инвуд|אינווד|اینوود، منهتن|インウッド|英伍德|인우드
Irondequoit,city,NY,43.2134,-77.57972,51692,Irondikvojt|arwndykwwyt|Ирондиквојт|إرونديكوويت
Islip,city,NY,40.72982,-73.21039,18689,Ajslip|ISP|aslyb|Ајслип|إسليب
Ithaca,city,NY,42.44063,-76.49661,30788,Cayuga City|ITH|Itak|Itaka|Itako|Markle's Flats|Sodom|The Flats|athaka|aytaka  nywywrk|isaka|ithaka|yi sa ka|Ітака|Итак|Итака|Итако|איתקה|إثاكا|اتھاکا، نیو یارک|ایتاکا، نیویورک|ইথাকা|イサカ|伊萨卡|이사카
Jackson Heights,city,NY,40.75566,-73.88541,67067,Dzhekson-Khajts|jaegseunhaicheu|jakswn hayts|jie ke xun gao de|qwwyns/g'qswn hyyts|Джексон-Хайтс|קווינס/ג'קסון הייטס|جاكسون هايتس|جیکسن ہائیٹس، کوئینز|ジャクソン・ハイツ|傑克遜高地|杰克逊高地|잭슨하이츠
Jamaica,city,NY,40.69149,-73.80569,216866,Jaimaica|Jamaicah|Jamaick|Jamaico|Jamaika|Jamanica|Jameco|Jemaica|Jemaicae|Jemaico|Jemecah|Rustdorp|gmyyqh|jamaika de qu|jameika|גמייקה|ジャマイカ地区|자메이카
Jamestown,city,NY,42.097,-79.23533,30075,Dzejmstaun|Dzhehjmstaun|Dzhejmstaun|JHW|James Town|Limz Taun|Tzeimstaoun|jeimseutaun|jemuzutaun|jie mu xun cheng|jymstawn|jymz tawn|jymz tawn  nywywrk|jymztawn  nywywrk|zhan mu si dui|Τζέιμσταουν|Џејмстаун|Джеймстаун|Джэймстаун|Джэймстаўн|Лимз Таун|ג'יימסטאון|جمستوؤں، نیو یارک|جيمز تاون|جيمستاون|جیمز تاون، نیویورک|جیمزتاون، نیویورک|ജെയിംസ്റ്റൗൺ|ジェームズタウン|傑姆遜城|詹姆斯敦|제임스타운
Jericho,city,NY,40.79204,-73.53985,13567,Ceriko|Dzeriko|Dzheriko|Lusam|Lusum|aryha|g'ryqw|jeriko|jie li ke|jrykw|jrykw  nywywrk|jyrykw  nyw yark|Џерико|Джерико|ג'ריקו|أريحا|اريحا|جریکو|جریکو، نیویورک|جیریکو، نیو یارک|ジェリコ|傑里科|杰里科
Johnson City,city,NY,42.11563,-75.95881,14773,Dzhonson Siti|Dzonson Siti|Lestershire|janswn syty|yue han xun cheng|Џонсон Сити|Джонсон Сити|جانسن سٹی، نیو یارک|جانسون سيتي|約翰遜城
Kenmore,city,NY,42.96589,-78.87004,15160,
Kensington,city,NY,40.64621,-73.97069,39120,
Kew Gardens,city,NY,40.71427,-73.83097,18983,
Kings Bridge,city,NY,40.87871,-73.90514,75132,
Kings Park,city,NY,40.88621,-73.25734,17282,
Kingston,city,NY,41.92704,-73.99736,23436,Esopus|Kingston L'isle|Kingstun|Swanenburgh|Wildwijk|Wildwyck|Wiltwyck|kingseuteon|kingusuton|kynghstwn|kyngstwn  nywywrk|Кингстон|Кингстън|Кінґстон|كينغستون|کنگسٹن، نیویارک|کینگستون، نیویورک|キングストン|킹스턴
Kiryas Joel,city,NY,41.34204,-74.16792,22851,KJ|Kir'jas-Dzhoehl'|kryas jwyyl  nyw yark|kyryas jwl  nywywrk|kyryas jwyl|Кирьяс-Джоэль|קריית יואל|קרית יואל|كيرياس جويل|کریاس جوئیل، نیو یارک|کیریاس جول، نیویورک
Lackawanna,city,NY,42.82561,-78.82337,17965,Lakavona|Lekavanna|Limestone Hill|Lokovono|la ke wan na|lakawana|lakawana  nyw yark|lakawana  nywywrk|lakhavanna|rakkawana|Лакавона|Лацкаwанна|Лекаванна|Локовоно|لاكاوانا|لاکاوانا، نیو یارک|لاکاوانا، نیویورک|ലഖാവന്ന|ラッカワナ|拉克万纳
Lake Grove,city,NY,40.85288,-73.11511,11235,Lakegrove|Lakeland|Lakeville
Lake Ronkonkoma,city,NY,40.8351,-73.13122,20155,
Lancaster,city,NY,42.90061,-78.67031,10258,De-as-gwah-da-ga-neh|Ga-squen-da-geh|Lankaster|Ланкастер
Latham,city,NY,42.74702,-73.75901,20736,Latham's Corners|Town House Corner|Town House Corners|Van Vraken's Corners|Van Vranken's Corners|la tan mu|latam|latam  nywywrk|rassamu|لاتام|لاتام، نیویورک|ラッサム|拉坦姆
Laurelton,city,NY,40.67019,-73.74659,21053,roreruton|لاورل‌تون|لورلٹن، کوئینز|ローレルトン
Levittown,city,NY,40.72593,-73.51429,51881,Island Trees|Levittaun|Lewittown|lai wei dui|lai wei dun|lwyt tawn|lyfytawn|niu yue zhou lie wei dun|rebittotaun|Левиттаун|Левіттаун|لویت تاون|ليفيتاون|レビットタウン|紐約州列維頓|莱维敦|莱维顿
Lindenhurst,city,NY,40.68677,-73.37345,27277,Breslau
Little Neck,city,NY,40.76289,-73.73225,10049,Littleneck
Lockport,city,NY,43.17061,-78.69031,20624,De-o-do-sote|Lokport|Lukport|Ta-ga-ote|lak‌pwrt  nywywrk|logpoteu|luo ke bo te shi|lwkbwrt|rokkupoto|Локпорт|Лукпорт|لاک‌پورت، نیویورک|لوكبورت|ロックポート|洛克波特市|록포트
Long Beach,city,NY,40.58844,-73.65791,33550,Long Bich|Long Bijch|Long-Bich|Longbeach|lang bych  nyw yark|lang bych  nywywrk|longbichi|lwngh bytsh|rongubichi|Лонг Бийч|Лонг Бич|Лонг-Бич|لانگ بیچ، نیو یارک|لانگ بیچ، نیویورک|لونغ بيتش|ロングビーチ|롱비치
Long Island City,city,NY,40.74482,-73.94875,25595,Blissville|Dutch Kills|ECC|Hunter's Point|LIC|Long Island|Long-Ajlend-Siti|Middletown|long-aillaendeusiti|zhang dao shi|Лонг-Айленд-Сити|לאנג איילענד סיטי|لانگ آئلینڈ سٹی|長島市|롱아일랜드시티
Lynbrook,city,NY,40.65483,-73.6718,19558,Linbruk|Pearsall's|Pearsall's Corners|Pearsallville|lynbrwk|Линбрук|لينبروك
Mamaroneck,city,NY,40.94871,-73.73263,19375,Mamaronek|Mamoranick|Mamorineck|Mamoronock|Momaronak|Momomaroneck|Momoronack|Momoroneck|Moraneck|mamarwnyk|Мамаронек|مامارونيك
Manhattan,city,NY,40.78343,-73.96625,1487536,Borough of Manhattan|Manatans|Manathans|Manathas|Manathes|Manatte|Manhatano|Manhattanville|Mankhetten|Mannahattan|Menathans|maenhaeteun|man ha dun|manhatn|mnhtn|mæn hat tan|nyc|Манхеттен|מנהטן|مانهاتن|แมนฮัตตัน|曼哈顿|맨해튼
Manorville,city,NY,40.87371,-72.80788,14314,
Mariners Harbor,city,NY,40.63677,-74.15875,19905,Mariner's Harbor
Maspeth,city,NY,40.72316,-73.91264,48325,English Kills|Mespat|Mispat|ma si po si|mai si pei si|masupesu|میسپیتھ، کوئینز|マスペス|馬斯珀斯|马斯珀斯|麥斯佩斯
Massapequa,city,NY,40.68066,-73.47429,21685,Masapekua|Masapikva|Oysterbay South|South Oyster Bay|masabykwa|Масапекуа|Масапиква|ماسابيكوا
Massapequa Park,city,NY,40.68038,-73.45512,17232,Stadt Wurtemberg|Wurtemberg
Massena,city,NY,44.9281,-74.89186,10629,Kentsia:ke|Kentsià:ke|MSS|Messina|Nikentsiake|Массена
Mastic,city,NY,40.80204,-72.84094,15481,Forge|Mastik|mastyk|mstyk|mstyk  nywywrk|Мастик|Мастік|ماستيك|مستیک|مستیک، نیویورک
Mastic Beach,city,NY,40.76677,-72.85205,14841,
Medford,city,NY,40.8176,-73.00011,24142,Medford Station|Медфорд
Melrose,city,NY,40.82455,-73.91041,22470,
Melville,city,NY,40.79343,-73.41512,18985,Melvil|Melvill|Sun-quams|Sweet Hollow|mei er wei er|meruvuiru|mlfyl|mlwyl|mlwyl  nywywrk|mylfyl|mylwyl  nyw yark|Мелвил|Мелвилл|Мелвілл|Մելվիլ|ملفيل|ملویل|ملویل، نیویورک|ميلفيل|میلویل، نیو یارک|メルヴィル|梅尔维尔|梅爾維爾
Merrick,city,NY,40.66288,-73.55152,22097,Meric|Merikohe|Merrik|Moroke|Меррик
Middle Island,city,NY,40.88427,-72.93733,10483,Middl-Ajlend|Midl Ajland|Midl Ajlend|Mintl Ailant|mydl ayland|mydl aylnd|mydl aylnd  nywywrk|zhong dao|Μιντλ Άιλαντ|Миддл-Айленд|Мидл Айленд|Мидл Ајланд|Міддл-Айленд|ميدل آيلاند|میدل آیلند|میدل آیلند، نیویورک|中島
Middle Village,city,NY,40.71649,-73.88125,29491,mydl wylg'|zhong cun|מידל וילג'|مڈل ولج، کوئینز|ミドル・ヴィレッジ|中村
Middletown,city,NY,41.44593,-74.42293,27812,Midl Taun|Midltaun|midorutaun|mydl tawn  nywywrk|mydltawn|Мидл Таун|Мидлтаун|ميدلتاون|مڈل ٹاؤن، اورنج کاؤنٹی، نیو یارک|میدل تاون، نیویورک|ミドルタウン
Miller Place,city,NY,40.95982,-72.99621,12339,Miller's Place|Millerplace
Mineola,city,NY,40.74927,-73.64068,19139,Haviland|Miniola|mineora|miniolla|mynwla  nywywrk|mynywla|mynywla  nyw yark|Миниола|مينيولا|مینولا، نیویورک|مینیولا، نیو یارک|ミネオラ|미니올라
Monsey,city,NY,41.11121,-74.06848,18412,Kakiat|Monsey Depot|Monsi|manzy|manzy  nywywrk|meng xi|monzei|mwnsy|Монси|Монсі|מאנסי|מונסי|مانزی|مانزی، نیویورک|モンゼイ|蒙西
Morris Heights,city,NY,40.84982,-73.91986,40982,
Morris Park,city,NY,40.85232,-73.85347,10289,
Morrisania,city,NY,40.82927,-73.90653,23127,
Mott Haven,city,NY,40.80899,-73.92291,51450,
Mount Kisco,city,NY,41.20426,-73.72708,11145,Maunt Kisko|Mount Kisko|Mt KISCO|New Castle Corner|mawnt kyskw|Маунт Киско|מאונט קיסקא|ماونت كيسكو
Mount Sinai,city,NY,40.94704,-73.02955,12118,Mount Vernon|Non-o-wan-tuck|Old Man's Harbor|Old Mans|Ould Mans
Mount Vernon,city,NY,40.9126,-73.83708,68628,Hutchinson's|Maount Vernon|Maunt Vernon|Maunt Vurnun|Maunt-Vernan|Maunt-Vernon|mang te fu nong|mant wrnwn  nywywrk|maunteubeoneon|mawnt fyrnwn|mwnt fyrnwn|Μάουντ Βέρνον|Маунт Вернон|Маунт Върнън|Маунт-Вернон|Маўнт-Вернан|Մաունթ Վերնոն|מאונט ורנון|ماؤنٹ ورنن، نیو یارک|مانت ورنون، نیویورک|ماونت فيرنون|مونت فيرنون|მაუნტ-ვერნონი|マウント・ヴァーノン|芒特弗农|芒特弗農|마운트버넌
Nanuet,city,NY,41.08871,-74.01347,17882,Clarkstown|Clarkstown Station|Nanjuet|na niu ai te|nanwyt|nanyuetto|nnywyt|nnywyt  nywywrk|Нанует|Нанюет|ננואט|נענאעט|نانويت|ننیوئت|ننیوئت، نیویورک|ナニュエット|納紐埃特
Nesconset,city,NY,40.85204,-73.154,13387,Neskonset|nskanst|nskanst  nywywrk|nsqwnst|nyskwnst|Несконсет|נסקונסט|نسکانست|نسکانست، نیویورک|نيسكونست
New Cassel,city,NY,40.75899,-73.56957,14059,N'ju-Kassel|Nju Kasel|nyw kasl|nywkasl|nywkasl  nywywrk|Њу Касел|Нью-Кассел|نيو كاسل|نیوکاسل|نیوکاسل، نیویورک
New City,city,NY,41.1476,-73.98931,33559,Clarkstown|New Hempstead|Nju Siti|nyw syty|Њу Сити|نيو سيتي|ニュー・シティ
New Rochelle,city,NY,40.91149,-73.78235,79846,N'ju-Roshel'|N'ju-Roshell|Nju Roshel|Njuroshel|Nouvelle-Rochelle|Nueva Rochelle|nyulosyel|nyurosheru|nyw rashl  nywywrk|nyw rwchyl  nywyark|nyw rwsl|nyw rwtshyl|xin luo xie er|Њу Рошел|Нью-Рошелл|Нью-Рошель|Нюрошел|ניו רושל|نيو روتشيل|نیو راشل، نیویورک|نیو روچیل، نیویارک|ニューロシェル|新羅謝爾|뉴로셸
New Springville,city,NY,40.59344,-74.1632,20756,Carle's Neck|Springville
New York City,city,NY,40.71427,-74.00597,8804190,Aebura|Bandar Raya New York|Big Apple|Cathair Nua-Eabhrac|City of New York|Eabhraig Nuadh|Efrog Newydd|Evrek Nowydh|Ga-no-no|Kanon:no|Kanono|Kanón:no|Kota New York|Lungsod ng New York|N'ju-Jork|NY|NYC|Nea Yorke|Nei Yarrick Schtadt|Neu Amsterdam|Neu Jorck|New Amsterdam|New Orange|New Yorc|New York|New York Stad|New York borg|New York kenti|New York-borg|New Yorke|New Yorku|Niujorkas|Niw Eorkʻ|Nju Jork|Njujork|Nouvelle Yorck|Nouvieau York|Nov-Jorko|Nova Amsterda|Nova Iorque|Nova York|Nova-York|Novjorko|Novum Eboracum|Nowy Jork|Nua-Eabhrac|Nueva York|Nujorka|Nyja Jorvik|Nyu York Shehiri|Nyu Yorkʻ|Nòva York|Nýja Jórvík|Thanh pho New York|The Big Apple|Thành phố New York|York Berri|manhattan|n'yuyorka|ni'u iyarka siti|niu yue|niu yue shi|niyuyark nakaram|nkhr niwyxrk|nyuyog|nyuyog si|nyuyoku|nyw ywrq|nywywrk|Ņujorka|Νέα Υόρκη|Њу Јорк|Њујорк|Нью-Ёрк|Нью-Йорк|Ню Йорк|Նիւ Եորք|Նյու Յորք|ניו יארק|ניו יורק|ניו־יאָרק|نيويورك|نیویارک شہر|نیویورک|न्यूयॉर्क|নিউ ইয়র্ক সিটি|நியூயார்க் நகரம்|นครนิวยอร์ก|ნიუ-იორკი|ニューヨーク|マンハッタン|紐約|紐約市|뉴욕|뉴욕 시
Newburgh,city,NY,41.50343,-74.01042,28290,N'juberg|N'juburg|Njuburg|SWF|nyubagu|nyubeogeu|nywbwrg  nywywrk|nywbwrgh|Њубург|Ньюберг|Ньюбург|Нюбург|Нюбърг|نيوبورغ|نیوبورگ، نیویورک|ニューバーグ|뉴버그
Niagara Falls,city,NY,43.0945,-79.05671,48916,IAG|Manchester|Najagara Fols|Niagara Akvofalo|Niagara-Folls|Niagara-Fols|Niagaro Folz|Ohnia:kara|Ohnià:kara|naiagalapolseu|naiagaraforuzu|ni ya jia la pu bu cheng|nyagara falz  nywywrk|nyagra falz  nyw yark|nyajara fwlz|Најагара Фолс|Ниагара-Фолс|Ниагаро Фолз|Ніагара-Фоллс|نياجارا فولز|نیاگارا فالز، نیویورک|نیاگرا فالز، نیو یارک|ナイアガラフォールズ|尼亞加拉瀑布城|나이아가라폴스
North Amityville,city,NY,40.6976,-73.42512,17862,
North Babylon,city,NY,40.71649,-73.32179,17509,
North Bay Shore,city,NY,40.753,-73.2602,18944,
North Bellmore,city,NY,40.69149,-73.53346,19941,Nort Belmor|nwrth bylmwry|Норт Белмор|نورث بيلمورى|نورث بيلموري
North Bellport,city,NY,40.77427,-72.94288,11545,
North Lindenhurst,city,NY,40.71427,-73.38151,11652,Nort Lindenkherst|Nort-Lindengerst|nwrth lyndnhwrst|Норт Линденхерст|Норт-Линденгерст|Норт-Лінденгерст|نورت لیندن‌هرست|نورت لیندن‌هرست، نیویورک|نورث ليندنهورست
North Massapequa,city,NY,40.70093,-73.46207,17886,Nort Masapikva|Nort-Massapikva|nwrt masapkwa|nwrt masapkwa  nywywrk|nwrth masabykwa|Норт Масапиква|Норт-Массапиква|Норт-Массапіква|نورت ماساپکوآ|نورت ماساپکوآ، نیویورک|نورث ماسابيكوا
North Merrick,city,NY,40.69121,-73.56318,12272,Nort Merik|Nort-Merrik|nwrt mryk|nwrt mryk  nywywrk|nwrth myryk|Норт Мерик|Норт-Меррик|نورت مریک|نورت مریک، نیویورک|نورث ميريك
North New Hyde Park,city,NY,40.74316,-73.69319,14899,Nort NJu Khajd Park|Nort-N'ju-Gajd-Park|Plattsville|nwrt nywhayd park|nwrt nywhayd park  nywywrk|nwrth nyw hayd bark|Норт Њу Хајд Парк|Норт-Нью-Гайд-Парк|نورت نیوهاید پارک|نورت نیوهاید پارک، نیویورک|نورث نيو هايد بارك
North Tonawanda,city,NY,43.03867,-78.8642,30785,Kiohnawen:'en|Kiohnawén:'en|N. Tonawanda|Nort Taunovondo|Nort-Tonavanda|Nortkh Tonawanda|bei tuo na wan da|nosutonawanda|nwrt twnawanda  nywywrk|nwrth twnawanda|Норт Тауновондо|Норт-Тонаванда|Нортх Тонаwанда|נורת' טונאוונדה|نورت توناواندا، نیویورک|نورث توناواندا|വടക്കൻ ടോണവാണ്ട|ノーストナワンダ|北托納萬達
North Valley Stream,city,NY,40.6851,-73.7018,16628,Nort Vali Strim|Nort-Velli-Strim|nwrt wly astrym|nwrt wly astrym  nywywrk|nwrth faly strym|Норт Вали Стрим|Норт-Велли-Стрим|Норт-Веллі-Стрім|نورت ولی استریم|نورت ولی استریم، نیویورک|نورث فالي ستريم
North Wantagh,city,NY,40.69343,-73.50763,11960,Nort Vonto|Nort-Vonta|nwrt wanta|nwrt wanta  nywywrk|nwrth wantagh|Норт Вонто|Норт-Вонта|نورت وانتا|نورت وانتا، نیویورک|نورث وانتاغ
Oakwood,city,NY,40.56399,-74.11598,11148,
Oceanside,city,NY,40.63871,-73.64013,32109,Christian Hook|Ocean Side|Oceanville|Osensayd|Oshensajd|Oushansajd|Oushensajd|awkynzyd  nywywrk|awshn sayd  nywywrk|awshnsayd|ou shen sai de|Оушансајд|Оушенсайд|Ошенсайд|Օշենսայդ|אושיינסייד|أوشنسايد|اوشن ساید، نیویورک|اوشنسايد|اوکینزید، نیویورک|オーシャン・サイド|欧申赛德
Ogdensburg,city,NY,44.69423,-75.48634,10883,Maple City|O-swa-gatch|O-swe-gatch-ie|OGS|Ogdenburg Village|Ogdensberg|Ogdensburgh|Sewe:katsi|Sewé:katsi|Soegasti|Sweegassie|Swegaachey|Swegage|Swegatchie|Swegatsky|agdns bwrg  nywywrk|ao ge deng si bao|aqdns bwrq  nywywrk|awghdynsbwrgh|awjdynsbwrj|ogudensuberugu|Огденсберг|Огденсбург|Оґденсбург|אוגדנסבורג|أوغدينسبورغ|اقدنس بورق، نیویورک|اوجدينسبورج|اگدنس بورگ، نیویورک|オグデンスベルグ|奥格登斯堡|奧格登斯堡
Olean,city,NY,42.07756,-78.42974,13870,Hamilton|Hesoh|OLE|Olean Point|Olijan|Oulon|awlan  nywywrk|awlyn|Олијан|Оулон|أولين|اولان، نیویورک
Oneida,city,NY,43.09257,-75.65129,11134,De-ose-la-ta-gaat|Onainta|Onajda|Ounido|ao nai da|awnyda|awnyda  nywywrk|ona'ida|onaida|Ονάιντα|Онайда|Онајда|Онеида|Оунидо|أونيدا|اونيدا|اونیدا، نیویورک|اونیڈا، نیو یارک|ओनाइडा|オナイダ|奧奈達
Oneonta,city,NY,42.45286,-75.06377,13862,Klipnockie|ONH|Onionta|Otego|Ouninto|ao ni ang ta|ao ni ang ta shi|awnynta  nywywrk|awnywnta|on'yonta|one'ota|onentta|onionta|ononta|vana'onta|vane'onta|wnywnta|xo ni xxnt ra|yoniyomta|Ονεόντα|Онеонта|Онионта|Оунинто|אונאונטה|أونيونتا|اونینتا، نیویورک|ونیونتا|योनीयोँता|वनऑन्टा|ওনেওতা|વનેઓન્ટા|ஒனென்ட்டா|ఓన్యొంట|ಒನೊನ್ಟಾ|ඔනෙනොටා|โอ นีออนตร้า|オニオンタ|奥尼昂塔|奧尼昂塔市|오니온타
Ossining,city,NY,41.16287,-73.86152,25441,Hunters Landing|Mount Pleasant|Sing Sing
Oswego,city,NY,43.45535,-76.5105,17787,Chonaquen|Choneguen|Choueguen|Osuigo|Osvigo|Ousvego|Sowego|awswyghw|azwygw  nywywrk|osuuego|Освиго|Освіґо|Осуиго|Оусвего|أوسويغو|ازویگو، نیویورک|オスウェゴ
Ozone Park,city,NY,40.67677,-73.84375,53985,Ozona Parko|awzwn park  kwyynz|chou yang gong yuan|אוזון פארק|اوزون پارک، کوئینز|オゾン・パーク|臭氧公园|臭氧公園
Park Slope,city,NY,40.6701,-73.98597,65047,Prospect Hill
Parkchester,city,NY,40.83899,-73.86041,65876,
Patchogue,city,NY,40.76565,-73.01511,12463,Milltown|Pachog|batshwghw|Пачог|باتشوغو
Pearl River,city,NY,41.05899,-74.02181,15876,Middletown|Muddy Creek|Perl River|Перл Ривер|パール・リバー
Peekskill,city,NY,41.29009,-73.92042,24043,Peekskill Landing|Pijkskil|Pikskil|Pikskill|bi yao shi|bykskyl|pi ke si ji er|pi si ji er shi|pigseukil|pikusukiru|pyks kyl  nywywrk|pykskl  nyw yark|pykskyl  nywywrk|pyqsqyl|Пийкскил|Пикскил|Пикскилл|Пікскіл|Փիքսքիլլ|פיקסקיל|بيكسكيل|پیکس کیل، نیویورک|پیکسکل، نیو یارک|پیکسکیل، نیویورک|ピークスキル|皮克斯基爾|皮斯基爾市|碧瑤市|픽스킬
Plainview,city,NY,40.77649,-73.46735,26217,Manetto Hill|Plejnvju|blynfyw|Плејнвју|بلينفيو
Plattsburgh,city,NY,44.69949,-73.45291,19806,Etsienhne|Etsiénhne|PBG|PLB|Platsbourg|Platsburg|Plattsburg|Sen-hah-lo-ne|Son-Halonek|blatsbwrgh|plats bwrg  nywywrk|pu la ci bao|purattsubagu|Платсбург|Платтсбург|بلاتسبورغ|پلاتس بورگ، نیویورک|プラッツバーグ|普拉茨堡
Port Chester,city,NY,41.00176,-73.66568,29620,Portchester|Saw Log Swamp|Saw Pit|Saw Pitts|Sawpits|bwrt tshystyr|Порт Честер|بورت تشيستير|پورٹ چیسٹر، نیو یارک
Port Richmond,city,NY,40.63316,-74.13653,15470,
Port Washington,city,NY,40.82566,-73.69819,15846,Cow Bay|Port Voshington|Sinsinck|pwrt washyngtwn  nywywrk|Порт Вошингтон|پورت واشینگتون، نیویورک
Poughkeepsie,city,NY,41.70037,-73.92097,30371,POU|Pochkeepsie|Pokipsi|Pougkipsi|Poukipzi|Pukipsij|bkbsy|bo qi pu xi|pokibsi|pokipushi|pwgkypsy  nywywrk|Покипси|Поугкипси|Поукипзи|Поукіпзі|Пъкипсий|بكبسي|پوگکیپسی، نیویورک|ポキプシー|波啟浦夕|포킵시
Queens Village,city,NY,40.72677,-73.74152,51919,Brushville|Queens
Queens,city,NY,40.68149,-73.83652,2316841,Borough of Queens|Comte de Queens|Comté de Queens|Condado de Queens|Kvino|Queens County
Queensbury,city,NY,43.37729,-73.61317,27703,kuinzuberi|クイーンズベリー
Rego Park,city,NY,40.72649,-73.85264,43925,Rigo-Park|lei ge gong yuan|rgw park|rqw park  kwynz|rygw park  kwyynz|Риго-Парк|رقو پارک، کوینز|رگو پارک|ریگو پارک، کوئینز|レゴ・パーク地区|雷哥公园|雷哥公園
Richmond Hill,city,NY,40.69983,-73.83125,98984,danton|li shi man xi er|rychmwnd hyl  kwyynz|ryz'mwnd hyl|ריצ'מונד היל|رچمنڈ ہل، کوئینز|ریچموند هیل، کوئینز|ダントン|里士满希尔|里士滿希爾
Ridge,city,NY,40.89399,-72.89594,13336,Randallville|Ridgeville
Ridgewood,city,NY,40.7001,-73.90569,69317,Evergreen|رج وڈ، کوئینز
Riverhead,city,NY,40.91704,-72.66204,13299,A-que-bogue|Occapogue|ribaheddo|リバーヘッド
Rochester,city,NY,43.15478,-77.61556,209802,Ga-sko-sa-ga|Gaskosago|ROC|Rocestera|Rocesteris|Rocestro|Rochesterville|Rochestur|Roffa|Rotsester|Roĉestro|Ročestera|Ročesteris|locheseuteo|luo che si te|racestara|rocestar|rocestara|rochesuta|rwchstr  nywywrk|rwtshstr|rwzstr|rx ches texr|Ρότσεστερ|Рочестер|Рочестър|רוצסטר|روتشستر|روچستر، نیویورک|روچسٹر|روچیسٹر، نیو یارک|रॉचेस्टर|रोचेस्टर|রচেস্টার|రోచెస్టర్|รอเชสเตอร์|ロチェスター|羅徹斯特|로체스터
Rockville Centre,city,NY,40.65871,-73.64124,24201,Rockville|Rockville Center|Rokvil Center|rwkfyl syntr|rwkwyl sntr  nywywrk|Роквил Центер|روكفيل سينتر|روکویل سنتر، نیویورک
Rocky Point,city,NY,40.9526,-72.92538,14014,Rockypoint|Roki Pojnt|Roki-Point|Roki-Pojnt|luo ji bo yin te|raky pwynt|raky pwynt  nywywrk|rokkipointo|rwky bwynt|Роки Појнт|Роки-Поинт|Рокі-Пойнт|راکی پوینت|راکی پوینت، نیویورک|روكى بوينت|روكي بوينت|ロッキーポイント|罗基波因特|羅基波因特
Roessleville,city,NY,42.69508,-73.80707,10753,roesurubiru|rwzlwyl|rwzslwyl  nywywrk|روزسلویل، نیویورک|روزلویل|ロエスルビル
Rome,city,NY,43.21285,-75.45573,32573,Lynchville|RME|Rim|Roma|Roum|lom|luo ma|rm  nywywrk|romu|rwm  nyw yark|rwmy|Рим|Роум|رم، نیویورک|روم، نیو یارک|رومي|ローム|羅馬|롬
Ronkonkoma,city,NY,40.821,-73.143,19082,rwnkwnkwma|Ронконкома|رونكونكوما
Roosevelt,city,NY,40.67871,-73.58902,16258,Rouzvelt|Ruzvel't|rozuvueruto|rwzflt|rwzwlt|rwzwlt  nywywrk|Роузвелт|Рузвельт|روزفلت|روزولت|روزولت، نیویورک|ローズヴェルト
Rosedale,city,NY,40.66205,-73.73541,25812,Foster's Meadow|Roouznteil|rozuderu|rzdyl|Ρόουζντεϊλ|رزدیل|روزڈیل، کوئینز|ローズデール
Rossville,city,NY,40.54929,-74.21019,18792,Blazing Star
Rotterdam,city,NY,42.78702,-73.97096,20652,
Rye,city,NY,40.98065,-73.68374,16046,Hastings|Raj|Ray|Roj|la yi shi|lai|lei shi|rai|ray|ry|ryy|way  nywywrk|Рyе|Рай|Рај|Рой|Ռայ|ריי|راى|ري|وای، نیویورک|ライ|拉伊市|雷市|라이
Saint James,city,NY,40.87899,-73.15678,13338,Saint Jamesville|Sent-Dzhejms|Sher-a-wog|St. James|Сент-Джеймс
Salisbury,city,NY,40.74566,-73.56013,12093,Solsberi|salzbry  nasa kanty  nywywrk|Солсбери|Солсбері|سالزبری، ناسا کانتی، نیویورک
Saratoga Springs,city,NY,43.08313,-73.78457,27765,Chi-co-pee|Salatogi|Saratoga Spgs|Saratoga-Springs|Saratogo Springz|sa la tuo jia wen quan shi|saeleotogaseupeulingseu|sararreaga springs|saratogasupuringu|saratwga aspryngz  nywywrk|saratwgha sbrynghs|saratwqa asprynqz  nywywrk|srtwgh spryngs|Саратога Спрингс|Саратога-Спрингс|Саратого Спрингз|Саратоґа-Спрінгс|Սարատոգա Սփրինգս|סרטוגה ספרינגס|ساراتوغا سبرينغس|ساراتوقا اسپرینقز، نیویورک|ساراتوگا اسپرینگز، نیویورک|സരറ്റോഗ സ്പ്രിംഗ്സ്|サラトガスプリング|萨拉托加温泉市|薩拉托加溫泉市|새러토가스프링스
Sayville,city,NY,40.73593,-73.08206,16853,Sejvil|Сејвил
Scarsdale,city,NY,41.0051,-73.78458,17885,Skarsdejl|si ka si dai er|skyrdyl|Скарсдејл|سكيرديل|斯卡斯代爾
Schenectady,city,NY,42.81424,-73.93957,65305,SCH|Shinetadi|Skanehtati|Skanéhtati|Skenektadi|Skenektadis|Skunektadi|seukinegteodi|si ke nei ke ta di|sknktdy  nywywrk|sknyktady|sqnqtdy|sukenekutadi|Скенектади|Скенектаді|Скънектади|Шинетади|סקנקטדי|سكنيكتادي|سکنکتدی، نیویورک|سکینکٹڈی ، نیویارک|سکینیکٹیڈی، نیو یارک|スケネクタディ|斯克内克塔迪|스키넥터디
Seaford,city,NY,40.66593,-73.48818,15294,Jerusalem South|Siford|shifodo|syfwld|syfwld  nywywrk|syfwrd|xi fu de|Сифорд|Сіфорд|سيفورد|سیفولد|سیفولد، نیویورک|シーフォード|西福德
Seaside,city,NY,40.58316,-73.82819,12754,
Selden,city,NY,40.86649,-73.03566,19851,Westfield|Селден
Sheepshead Bay,city,NY,40.59122,-73.94458,122534,
Shirley,city,NY,40.80149,-72.8676,27854,Shirli|WSH|shari|shrly|shrly  nywywrk|shyrly|syeolli|syrly|Ширли|Ширлі|שירלי|شرلی|شرلی، نیویورک|شيرلى|شيرلي|ഷേർളി|シャーリー|셜리
Sleepy Hollow,city,NY,41.08565,-73.85847,10242,Beekmantown|North Tarrytown|Slipi Kholou|Slipi-Khollou|duan tou gu|seullipihollo|slyby halw|Слипи Холоу|Слипи-Холлоу|سليبي هالو|斷頭谷|슬리피홀로
Smithtown,city,NY,40.85593,-73.20067,26470,Head of the River|Smitstaun|smythtawn|Смитстаун|سميثتاون
South Farmingdale,city,NY,40.72066,-73.44012,14486,Saut Farmingdejl|Saut-Farmingdejl|sawt farmynqdyl  nywywrk|sawth farmynghdal|Саут Фармингдејл|Саут-Фармингдейл|Саут-Фармінгдейл|ساوت فارمینقدیل، نیویورک|ساوت فارمینگ‌دیل|ساوث فارمينغدال
South Ozone Park,city,NY,40.6701,-73.81902,75878,
Springfield Gardens,city,NY,40.66312,-73.76221,30515,Springfield|sbrnghfyld ghardnz  kwynz|si pu lin fei er de hua yuan|spryngpyld grdns|ספרינגפילד גרדנס|سبرنغفيلد غاردنز، كوينز|سپرنگفیلڈ گارڈنز، کوئینز|スプリングフィールド・ガーデンズ|斯普林菲爾德花園
Spring Valley,city,NY,41.11315,-74.04375,32598,Pascack|Pot Cheese Hollow|Spring Vali|Spring-Vehlli|sbryngh faly|sprng wyly  nyw yark|Спринг Вали|Спринг-Вэлли|ספרינג וועלי|سبرينغ فالي|سپرنگ ویلی، نیو یارک|スプリング・バレー
Spuyten Duyvil,city,NY,40.88121,-73.91736,10971,
Staten Island,city,NY,40.56233,-74.13986,468730,Borough of Staten Island
Stony Brook,city,NY,40.92565,-73.14094,13740,Stoni Bruk|Stonybrook|Stouni-Bruk|Wopowag|astwny brwk  nywywrk|seutonibeulug|Стони Брук|Стоуни-Брук|استونی بروک، نیویورک|스토니브룩
Stony Point,city,NY,41.22954,-73.98708,12147,Flora Falls|Florus Falls|North Haverstraw|Stoni Pojnt|Stonypoint|Стони Појнт
Suffern,city,NY,41.11482,-74.14959,11001,New Antrim|Point of the Mountains|Safern|Suffrens|safan|swfrn|Саферн|سوفرن|サファーン
Sunnyside,city,NY,40.73982,-73.93542,49833,
Syosset,city,NY,40.82621,-73.50207,18829,Little East Woods
Syracuse,city,NY,43.04812,-76.14742,144142,Bogardus Corners|Cossitts Corners|Kah-ya-hoo-neh|Ken-tue-ho-ne|Milan|Na-ta-dunk|SYR|Siracusa|Sirak'jus|Sirakjus|Sirakjuz|Sirakuso|Sirakuz|South Salina|Sy-kuse|Syracusae|Syracuse i New York|Tu-na-ten-tonk|sayrakywz|shirakyusu|shirakyuzu|sileokyuseu|sirekyuja|syrakywz|syrakywz  nyw yark|syrakywz  nywywrk|syrqywz|xi la qiu ci|Сиракуз|Сиракьюс|Сиракюз|Сиракјус|Сіракюс|סירקיוז|سائراکیوز|سيراكيوز|سیراکیوز، نیو یارک|سیراکیوز، نیویورک|सिरॅक्युज|სირაკიუსი|シラキュース|シラキューズ|锡拉丘兹|시러큐스
Tarrytown,city,NY,41.07621,-73.85875,11560,Alipkonk|Taritaun|Tarritaun|Tarry Town|Tarwe Dorp|bai you cun|taelitaun|tarytawn|Таритаун|Тарритаун|تاريتاون|柏油村|태리타운
Terrace Heights,city,NY,40.72149,-73.7693,15421,
Terryville,city,NY,40.90899,-73.06511,11849,Terivil|Terrivill|trywyl  nywywrk|Теривил|Терривилл|Террівілл|تریویل، نیویورک|تری‌ویل
Throgs Neck,city,NY,40.8226,-73.81958,33683,Throg's Neck
Tonawanda,city,NY,43.02033,-78.88031,14907,Tonavonda|Tonewanta|Tonovindo|tanawnda  nywywrk|twnawanda|Тонавонда|Тоновиндо|تاناوندا، نیویورک|توناواندا
Tremont,city,NY,40.84954,-73.90569,22870,Adamsville|Mount Hope|South Fordham|Upper Morrisania
Troy,city,NY,42.72841,-73.69179,49906,Ashleys Ferry|Ferry Hook|Traj|Troj|Troja|Van Der Heyden Ferry|Van Der Heyden's Ferry|Vanderheydens Ferry|te luo yi|teuloi|toroi|trwy|trwy  nywywrk|Трай|Трой|Троя|Трој|Թրոյ|تروي|تروی، نیویورک|ٹرائے، نیو یارک|ٹراۓ، نیویارک|トロイ|特洛伊|트로이
Uniondale,city,NY,40.70038,-73.59291,24759,East Meadow|Juniondejl|Turtle Hook|Union Dale|wnywndaly|you ning dai er|yunieondeil|yunionderu|ywnywndayl|ywnywndyyl  nywywrk|Јуниондејл|Юниондейл|Юніондейл|ونيوندالى|يونيوندايل|یونیوندئیل، نیویورک|یونیوندایل|ユニオンデール|尤宁戴尔|尤寧戴爾|유니언데일
Unionport,city,NY,40.82732,-73.85013,23895,Union Port
University Heights,city,NY,40.8601,-73.9093,27935,Fordham Heights
Upper West Side,city,NY,40.78705,-73.97542,226989,Aukstutinis Vestsaidas|Aukštutinis Vestsaidas|Verkhnij Vest-Sajd|eopeoweseuteusaideu|shang xi cheng|xap pexr west sid|Верхний Вест-Сайд|אפער וועסט סייד|אפר וסט סייד|อัปเปอร์เวสต์ไซด์|ზემო ვესტ-საიდი|アッパー・ウエスト・サイド|上西城|어퍼웨스트사이드
Utica,city,NY,43.1009,-75.23266,61100,Fort Schuyler|Iotekha|Iotékha|Jutika|Jutyka|Nundadasis|Old Fort Schuyler|Tevadahahtodague|Twa-dah-ah-lo-dah-que|UCA|Unungagages|Utika|Yanundadasis|ZUA|awtyka|you ti ka|yutika|ywtyka  nywywrk|ywtyqh|Јутика|Утика|Ютика|Ютыка|Ютіка|יוטיקה|أوتيكا|یوتیکا، نیویورک|یوٹیکا، نیو یارک|ユーティカ|由提卡
Valley Stream,city,NY,40.66427,-73.70846,37962,Vali Strijm|Vali Strim|faly strym|wly astrym  nywywrk|Вали Стрийм|Вали Стрим|فالي ستريم|ولی استریم، نیویورک|ویلی سٹریم، نیو یارک
Van Nest,city,NY,40.84843,-73.86375,23700,
Vestal,city,NY,42.08507,-76.05381,28043,Crane's Ferry|Vestal Mills
Wakefield,city,NY,40.89788,-73.85236,52201,
Wantagh,city,NY,40.68371,-73.51013,18871,Vonto|Вонто
Washington Heights,city,NY,40.8501,-73.93541,152613,Harlem Heights|Pen-a-bick|washintonhaitsu|wosingteonhaicheu|ワシントンハイツ|워싱턴하이츠
Watertown,city,NY,43.97478,-75.91076,26780,ART|Uotertaun|Vatertaun|Votertaun|uotataun|watrtawn  nywywrk|watyrtawn|Ватертаун|Вотертаун|Уотертаун|واترتاون، نیویورک|واتيرتاون|واٹر ٹاؤن|ウォータータウン
Wawarsing,city,NY,41.75898,-74.35738,12925,Warwasing|Wawasink
West Albany,city,NY,42.68313,-73.77845,93794,Spencerville|albany ghrby|wzt albany  nywywrk|آلبانی غربی|وزت آلبانی، نیویورک|ウェスト・オルバニー
West Babylon,city,NY,40.71816,-73.35429,43213,Vest Babilon|Vest-Babilon|uesutobabiron|wst babylwn|wst babylwn  nywywrk|wyst babylwn|xi ba bi lun|Вест Бабилон|Вест-Бабилон|מערב בבילון|وست بابیلون|وست بابیلون، نیویورک|ويست بابيلون|ウェストバビロン|西巴比倫
West Haverstraw,city,NY,41.20954,-73.98542,10421,Samsondale
West Hempstead,city,NY,40.70482,-73.65013,18862,Uest Khempsted|Vest Khempsted|Vest-Gempsted|hmpstd ghrby|hmpstd ghrby  nywywrk|wwst hmpstd|wyst hymstyd|Вест Хемпстед|Вест-Гемпстед|Уест Хемпстед|Ուեսթ Հեմփսթեդ|ווסט המפסטד|همپستد غربی|همپستد غربی، نیویورک|ويست هيمستيد|ウェスト・ヘンプステッド
West Henrietta,city,NY,43.04006,-77.66167,11691,
West Islip,city,NY,40.70621,-73.30623,28335,
West Seneca,city,NY,42.85006,-78.79975,44711,Limestone Hill|Vest Seneka|wyst synyka|Вест Сенека|ويست سينيكا
Westbury,city,NY,40.75566,-73.58763,15379,Vestberi|Westbury Station|wstbary|Вестбери|وستباري
White Plains,city,NY,41.03399,-73.76291,58459,Quaropas|Uajt Plejns|Uajt-Plejns|Vajt Plajns|Vajt Plejns|Vajt-Plejns|Whiteplains|bai yuan shi|hwaiteupeulleinseu|wayt blyns|wayt playnz  nywywrk|wyyt plyyns|Вайт Плайнс|Вайт-Плейнс|Вајт Плејнс|Уайт Плейнс|Уайт-Плейнс|ווייט פלעינס|וייט פליינס|وائٹ پلینس، نیویارک|وايت بلينس|وایت پلاینز، نیویورک|ホワイト・プレインズ|ホワイト・プレインズ_|白原市|화이트플레인스
Whitestone,city,NY,40.79455,-73.81847,36984,Clintonville|Cookie Hill
Williamsburg,city,NY,40.71427,-73.95347,33000,Williamsburgh
Wilton,city,NY,43.18007,-73.74429,17361,Doe's Corners|Wiltonville
Woodbury,city,NY,41.36454,-74.10598,10879,
Woodhaven,city,NY,40.68927,-73.85791,36555,Woodville|وڈ ہیون، کوئینز
Woodmere,city,NY,40.63205,-73.71263,17121,Vudmer|Vudmir|Woodburg|Woodsburg|buramera|uddomea|vudamera|wu de mi er|wwdmr|wwdmyr|wwdmyr  nywywrk|Вудмер|Вудмир|וודמר|وودمير|وودمیر|وودمیر، نیویورک|वुडमेर|ବୁଡ଼ମେର|ウッドメア|伍德米爾
Woodrow,city,NY,40.5415,-74.19106,21005,Bogardus Corners|Wood Row
Woodside,city,NY,40.74538,-73.90541,41981,
Wyandanch,city,NY,40.75399,-73.3604,11647,Half Way Hollow Hills|West Deer Park|Wyandance|Wylandanch
Wykagyl,city,NY,40.94149,-73.79902,14146,
Yonkers,city,NY,40.9304,-73.89789,201116,Ionkers|Jonkers|Jonkersas|Jonkurs|Yonckers|yang ke si|yankrz|yongkeoseu|yonkazu|ywnkrz|ywnkrz  nyw yark|ywnkyrs|ywnqrs|Іонкерс|Јонкерс|Йонкерс|Йонкърс|יאנקערס|יונקרס|يونكيرس|یانکرز|یونکرز|یونکرز، نیو یارک|ヨンカーズ|揚克斯|용커스
Akron,city,OH,41.08144,-81.51901,197542,Akron City|Akrona|Akronas|Akrono|Akrun|CAK|Ehkron|New Portage|Summitville|a ke lun|aekeuleon|akran  awhayw|akrwn|akuron|ekran|Акрон|Акрън|Экрон|Ակրոն|אקרון|آكرون|اکران، اوهایو|اکرون، اوہائیو|अ‍ॅक्रन|ஏக்ரன்|അക്രോൺ|アクロン|阿克伦|애크런
Alliance,city,OH,40.91534,-81.10593,22055,Al'jans|Alajans|Alianco|Ehllaehns|Ellaens|Freedom|Liberty|Mahoning|Olians|Williamsport|a lai en si|alayans|alyans  awhayw|araiansu|eollaieonseu|Алајанс|Альянс|Еллаєнс|Олианс|Эллаэнс|ألايانس|الايانس|الیانس، اوهایو|アライアンス|阿莱恩斯|阿萊恩斯|얼라이언스
Amherst,city,OH,41.39782,-82.22238,12135,Amherst Corners|Amherstville|Amhurst|Amkherst|Ehmgerst|Emgerst|Four Corners|North Amherst|Plato|amasuto|amhrst|amhrst  awhayw|Амхерст|Емгерст|Эмгерст|أمهرست|امهرست|امهرست، اوهایو|アマースト
Ashland,city,OH,40.86867,-82.31822,20317,Ashlend|Ehshlehnd|Eshland|Eshlend|Uniontown|a shen lan|aesyullaendeu|ayshlnd  awhayw|Ашленд|Ешланд|Ешленд|Эшлэнд|آشلاند|ایشلند، اوهایو|ایشلنڈ، اوہائیو|阿什兰|애슐랜드
Ashtabula,city,OH,41.86505,-80.78981,18371,Ashtabjula|Ehshtabula|JFN|a shen ta bi la|aesyuteobyulla|ashtabwla|ashtabwla  awhayw|ashutabyura|Аштабјула|Эштабула|أشتابولا|اشتابولا، اوهایو|アシュタビューラ|阿什塔比拉|애슈터뷸라
Aurora,city,OH,41.31755,-81.34539,15838,Aurora Center|Aurora Centre|Aurora Depot|Aurora Station|Avrora|Howardsville|Howardville|Orora|ao luo la|awrwra|awrwra  awhayw|o yirora|Аврора|Орора|Ավրորա|אורורה|ارورا، اوہائیو|اورورا|اورورا، اوهایو|オ一ロラ|奧羅拉
Austintown,city,OH,41.10172,-80.76452,29677,Austin|Austin Centre|Austintown Centre|Orange
Avon,city,OH,41.45171,-82.03542,22544,Ehvon|Ejvon|French Creek|Troy|Xeuma|afwn|awwn  awhayw|Ејвон|Эвон|أفون|اوون، اوهایو
Avon Center,city,OH,41.45976,-82.01959,15724,Avon Centre
Avon Lake,city,OH,41.50532,-82.0282,23453,Avon Lejk|Ehvon Lehjk|afwn lyk|awwn lyk  awhayw|Авон Лејк|Эвон Лэйк|آفون ليك|اوون لیک، اوهایو
Barberton,city,OH,41.01283,-81.60512,26234,Barbehrton|Barbertan|Barburtun|ba bo dun|babaton|barbrtwn|barbrtwn  awhayw|brbrtwn|Барбертан|Барбертон|Барбъртън|Барбэртон|Բարբերթոն|ברברטון|باربرتون|باربرتون، اوهایو|バーバートン|巴伯頓|巴伯顿
Bay Village,city,OH,41.48477,-81.92208,15402,Bay|Behj Villadzh|Bej Vilidz|Bej Vilidzh|Bej-Villedzh|Bej-Villidzh|Dover Bay|Dover Bay Park Station|Dover Station|Dover Village|Lang Bay|Làng Bay|River Bank|bay wylyj  awhayw|bei cun|byh fylyj|byy wylg'|hai wan zhen|Бей Вилидж|Бей-Вилледж|Бей-Виллидж|Бей-Вілледж|Беј Вилиџ|Бэй Вилладж|ביי וילג'|بای ویلیج، اوهایو|بيه فيليج|ベイ・ヴィレッジ|海湾镇|海灣鎮|貝村
Beachwood,city,OH,41.4645,-81.50873,11762,Bichvud|bytshwwd|Бичвуд|بيتشوود|بک‌وود، اوهایو|بیچ ووڈ، اوہائیو
Bedford,city,OH,41.39311,-81.53651,12747,Behdford|Pilgerruh|bdfwrd  awhayw|bdpwrd|beddofodo|bedeupeodeu|bydfwrd|Бедфорд|Бэдфорд|בדפורד|بدفورد، اوهایو|بيدفورد|بیڈفورڈ، اوہائیو|ベッドフォード|베드퍼드
Bedford Heights,city,OH,41.417,-81.52734,10625,
Bellefontaine,city,OH,40.36116,-83.75966,13117,Behllfontehjn|Belfauntn|Belle Fontaine|Bellfontain|Bellfontaine|Blue Jackets Town|bei er fang dan|blfwntayn  awhayw|byl fwntyn|Белфаунтн|Бэллфонтэйн|بلفونتاین، اوهایو|بيل فونتين|贝尔方丹
Berea,city,OH,41.36616,-81.8543,18874,Behri|Berija|Lyceum Village|bra  awhayw|byrya|Береа|Берија|Бэри|برا، اوهایو|بيريا
Boardman,city,OH,41.02423,-80.66285,35376,Boadman|Boardman Center|Boardman Centre|Bordman|Broadman|Боадман|Бордман
Bowling Green,city,OH,41.37477,-83.65132,31246,Bouling Grin|Bouling-Grin|bao ling ge lin|bolling-geulin|bwlyngh ghryn|bwwlyng gryn  awhayw|Боулинг Грин|Боулинг-Грин|باولنگ گرین، اوہائیو|بولينغ غرين|بوولینگ گرین، اوهایو|鮑靈格林|볼링그린
Brecksville,city,OH,41.31978,-81.62679,13440,Brehksvill|Breksvil|Bricksville|brkswyl  awhayw|byksfyl|Брексвил|Брэксвилл|برکسویل، اوهایو|بيكسفيل
Broadview Heights,city,OH,41.31394,-81.68513,19229,Broadview Hts|Brodvju Khajts|Brudvju Khehjts|Walling Corners|brwdfyw hayts|brwdwyw hayts  awhayw|Бродвју Хајтс|Брудвю Хэйтс|برودفيو هايتس|برودویو هایتس، اوهایو
Brook Park,city,OH,41.39838,-81.80458,18809,Bruk Park|brwk bark|brwk park  awhayw|Брук Парк|بروك بارك|بروک پارک، اوهایو
Brooklyn,city,OH,41.43977,-81.73541,10899,Brklin|Brooklyn Village|Bruklin|Ohio City|brwklyn|brwklyn  awhayw|bu lu ke lin|Брклин|Бруклин|Бруклін|بروكلين|بروکلین، اوهایو|بروکلین، اوہائیو|布魯克林
Brunswick,city,OH,41.23811,-81.8418,34689,Bransvik|Braunshvejg|Brunswick Center|beuleonjeuwig|branzwyk  awhayw|brwnzwyk|bu lun rui ke|Брансвик|Брауншвейг|برانزویک، اوهایو|برنزوک، اوہائیو|برونزويك|不倫瑞克|브런즈윅
Bucyrus,city,OH,40.80839,-82.97546,11916,Bakiras|Beadles Settlement|Bjusajrus|bwsayrws|bwsyrws  awhayw|Бакирас|Бјусајрус|بوسايروس|بوسیروس، اوهایو
Cambridge,city,OH,40.03118,-81.58846,10402,Kehmbridzh|Kejmbridzh|Kembridz|Kembridzh|kambrdj|kmbryj  awhayw|Кеймбридж|Кембридж|Кембриџ|Кэмбридж|كامبردج|کمبریج، اوهایو|کیمبرج، اوہائیو
Canton,city,OH,40.79895,-81.37845,71885,Kanton|Кантон
Celina,city,OH,40.54894,-84.57023,10387,Sehlina|Selajna|Selina|slyna  awhayw|sylyna|Селајна|Селина|Селіна|Сэлина|سلینا، اوهایو|سيلينا|وین ٹاؤن شپ، مرسر کاؤنٹی، اوہائیو
Cleveland,city,OH,41.4995,-81.69541,365379,CLE|Cleaveland|Forest City|Klevalehnd|Kliulend|Klivelant|Klivland|Klivlandas|Klivlando|Klivlend|Klivlenda|Klīvlenda|ka fu lan|ke li fu lan|keullibeullaendeu|kilivlant|klebhilyanda|klivhalanda|klyfland|klywlnd|kuriburando|qlyblnd|Κλίβελαντ|Клевалэнд|Кливланд|Кливленд|Клівленд|Кліўленд|Քլիվլենդ|קליבלנד|קליוולאנד|كليفلاند|کلیولند|کلیولینڈ، اوہائیو|क्लीव्हलंड|ক্লেভিল্যান্ড|கிளீவ்லன்ட்|คลีฟแลนด์|კლივლენდი|クリーブランド|克利夫兰|克里夫蘭|卡夫蘭|클리블랜드
Collinwood,city,OH,41.55838,-81.56929,34220,ke lin wu de|korin'uddo|コリンウッド|科林伍德
Conneaut,city,OH,41.94756,-80.55424,12712,Connaut|Conneaught|Koniot|Konniut|Lakeville|Port Independence|Salem|Stow Castle|kwnawt  awhayw|kwnw|Кониот|Конниут|كونو|کوناوت، اوهایو
Copley,city,OH,41.09894,-81.64457,13641,Copely|Copley Center|Copley Centre|Coply|Greenfield
Coshocton,city,OH,40.27202,-81.85958,11121,Bullets Town|Delaware Town|Forks of Muskingum|Goschachgunk|Koschachkink|Koshokton|Tuscarawas|Tuscurawa|Tuskarawa|kwshaktn  awhayw|kwshwktwn|Кошоктон|كوشوكتون|کوشاکتن، اوهایو
Cuyahoga Falls,city,OH,41.13394,-81.48456,49146,Kajakhoga Fols|Kajakhoga-Fols|Kuakhoga Fols|kaieohogapolseu|kayahogaforuzu|kwyahwga fals  awhayw|kwyahwgha fwlz|Каяхога-Фолс|Кајахога Фолс|Куахога Фолс|كوياهوغا فولز|کواہوگا فالز، اوہائیو|کویاهوگا فالس، اوهایو|カヤホガフォールズ|카이어호가폴스
Defiance,city,OH,41.28449,-84.35578,16776,Au Glaize|DFI|Defajans|Defians|Ensawacosa|Fort Defiance|Fort Miamis|Fort Winchester|Grand Glaize|Miami Fort|Miamis Fort|Tuendawie|Twendiawie|Winchester|dfyans  awhayw|difaiansu|dyfayns|Дефајанс|Дефианс|دفیانس، اوهایو|ديفاينس|ディファイアンス
Delaware,city,OH,40.29867,-83.06797,37995,Delavarskij|Delaver|Millville|derauea|dlawar  awhayw|dylawyr|Делаварский|Делавер|دلاوار، اوهایو|ديلاوير|デラウェア
Dover,city,OH,40.52062,-81.47401,12899,Canal Dover|Canal Dover Village|Dovehr|Dovero|doba|duo fu|dwbr|dwfr|dwwr  awhayw|Довер|Довэр|Դովեր|דובר|دوفر|دوور، اوهایو|ڈوور، اوہائیو|ドーバー|多佛
Dublin,city,OH,40.09923,-83.11408,45098,Dablin|Dublinas|daburin|dbln|deobeullin|dwblyn  awhayw|Даблин|Дублин|دبلن|دوبلین، اوهایو|ڈبلن، اوہائیو|ダブリン|더블린
East Cleveland,city,OH,41.53311,-81.57901,17344,Colamer|Collamer|Collamer Station|Euclid|Ist Klivland|Ist Klivlehnd|Ist-Klivlend|Nine Mile Creek|Orient-Klevlando|Vostochnyj Klivlend|aysant klyfland|ayst klwland  awhayw|ayst klyfland|dong ke li fu lan|dongkuriburando|iseuteukeullibeullaendeu|ist-Klivlend|klywlnd shrqy  awhayw|Восточный Кливленд|Ист Кливланд|Ист Кливлэнд|Ист-Кливленд|іст-Клівленд|איסט קליבלנד|إيست كليفلاند|ايسانت كليفلاند|ایست کلولاند، اوهایو|کلیولند شرقی، اوهایو|東クリーブランド|東克里夫蘭|이스트클리블랜드
East Liverpool,city,OH,40.61868,-80.57729,10846,Crockery City|Fawcetts Town|Fawcettstown|Ist Liverpul|Ist Liverpul'|Liverpool|Pottery Center of America|Saint Clair|ayst lyfrbwl|lywrpwl shrqy  awhayw|Ист Ливерпул|Ист Ливерпуль|إيست ليفربول|لیورپول شرقی، اوهایو
Eastlake,city,OH,41.65394,-81.45039,18232,Eastlake City|Istlehjk|Istlejk|ayst lyk|Истлејк|Истлэйк|ايست ليك|ایست‌لیک، اوهایو
Elyria,city,OH,41.36838,-82.10765,53775,Ehlajria|Ehlirija|Elirija|alyrya|alyrya  awhayw|eriria|yi li li ya|Елирија|Элайриа|Элирия|إليريا|الیریا، اوهایو|ایلیریا، اوہائیو|エリリア|伊利里亞
Euclid,city,OH,41.5931,-81.52679,47676,East Euclid|Ehuklid|Euclid Creek|Euclid Station|Euclid Village|Evklid|Juklid|awklyd  awhayw|ou ji li de|yukeullideu|yukuriddo|ywklyd|Јуклид|Евклид|Эуклид|Юклид|Юклід|אוקליד|اوکلید، اوهایو|ایوکلڈ، اوہائیو|يوكليد|იუკლიდი|ユークリッド|欧几里德|歐幾里得|歐幾里德|유클리드
Fairview Park,city,OH,41.44144,-81.8643,16407,Fairview|Fairview Village|Fajavju Park|Fearviou Park|Ferv'ju-Park|Fervju Park|fayrwyw park  awhayw|fei er wei you pa ke|fyrfyw bark|Φέαρβιου Παρκ|Файавю Парк|Ферв'ю-Парк|Фервью-Парк|Фервју Парк|פיירויו פארק|فایرویو پارک، اوهایو|فيرفيو بارك|فیئرویو پارک، اوہائیو|費爾維尤帕克
Findlay,city,OH,41.04422,-83.64993,41149,FDY|Fajndlehj|Findli|findore|fndly|fyndlay  awhayw|pindeullei|Файндлэй|Финдли|Фіндлі|فندلي|فیندلای، اوهایو|フィンドレー|핀들레이
Fostoria,city,OH,41.157,-83.41687,13167,Fostorija|Risdon|Rome|Stoner|fosutoria|fu si tuo li ya|fwstwrya|fwstwrya  awhayw|Фосториа|Фостория|Фосторија|Фосторія|فوستوريا|فوستوريا، أوهايو|فوستوریا، اوهایو|フォストリア|福斯托裏亞|福斯托里亚
Fremont,city,OH,41.35033,-83.12186,16297,Croghanville|Freemont|Frehmont|Frimont|Lower Sandusky|frmwnt  awhayw|frymwnt|peulimonteu|Фримонт|Фрэмонт|فرمونت، اوهایو|فريمونت|فریمونٹ، اوہائیو|프리몬트
Gahanna,city,OH,40.01923,-82.87934,34590,Bridgeport|Gahana|Gahannan|Gakhana|Gakhanna|gahana  awhayw|ghahana|Гахана|Гаханна|غاهانا|گاهانا، اوهایو
Galion,city,OH,40.73367,-82.7899,10127,GQQ|Galeon|Galijon|Goshen|Hardscrabble|Horseshoe|Hosfords|LovericksSettlement|Loverings|New Moccasin|Spangtown|Spongetown|The Corners|galywn  awhayw|ghalywn|jalywn|jia li en|qalywn  awhayw|Галион|Галијон|Галіон|جاليون|غاليون|قالیون، اوهایو|گالیون، اوهایو|加利恩
Garfield Heights,city,OH,41.417,-81.60596,28097,Garfield Hts|Garfild Khajts|Garfild Khehjts|Garfild-Gajts|Garfild-Khajgs|South Newburgh|garfyld hyts  awhayw|gharfyld hayts|grpyld hyyts|jarfyld hayts|qarfyld hayts  awhayw|Гарфилд Хајтс|Гарфилд Хэйтс|Гарфилд-Гайтс|Гарфилд-Хайгс|Гарфілд-Гайтс|גרפילד הייטס|جارفيلد هايتس|غارفيلد هايتس|قارفیلد هایتس، اوهایو|گارفیلد هیتس، اوهایو|گارفیلڈ ہائٹس، اوہائیو
Glenville,city,OH,41.53338,-81.61735,23559,
Green,city,OH,40.94589,-81.48317,25898,Grin|ghryn|gryn  awhayw|Грин|غرين|گرین، اوهایو
Greenville,city,OH,40.10283,-84.63301,13006,Fort Green Ville|Fort Greenville|Greeneville|Grinvil|Grinvill|Miamis Town|Tecumseh Point|Tecumsehs Spring|ghrynfyl|grynwyl  awhayw|Гринвил|Гринвилл|غرينفيل|گرینویل، اوهایو|گرینویل، اوہائیو
Heath,city,OH,40.02284,-82.4446,10489,Khis|Khit|hys  awhayw|hyth|Хис|Хит|هيث|هیس، اوهایو
Hilliard,city,OH,40.0334,-83.15825,33649,Hilliard Village|Hilliards|Hilliards Station
Hough,city,OH,41.512,-81.63652,16359,
Hudson,city,OH,41.24006,-81.44067,22437,Chantson|Gadson|Gudzon|Hudson Village|Hudzon|Khadson|ha de xun|hadasana|hadoson|hadswn  awhayw|hdsn|hdswn|hwdswn  awhayw|Χάντσον|Гадсон|Гудзон|Хадсон|Հուդզոն|הדסון|هادسون، اوهایو|هدسن|هودسون، اوهایو|ہڈسن، اوہائیو|हडसन|ハドソン|哈德逊|哈德遜
Kent,city,OH,41.15367,-81.35789,29810,Carthage|Franklin|Franklin Mills|Lower Village|ken te|kenta|kenteu|knt  awhayw|kynt|Кент|كينت|کنت، اوهایو|کینٹ، اوہائیو|केंट|肯特|켄트
Lakewood,city,OH,41.48199,-81.79819,50656,Arlington|East Rockport|Lehjkvud|Leikgount|Leikvuda Ohaio stats|Leikvuda Ohaio štats|Lejkvud|la ke wu de|leikeuudeu|lykwwd|lyyqwwd|reikuuddo|Λέικγουντ|Лейквуд|Лејквуд|Лэйквуд|Լեյքվուդ|לייקווד|ليكوود|لیک ووڈ، اوہائیو|لیک‌وود، اوهایو|レイクウッド|拉克伍德|레이크우드
Lewis Center,city,OH,40.1984,-83.01018,11261,Lewis Centre|ruisusenta|ルイスセンター
Lima,city,OH,40.74255,-84.10523,37873,AOH|laima|lyma|lyma  awhayw|raima|Лима|ليما|لیما، اوهایو|ライマ|라이마
Lorain,city,OH,41.45282,-82.18237,63647,Black River|Black River Settlement|Blackriver|Charleston|Charlestown|Lorehjn|Lorejn|Loren|Mouth of Black River|luo lan|lwryn|lwryn  awhayw|lwryyn|rorein|Лорейн|Лорен|Лорэйн|לוריין|لورين|لورین، اوهایو|لورین، اوہائیو|ロレイン|洛兰
Lyndhurst,city,OH,41.52005,-81.48873,13691,Euclidville|Lindkherst|lyndhrst|lyndhwrst  awhayw|Линдхерст|ليندهرست|لیندهورست، اوهایو
Macedonia,city,OH,41.31367,-81.50845,11686,Macedonia Depot|Maedonia|Makedonija|Makedonio|Masidonija|makedonia|masydwnya|mqdwnyh  awhayw|Македония|Македонија|Македонія|Масидонија|ماسيدونيا|مقدونیه، اوهایو|مقدونیہ، اوہائیو|マケドニア
Mansfield,city,OH,40.75839,-82.51545,46830,MFD|Mansfild|Mehnsfild|Mensfild|maenseupildeu|mansqyld|mansufirudo|mnsfyld  awhayw|mnspyld|Мансфилд|Менсфилд|Менсфілд|Мэнсфилд|מנספילד|مانسقيلد|منسفیلد، اوهایو|مینسفیلڈ، اوہائیو|マンスフィールド|맨스필드
Maple Heights,city,OH,41.41533,-81.56596,22631,Mapl Khehjts|Mejpl Khajts|Mejpl-Gajts|Mejpl-Khajts|feng ye gao de|mapl hyts  awhayw|mybl hayts|mypl hayts  awhayw|myypl hyyts|Мапл Хэйтс|Мейпл-Гайтс|Мейпл-Хайтс|Мејпл Хајтс|מייפל הייטס|ماپل هیتس، اوهایو|ميبل هايتس|میپل هایتس، اوهایو|メイプル・ハイツ|枫叶高地|楓葉高地
Marion,city,OH,40.58867,-83.12852,36363,Jacobs Well|MNN|Marion Court House|Mehrion|ma li en|marywn|marywn  awhayw|Марион|Мэрион|ماريون|ماریون، اوهایو|ماریون، اوہائیو|马里恩
Marysville,city,OH,40.23645,-83.36714,22817,Mehrisvill|Merisvil|Shaded City|Shady City|maryswyl  awhayw|mearizubiru|melijeubil|myryzfyl|Мерисвил|Мэрисвилл|ماریسویل، اوهایو|ميريزفيل|میریزویل، اوہائیو|メアリーズビル|메리즈빌
Massillon,city,OH,40.79672,-81.52151,32252,Kendal|Kendall|Masillon|Masilon|Massil'on|Massillion|Massilon|ma xi long|mashiron|masillon|masylwn|masylwn  awhayw|msylwn|Μάσιλον|Масилон|Массиллон|Массильон|Массіллон|Մասիլոն|מסילון|ماسيلون|ماسیلون، اوهایو|マシロン|馬夕隆|마실론
Maumee,city,OH,41.56283,-83.65382,13940,Fort Miami|Maumee City|Maumi|Momi|Waynesville|mawmy|mawmy  awhayw|mo mi|momi|Мауми|Моми|Момі|ماومى|ماومي|ماومی، اوهایو|モーミー|莫米
Mayfield Heights,city,OH,41.51922,-81.4579,18840,Mehjfild Khehjts|Mejfild Khajts|Mejfild-Gajts|Mejfild-Khajts|mayfyld hayts|mayfyld hyts  awhayw|myfyld hayts  awhayw|myypyld hyyts|Мейфилд-Гайтс|Мейфилд-Хайтс|Мейфілд-Гайтс|Мејфилд Хајтс|Мэйфилд Хэйтс|מייפילד הייטס|مايفيلد هايتس|مایفیلد هیتس، اوهایو|میفیلد هایتس، اوهایو
Medina,city,OH,41.13839,-81.86375,26339,Mecca|Medajna|Medina Court House|mdyna|mdyna  awhayw|Медајна|Медина|مدينا|مدینا، اوهایو|مدینہ، اوہائیو
Mentor,city,OH,41.66616,-81.33955,46901,Mehntor|Mentor Station|mntwr|mntwr  awhayw|Ментор|Мэнтор|منتور|منتور، اوهایو
Middleburg Heights,city,OH,41.36144,-81.81291,15696,Middlburg|Middlburg-Gajts|Middleburgh Heights|Midlberg Khajts|Mintlmpernk Chaits|mi de er bao hai ci|mydlbrq hayts  awhayw|mydlbwrg hyts  awhayw|mydlbyrgh hayts|mydlbyrj hayts|Μίντλμπεργκ Χάιτς|Миддлбург|Миддлбург-Гайтс|Мидлберг Хајтс|Міддлбург-Гайтс|ميدلبيرج هايتس|ميدلبيرغ هايتس|میدلبرق هایتس، اوهایو|میدلبورگ هیتس، اوهایو|米德尔堡海茨|米德爾堡海茨
Mount Vernon,city,OH,40.3934,-82.48572,16742,Maunt Vernon|mawnt frnwn|mwwnt wrnwn  awhayw|Маунт Вернон|ماؤنٹ ورنن، اوہائیو|ماونت فرنون|موونت ورنون، اوهایو
New Franklin,city,OH,40.94172,-81.54151,14275,
New Philadelphia,city,OH,40.48979,-81.44567,17484,N'ju Filadel'fija|Nju Filadelfija|PHD|Philadelphia|nyw fyladlfya|nyw fyladlfya  awhayw|Њу Филаделфија|Нью Филадельфия|نيو فيلادلفيا|نیو فیلادلفیا، اوهایو
Newark,city,OH,40.05812,-82.40126,47986,N'juark|New Ark|Njuark|nyuaku|nywark|nywark  awhayw|Њуарк|Ньюарк|نيوارك|نیوآرک، اوہائیو|نیوارک، اوهایو|ニューアーク
Niles,city,OH,41.18284,-80.76536,18651,Heatons Furnace|Mahoning|Mahoning Salt Springs|Mohoning|Nails|Najls|Niles City|Nilestown|nairuzu|naylz|ni er si|nylz  awhayw|nyyls|Νάιλς|Найлс|Најлс|ניילס|نائلس، اوہائیو|نايلز|نیلز، اوهایو|ナイルズ|尼尔斯|尼爾斯
North Canton,city,OH,40.87589,-81.40234,17441,Bac Canton|Berlin|Bắc Canton|Marchant|New Berlin|Nors Kanton|Nors-Kanton|Nort Kanton|Nort-Kanton|bei kan dun|kan dun|kantwn shmaly  awhayw|noseukaenteon|nwrth kantwn|qntwn hzpwnyt|qwzyy kantwn|Норс Кантон|Норс-Кантон|Норт Кантон|Норт-Кантон|קנטון הצפונית|قوزئی کانتون|نورث كانتون|کانتون شمالی، اوهایو|ノース・カントン|北坎顿|坎頓|노스캔턴
North Olmsted,city,OH,41.4156,-81.92347,32004,Nors Olmstehd|Nort Olmsted|Nort-Olmsted|North Olmstent|awlmstd shmaly  awhayw|nwrth awlmstyd|nxrth xolms ted|qwzyy awlmstd|Νορθ Όλμστεντ|Норс Олмстэд|Норт Олмстед|Норт-Олмстед|اولمستد شمالی، اوهایو|قوزئی اولمستد|نورث أولمستيد|นอร์ทโอล์มสเต็ด
North Ridgeville,city,OH,41.38949,-82.01903,32483,Nors Ridzhvill|Nort Ridzvil|Ridgeville|Ridgeville Centre|nwrth rydjfyl|ryjwyl shmaly  awhayw|Норс Риджвилл|Норт Риџвил|ریجویل شمالی، اوهایو|نورث ريدجفيل
North Royalton,city,OH,41.31366,-81.72457,30311,N Royalton|Nors Rojalton|Nort|Nort-Rojalton|Royalton|Royalton Center|nosuroiyaruton|nwrth rwyaltwn|qwzyy rwyaltwn|rwyaltwn shmaly  awhayw|Норс Роялтон|Норт|Норт-Роялтон|رویالتون شمالی، اوهایو|قوزئی رویالتون|نورث رويالتون|ノースロイヤルトン
Norton,city,OH,41.02922,-81.63818,12036,Norton Center|Norton Centre|Norton Corners|nuo dun|nwrtwn|nwrtwn  awhayw|Нортон|נורטון|نورتون|نورتون، اوهایو|نورٹن ٹاؤن شپ، سمٹ کاؤنٹی، اوہائیو|諾頓
Norwalk,city,OH,41.24255,-82.61573,16827,Norvok|Norvolk|nowokeu|nwrwak  awhayw|Норвок|Норволк|نورواك، أوهايو|نورواک، اوهایو|노워크
Oregon,city,OH,41.64366,-83.48688,20102,awrgwn  awhayw|awryghwn|Орегон|أوريغون|اورگون، اوهایو
Painesville,city,OH,41.72449,-81.24566,19776,Champion|Newmarket|PVZ|Pehjnsvill|Pejnsvil|baynsfyl|pynswyl  awhayw|Пејнсвил|Пэйнсвилл|باينسفيل|پینسویل، اوهایو
Parma,city,OH,41.40477,-81.72291,79937,barma|pama|parma  awhayw|Парма|פארמה|بارما|پارما، اوهایو|پارما، اوہائیو|パーマ|파마
Parma Heights,city,OH,41.39005,-81.75958,20246,Parma|Parma Chaits|Parma Khajts|Parma Khehjts|Parma-Gejts|barma hayts|parma hayts  awhayw|parmahyts  awhayw|Πάρμα Χάιτς|Парма Хајтс|Парма Хэйтс|Парма-Гейтс|بارما هايتس|پارما هایتس، اوهایو|پارما ہائٹس، اوہائیو|پارماهیتس، اوهایو
Perrysburg,city,OH,41.557,-83.62716,21423,Orleans of the North|Pehrrisburg|Perisburg|Perrisberg|Perrisburg|Perrysburgh|byrysbwrgh|byrysbwrj|perizubagu|prysbwrg  awhayw|prysbwrq  awhayw|Перисбург|Перрисберг|Перрисбург|Перрісбург|Пэррисбург|بيريسبورج|بيريسبورغ|پریسبورق، اوهایو|پریسبورگ، اوهایو|ペリーズバーグ
Piqua,city,OH,40.14477,-84.24244,20790,Chillicothe|Lower Piqua|Pickawillany|Picks Town|Pikua|Pikva|Pikvej|Piqua Town|Piquatown|Tawixtwi|Washington|bykwa|pi ka|pikua|pykwa  awhayw|pyqwwh|Пиква|Пиквеј|Пикуа|Піква|פיקווה|بيكوا|پیکوا، اوهایو|ピクア|皮卡
Powell,city,OH,40.15784,-83.07519,12972,Pauehll|Pauel|Pavell|Powell Station|bwyl|pawl  awhayw|Павелл|Пауел|Пауэлл|بويل|پاول، اوهایو
Ravenna,city,OH,41.15756,-81.24205,11619,Ravehnna|Ravena|Revenna|Tinnicum|rafyna|rawna  awhayw|Равена|Равэнна|رافينا|راونا، اوهایو
Richmond Heights,city,OH,41.55283,-81.51012,10469,Claribel|Richmond Hts|Richmond Khajts|Richmond Khehjts|Richmond-Gajts|rychmwnd hayts  awhayw|rychmwnd hyts  awhayw|rytshmwnd hayts|Ричмонд Хајтс|Ричмонд Хэйтс|Ричмонд-Гайтс|ريتشموند هايتس|ریچموند هایتس، اوهایو|ریچموند هیتس، اوهایو|リッチモンド・ハイツ
Rocky River,city,OH,41.4756,-81.8393,20376,Roki River|Roki-River|Rokki Riveh|raky rywr  awhayw|rwky ryfyr|Роки Ривер|Роки-Ривер|Рокки Ривэ|Рокі-Рівер|راکی ریور، اوهایو|راکی ریور، اوہائیو|روكى ريفير|روكي ريفير|ロッキー・リヴァー
Salem,city,OH,40.90089,-80.85675,12003,Sejlem|sai lei mu|salema|salm  awhayw|salym|seremu|sylm  awhayw|Салем|Сейлем|Сејлем|סיילם באוהיו|سالم، اوهایو|ساليم|سیلم، اوهایو|سیلم، اوہائیو|সালেম|セーレム|塞勒姆
Sandusky,city,OH,41.44894,-82.70796,25212,Fort Stephenson|Portland|SKY|Sandaski|Sandusky City|sandwsky|sang da si ji|seondeoseuki|sndwsky  awhayw|Сандаски|ساندوسكي|سندوسکی، اوهایو|桑达斯基|선더스키
Seven Hills,city,OH,41.39533,-81.67624,11690,Sehven Khills|Seven Khils|Seven-Gills|Seven-Khils|qi ling shi|sbn hyls|sebunhiruzu|swn hylz  awhayw|syfn hylz|Севен Хилс|Севен-Гиллс|Севен-Гіллс|Севен-Хилс|Сэвен Хиллс|סבן הילס|سون هیلز، اوهایو|سيفن هيلز|سیون ہلز، اوہائیو|セブンヒルズ|七陵市
Shaker Heights,city,OH,41.47394,-81.53707,27646,East View|North Union|Shaker Village|Shehjker Khehjts|Shejker Khajts|shakyr hayts|shykr hayts  awhayw|syeikeohaicheu|Шејкер Хајтс|Шэйкер Хэйтс|شاكير هايتس|شیکر هایتس، اوهایو|셰이커하이츠
Sidney,city,OH,40.28422,-84.1555,20858,Sidnehj|Sidnej|Sidni|Sydney|sydny|sydny  awhayw|Сидней|Сидни|Сиднэй|سيدني|سیدنی، اوهایو
Solon,city,OH,41.38978,-81.44123,23043,Soulon|soron|swlwn|swlwn  awhayw|Солон|Соулон|سولون|سولون، اوهایو|ソロン
South Euclid,city,OH,41.52311,-81.51846,21794,Nam Euclid|Saut Juklid|Saut-Juklid|Sous Euklid|awklyd jnwby  awhayw|gwnyy awklyd   awhayw|sawth awklyd|Саут Јуклид|Саут-Юклид|Саут-Юклід|Соус Еуклид|اوکلید جنوبی، اوهایو|ساوث إوكليد|ساوث اوكليد|گونئی اوکلید ، اوهایو
Steubenville,city,OH,40.36979,-80.63396,18219,Mingo Town|Stiubenvilis|Stjubehnvill|Stubenvil|Stubenville|astwbnwyl  awhayw|si tuo ben wei er|stwbnfyl|suchubenbiru|Стубенвил|Стюбэнвилл|استوبنویل، اوهایو|ستوبنفيل|スチューベンビル|斯托本维尔
Stow,city,OH,41.1595,-81.44039,34797,Stou|Stow Corners|Stow Ohium|Stowe|Stows Corners|astww  awhayw|stw|suto|Стоу|استوو، اوهایو|ستو|ストー
Streetsboro,city,OH,41.23922,-81.34594,16312,Streetsboro Center|Streetsborough|Stritborou|Stritsboro|astrytsbwrw  awhayw|strytsbwrw|Стритбороу|Стритсборо|Стрітсборо|استریتسبورو، اوهایو|ستريتسبورو
Strongsville,city,OH,41.3145,-81.83569,44668,Strangsville Centre|Strongsvil|Strongsvil'|Strongsvill|Strongville|astrwngswyl  awhayw|astrwnqswyl  awhayw|ohaio zhousutoronguzuvuiru|strwnghsfyl|strwnjsfyl|Стронгсвил|Стронгсвилл|Стронгсвиль|Стронґсвіль|استرونقسویل، اوهایو|استرونگسویل، اوهایو|سترونجسفيل|سترونغسفيل|オハイオ州ストロングズヴィル
Struthers,city,OH,41.05256,-80.60785,10375,Struther
Sylvania,city,OH,41.71894,-83.71299,18965,Silvania|Silvejnija|Whiteford|sylfanya|sylwanya  awhayw|Силваниа|Силвејнија|سيلفانيا|سیلوانیا، اوهایو
Tallmadge,city,OH,41.10145,-81.44178,17512,Center|Tallmadge Center|Tallmadge Centre|Talmadge Center|Talmidz|Tolmehjdzh|talmdj  awhayw|tlmadgh|Талмиџ|Толмэйдж|تالمدج، اوهایو|تلمادغ
Tiffin,city,OH,41.1145,-83.17797,17687,Fort Ball|Oakley|Tifin|di fen|tyfyn|tyfyn  awhayw|Тифин|Тиффин|تيفين|تیفین، اوهایو|ٹفن، اوہائیو|蒂芬
Toledo,city,OH,41.66394,-83.55521,265638,Fort Industry|Port Lawrence|TOL|Talida|Tolido|Tolīdo|Upper Toledo|Vistula|teollido|tolido|toredo|tuo lai duo|twldw|twlydw|twlydw  awhayw|Таліда|Толедо|Толидо|Толідо|Թոլեդո|טולדו|توليدو|تولیدو، اوهایو|ٹولیڈو، اوہائیو|टॉलिडो|トレド|托莱多|털리도
Troy,city,OH,40.0395,-84.20328,25659,Troj|Troja|teuloi|trwy|trwy  awhayw|Трой|Троя|Трој|تروي|تروی، اوهایو|ٹرائے، اوہائیو|트로이
Twinsburg,city,OH,41.31256,-81.44011,18872,Millsville|Tuinsberg|Tvinsberg|Tvinsburg|Twinsburg Center|Twinsburgh|Twinsburgh Center|twynsbwrg  awhayw|twynsbwrgh|Твинсберг|Твинсбург|Туинсберг|توينسبورغ|توینسبورگ، اوهایو
University Heights,city,OH,41.49783,-81.53735,13202,Idlewood|Idlewood Village|Junivehrsiti Khehjts|Juniversiti Khajts|Juniversiti-Gajts|University Hts|da xue gao de|ywnyfyrsyty hayts|ywnywrsyty hayts  awhayw|ywnywrsyty hyts  awhayw|Јуниверсити Хајтс|Юниверсити-Гайтс|Юнивэрсити Хэйтс|Юніверсіті-Гайтс|يونيفيرسيتى هايتس|يونيفيرسيتي هايتس|یونیورسیتی هایتس، اوهایو|یونیورسیتی هیتس، اوهایو|大学高地|大學高地
Urbana,city,OH,40.10839,-83.75243,11547,Urbana City|Urbanna|e ba na|wrbana  awhayw|ywrbana|Урбана|اوربانا، اوہائیو|وربانا، اوهایو|يوربانا|厄巴那
Vermilion,city,OH,41.42199,-82.36461,10434,Vehrmilion|Vermillion|wrmylywn  awhayw|Вермилион|Вэрмилион|ورمیلیون، اوهایو
Van Wert,city,OH,40.86949,-84.58412,10798,Van Vehrt|Van Vert|Vanwert|fan wyrt|wn wrt  awhayw|Ван Верт|Ван Вэрт|فان ويرت|ون ورت، اوهایو
Vermilion-on-the-Lake,city,OH,41.42838,-82.32377,11006,
Wadsworth,city,OH,41.02561,-81.72985,21860,Vadsvors|Vodsvort|Wadsworth City|wa si wo si|wadzwrth|wadzwrth  awhayw|wazuwasu|Вадсворс|Водсворт|וואדסוורת'|وادزورث|وادزورث، اوهایو|ویدس‌وورس، اوهایو|ワズワース|瓦斯沃斯
Warrensville Heights,city,OH,41.43505,-81.53623,13542,Varrehnsvill Khehjts|Vorensvil Khajts|Warrensdale|Warrensville|warnsfyl hayts|warnswyl hayts  awhayw|Варрэнсвилл Хэйтс|Воренсвил Хајтс|وارنسفيل هايتس|وارنسویل هایتس، اوهایو
Warren,city,OH,41.23756,-80.81842,40245,Salt Lick Town|Saltlick Town|Uorren|Uorun|Varrehn|Voren|Warren City|warn  awhayw|woleon|Варрэн|Ворен|Уоррен|Уорън|وارن، اوهایو|워런
Westerville,city,OH,40.12617,-82.92907,38384,Uehstervill|Vehstervill|Vestervill|Vestvil|Westervelt|uesutavuiru|wei si te shi|wei si te wei er|wstrwyl  awhayw|wystrfyl|wystyrfyl|Вествил|Вестервилл|Вестервілл|Вэстервилл|Уэстервилл|وسترویل، اوهایو|ويسترفيل|ويستيرفيل|ウェスターヴィル|威斯特維爾|維斯特市|维斯特市
Westlake,city,OH,41.45532,-81.91792,32428,Dover|Dover Center|Dover Centre|Gouestleik|Uehstlejk|Vehstlehjk|Vestlejk|West Lake|uesutoreiku|wei si te lai ke|wwstlyyq|wysant lyk|wyst lyk|Γουέστλεϊκ|Вестлейк|Вестлејк|Вэстлэйк|Уэстлейк|ווסטלייק|وست‌لیک، اوهایو|ويسانت ليك|ويست ليك|ウェストレイク|威斯特萊克|韋斯特萊克
Wickliffe,city,OH,41.60533,-81.45345,12545,Viklif|Vikliff|Wickliff|wyklayf|wyklyf  awhayw|Виклиф|Виклифф|ويكلايف|ویکلیف، اوهایو
Willoughby,city,OH,41.63977,-81.4065,22631,Chagrin|Chagrin Mills|LNN|Uilloubi|Villoubi|Villougbi|Vilobi|uirobi|wwylwby|wylwby|wylwwgby  awhayw|wylwwqby  awhayw|Виллоуби|Виллоугби|Вилоби|Віллоубі|Уиллоуби|ווילובי|ويلوبى|ويلوبي|ویلووقبی، اوهایو|ویلووگبی، اوهایو|ウィロビー
Willowick,city,OH,41.6331,-81.46873,13957,Villovik|Vilovik|wei luo wei ke|wylwwyk|wylwwyk  awhayw|Вилловик|Виловик|Вілловік|ويلوويك|ویلوویک، اوهایو|威洛威克
Wooster,city,OH,40.80517,-81.93646,26749,BJJ|Vustehr|Vuster|usuta|wwstr  awhayw|wwstyr|Вустер|Вустэр|ووستر، اوهایو|ووستير|ウースター
Worthington,city,OH,40.09312,-83.01796,14498,Uehrtington|Vorsington|Vortington|wajinton|wo xin dun|wodingteon|wwrdynqtn  awhayw|wwrthynghtwn|wwrthyngtwn  awhayw|wwrthynjtwn|wwsyngtwn|Ворсингтон|Вортингтон|Вортінгтон|Уэртингтон|וושינגטון|وورتهینگتون، اوهایو|وورثينجتون|وورثينغتون|ووردینقتن، اوهایو|ワージントン|沃辛頓|沃辛顿|워딩턴
Youngstown,city,OH,41.09978,-80.64952,64628,Jangstaun|Jangstauna|Jongstaun|Jungstaun|YNG|Youngs Town|yang si dui|yangusutaun|yeongseutaun|yngstʼwn|ywnghztawn|ywngstawn  awhayw|Јангстаун|Йонгстаун|Йънгстаун|Янгстаун|ינגסטאון|يونغزتاون|ینگزٹاؤن، اوہائیو|یونگستاون، اوهایو|ヤングスタウン|扬斯敦|영스타운
Abington,city,PA,40.12067,-75.11795,55310,Abington Township|Morestown|Municipio de Abington|abinton|Абингтон|アビントン
Allegheny West,city,PA,40.00845,-75.17796,14249,
Allentown,city,PA,40.60843,-75.49018,120207,ABE|Alentaun|Alentaunas|Alentauno|Alentaŭno|Allenschteddel|Allentaun|Allentoun|Aluntaun|Northampton|Northamptontown|a lun dui|aelleontaun|alyntawn|arentaun|Алентаун|Аллентаун|Аллентоун|Алънтаун|אלנטאון|آلن‌تاون، پنسیلوانیا|ألينتاون|ایلن ٹاؤن|ایلن ٹاؤن، پنسلوانیا|アレンタウン|阿伦敦|앨런타운
Allison Park,city,PA,40.55951,-79.95867,21552,Ellison-Park|alyswn park  pnsylwanya|Еллисон-Парк|Еллісон-Парк|آلیسون پارک، پنسیلوانیا
Altoona,city,PA,40.51868,-78.39474,45344,Altouna|Altuna|Altūna|POM Wonderful Presents The Greatest Movie Ever Sold|POM Wonderful Presents: The Greatest Movie Ever Sold|a er tu na|aeltuna|altona|altuna|altwna|altwna  pnsylwanya|arutouna|Αλτούνα|Алтуна|אלטונה|آلتونا، پنسیلوانیا|ألتونا|ایلٹونا، پنسلوانیا|अल्टोना|আল্টুনা|અલ્ટોના|அல்டூனா|ఆల్టూనా|ಆಲ್ಟೊನಾ|ඇල්ටූනා|แอลทูนา|アルトゥーナ|阿尔图纳|앨투나
Ardmore,city,PA,40.00678,-75.28546,12455,Ardmor|Athensville|Ардмор
Back Mountain,city,PA,41.33591,-75.99631,26973,
Baldwin,city,PA,40.33813,-79.97894,19819,
Bensalem,city,PA,40.10455,-74.95128,60427,Bensalem Township|Municipio de Bensalem|Salem|Xa Bensalem|Xã Bensalem|benseiramu|بینسیلم ٹاؤن شپ، پنسلوانیا|ベンセイラム
Berwick,city,PA,41.05453,-76.23327,10223,Vervik|Вервик
Bethel Park,city,PA,40.32757,-80.0395,32118,Betel Park|Бетел Парк
Bethlehem,city,PA,40.62593,-75.37046,74892,Betlegem|Betlehema|Betlehemas|Betlekhem|Bētlehema|Menagachsink|Vifleem|Vithleem|beseullihem|besurehemu|bethalahema|bethalehama|bethalehema|bethle hem|betlehem|betlehemi|bo li heng|btlhm  pnsylwanya|byt allhm  pnslwanya|byt allhm  pnslwynya|byt lhm|petlahem pencilveniya|Βηθλεέμ|Бетлегем|Бетлехем|Вифлеем|בית לחם|بتلهم، پنسیلوانیا|بيت لحم|بیت اللحم، پنسلوانیا|بیت اللحم، پنسلوینیا|बेथलहेम|बेथलेहम|বেথলেহেম|બેથલહેમ|பெத்லஹெம் பென்சில்வேனியா|బెత్లెహెమ్|ಬೆಥ್ಲೆಹೆಮ್|ബെത്‌ലഹേം|බෙත්ලෙහෙම|เบธเลเฮม|ბეთლეჰემი|ベスレヘム|伯利恆|伯利恒|베슬리헴
Bloomsburg,city,PA,41.0037,-76.45495,14585,Blumsberg|Blumsburg|Eyersburg|Eyertown|blums beirk|blwmsbwrgh|blwmzbrg  pnsylwanya|Блумсберг|Блумсбург|بلومزبرگ، پنسیلوانیا|بلومسبورغ|บลูมส์เบิร์ก
Bustleton,city,PA,40.08261,-75.03156,32655,
Butler,city,PA,40.86118,-79.89533,13289,BTP|Batler|batlr  pnsylwanya|batora|btlr|Батлер|باتلر، پنسیلوانیا|بتلر|بٹلر، پنسلوانیا|バトラー
Carlisle,city,PA,40.20148,-77.18887,19143,Karlajl|Luguvalium|ka lai er|kallail|karairu|karlayl  pnslwanya|Карлајл|کارلائل، پنسلوانیا|カーライル|卡莱尔|칼라일
Cedarbrook,city,PA,40.07799,-75.17675,12219,Cedarbrook Hills
Colonial Park,city,PA,40.30064,-76.80969,13229,Kolonial-Parks|Kolonijal Park|ke luo ni er pa ke|kwlwnyal bark|kwlwnyal park|kwlwnyal park  pnsylwanya|Колониал-Паркс|Колонијал Парк|Колоніал-Паркс|كولونيال بارك|کولونیال پارک|کولونیال پارک، پنسیلوانیا|科洛尼爾帕克
Columbia,city,PA,40.03371,-76.50441,10388,Kolambija|Kolumbija|Wrights Ferry|kwlmbya  pnslwanya|Коламбија|Колумбия|کولمبیا، پنسلوانیا
Dunmore,city,PA,41.4198,-75.63241,13379,Bucktown|Danmor|danmoa|Данмор|ダンモア
East Stroudsburg,city,PA,40.99954,-75.18129,10140,Branchville|Dansbury|ESP|Ist Straudsberg|Ист Страудсберг
Easton,city,PA,40.68843,-75.22073,26915,Dutchtown|Easton Township|Iston|Lechau-hanne|Lechauwake|Lechauwitank|The Easton Tract|The Forks of the Delaware|Thomas Penns Lottery Lot|aystwn  pnsylwanya|iseuteon|isuton|Истон|ایستون، پنسیلوانیا|ایسٹن، پنسلوانیا|イーストン|이스턴
Elizabethtown,city,PA,40.15287,-76.60275,11586,Betzischteddel|Ehlizabettaun|Elizabettaun|Елизабеттаун|Элизабеттаун
Emmaus,city,PA,40.53954,-75.49685,11368,Emaus|Emejas|Maguntchi|Salzburg|Емејас
Ephrata,city,PA,40.17982,-76.17884,13861,Effridaa|Efrata|Ephratah|Ефрата
Erie,city,PA,42.12922,-80.08506,99475,City of Erie|ERI|Ehri|Eri|Iri|ayry|ayry  pnslwanya|ayry  pnsylwanya|eri|ili|yi li|Érié|Ēri|Ери|Ері|Ири|Эри|אירי|إيري|ایری|ایری، پنسلوانیا|ایری، پنسیلوانیا|エリー|伊利|이리
Fernway,city,PA,40.69479,-80.13089,12414,Fernvej|frnwy|frnwy  pnsylwanya|Фернвеј|فرنوی|فرنوی، پنسیلوانیا
Fox Chase,city,PA,40.08122,-75.08017,19730,Foks Chejs|fokkusucheisu de qu|fu ke si qie si she qu|fu ke si qie si she qun|Фокс Чејс|フォックスチェイス地区|福克斯切斯社區|福克斯切斯社群
Frankford,city,PA,40.01384,-75.07859,23503,Franckfurt|frankfwrd  fyladlfya|fu lan ke fu|furankufodo|Франкфорд|فرانکفورد، فیلادلفیا|フランクフォード|弗蘭克福
Franklin Park,city,PA,40.5834,-80.08784,14415,Franklin
Fullerton,city,PA,40.63176,-75.47324,14925,Ferndale|Fulerton|fwlrtwn|fwlrtwn  pnsylwanya|Фулертон|Фуллертон|فولرتون|فولرتون، پنسیلوانیا
Germantown,city,PA,40.04344,-75.18018,10688,Deitscheschteddel|Germanopolis|Germanton
Greensburg,city,PA,40.30146,-79.53893,14495,Grinsburg|ghrynsbwrj|grynzbrg  pnslwanya|grynzbrg  pnsylwanya|gurinzubagu|Гринсбург|غرينسبورج|گرینزبرگ، پنسلوانیا|گرینزبرگ، پنسیلوانیا|グリーンズバーグ
Harrisburg,city,PA,40.2737,-76.88442,50183,Charrismpernk|Garrisberg|Garysberg|HAR|Harisberga|Harisburg|Harisburgas|Harisburgs|Harisbērga|Harrisbarrig|Harrisburg (Pennsylvania)|Harrisburgum|Harrisburq|Kharisburg|Louisbourg|Paxtang|ha li si bao|haeliseubeogeu|harisbarg|harispark|harisubagu|harysbrj|herisabarga|hrysbwrg  pnsylwanya|hyarisabarga|hyarisbarga|Χάρρισμπεργκ|Гаррисберг|Гаррісберг|Гарысберг|Харисбург|Харисбърг|Һаррисбург|Հարիսբուրգ|האריסברג|هاريسبرج|هریسبورگ، پنسیلوانیا|ہیرسبرک، پنسلوانیا|ہیرسبرگ|हारिस्बर्ग्|हॅरिसबर्ग|ह्यारिसबर्ग|ह्यारिस्बर्ग|ஹாரிஸ்பர்க்|แฮร์ริสเบิร์ก|ハリスバーグ|哈里斯堡|해리스버그
Hazleton,city,PA,40.95842,-75.97465,24825,Chazlton|Gejzelton|HZL|Hazelton|Hazeltona|Hazeltonas|Khazlton|Khejzelton|Khejzlton|ha seil tan|haceltan|hazltwn|hei ci er dun|heijeulteon|heizuruton|hejeltan|hejhalatana|hejhalatona|hezalatana|hyajaltana|hyajhaltan|hyzltwn  pnsylwanya|hzltwn|Χάζλτον|Гейзелтон|Хазлтон|Хейзлтон|Хејзелтон|הזלטון|هازلتون|هیزلتون، پنسیلوانیا|ہیزلٹن، پنسلوانیا|हॅझलटोन|हेज़लटन|হ্যাজল্টন|હેઝલટન|ஹாசெல்டன்|హెజెల్టన్|ಹ್ಯಾಝಲ್ಟನ್|හේස්ල්ටන්|ฮาเซิลตัน|ヘイズルトン|黑兹尔顿|헤이즐턴
Hermitage,city,PA,41.23339,-80.44868,16028,Khermitidz|hrmytazh  pnsylwanya|hyrmytagh|Хермитиџ|هرمیتاژ، پنسیلوانیا|هيرميتاغ
Hershey,city,PA,40.28592,-76.65025,14257,Gershi|Hersi|Herşi|Khershi|hashi|he er xi zhen|he xi|heosi|hrshy|hrshy  pnsylwanya|hrshyy  pnsylwanya|hrsy|Герши|Герші|Херши|הרשי|هرشئی، پنسیلوانیا|هرشى|هرشي|هرشی، پنسیلوانیا|ハーシー|赫希|赫爾希鎮|허시
Holmesburg,city,PA,40.0415,-75.02795,28046,fei cheng huo mu si bao|費城霍姆斯堡
Horsham,city,PA,40.17844,-75.12851,14842,Gorshem|Horshamville|Khorsham|Xa Horsham|Xã Horsham|hwrsham|hwrshm|hwrshm  pnsylwanya|Горшем|Хоршам|هورشام|هورشم|هورشم، پنسیلوانیا
Hunting Park,city,PA,40.0165,-75.14379,17682,
Indiana,city,PA,40.62146,-79.15253,14100,IDI|Indijana|ayndyana  pnsylwanya|Индиана|Индијана|ایندیانا، پنسیلوانیا|インディアナ
Jefferson Hills,city,PA,40.29118,-79.93199,11360,Jefferson
Johnstown,city,PA,40.32674,-78.92197,19966,Conemaugh|Conemaugh Town|Dzhonstaun|Dzonstaun|Dzonstauna|Džonstauna|JST|Tzonstaoun|janztawn  pnsylwanya|jonsata'una|jonseutaun|jonzutaun|jwnstawn|jwnztawwn  pnsylwanya|yue han si dui|Τζόνσταουν|Џонстаун|Джонстаун|Ջոնսթաուն|ג'ונסטאון|جانزتاون، پنسیلوانیا|جونزتاوون، پنسیلوانیا|جونزٹاؤن، پنسلوانیا|جونستاون|जॉन्सटाउन|ಜಾನ್ಸ್‌ಟೌನ್|ჯონსტაუნი|ジョンズタウン|約翰斯敦|约翰斯敦|존스타운
Juniata Park,city,PA,40.00845,-75.10879,17643,
King of Prussia,city,PA,40.08927,-75.39602,19936,Brandywine Village|KPD|King ov Prasha|Кинг ов Праша
Kingston,city,PA,41.26175,-75.89686,12941,Dorrancetown|Kingstonas|kingusuton|kyngztwn  pnsylwanya|Кингстон|کنگسٹن، پنسلوانیا|کینگزتون، پنسیلوانیا|キングストン
Lancaster,city,PA,40.03788,-76.30551,59339,LNS|Lankaster|Lankastr|Lengeschder|laengkeoseuteo|lainkisatara|lamkestara|lan kai si te|lnkstr  pnsylwanya|rankasuta|Ланкастер|Ланкастър|لنکاسٹر، پنسلوانیا|لنکاسٹر، پنسلوینیا|لنکستر، پنسیلوانیا|लँकेस्टर|ਲੈਂਕਿਸਟਰ|ランカスター|兰开斯特|랭커스터
Lansdale,city,PA,40.2415,-75.28379,16512,Lansdejl|ransuderu|Лансдејл|ランスデール
Lawndale,city,PA,40.05039,-75.09156,24134,Lawncrest
Lebanon,city,PA,40.34093,-76.41135,25534,Lebanono|Steitztown|lai ba nen|lbnan|lbnan  pnsylwanya|lebeoneon|lybann  pnslwanya|rebanon|Лебанон|لبنان|لبنان، پنسیلوانیا|لیبانن، پنسلوانیا|レバノン|萊巴嫩|레버넌
Levittown,city,PA,40.15511,-74.82877,52983,Levittaun|Левиттаун
Limerick,city,PA,40.23093,-75.52212,18074,
Logan,city,PA,40.02845,-75.15157,21926,
Lower Burrell,city,PA,40.55312,-79.75727,11761,Louer Berel|lawr barl  pnsylwanya|lwr bwryl|Лоуер Берел|لاور بارل، پنسیلوانیا|لور بوريل
McKeesport,city,PA,40.34785,-79.86422,19453,M'Keesport|Makizport|makkizupoto|makysbwrt|Макизпорт|ماكيسبورت|مککیسپورٹ، پنسلوانیا|مک‌کیسپورت، پنسیلوانیا|マッキーズポート
Meadville,city,PA,41.64144,-80.15145,13061,Cussewago|MEJ|Meads Settlement|Midvil|Midvill|Mijdvil|madwyl  pnsylwanya|mydfyl|Мидвил|Мидвилл|Мийдвил|مادویل، پنسیلوانیا|ميدفيل
Modena Park,city,PA,40.07844,-74.98795,10882,
Monroeville,city,PA,40.42118,-79.7881,28176,Monroeville (Pennsylvania)|Monrovil|Municipality of Monroeville|monrobiru|mwnrwwyl  pnslwanya|Монровил|مونروویل، پنسلوانیا|モンロービル
Montgomeryville,city,PA,40.24733,-75.24379,12624,Montgomerivil|Montgomerivill|meng ge ma li wei er|mongomeribiru|mwntgwmrywwyl|Монтгомеривил|Монтгомеривилл|Монтгомерівілл|מונטגומריוויל|مونتقومری‌ویل، پنسیلوانیا|مونتگومری‌ویل|モンゴメリービル|蒙哥馬利維爾|蒙哥马利维尔
Mount Lebanon,city,PA,40.35535,-80.0495,32730,
Mountain Top,city,PA,41.16953,-75.87742,10982,Mountaintop
Munhall,city,PA,40.39229,-79.90005,11247,Mankhol|Манхол
Murrysville,city,PA,40.4284,-79.69755,20134,
Nanticoke,city,PA,41.20536,-76.00492,10258,Mantiock|Nantikok|nan ti ke ke|nantikoku|nantykwk|nantykwk  pnsylwanya|Нантикок|Нантікок|נאנטיקוט|نانتيكوك|نانتیکوک، پنسیلوانیا|ナンティコーク|南提科克
Natrona Heights,city,PA,40.6234,-79.72977,10927,natrwna hayts|ناترونا هايتس|ناترونا هایتس
New Castle,city,PA,41.00367,-80.34701,22375,Newcastle|Nju Kasl|niu ka si er|nyukaeseul|nyukyassuru|nyw kasl|nyw kysl  pnslwanya|nywkasl  pnsylwanya|Њу Касл|نيو كاسل|نیو کیسل، پنسلوانیا|نیوکاسل، پنسیلوانیا|ニューキャッスル|紐卡斯爾|뉴캐슬
New Kensington,city,PA,40.56979,-79.76477,12713,Kensington|N'ju Ken|N'ju Kensington|N'ju-Kensingtan|N'ju-Kensington|Nju Kensington|nyukenjinton|nyw knsynghtwn|nyw knsyngtwn  pnsylwanya|nyw knsynqtwn  pnsylwanya|nyw qnsyngtwn|xin jin si dun|xin ken xin dun|Њу Кенсингтон|Нью Кен|Нью Кенсингтон|Нью-Кенсингтон|Нью-Кенсінгтан|Нью-Кенсінгтон|ניו קנסינגטון|نيو كنسينغتون|نیو کنسنگٹن، پنسلوانیا|نیو کنسینقتون، پنسیلوانیا|نیو کنسینگتون، پنسیلوانیا|ニューケンジントン|新肯辛頓|新肯辛顿|新金斯頓
Nicetown-Tioga,city,PA,40.00989,-75.16387,17382,
Norristown,city,PA,40.1215,-75.3399,34412,Noristaun|Norris|Norriton Plantation|noliseutaun|norisutaun|Нористаун|نورس ٹاؤن، پنسلوانیا|ノリスタウン|노리스타운
North Versailles,city,PA,40.37979,-79.80949,10571,
Oil City,city,PA,41.43395,-79.70644,10137,Imperial City|Laytonia|Nafturbo|Ojl Siti|Ojl-Siti|Venango City|awyl syty|awyl syty  pnsylwanya|you cheng|Ойл-Сити|Ойл-Сіті|Ојл Сити|آئل سٹی، پنسلوانیا|أويل سيتي|اویل سیتی، پنسیلوانیا|オイル・シティ|油城
Olney,city,PA,40.04122,-75.12379,39154,McCartersville
Oxford Circle,city,PA,40.05011,-75.07184,48856,
Parkwood Manor,city,PA,40.09344,-74.96795,16787,
Penn Hills,city,PA,40.50118,-79.83922,44610,
Phoenixville,city,PA,40.13038,-75.51491,16658,Finiksvil|Finiksvil'|Finiksvill|Phenixville|fei ni ke si wei er|Финиксвил|Финиксвилл|Фініксвіль|菲尼克斯維爾
Pittsburgh,city,PA,40.44062,-79.99589,304391,Allegheny|Fort Dunmore|Fort Duquesne|Fort Pitt|Fort Trent|PIT|Pitsbrg|Pitsburg|Pitsburga|Pitsburgas|Pitsburgo|Pitsmpernk|Pitts-Bourg|Pittsbarig|Pittsburg|Pittsburgum|Pittsburq|The Manor of Pittsburgh|bytsbrgh|phitts beirk|pi ci bao|pi zi bao|picheubeogeu|pitasabaraga|pitsabarga|pitspark|pits‌barg|pittsubagu|pytsbrg  pnsylwanya|pytsbwrg|Πίτσμπεργκ|Питсбург|Питсбърг|Питтсбург|Пітсбург|Піттсбург|פיטסבורג|بيتسبرغ|پٹس برگ|پٹسبرگ|پیتسبرگ، پنسیلوانیا|पिट्सबर्ग|ਪਿਟਸਬਰਗ|பிட்ஸ்பர்க்|పిట్స్‌బర్గ్|ಪಿಟ್ಸ್‌ಬರ್ಗ್|พิตต์สเบิร์ก|ピッツバーグ|匹兹堡|匹茲堡|피츠버그
Plum,city,PA,40.50035,-79.74949,27505,Plam|puramu|Плам|プラム
Pottstown,city,PA,40.24537,-75.64963,22664,PTW|Potstaun|Pottsgrove|Pottsylvania|pottsutaun|Потстаун|ポッツタウン
Pottsville,city,PA,40.68565,-76.1955,13802,Potsvil|bwtsfyl|pottsubiru|pwtswyl  pnsylwanya|Потсвил|بوتسفيل|پوتسویل، پنسیلوانیا|پوٹسویل، پنسلوانیا|ポッツビル
Radnor,city,PA,40.04622,-75.35991,30878,Morgans Corner
Reading,city,PA,40.33565,-75.92687,87879,RDG|Reddin|Reding|Rehdyng|leding|lei ding|redingu|rydyng  pnsylwanya|rydyngh|Рединг|Редінг|Рэдынг|ريدينغ|ریدینگ، پنسیلوانیا|ریڈنگ، پنسلوانیا|ریڈنگ، پنسلوینیا|レディング|雷丁|레딩
Rhawnhurst,city,PA,40.06178,-75.05573,25581,
Saint Marys,city,PA,41.42784,-78.56086,13070,STQ
Scranton,city,PA,41.40916,-75.6649,77118,AVP|Capouse|Deep Hollow|Harrison|Skrantan|Skranton|Skrantonas|Skrantun|Skrenton|Slocum Hollow|askrantwn  pnsylwanya|seukeulaenteon|si ke lan dun|skrantwn|sqrntwn|sukuranton|Скрантан|Скрантон|Скрантън|Скрентон|סקרנטון|اسکرانتون، پنسیلوانیا|سكرانتون|سکرانٹن|سکرانٹن، پنسلوانیا|スクラントン|斯克蘭頓|스크랜턴
Sharon,city,PA,41.23311,-80.4934,13562,Sheron|sha lun|sharwn|sharwn  pnsylwanya|srwn|syalon|Шарон|Шерон|שרון|شارون|شارون، پنسیلوانیا|ഷാരോൺ|シャロン|沙伦|沙倫|샤론
Shiloh,city,PA,41.04172,-78.2914,11217,
Somerton,city,PA,40.12344,-75.01489,33247,Smithfield
Ogontz,city,PA,40.05178,-75.15129,14740,Somerville
State College,city,PA,40.79339,-77.86,42161,Agricultural College|Centre Furnace|Collegium Civicum|Farm School|Farmer High School|SCE|Stejt Kolidz|Stejt-Kolledzh|Steyt-Kollec|astyt kalj|styyt qwlg'|sutetokarejji|wlayt kwlyj|zhou xue yuan|Стейт-Колледж|Стејт Колиџ|סטייט קולג'|استیت کالج|سٹیٹ کالج، پنسلوانیا|ولاية كوليج|ステートカレッジ|州学院|州學院
Tacony,city,PA,40.03122,-75.04434,17846,Tekony
Torresdale,city,PA,40.05483,-75.00434,10836,Pleasant Hill
Upper Roxborough,city,PA,40.05956,-75.23851,10735,
Upper Saint Clair,city,PA,40.3359,-80.08339,19229,Upper Sainte Clair|Upper St. Clair
Washington,city,PA,40.17396,-80.24617,13497,Basset-town|Catfishs Camp|Vashington|WSG|Washington-town|washinton|washntn|washyngtn  pnsylwanya|Вашингтон|واشنطن|واشنگٹن، پنسلوانیا|واشینگتن، پنسیلوانیا|ワシントン
Wayne,city,PA,40.044,-75.38769,30892,Louella|Uehjn|uein|wayn  pnsylwanya|wwyyn|wyn|wyn  pnslwanya|Уэйн|וויין|واین، پنسیلوانیا|وین|وین، پنسلوانیا|ウェイン
West Mifflin,city,PA,40.3634,-79.86644,20075,Vest Miflin|uesutomifurin|Вест Мифлин|ウェストミフリン
West Mount Airy,city,PA,40.05261,-75.19796,12635,
West Norriton,city,PA,40.12955,-75.37852,14702,
West Oak Lane,city,PA,40.06928,-75.16629,38699,
Whitehall,city,PA,40.36118,-79.99089,13834,
Whitehall Township,city,PA,40.66676,-75.49991,24896,Municipio de Whitehall|Vajtgoll Taunship|Whitehall|Whitehall (Pennsylvania)|Xa Whitehall|Xã Whitehall|howaitohoru jun qu|huai te huo er zhen|waythwl|Вайтголл Тауншип|وائٹ ہال ٹاؤن شپ، لیہائی کاؤنٹی، پنسلوانیا|وايتهول|ホワイトホール郡区|怀特霍尔镇
Wilkes-Barre,city,PA,41.24591,-75.88131,40780,AVP|Fort Durkee|Gouilks Bear|Uilks-Bareh|Uilks-Barre|Vilkesberas|Vilks-Barre|Vilks-Beri|Vilksa-Bara|Vilksa-Bāra|Wilkes Barre|Wilkes-Barre City|Wilkesbarre|u'ilakasa bari|uirukusubari|vilakasa-bi'ara|vilkes-barre|vilks-barre|vilks-parre|vilksa-baire|vilksa-bere|wei er ke si-ba li|wilkeuseuba|wylks bar|wylks-bar  pnsylwanya|wylkys-bary|Γουίλκς Μπέαρ|Вилкс-Барре|Вилкс-Бери|Вілкс-Барре|Уилкс-Барре|Уілкс-Барэ|Ուիլքս Բարրե|וילקס-בארה|ويلكس بار|ویلکس-بار، پنسیلوانیا|ویلکیس-باری|विल्क्स-बेरे|विल्क्स-बैरे|উইলকস বারি|ਵਿਲਕਸ-ਬਿਅਰ|વિલ્ક્સ-બેરે|வில்க்ஸ்-பர்ரே|విల్క్స్-బర్రె|ವಿಲ್ಕೆಸ್-ಬಾರ್ರೆ|විල්ක්ස්-බර්|วิลก์ส-แบร์|ウィルクスバリ|威尔克斯-巴里|威爾克斯-巴里|윌크스바
Wilkinsburg,city,PA,40.44174,-79.88199,15731,McNairsville|Rippeysville|Vilkinsberg|uirukinsubagu|Вилкинсберг|ویکینس‌بورگ، پنسیلوانیا|ウィルキンスバーグ
Williamsport,city,PA,41.24119,-77.00108,29201,IPT|Uil'jamsport|Vilijamsport|Williams Port|uiriamuzupoto|wei lian si bo te|wylyamsbwrt|Вилијамспорт|Уильямспорт|ولیمزپورٹ، پنسلوانیا|ويليامسبورت|ویلیام‌اسپورت، پنسیلوانیا|ウィリアムズポート|威廉斯波特
Willow Grove,city,PA,40.144,-75.11573,15726,NXX|Villou-Grouv|Vilou Grouv|liu lin|uirogurobu|wlw grww  pnslwanya|wyl grww|wyl qrww  pnsylwanya|wylw grwb|Виллоу-Гроув|Вилоу Гроув|Віллоу-Гроув|וילו גרוב|ولو گروو، پنسلوانیا|ویل قروو، پنسیلوانیا|ویل گروو|ウィローグローブ|柳林
Wissinoming,city,PA,40.02233,-75.06323,21445,
Wyomissing,city,PA,40.32954,-75.96521,10469,Vajomiding|Вајомидинг
Barrington,city,RI,41.74066,-71.30866,16669,Barington|Barrington Center|Berrington|Sowams|Swansey|barinton|barynghtwn|bærring tan|Барингтон|Беррінгтон|بارينغتون|بیرنگٹن، روڈ آئلینڈ|แบร์ริงตัน|バーリントン
Bristol,city,RI,41.67705,-71.26616,22795,Bristol (Rhode Island)|Bristol'|bris txl|brystwl|bu li si tuo er|burisutoru|Бристол|Бристоль|בריסטול|برسٹل، رہوڈ آئی لینڈ|بريستول|بریستول|บริสตอล|ブリストル|布里斯托尔
Central Falls,city,RI,41.89066,-71.39228,19303,Chocolate Mill|Saintrelle|Sentral Fols|Sentral-Folls|se nthralfxll|sen te lei er fu er si|sentoraruforuzu|sntral fwlz|sntrl falz  rwd aylnd|Сентрал Фолс|Сентрал-Фоллс|سنترال فولز|سنترل فالز، رود آیلند|سینٹرل فالز، روڈ آئلینڈ|เซนทรัลฟอลล์|セントラルフォールズ|森特勒尔福尔斯
Coventry,city,RI,41.7001,-71.68284,35525,Koventri|kao wen chui|kawntry  rwd aylnd|kobentori|kwfntry|Ковентри|Ковентрі|كوفنتري|کاونتری، رود آیلند|کووینٹری، روڈ آئلینڈ|コベントリー|考文垂
Cranston,city,RI,41.77982,-71.43728,81073,Kranston|Krehnston|Krenston|Mashapaug|Maushapogue|Maushapoque|ke lan si dun|kranstwn|kranstwn  rwd aylnd|kuransuton|qrnstwn|Кранстон|Кренстон|Крэнстон|קרנסטון|كرانستون|کرانستون، رود آیلند|کرانسٹون، روڈ آئلینڈ|แครนสตัน|クランストン|克兰斯顿
Cumberland,city,RI,41.96677,-71.43284,34843,Attleboro Gore|Kamberlend|Senechataconet|The Gore|kanbarando|kmbrland|Камберленд|كمبرلاند|کمبرلینڈ، روڈ آئلینڈ|カンバーランド
East Greenwich,city,RI,41.66038,-71.45589,13682,Dedford|Deptford|dong ge lin ni zhi|isutogurinijji|ایسٹ گرینچ، روڈ آئلینڈ|イーストグリニッジ|东格林尼治
East Providence,city,RI,41.81371,-71.37005,47408,GJong Providence|Ist Providens|Ist Provintens|Ist-Providens|Istprovidensa|Rytinis Providensas|aysant brwfydans|ayst brwfydans|ayst prawydns  rwd aylnd|dong pu luo wei deng si|iseuteu peulobideonseu|ist providens|ista probha'idensa|ista providansa|ista providensa|kilakku provitens|mzrh prwbydns|purva pravidens|xis t phr x wi den s|Đông Providence|Īstprovidensa|Ήστ Πρόβιντενς|Іст-Провіденс|Ист Провиденс|Ист-Провиденс|מזרח פרובידנס|إيست بروفيدانس|ايسانت بروفيدانس|ایست پراویدنس، رود آیلند|ایسٹ پروویڈنس، روڈ آئلینڈ|ईस्ट प्रोविडेंस|ইস্ট প্রোভাইডেন্স|ઈસ્ટ પ્રોવિડન્સ|கிழக்கு ப்ரொவிடென்ஸ்|ఈస్ట్ ప్రొవిడెన్స్|ಪೂರ್ವ ಪ್ರಾವಿಡೆನ್ಸ್|නැගෙනහිර ප්‍රොවිඩන්ස්|อีสต์พรอวิเดนซ์|イースト・プロヴィデンス|东普罗维登斯|이스트 프로비던스
Middletown,city,RI,41.54566,-71.29144,17303,Middltaun|mid deil thawn|mideultaun|midorutaun|mydltawn|Міддлтаун|ميدلتاون|مڈل ٹاؤن، رہوڈ آئی لینڈ|มิดเดิลทาวน์|ミドルタウン|미들타운
Narragansett,city,RI,41.4501,-71.4495,15868,Narrangasett|naragansetto|naraghansyt|Наррагансетт|Наррангасетт|ناراغانسيت|نیریگینسٹ، روڈ آئلینڈ|ナラガンセット
Newport,city,RI,41.4901,-71.31283,24232,Carolina Hospital|N'jupart|N'juport|NPT|New Port|Newport (Rhode Island)|Niew-Port|Niouport|Niuportas|Njuport|Nuporta|Nyuport|n'yuport|n'yuporta|ni'uporta|niu bo te|niw phxrt|niyuport|nyupoteu|nyupoto|nywbwrt|nywpwrt|nywpwrt  rhwd ayslnd|nywpwrt  rwd aylnd|xin gang|Ņūporta|Νιούπορτ|Њупорт|Ньюпарт|Ньюпорт|Нюпорт|Նյուպորտ|ניופורט|نيوبورت|نیوپورت، رهود ایسلند|نیوپورت، رود آیلند|نیوپورٹ، رہوڈ آئی لینڈ|न्यूपोर्ट|নিউপোর্ট|ન્યૂપોર્ટ|நியூபோர்ட்|న్యూపోర్ట్|ನ್ಯೂಪೋರ್ಟ್|නිව්පෝර්ට්|นิวพอร์ต|ニューポート|新港|纽波特|뉴포트
North Kingstown,city,RI,41.5501,-71.46617,28042,King's Towne|N Kingstown|NCO|Nort-Kingstaun|Rochester|nosukingusutaun|nwrth kynghstawn|Норт-Кингстаун|Норт-Кінґстаун|شمالی کنگز ٹاؤن، روڈ آئلینڈ|نورث كينغستاون|ノースキングスタウン
North Providence,city,RI,41.8501,-71.46617,33835,Nort Providens|Nort-Providens|North-Providence|nosupurobidensu|nwrth brwfydans|nxrth phr x wi den s|Норт Провиденс|Норт-Провіденс|نارتھ پروویڈنس، روڈ آئلینڈ|نورث بروفيدانس|นอร์ทพรอวิเดนซ์|ノースプロビデンス
North Scituate,city,RI,41.83177,-71.58729,11171,Smithville
North Smithfield,city,RI,41.96677,-71.54951,11212,Nort-Smitfild|Slater|bei shi mei fei lu|nwrth smythfyld|Норт-Смитфилд|Норт-Смітфілд|نارتھ سمتھفیلڈ، روڈ آئلینڈ|نورث سميثفيلد|ノース・スミスフィールド|北士美菲路
Pawtucket,city,RI,41.87871,-71.38256,71591,Potaket|Potaketa|Potaketas|SFZ|bo ta ji te|bwtkyt|patakyt  rwd aylnd|pav tuket|pavtaket|pavttukket|pawtwkt  rhwd ayslnd|phxw thak ket|pokatuketa|potaketto|poteokeos|potyuketa|povataketa|putaketa|Ποτάκετ|Потакет|פוטאקט|بوتكيت|پاتاکیت، رود آیلند|پاوتوکت، رهود ایسلند|پوٹکیٹ، روڈ آئلینڈ|पॉवटकेट|पोकटुकेट|পূটাকেট|પોટ્યુકેટ|பவ்ட்டுக்கெட்|పావ్ తుకెట్|ಪಾವ್ಟಕೆಟ್|පටෝකෙට්|พอว์ทักเก็ต|ポータケット|波塔基特|포터컷
Portsmouth,city,RI,41.60232,-71.25033,17756,Pocasset|Portsmut|bwrtsmwth|potsumasu|Портсмут|بورتسموث|پورٹسماؤت، روڈ آئلینڈ|ポーツマス
Providence,city,RI,41.82399,-71.41283,190934,PVD|Provedensos|Providehns|Providenco|Providens|Providensa|Providensas|Providentia|Providns|Provintens|Provėdensos|brwfydns|peulobideonseu|phr x wi den s|piravitens|prabhidensa|pravidens|prawydns|probhidensa|provhidansa|prwbydns|prwwyڈns  rwڈ aylynڈ|pu luo wei deng si|pu luo wei dun si|purobidensu|purovuidensu|Πρόβιντενς|Провиденс|Провидънс|Провіденс|Провідэнс|Փրովիդենս|פראווידענס|פרובידנס|بروفيدنس|پراویدنس|پروویڈنس|پروویڈنس، روڈ آئلینڈ|प्रभिदेन्स|प्राविडेन्स्|प्रॉव्हिडन्स|प्रोभिडेन्स|பிராவிடென்ஸ்|พรอวิเดนซ์|プロビデンス|プロヴィデンス|普洛威頓斯|普罗维登斯|프로비던스
Smithfield,city,RI,41.92204,-71.54951,21872,Smitfild|smythfyld|sumisufirudo|Смітфілд|سمتھفیلڈ، رہوڈ آئی لینڈ|سميثفيلد|スミスフィールド
Valley Falls,city,RI,41.90677,-71.39061,11547,
Warren,city,RI,41.73038,-71.28255,11280,Uorren|Vorren|uoren|waryn|Воррен|Уоррен|وارن، روڈ آئلینڈ|وارين|ウォーレン
Warwick,city,RI,41.7001,-71.41617,81699,Shawomet|Uorik|Vorik|Vorvik|uorikku|war wik|warwyk|waryk  rwd aylnd|wo wei ke|wolig|wwryq|Ворвик|Ворік|Уорик|ווריק|وارويك|واروک، روڈ آئلینڈ|واریک، رود آیلند|วาร์วิก|ウォリック|沃威克|워릭
West Warwick,city,RI,41.69689,-71.52194,30146,Uehst-Uorik|Vest Vorvik|uesutouorikku|wst warwyk|wyst warwyk|Вест Ворвик|Уэст-Уорик|وست وارویک|ويست وارويك|ویسٹ واروک، روڈ آئلینڈ|ウェストウォリック
Westerly,city,RI,41.3776,-71.82729,17936,Feversham|Misquamacuck|Pawcatuck Bridge|Squamicut|Vesterli|WST|uesutari|wystrly|Вестерли|Вестерлі|ويسترلي|ویسٹرلی، روڈ آئلینڈ|ウェスタリー
Woonsocket,city,RI,42.00288,-71.51478,41475,CrossRoads|Gounsoket|Miswosakit|Niswosaket|Unsokit|Vunsoket|Vunsoketa|Vunsoketas|Vūnsoketa|Woonsocket Falls|unasaketa|unsokes|unsoketto|vuna soketa|vunasoketa|vuncokket|vunskaket|vunsoket|wen suo ji te|wnswkt|wun sxk ket|wwnsakyt  rwd aylnd|wwnswqt|Γουνσόκετ|Вунсокет|Унсокит|וונסוקט|ونسوكت|وونساکیت، رود آیلند|وونسوکیٹ، روڈ آئلینڈ|वुन सॉकेट|वूनसॉकेट|উনসকেট|વૂનસોકેટ|வூன்சொக்கெட்|వూన్సోకెట్|ವೂನ್ಸ್ಕಾಕೆಟ್|වූන්සොකට්|วูนซอกเก็ต|ウーンソケット|文索基特|운소켓
Aberdeen,city,SD,45.4647,-98.48648,28102,ABR|Aberdin|Aburdijn|a bo ding|abadin|abrdyn|abrdyn  dakwtay jnwby|aebeodin|ebaradina|Абердин|Абърдийн|أبردين|ابردین، داکوتای جنوبی|ایبرڈین، جنوبی ڈکوٹا|एबरडीन|アバディーン|阿伯丁|애버딘
Brookings,city,SD,44.31136,-96.79839,23657,Ada|BKX|Brukings|Brukingz|brukingsa|brwkynghz|brwkyngz  dakwtay jnwby|bu lu jin si|burukkinguzu|Брукингз|Брукингс|Брукінгз|بروكينغز|بروکنگز، جنوبی ڈکوٹا|بروکینگز، داکوتای جنوبی|ब्रूकिंग्स|ブルッキングズ|布鲁金斯
Huron,city,SD,44.36332,-98.21426,13313,Guron|HON|Khjuron|hyurona|hywrn  dakwtay jnwby|xiu lun hu|Гурон|Хјурон|هیورن، داکوتای جنوبی|ह्यूरॉन|休伦湖
Mitchell,city,SD,43.70943,-98.0298,15669,MHE|Michel|mi qie er|mitsela|mychl  dakwtay jnwby|Митчелл|Мичел|میچل، داکوتای جنوبی|मिट्शॅल|米切尔
Sioux Falls,city,SD,43.54997,-96.70033,171544,FSD|Siou Fols|Siuks Fols|Su Fols|Su-Fols|Sufolsa|Sūfolsa|saywks falz|siyuka folsa|su fxls|su pholsa|su pu|suforuzu|supolseu|sw falz  dakwtay jnwby|sw pwls|Σιου Φολς|Сиукс Фолс|Су Фолс|Су-Фолс|סו פולס|سايوكس فالز|سو فالز، داکوتای جنوبی|سیو فالز، جنوبی ڈکوٹا|सियुक फ़ॉल्स|सू फॉल्स|ซูฟอลส์|スーフォールズ|蘇瀑|수폴스
Vermillion,city,SD,42.77944,-96.92921,10738,Vermilion|fu mi li en|fyrmlywn|varmiliyana|wrmylyn  dakwtay jnwby|Вермилион|Вермиллион|Вермілліон|فيرمليون|ورمیلین، داکوتای جنوبی|ویرملین، جنوبی ڈکوٹا|वर्मिलियन|弗米利恩
Watertown,city,SD,44.89941,-97.11507,22073,ATY|Uotertaun|Votertaun|uotataun|votarata'una|wo te dui|woteotaun|wtrtawn  dakwtay jnwby|Вотертаун|Уотертаун|وترتاون، داکوتای جنوبی|वॉटरटाउन|ウォータータウン|沃特敦|워터타운
Yankton,city,SD,42.87111,-97.39728,14557,Jankton|YKN|yang ke dun|yenkatana|ynktwn  dakwtay jnwby|Јанктон|Янктон|ینکتون، داکوتای جنوبی|यॅङ्कटन|扬克顿
Burlington,city,VT,44.47588,-73.21207,42452,BTV|Berlingtan|Berlington|Berlingtona|Bjorlington|Borlington|Burlingtun|Bērlingtona|Odzihozek|Paliten|Queen City|Skanentgraksenge|barinton|barlingtana|beollingteon|bo ling dun|brlynghtwn|brlyngtwn|brlyngtwn  wrmant|Берлингтон|Берлінгтан|Берлінгтон|Бърлингтън|Бёрлингтон|Бӧрлингтон|ברלינגטון|برلنگٹن، ورمونٹ|برلينغتون|برلینگتون، ورمانت|बर्लिंग्टन|バーリントン|伯靈頓|벌링턴
Colchester,city,VT,44.54394,-73.14791,16986,Kolchester|koruchesuta|kwlshstr|Колчестер|كولشستر|کولچیسٹر، ورمونٹ|コルチェスター
Essex Junction,city,VT,44.49061,-73.11096,10111,Eseks DZankshon|Hubbels Falls|Painesville|asks jankshn|Есекс Џанкшон|إسكس جانكشن
Rutland,city,VT,43.61062,-72.97261,15824,City of Rutland|Mill Village|RUT|Ratland|Ratlend|Rutland City|Rutlandas|The Marble City|la te lan shi|ratlnd|ratorando|rwtland|Ратланд|Ратленд|Рътланд|راتلند|روتلاند|رٹلینڈ|ラトランド|拉特蘭市
South Burlington,city,VT,44.46699,-73.17096,18791,Burlington on Burlington Bay|Saut Burlington|Saut-Berlington|brlyngtwn jnwby  wrmwnt|nan bo ling dun|sausubarinton|sawth brlnghtwn|Саут Бурлингтон|Саут-Берлингтон|Саут-Берлінгтон|برلینگتون جنوبی، ورمونت|ساؤتھ برلنگٹن، ورمونٹ|ساوث برلنغتون|サウスバーリントン|南伯灵顿
Allouez,city,WI,44.47749,-88.01621,13930,
Appleton,city,WI,44.26193,-88.41538,74139,ATW|Aplton|Epplton|ablytwn|aepeulteon|apltwn  wyskansyn|appuruton|Аплтон|Епплтон|أبليتون|اپلتون، ویسکانسین|ایپلٹن، وسکونسن|ეპლტონი|アップルトン|애플턴
Ashwaubenon,city,WI,44.48221,-88.0701,17176,
Baraboo,city,WI,43.47109,-89.74429,12155,Barabu|barabw|barabw  wyskansyn|Барабу|بارابو|بارابو، ویسکانسین
Beaver Dam,city,WI,43.45777,-88.83733,16564,Beaverdam|Biver Dam|Biver-Dam|Biver-Dem|byfr dam|bywr dam  wyskansyn|Бивер Дам|Бивер-Дам|Бівер-Дем|ביבר דאם|بيفر دام|بیور دام، ویسکانسین|بیور ڈیم، وسکونسن
Bellevue,city,WI,44.44416,-87.9201,15317,Belleview
Beloit,city,WI,42.50835,-89.03178,36891,Belojt|Blodgett Settlement|New Albany|The Turtle|Turtle Creek|beroito|bi luo yi te|blwy|blwyt|bylwyt  wyskansyn|Белойт|Белојт|בלוי|بلويت|بیلوئٹ، وسکونسن|بیلویت، ویسکانسین|ベロイト|畢洛伊特
Brookfield,city,WI,43.06057,-88.10648,38025,Brukfild|brwkfyld|brwkfyld  wyskansyn|brwqpyld|bu lu ke fei er de|burukkufirudo|gouakesa goiskonsn|γουακεσα γοισκονσν|Брукфилд|Брукфілд|ברוקפילד|بروكفيلد|بروکفیلد، ویسکانسین|بروکفیلڈ، وسکونسن|ブルックフィールド|布魯克菲爾德|布鲁克菲尔德
Brown Deer,city,WI,43.16334,-87.96453,12102,White Deer
Burlington,city,WI,42.67807,-88.2762,10650,Berlington|brlnghtwn|brlyngtwn  wyskansyn|Берлингтон|برلنغتون|برلنگٹن، وسکونسن|برلینگتون، ویسکانسین
Caledonia,city,WI,42.8078,-87.92425,24684,Kaledonija|Village of Caledonia|Каледония
Cedarburg,city,WI,43.29667,-87.98759,11482,Cedarburgh|Sidarberg|Sidarburg|shidabagu|sydarbwrgh|sydrbrg  wyskansyn|sydrbrq  wyskansyn|Си­дар­берг|Сидарберг|Сидарбург|Сідарбург|سيداربورغ|سیدربرق، ویسکانسین|سیدربرگ، ویسکانسین|シーダーバーグ
Chippewa Falls,city,WI,44.93691,-91.39293,14047,Chipeva Fols|Chippeva-Folls|chypwa falz  wyskansyn|shbwa fwlz|Чипева Фолс|Чіппева-Фоллс|شبوا فولز|چیپوا فالز، ویسکانسین
Cudahy,city,WI,42.95974,-87.86147,18353,Kadakhej|kwdahy|kwdahy  wyskansyn|Кадахеј|كوداهي|کوداهی، ویسکانسین|کیڈاہی، وسکونسن|კადაჰი
De Pere,city,WI,44.44888,-88.06038,24724,De Per|Depere|Depierre|dy byr|dy pr  wyskansyn|Де Пер|دي بير|دی پر، ویسکانسین|ڈی پیر، وسکونسن|დი-პერი
Eau Claire,city,WI,44.81135,-91.49849,67778,Clearwater|EAU|Eauclaire|O Kler|O Kleras|O-Klehr|O-Kler|Oklera|Oklēra|Ou Kler|aw klyr|aww klyyr  wskwnsn|aywklyr  wyskansyn|okeulleeo|okurea|ou ke lei er|qing shui shi|О Клер|О-Клер|О-Клэр|Оу Клер|أو كلير|اوو کلیئر، وسکونسن|ایوکلیر، ویسکانسین|โอแคลร์|ო-კლერი|オークレア|歐克雷爾|清水市|오클레어
Fitchburg,city,WI,42.96083,-89.46984,27996,Fichburg|Fitchburg Station|Greenfield|fychbrg  wskwnsn|fychbrg  wyskansyn|fytshbwrgh|Фичбург|فيتشبورغ|فیچبرگ، وسکونسن|فیچبرگ، ویسکانسین
Fond du Lac,city,WI,43.775,-88.43883,42933,FLD|Fon du Lak|Fon-dju-Lak|Wanikamiu|fondeyuraku|fwnd dw lak|fwnd dw lk  wyskansyn|Фон ду Лак|Фон-дю-Лак|فوند دو لاك|فوند دو لک، ویسکانسین|فونڈ ڈو لاک، وسکونسن|ფონდ-დუ-ლაკი|フォンデュラク
Fort Atkinson,city,WI,42.92889,-88.83705,12426,Fort Coscong|Fort Koshkonong|Fort-Atkinson|a te jin sen bao (wei si kang xing zhou)|fwrt atkynswn|fwrt atkynswn  wyskansyn|poteuaeskinseun|Форт Аткинсон|Форт-Аткинсон|Форт-Аткінсон|فورت أتكينسون|فورت اتکینسون، ویسکانسین|阿特金森堡（威斯康星州）|포트앳킨슨
Franklin,city,WI,42.88863,-88.03842,36222,Frenklin|franklyn|franklyn  wyskansyn|Франклин|Френклин|فرانكلين|فرانکلین، ویسکانسین|فرینکلن، ملواکی کاؤنٹی، وسکونسن|ფრანკლინი
Germantown,city,WI,43.22862,-88.11037,19993,
Glendale,city,WI,43.13529,-87.93564,12870,Glendeilas|Glendejl|ge lun dai er|ghlyndyl|glendeili|glndyl  wyskansyn|gurenderu|qlndyl  wyskansyn|Глендейл|Глендејл|غلينديل|قلندیل، ویسکانسین|گلندیل، ویسکانسین|გლენდეილი|グレンデール|格倫代爾
Grafton,city,WI,43.31973,-87.95342,11527,Hamburg
Green Bay,city,WI,44.51916,-88.01983,105207,GRB|Greenbay|Grijn Bej|Grin Bej|Grin Bejus|Grin Bey|Grin Bėjus|Grin-Bej|Nkrin Bei|ge lin bei|geulinbei|ghryn bay|grin-bei|grina be|gryn byy|gurinbei|kri nbey|Γκριν Μπέι|Грийн Бей|Грин Беј|Грин-Бей|Грін-Бей|Գրին Բեյ|גרין ביי|غرين باي|گرین بے، وسکانسن|گرین‌بی، ویسکانسین|ग्रीन बे|กรีนเบย์|გრინ-ბეი|グリーンベイ|格林贝|그린베이
Greendale,city,WI,42.94057,-87.99592,14333,Grindejl|Gryndeilas|ghryndyl|grindeili|Гриндејл|غرينديل|გრინდეილი
Greenfield,city,WI,42.9614,-88.01259,37349,Grinfild|ghrynfyld|grinpildi|grynfyld  wyskansyn|Гринфилд|غرينفيلد|گرین فیلڈ، وسکونسن|گرینفیلد، ویسکانسین|გრინფილდი
Hartford,city,WI,43.31778,-88.37899,14355,Gartford|Khartford|Wright|hartfwrd|hartfwrd  wyskansyn|Гартфорд|Хартфорд|هارتفورد|هارتفورد، ویسکانسین|ہارٹفورڈ، وسکونسن
Howard,city,WI,44.5436,-88.08816,19250,
Hudson,city,WI,44.97469,-92.75687,13566,Buena Vista|Gudzon|Khadson|Willow River|hdswn|hwdswn  wyskansyn|Гудзон|Хадсон|هدسون|هودسون، ویسکانسین|ہڈسن، وسکونسن
Janesville,city,WI,42.68279,-89.01872,64123,Black Hawk|Dzejnsvil|Dzhejnsvil'|Dzhejnsvill|E-nee-poro-poro|JVL|jaynsfyl|jeinseubil|jeinsvili|jenzubiru|jnswyl  wskwnsn|jynswyl  wyskansyn|Џејнсвил|Джейнсвилл|Джейнсвіль|جاينسفيل|جنسویل، وسکونسن|جینسویل، ویسکانسین|ჯეინსვილი|ジェーンズビル|제인스빌
Kaukauna,city,WI,44.27804,-88.27205,15854,Kakaling|Kaukana|Kokona|Okakaning|kakana  wyskansyn|kao kao na|kawkawna|kawkawna  wskwnsn|kokona|Каукауна|Кокона|كاوكاونا|كاوكاونا، وسکونسن|کاکانا، ویسکانسین|კაუკაუნა|考考納|考考纳|코코나
Kenosha,city,WI,42.58474,-87.82119,99858,ENW|Kenosa|Kenoša|Southport|keonosya|knwsha  wyskansyn|kynwsha|kynwsha  wskwnsn|qnwsh|Кеноша|Կենոշա|קנושה|كينوشا|کنوشا، ویسکانسین|کینوشا، وسکونسن|კენოშა|ケノーシャ|커노샤
La Crosse,city,WI,43.80136,-91.23958,52306,Gateway City|LSE|La Kros|La-Kross|Lac Rosse|Lacrosse|Prairie La Crosse|la ke luo si|la kras  wyskansyn|la krws  wskwnsn|lakrws|rakurosu|Ла Крос|Ла-Кросс|لا کراس، ویسکانسین|لا کروس، وسکونسن|لاكروس|ლა-კროსი|ラクロス|拉克罗斯
Little Chute,city,WI,44.27999,-88.31844,11026,Litl Shut|Littlechute|lytl tshwt|Литл Шут|ليتل تشوت|ლიტლ-შუტი
Madison,city,WI,43.07305,-89.40123,280305,MSN|Madisonas|Madisonia|Madisons|Madisun|Madysan|Mantison|Medison|Medisona|Mehdison|madisan|madisoni|madyswn|maediseun|mai di xun|maidisana|mdysn  wyskansyn|mdyswn|medisana|metican|Μάντισον|Мадисон|Мадисън|Мадысан|Медисон|Медісон|Мэдисон|Մեդիսոն|מדיסון|ماديسون|مدیسن، ویسکانسین|میڈیسن|میڈیسون، وسکونسن|माडिसन्|मॅडिसन|मेडिसन|मैडिसन|மேடிசன்|მადისონი|マディソン|麦迪逊|매디슨
Manitowoc,city,WI,44.08861,-87.65758,33010,MTW|Manitovok|Munedowk|manitowakku|manytwwk|myntwwak  wyskansyn|Манитовок|مانيتووك|مینتوواک، ویسکانسین|مینیٹوواک، وسکونسن|მანიტოუოკი|マニトワック
Marinette,city,WI,45.09998,-87.63066,10799,Marinet|marynyt|mrynt  wyskansyn|Маринет|مارينيت|مرینت، ویسکانسین|მარინეტი
Marshfield,city,WI,44.66885,-90.1718,18620,MFI|Marshfild|ma shen fei er de|marshfyld|marshfyld  wyskansyn|mashufirudo|Маршфилд|Маршфілд|مارشفيلد|مارشفیلد، ویسکانسین|مارشفیلڈ، وسکونسن|マーシュフィールド|馬什菲爾德|马什菲尔德
Menasha,city,WI,44.20221,-88.4465,17572,Menassa|mnasha  wyskansyn|mynasha|mynasha  wskwnsn|Менаша|مناشا، ویسکانسین|ميناشا|میناشا، وسکونسن|მენაშა|メナシャ
Menomonee Falls,city,WI,43.1789,-88.11731,36119,Menomonee|Menomoni Fols|Nehsville|mynwmwny falz  wskwnsn|mynwmwny fwlz|Меномони Фолс|مينوموني فولز|مینومونی فالز، وسکونسن
Menomonie,city,WI,44.87552,-91.91934,16305,Menomonee|Menomonee Mills|Menomoni|Minomoni|mei nuo mo ni|menomoni|minomini|mnwmny  wyskansyn|mynwmwny|mynwmwny  wskwnsn|Меномони|Миномони|Міномоні|منومنی، ویسکانسین|مينوموني|مینومونی، وسکونسن|მინომინი|メノモニー|梅諾莫尼|梅诺莫尼
Mequon,city,WI,43.21555,-88.03001,23132,mkwan  wyskansyn|mykwyn  wskwnsn|mykywn|ميكيون|مکوان، ویسکانسین|میکوئن، وسکونسن
Middleton,city,WI,43.09722,-89.50429,18979,Midlton|mydltwn|mydltwn  wyskansyn|Мидлтон|ميدلتون|مڈلٹن، وسکونسن|میدلتون، ویسکانسین
Milwaukee,city,WI,43.0389,-87.90647,563531,Juneautown|Kilbourntown|MKE|Mahn-a-wau-kee Seepe|Mahn-a-wauk-ee See-pe|Mahn-a-waukee Seepe|Mahn-a-waukie|Mahn-ah-wauk Seepe|Mahnawauk|Man-a-wau-kee|Man-a-wauk-ee|Man-na-wah-kie|Mana'wa|Manawaki|Manawaukee|Manayaukee|Maunahwauke|Mee-lee-waug-ee|Meliki|Melleoki|Melwarik|Meneawkee|Meolaki|Mil-wah-kie|Milgouoki|Milioke|Millewacki|Millicki|Milo-aki|Milouagui|Milouakik|Milowages|Miluoki|Miluokʻi|Milvauchia|Milvoki|Milvokio|Milvokis|Milwacky|Milwahkie|Milwalka|Milwalky|Milwarck|Milwarik|Milwaucki|Milwaukie|Minewaki|Miniaki|Minnawack|Winnipesaukee|mi er wo ji|mil wxki|mil-woki|mila'oyaki|milavoki|miluokʼi|milvaki|milvakki|milvauki|miruuoki|mlwaky|mylwaky|mylwaky  wyskansyn|mylwwqy|Μιλγουόκι|Милвоки|Милуоки|Мілуокі|Միլուոքի|מילוואקי|מילווקי|ملواکی|ميلواكي|میلواکی، ویسکانسین|मिलवॉकी|मिल्वौकी|মিলওয়াকি|மில்வாக்கி|మిల్వాకీ|ಮಿಲ್ವಾಕೀ|มิลวอกี|მილუოკი|ミルウォーキー|密尔沃基|密爾沃基|밀워키
Monroe,city,WI,42.60112,-89.63845,10796,Monro|Monroe (Wisconsin)|manrw  wyskansyn|meonlo|monro|mwnrw|Монро|مانرو، ویسکانسین|مونرو|მონრო|먼로
Muskego,city,WI,42.90585,-88.13898,24755,Maskigo|maskygw  wyskansyn|mwskyghw|mwskygw  wskwnsn|Маскиго|ماسکیگو، ویسکانسین|موسكيغو|موسکیگو، وسکونسن
Neenah,city,WI,44.18582,-88.46261,25792,Nina|Winnebago Rapids|nyna  wyskansyn|nynah|Нина|نيناه|نینا، ویسکانسین|نیناہ، وسکونسن
New Berlin,city,WI,42.9764,-88.10842,39825,Mentor|N'ju-Berlin|Naujasis Berlynas|Nju Berlin|Nov-Berlino|brlyn jdyd  wyskansyn|nyw brln  wskwnsn|nyw brlyn|xin bai lin|Њу Берлин|Нью-Берлин|Нью-Берлін|ניו ברלין|برلین جدید، ویسکانسین|نيو برلين|نیو برلن، وسکونسن|新柏林
North La Crosse,city,WI,43.84635,-91.24819,50470,
Oak Creek,city,WI,42.88585,-87.86314,35243,Ouk Krik|awk gryk  wyskansyn|awk kryk|awk kryk  wskwnsn|xiang shu xi|Оук Крик|أوك كريك|اوک کریک، وسکونسن|اوک گریک، ویسکانسین|ოუკ-კრიკი|橡樹溪
Oconomowoc,city,WI,43.11167,-88.49927,16360,Okonomovok|akwnwmwwak  wskwnsn|awkanmawak  wyskansyn|awkwnwmwk|e kang na mo wo ke|okonomouokku|Окономовок|أوكونوموك|اوکانماواک، ویسکانسین|اکونوموواک، وسکونسن|オコノモウォック|厄康納莫沃克
Onalaska,city,WI,43.88441,-91.23514,18468,
Oregon,city,WI,42.92611,-89.38456,10043,Oregono|Rome Corners|awryghwn|Орегон|أوريغون
Oshkosh,city,WI,44.02471,-88.54261,66555,Algoma|Athens|Brooklyn|OSH|Oskosh|Sawdust City|ashkwsh  wyskansyn|ausakosa|awshkwsh|awshkwsh  wskwnsn|oshukoshu|Ошкош|אושקוש|أوشكوش|اشکوش، ویسکانسین|اوشکوش، وسکونسن|औशकोश|ოშკოში|オシュコシュ
Platteville,city,WI,42.73416,-90.47846,12572,Lebanon|Platte River|Platte River Diggings|Plattevill|Plattville|Platvil|Platvill|blatfyl|pltywyl  wyskansyn|pu la te wei er|purattovuiru|Πλάτβιλ|Платвил|Платвилл|Платтевилл|Платтевілл|פלאטוויל|بلاتفيل|پلتیویل، ویسکانسین|プラットヴィル|普拉特维尔
Pleasant Prairie,city,WI,42.55308,-87.93341,20726,Pleasant Pr|Plezant Preri|bylstant brayry|Плезант Прери|بيلستانت برايري|پلیزینٹ پریری، وسکونسن
Plover,city,WI,44.45636,-89.54401,12319,Mush-ko-da-ny
Port Washington,city,WI,43.38722,-87.87564,11576,Port Voshington|Prt Washingtn|Sauk Harbor|Sauk Washington|The Little City of Seven Hills|Washington|Wisconsin City|bwrt washntn|pwrt washyngtn  wyskansyn|Порт Вошингтон|بورت واشنطن|پورت واشینگتن، ویسکانسین
Portage,city,WI,43.53915,-89.46262,10382,Portage City|Portidz|bwrtagh|pwrtyj  wyskansyn|Портиџ|بورتاغ|پورتیج، ویسکانسین|پورٹیج، وسکونسن
Racine,city,WI,42.72613,-87.78285,77742,Kipikawi|Port Gilbert|RAC|Rasijn|Rasin|Rasinas|la xin|leosin|rashin|rasini|rasyn|rasyn  wskwnsn|rysyn  wyskansyn|Расийн|Расин|Расін|ראסין|راسين|راسین، وسکونسن|ریسین، ویسکانسین|რასინი|ラシーン|拉辛|러신
Richfield,city,WI,43.25612,-88.19398,11530,
River Falls,city,WI,44.86136,-92.62381,15269,Greenwood|Kinnickinnic|River Fols|River-Folls|River-Fols|he pu bu|ribaforuzu|rybr pwls|ryfr fwlz|rywr falz  wskwnsn|rywr falz  wyskansyn|Ривер Фолс|Ривер-Фоллс|Ривер-Фолс|Рівер-Фоллс|ריבר פולס|ريفر فولز|ریور فالز، وسکونسن|ریور فالز، ویسکانسین|リバーフォールズ|河瀑布
Salem,city,WI,42.55474,-88.11092,11416,Brooklyn|Sejlem|Сейлем
Sheboygan,city,WI,43.75083,-87.71453,48797,Chair City|SBM|Seboiganas|Shebojgan|Sheboyegan|shiboigan|shybwygan  wskwnsn|shybwygan  wyskansyn|shybwyjan|Šeboiganas|Шебойган|Шебојган|شيبويجان|شیبویگان، وسکونسن|شیبویگان، ویسکانسین|シボイガン
Shorewood,city,WI,43.08918,-87.88758,13311,Cementville|East Milwaukee|Mechanicsville|Shorvud|shorvudi|shwrwwd|shwrwwd  wyskansyn|Шорвуд|شوروود|شوروود، ویسکانسین|შორვუდი
South Milwaukee,city,WI,42.91057,-87.86064,21233,Oak Creek|Saut Milvoki|Saut-Miluoki|Sud-Milvokio|mylwaky gwnyy|mylwaky jnwby  wyskansyn|nan mi er wa ji|sawth mylwwky|Саут Милвоки|Саут-Милуоки|Саут-Мілуокі|ساوتھ ملواکی، وسکونسن|ساوث ميلووكى|ساوث ميلووكي|میلواکی جنوبی، ویسکانسین|میلواکی گونئی|საუთ-მილუოკი|南密爾瓦基
Stevens Point,city,WI,44.52358,-89.57456,26604,First Island|Kah-kag-e-winch-e-min-it-e-gong|STE|Stephens Point|Steven's Point|Stivens Pojnt|astywn pwynt  wyskansyn|seutibeunseupointeu|Стивенс Појнт|استیون پوینت، ویسکانسین|سٹیونس پوائنٹ، وسکونسن|스티븐스포인트
Stoughton,city,WI,42.91695,-89.21789,13067,Stoton|Stouton|astwtwn  wyskansyn|si tuo dun|stwtwn|stwwtwn|Стотон|Стоутон|סטווטון|استوتون، ویسکانسین|ستوتون|斯托頓|斯托顿
Suamico,city,WI,44.63194,-88.03927,12187,Big Suamico
Sun Prairie,city,WI,43.1836,-89.21373,32365,San Preri|San-Prehry|San-Preri|san pryry  wyskansyn|sana preri|sen pu lei li|sn brayry|sn pryry  wskwnsn|Сан Прери|Сан-Прери|Сан-Прері|Сан-Прэры|סאן פריירי|سان پریری، ویسکانسین|سن پریری، وسکونسن|صن برايري|सन प्रेरी|森普雷裡
Superior,city,WI,46.72077,-92.10408,26579,Gete-oodenaang|S'jupirior|SUW|Supirior|siupʼiriori|spyryyr  wskwnsn|su bi li er|superioru|swbrywr|swprywr  wyskansyn|Супириор|Сьюпириор|سوبريور|سوپریور، ویسکانسین|سپیریئر، وسکونسن|სიუპირიორი|スペリオル|苏必利尔
Sussex,city,WI,43.1339,-88.22204,10753,
Two Rivers,city,WI,44.15388,-87.56925,11331,Nashotah|Neshota|Tu Rivers|Tu-Rivers|shuang he cheng|tourivuasu|tu rivels|tw ryfrz|tw rywrz  wyskansyn|Ту Риверс|Ту-Риверс|Ту-Ріверс|تو ريفرز|تو ریورز، ویسکانسین|ٹو ریورز، وسکونسن|ടൂ റിവേഴ്സ്|トゥーリヴァース|雙河城
Verona,city,WI,42.99083,-89.53318,12540,The Corners|Verona Corners
Watertown,city,WI,43.19472,-88.72899,23819,Johnsons Rapids|Votertaun|watrtwn  wyskansyn|woteotaun|wwtrtawn|Вотертаун|واترتون، ویسکانسین|واٹر ٹاؤن، وسکونسن|ووترتاون|워터타운
Waukesha,city,WI,43.01168,-88.23148,71970,Prairieville|UES|Uokesho|Uokisha|Vokesha|Vokisha|uokisho|wakysha  wyskansyn|wawkysha  wskwnsn|wkysha|Вокеша|Вокиша|Уокешо|Уокиша|واوکیشا، وسکونسن|واکیشا، ویسکانسین|وكيشا|უოკეშო|ウォキショー
Waunakee,city,WI,43.19194,-89.45567,13311,
Waupun,city,WI,43.63332,-88.72955,11343,Madrid|Waubun|wapwn  wyskansyn|wawbwn|واوبون|واپون، ویسکانسین
Wausau,city,WI,44.95914,-89.63012,39094,AUW|Big Bull Falls|Pah-je-tak-a-ke-ning-a-ning|Voso|Wassa|wasa  wskwnsn|wasa  wyskansyn|wawsw|Восо|واسا، وسکونسن|واسا، ویسکانسین|واوسو
Wauwatosa,city,WI,43.04946,-88.00759,47614,Harts Mills|Vovatosa|wawatwsa  wyskansyn|wawatwza|Воватоса|واواتوزا|واواتوسا، ویسکانسین|واواٹوسا، وسکونسن|უავატოსა
West Allis,city,WI,43.01668,-88.00703,60620,Vest Alis|alys ghrby  wyskansyn|wyst alys|Вест Алис|آلیس غربی، ویسکانسین|ويست أليس|ویسٹ الیس، وسکونسن|უესტ-ალისი
West Bend,city,WI,43.42528,-88.18343,31695,ETB|Vest Bend|Westbend|bnd ghrby  wyskansyn|uesutobendo|wyst bynd|xi ben de|Вест Бенд|بند غربی، ویسکانسین|ويست بيند|ویسٹ بینڈ، وسکونسن|ウエストベンド|西本德
Weston,city,WI,44.8908,-89.54762,15069,
Whitefish Bay,city,WI,43.11334,-87.90009,14110,Vajtfish Bej|waytfysh|Вајтфиш Беј|وايتفيش|უაიტფიშ-ბეი
Whitewater,city,WI,42.83362,-88.73233,14692,Uajtuoter|Vajtvoter|bai shui cheng|howaitouota|hwaiteuwoteo|waytwatr  wyskansyn|waytwwtr|Вайтвотер|Вајтвотер|Уайтуотер|وائٹ واٹر، وسکونسن|وايتووتر|وایتواتر، ویسکانسین|ホワイトウォーター|白水城|화이트워터
Wisconsin Rapids,city,WI,44.38358,-89.81735,17897,Ah-dah-wa-gam|Grand Rapids|Grand Rapids Mills|ISW|Viskonsin Rapids|wyskansyn rpydz  wyskansyn|wyskwnsn rabydz|Висконсин Рапидс|وسکونسن ریپڈس، وسکونسن|ويسكونسن رابيدز|ویسکانسین رپیدز، ویسکانسین
Weirton,city,WV,40.41896,-80.58952,19175,Uirton|Virtn|Virton|uiaton|wyrtwn|wyrtwn  wyrjynyay ghrby|Виртн|Віртон|Уиртон|ويرتون|ویئرٹن، مغربی ورجینیا|ویرتون، ویرجینیای غربی|ウィアトン
Weirton Heights,city,WV,40.4084,-80.53924,19450,
Wheeling,city,WV,40.06396,-80.72091,27648,Fort Fincastle|Fort Henry|HLG|Nail City|Uijling|Uiling|Viling|Weeling|Whealing|Wheelin|Zanesburg|hoiringu|hui ling|hwilling|wylyng  mghrby wrjynya|wylyng  wyrjynyay ghrby|wylyngh|Вилинг|Вілінг|Уийлинг|Уилинг|ويلينغ|ویلینگ، مغربی ورجینیا|ویلینگ، ویرجینیای غربی|ホイーリング|惠灵|휠링
Ansonia,city,CT,41.34621,-73.079,18854,Ansonija|an suo ni ya|anasoniya|ancaniya|ansoniya|answnya|answnya  kntykt|anzwnya  kantykt|ensoniya|Ανσόνια|Ансониа|Ансония|Ансонија|Ансоніа|אנסוניה|آنزونیا، کانتیکت|آنسونیا، کنتیکت|أنسونيا|انسونيا|انسونیا، کنیکٹیکٹ|अनसोनिया|अनासोनिया|एन्सोनिया|আনসোনিয়া|અન્સોનિયા|அன்சானியா|అన్సోనియా|ಆನ್ಸೋನಿಯಾ|අන්සොනියා|แอนโซเนีย|アンソニア|安索尼亚|安索尼亞|안소니아
Avon,city,CT,41.80982,-72.83065,18932,East Avon|Ehvon|Hart's Nod|Nod Society|Northington|Эвон|ایون، کنیکٹیکٹ
Bloomfield,city,CT,41.82649,-72.73009,21535,Blumfild|Greenfield|Messenger's Farms|blwmfyld  kntykt|Блумфилд|بلوم فیلڈ، کنیکٹیکٹ|بلومفیلد، کنتیکت
Bridgeport,city,CT,41.17923,-73.18945,147629,BDR|Bricport|Bridzhport|Bridzport|Bridzporta|Bridzportas|Bridžporta|Bridžportas|Brigporto|Briĝporto|Brydzhpart|Newfield|Park City|Stratfield|beulijipoteu|brijaporta|brydgpwrt|brydjbwrt|bryjpwrt  kntykt|bu li qi bo te|burijjipoto|Бриджпорт|Бриџпорт|Брыджпарт|Бріджпорт|ברידגפורט|برج پورٹ، کنیکٹیکٹ|بريدجبورت|بریجپورت، کنتیکت|ब्रिजपोर्ट|ブリッジポート|布里奇波特|브리지포트
Bristol,city,CT,41.67176,-72.94927,60452,Bristol'|Bristul|Mixville Brook|beuliseuteul|bristala|brystwl|brystwl  kntykt|bu li si tuo er|burisutoru|Бристол|Бристоль|Бристъл|برسٹل، کنیکٹی کٹ|بريستول|بریستول، کنتیکت|ब्रिस्टल|ブリストル|布里斯托尔|브리스틀
Branford,city,CT,41.27954,-72.8151,29438,Branford Center|Brehnford|Totoket|Бранфорд|Брэнфорд|برینفورڈ، کنیکٹیکٹ
Cheshire,city,CT,41.49899,-72.90066,29443,Cheshair|Cheshir|Cheshir Vilidz|Cheshire Center|Cheshire Village|cesayara bhileja|chesyeo|tshyshayr|Чешаир|Чешир|Чешир Вилиџ|تشيشاير|چیشائر، کنیکٹیکٹ|चेशायर भिलेज|체셔
Fillmore,city,CA,34.39916,-118.91815,15548,Fillmor|Filmor|fei er mo er|firumoa|flmwr  kylyfwrnya|fyl mwr  kalyfrnya|fylmwr  kalyfwrnya|fylmwry|philamora|pilmo-eo|Филлмор|Филмор|Філлмор|فلمور، کیلیفورنیا|فيلمورى|فيلموري|فیل مور، کالیفرنیا|فیلمور، کالیفورنیا|फिलमोर|ഫിൽമോർ|フィルモア|菲尔莫尔|菲爾莫爾|필모어
Buckeye,city,AZ,33.37032,-112.58378,50876,BXK|Bakai|Bakaj|Bakaja|Bakajus|Bukaj|Sidney|ba ke ai|baka'a'i|baka'i|bakay  aryzwna|bakeye|bakkuai|bakyy|beog-ai|bkayy  ayryzwna|bukhkheye|buukeye|bwkyy  aryzwna|byukeya|pukkeye|Μπάκαϊ|Бакай|Бакај|Бъкай|باكيى|باكيي|باکای، آریزونا|بوکئی، آریزونا|بکآئی، ایریزونا|बकआइ|बकाई|बुक्‍केय|বুুকেয়ে|બ્યુકેય|புக்கேயே|బకెయే|ಬಕೆಯೆ|බකියේ|บุคเคเย|バックアイ|巴克艾|벅아이
Bullhead City,city,AZ,35.14778,-114.5683,39445,Bulkhed|Bulkhed Siti|Bullged-Siti|Bullkhed-Siti|IFP|bu er hai de shi|bulaheda siti|bwlhd syty  aryzwna|bwlhyd syts|Буллгед-Сіті|Буллхед-Сити|Булхед|Булхед Сити|بولهد سیتی، آریزونا|بولهيد سيتس|बुलहेड सिटी|布尔海德市
Camp Verde,city,AZ,34.56364,-111.85432,11155,Camp Lincoln|Campverde|Fort Verde|Kamp Verdi|Kemp Verde|Verde|kamb fyrdy|kan pu wei de|kmp wrdy  aryzwna|kyampa bharde|Камп Верди|Кемп Верде|كامب فيردي|کمپ وردی، آریزونا|क्याम्प भर्डे|坎普维德
Casa Grande,city,AZ,32.8795,-111.75735,51460,CGZ|Casagrande|Kasa Grand|Kasa Grande|Kasa-Grande|ka sa ge lan de|kaesageulaendi|kasa gryanda|kaza ghrandy|kaza grandh|Каса Гранд|Каса Гранде|Каса-Гранде|كازا غراندي|کازا گرانده|कासा ग्र्यान्ड|卡萨格兰德|캐사그랜디
Casas Adobes,city,AZ,32.32341,-110.9951,66795,Kasas Adobes|Kazas-Edobs|kasas adwbz|kasas edobej|Казас-Едобс|Касас Адобес|كاساس أدوبز|कासास् एडोबेज्
Catalina Foothills,city,AZ,32.29785,-110.9187,50796,
Chandler,city,AZ,33.30616,-111.84125,260828,Candler|Candlera|Candleris|Chandler Junction|Chandlur|Tsantler|candalara|candlar|cantler|chaendeulleo|chandlr  aryzwna|chandora|chndlr  aryzwna|cyandalara|cyandlara|qian de lei|tshandlr|z'ndlr|Çandler|Čandlera|Čandleris|Τσάντλερ|Чандлер|Чандлър|Чәндлер|Չանդլեր|צ'נדלר|تشاندلر|چاندلر، آریزونا|چانڈلر، ایریزونا|چندلر، آریزونا|چينڊلر، ايريزونا|चांडलर|च्यान्ड्लर|চ্যান্ডলার|ચાન્ડલર|சண்ட்லெர்|చాండ్లర్|ಚಾಂಡ್ಲರ್|චන්ද්ලර්|แชนเดลอร์|チャンドラー|钱德勒|챈들러
Chino Valley,city,AZ,34.75752,-112.45378,11137,Chino Vali|chynw wly  aryzwna|cino bhyali|qi nuo gu|shynw faly|Чино Вали|شينو فالي|چینو ولی، آریزونا|चिनो भ्याली|奇诺谷
Coolidge,city,AZ,32.97784,-111.51762,12297,Kulidz|Kulidzh|ke li zhi|kulija|kurijji|kwlydj|kwlydj  aryzwna|kwlyj  aryzwna|Кулидж|Кулиџ|Кулідж|كوليدج|کولیج، آریزونا|کولیدج، آریزونا|कूलिज|クーリッジ|柯立芝
Cottonwood,city,AZ,34.73919,-112.00988,11818,CTW|Cottonwood  okrug Apache|Kotonvud|Kotunud|ka dun|katanavuda|katn wwd  aryzwna|kwtnwwd|Котонвуд|Котънуд|كوتنوود|کاتن وود، آریزونا|कटनवूड|卡顿
Deer Valley,city,AZ,33.68393,-112.13488,165656,Deer Valley Village
Douglas,city,AZ,31.34455,-109.54534,16592,DUG|Daglas|Duglas|dagalasa|daglas  aryzwna|dao ge la si|dwghlas|Даглас|Дуглас|Дъглас|داگلاس، آریزونا|دوغلاس|डगलस|道格拉斯
Drexel Heights,city,AZ,32.14119,-111.02843,27749,
El Mirage,city,AZ,33.61309,-112.3246,33935,Ehl'-Mirazh|El Miraz|El Mirazh|El'-Mirazh|Elmiraza|Elmirazas|Elmiraža|Elmiražas|ai er mo la ri|al myrazh  aryzwna|al myryyj  aryzwna|ala miraja|almyraj|el milaji|el miraj|el mirej|ela miraja|ela mireja|xel mirac|Ελ Μιράζ|Ел Мираж|Ель-Міраж|Эль-Мираж|ال معراج|ال میرئیج، آریزونا|ال میراژ، آریزونا|الميراج|अल मिरज|एल मिराज|এল মিরেজ|અલ મિરાજ|எல் மிரேஜ்|ఎల్ మిరాజ్|ಎಲ್ ಮಿರಾಜ್|එල් මිරාෂ්|เอล มิราจ|エル・ミラージュ|埃尔默拉日|埃爾默拉日|엘 미라지
Eloy,city,AZ,32.7559,-111.55484,17059,Cotton City|Eloi|Iloj|ai luo yi|alwy|alwy  aryzwna|elo'i|Ілой|Илой|Илој|إلوي|الوی، آریزونا|एलोइ|埃洛伊
Flagstaff,city,AZ,35.19807,-111.65127,70320,FLG|Flagstaf|Flankstaf|Flegstaff|Kinlani|Kinłání|Milltown|Skylight City|flaghstaf|flgstf  aryzwna|fu la ge si ta fu|furaggusutaffu|peullaegeuseutaepeu|phlegastapha|phlyagastapha|plgstp|Φλάγκσταφ|Флагстаф|Флагстафф|Флегстафф|פלגסטף|فلاغستاف|فلگستف، آریزونا|فلیگ سٹاف، ایریزونا|फ्लॅगस्टाफ|फ्ल्यागस्टाफ|แฟลกสแตฟฟ์|ፍላግስታፍ፥ አሪዞና|フラッグスタッフ|弗拉格斯塔夫|플래그스태프
Florence,city,AZ,33.03145,-111.38734,31110,Florencija|Florens|Floruns|flwrns|flwrns  aryzwna|flwrns  ayryzwna|fu luo lun si|peullolenseu|phlorensa|Флоренс|Флоренция|Флоренція|Флорънс|فلورنس|فلورنس، آریزونا|فلورنس، ایریزونا|फ्लोरेन्स|ፍሎረንስ፥ አሪዞና|弗洛伦斯|플로렌스
Flowing Wells,city,AZ,32.29396,-111.00982,16419,Flaving-Vells|Floing Vels|To Haali|Tó Háálį́|flwfyngh wls|flwyyng wlz|flwyynq wlz  aryzwna|fu luo wen wei er si|phlovinga velsa|Флавинг-Веллс|Флавінг-Веллс|Флоинг Велс|فلوئینق ولز، آریزونا|فلوئینگ ولز|فلوفينغ ولس|फ्लोविंग वेल्स|弗羅溫威爾斯
Fortuna Foothills,city,AZ,32.65783,-114.41189,26265,Atsiidi Kin|Atsį́įdi Kin|Fortuna Futkhils|Fortuna-Futgills|fu rui na lu shan|fwrtwna fwthylz|fwrtywna fwt hylz|fwrtywna fwt hylz  aryzwna|pharcunaphutahilsa|Фортуна Футхилс|Фортуна-Футгиллс|Фортуна-Футгіллс|فورتونا فوتهيلز|فورتیونا فوت هیلز|فورتیونا فوت هیلز، آریزونا|फर्चुनाफूटहिल्स|福瑞娜麓山
Fountain Hills,city,AZ,33.61171,-111.71736,23899,
Gilbert,city,AZ,33.35283,-111.78903,247542,Gilbertas|Gilburt|gilbarta|gilbeoteu|girubato|gylbrt|gylbrt  aryzwna|ji er bo te|Гилберт|Гилбърт|Гілберт|גילברט|گلبرٹ، ایریزونا|گیلبرت، آریزونا|गिल्बर्ट|ギルバート|吉尔伯特|길버트
Glendale,city,AZ,33.53865,-112.18599,240126,Glendehjl|Glendeilas|Glendejl|Nklenteil|Qlendeyl|ge lan dai er|geullendeil|ghlandyl|glenadela|glndyl  aryzwna|glndyyl|gurenderu|Γκλέντεϊλ|Глендейл|Глендејл|Глендэйл|גלנדייל|غلانديل|گلندیل، آریزونا|گلنڈیل، ایریزونا|ग्लेनडेल|グレンデール|格蘭岱爾|글렌데일
Gold Camp,city,AZ,33.29367,-111.30429,10159,
Goodyear,city,AZ,33.43532,-112.35821,79003,Egypt|GYR|Goodyear Farms|Gudier|Gudir|Gudiur|Gudjer|ghwdyyr|gudayara|guddoiya|gwdyr  aryzwna|jia nian|Гудиер|Гудиър|Гудїр|Гудјер|غوديير|گودیر، آریزونا|گڈایر، ایریزونا|गूडयर|グッドイヤー|嘉年
Green Valley,city,AZ,31.85425,-110.9937,21391,Grin Vali|Grin-Vejli|Tecota|Tééhodootłʼizhí|Verda Valo|ghryn faly|grina bhyali|gryn wly  aryzwna|gurinbare|jryn faly|lu gu|qryn walyy  aryzwna|Грин Вали|Грин-Вейли|Ґрін-Вейлі|جرين فالى|غرين فالي|قرین والئی، آریزونا|گرین ولی، آریزونا|ग्रीन भ्याली|グリーンバレー|綠谷
Kingman,city,AZ,35.18944,-114.05301,28912,IGM|Kingmen|Kingmun|jin man|kingamana|kingamyana|kinguman|kngmyn  ayryzwna|kyngmn  aryzwna|kynjman|qyngmn|Кингман|Кингмен|Кингмън|Кінгмен|קינגמן|كينجمان|کنگمین، ایریزونا|کینگمن، آریزونا|किंगमन|किङ्गम्यान|ኪንግማን፥ አሪዞና|キングマン|金曼
Lake Havasu City,city,AZ,34.4839,-114.32245,53553,HII|Lejk Khavasu Siti|Lejk-Gavasu-Siti|Lejk-Khavasu-Siti|ha wa su hu cheng|leikeuhaebeosusiti|leka habhasu siti|lyk hafasw syty|lyk hawasw syty  aryzwna|reikuhabasushiti|Лейк Хавасу Сити|Лейк-Гавасу-Сіті|Лейк-Хавасу-Сити|Лејк Хавасу Сити|לייק האווסו סיטי|ليك هافاسو سيتي|لیک هاواسو سیتی، آریزونا|لیک ہاواسو سٹی، اریزونا|लेक हभासु सिटी|レイクハバスシティ|哈瓦苏湖城|레이크해버수시티
Marana,city,AZ,32.43674,-111.22538,41315,MZJ
Maricopa,city,AZ,33.05811,-112.04764,48602,Maricopa Junction|Marikopa|ma li ke pa|marikopa|marykwba|marykwpa  aryzwna|merikopa|Марикопа|Марікопа|ماريكوبا|ماریکوپا، آریزونا|मेरिकोपा|マリコパ|马里科帕
Maryvale,city,AZ,33.50199,-112.17765,208189,Maryvale Village
Mesa,city,AZ,33.42227,-111.82264,471825,Hayden|MSC|Mejsa|Mesa City|Zenos|me sa|mei sa|msh|mysa|mysa  ayryzwna|myza|Μέσα|Мейса|Меса|Մեսա|מסה|ميسا|میزا|میسا، ایریزونا|मेसा|মেসা|เมซา|მესა|メサ|梅薩|메사
New River,city,AZ,33.91587,-112.13599,14952,Duppa Station|Newriver
Nogales,city,AZ,31.34038,-110.93425,20252,Dos Nogales|Isaacson|Isaactown|Line City|Los Nogales|OLS|Villa Rivas|nogalesa|nuo jia li si|nwgals  aryzwna|nwghalys|Ногалес|Նոգալես|نوغاليس|نوگالس، آریزونا|नोगालेस|ኖጋሌስ፥ አሪዞና|诺加利斯
Oro Valley,city,AZ,32.39091,-110.96649,45303,Oro Vali|Oro-Vejli|ao luo gu|awrw faly|awrw wly  aryzwna|olobaelli|oro bhyali|Оро Вали|Оро-Вейлі|أورو فالي|اورو ولی، آریزونا|ओरो भ्याली|奥罗谷|오로밸리
Paradise Valley,city,AZ,33.53115,-111.94265,13922,Paradajs Vali|Paradajs-Vejli|Paradajz Vali|bradys faly|pradays wly  aryzwna|pyarada'ija bhyali|xian gu|Парадайз Вали|Парадайс-Вейлі|Парадајс Вали|براديس فالي|پرادایس ولی، آریزونا|प्याराडाइज भ्याली|仙谷
Payson,city,AZ,34.23087,-111.32514,15345,PJB|Pejson|Pejsun|bayswn|pei sen|peiseun|pesana|pyzan  aryzwna|Пейсън|Пејсон|بايسون|پیزان، آریزونا|पेसन|佩森|페이슨
Peoria,city,AZ,33.5806,-112.23738,190985,Peori|Peorija|Periora|Piorija|bywrya|pe'ori'a|pe'oriya|pe-olia|periya|peyoriya|phi xo reiy|pi ao li ya|pioria|piyeariya|pyoriya|pywrya  aryzwna|pywrya  ayryzwna|Πεόρια|Пеори|Пеория|Пиория|Пиорија|Піорія|Պեորիա|بيوريا|پئوریا، آریزونا|پیوریا، آریزونا|پیوریا، ایریزونا|पेओरिया|पेरीया|प्योरिया|পেওরিয়া|પેઓરિઆ|பேயோரிய|పెయోరియా|ಪೆಯೋರಿಯಾ|പിയോറിയ|පියෝරියා|พีโอเรีย|ピオリア|皮奥里亚|皮奧里亞|페오리아
Phoenix,city,AZ,33.44838,-112.07404,1650070,East Phoenix|Feniks|Fenikso|Finiks|Finiksa|Finiksas|Finiksos|Foinix|Féniks|Fīniksa|Hellings Mill|Hoozdoh|Mill City|PHX|Peniki|Phenix|Phoeniks|Pumpkinsville|Pēniki|Salt River|Smith Station|Smith Station Phenix|Smiths Station|feng huang cheng|fenikkusu|finikasa|finiks|finiksa|fynks|fynyks|fynyks  aryzwna|phiniks|phiniks nagaram|phiniksa|pinigseu|piniks|piniksi|pnyqs|pynyqs|Φοίνιξ|Финикс|Фінікс|Ֆինիքս|פיניקס|פניקס|فينيكس|فینکس|فینیکس، آریزونا|फ़ीनिक्स|फिनिक्स|फिनिक्स्|फीनिक्स|ফিনিক্স|ਫ਼ੀਨਿਕਸ|பீனிக்ஸ்|ఫీనిక్స్ నగరం|ಫೀನಿಕ್ಸ್|ഫീനിക്സ്|ฟีนิกซ์|ფინიქსი|ፊኒክስ፥ አሪዞና|フェニックス|凤凰城|鳳凰城|피닉스
Prescott,city,AZ,34.54002,-112.4685,41899,PRC|Preskot|Preskott|bryskwt|preskata|prskt  aryzwna|pu lei si ke te|puresukotto|Прескот|Прескотт|بريسكوت|پرسکت، آریزونا|پریسکوٹ، ایریزونا|प्रेस्कट|ፕሬስኮት፥ አሪዞና|プレスコット|普雷斯科特
Prescott Valley,city,AZ,34.61002,-112.31572,42197,Preskot Vali|bryskwt faly|preskata bhyali|prskat wly  aryzwna|pu lei si ke te shan gu|Прескот Вали|بريسكوت فالي|پرسکات ولی، آریزونا|प्रेस्कट भ्याली|普雷斯科特山谷
Queen Creek,city,AZ,33.24866,-111.6343,34614,Kuijn Krijk|Kvin Krik|Kvin-Krik|Rittenhouse|kvina krika|kwyn kryk|kwyyn kryk  aryzwna|nu wang xi|Квин Крик|Квін-Крік|Куийн Крийк|كوين كريك|کوئین کریک، آریزونا|क्वीन क्रीक|女王溪
Rio Rico,city,AZ,31.47148,-110.97648,18962,
Sahuarita,city,AZ,31.95758,-110.95565,25707,Saguarita|Sahuarito|Sakhuarita|Saurita|Sorita|sa wa li ta|sahu'arita|sahualita|sahwryta|shwaryta  aryzwna|Сагуаріта|Сахуарита|Сорита|ساهوريتا|سهوآریتا، آریزونا|سہوارتھ، ایریزونا|साहुआरिता|萨瓦里塔|사후아리타
San Luis,city,AZ,32.487,-114.78218,31520,san lwys|sheng lu yi si|sn lwyys  aryzwna|syana lu'i|Сан Луис|سان لويس|سن لوئیس، آریزونا|स्यान लुई|圣路易斯
Scottsdale,city,AZ,33.50921,-111.89903,236839,SCF|Skotsdejl|Skotsdejlo|Skottsdejl|seukocheudeil|si ke ci dai er|skatasdela|skatzdyl  aryzwna|skwtsdyl|sqwtsdyyl|sukottsuderu|Скотсдейл|Скотсдејл|Скоттсдейл|סקוטסדייל|سكوتسديل|سکاتزدیل، آریزونا|سکاٹسڈیل، ایریزونا|स्कटस्डेल|スコッツデール|斯科茨代爾|스코츠데일
Sedona,city,AZ,34.86974,-111.76099,10388,SDX|sai duo na|sdwna  aryzwna|sydwna|Седона|Սեդոնա|سدونا، آریزونا|سيدونا|सेडोना|セドナ|塞多纳
Show Low,city,AZ,34.25421,-110.02983,10860,SOW|Sholow|Shou Lou|Shou-Lov|Show Slow|shw la  aryzwna|shw lw|so lo|xiao luo|Шоу Лоу|Шоу-Лов|شو لا، آریزونا|شو لو|शो लो|肖洛
Sierra Vista,city,AZ,31.55454,-110.30369,43355,FHU|S'erra-Vista|Siera Vista|Sijera Vista|shierabisuta|siyara bhista|syra wysta  aryzwna|syyra fysta|xie la wei si ta|Сиера Виста|Сијера Виста|Сьерра-Виста|Сьєрра-Віста|سييرا فيستا|سیرا وسٹا، ایریزونا|سیرا ویستا، آریزونا|सीयरा भिस्ता|シエラビスタ|谢拉维斯塔
Somerton,city,AZ,32.59644,-114.70968,15048,Algodones Land Grant|Dáʼákʼehtahí|Samerton|Samurtun|sa mo dun|samrtn  aryzwna|somaratana|swmrtwn  aryzwna|swmyrtwn|Самертон|Самъртън|Сомертон|سامرتن، آریزونا|سومرتون، آریزونا|سوميرتون|सोमरटन|萨默顿
Sun City,city,AZ,33.59754,-112.27182,37499,Marinette|San Siti|San-Siti|san syty  aryzwna|sana siti|sanshiti|Сан Сити|Сан-Сіті|سان سیتی، آریزونا|सन सिटी|サンシティ
Sun City West,city,AZ,33.66198,-112.34127,24535,
Sun Lakes,city,AZ,33.21116,-111.87542,13975,San Lejks|San-Lejks|san lyks|san lyks  aryzwna|sana leksa|sen hu|sn lyks|Сан Лејкс|Сан-Лейкс|سان لیکس|سان لیکس، آریزونا|سن ليكس|सन लेक्स|森湖
Surprise,city,AZ,33.63059,-112.33322,143148,Ennis|Serprajz|Sjurprajz|Sjurpriz|Surprajz|sapuraizu|sarpra'ija|se pu lai si|seopeulaijeu|swpryyz|swrbrayz|swrprayz  aryzwna|Серпрайз|Сурпрајз|Сърпрайз|Сюрпрайз|Сюрприз|סופרייז|سوربرايز|سورپرایز، آریزونا|सर्प्राइज|サプライズ|瑟普赖斯|서프라이즈
Tanque Verde,city,AZ,32.25174,-110.73731,16901,
Tempe,city,AZ,33.41477,-111.90931,175826,Butte City|Haydens Butte|Haydens Ferry|Haydens Mill|San Pablo|Tempi|tan pei|tempi|tenpi|tmb|tmpy  aryzwna|Темпе|Темпи|Темпі|تمب|تمپی، آریزونا|ٹیمپے، ایریزونا|तेम्पे|テンピ|坦佩|템피
Tempe Junction,city,AZ,33.41421,-111.94348,158368,
Tucson,city,AZ,32.22174,-110.92648,542629,Fucson|Lucson|San Casme del Tucson|TUS|Takson|Teuson|Toison|Touson|Tuczon|Tugson|Tuguison|Tuison|Tuksonas|Tulquson|Tuozon|Tuquisson|Tuqulson|Tusan|Tuson|Tusona|Tūsona|taksana|thu sxn|tsuson|tu sen|tusana|tuson|tusona|twsan|twswn|tʼusoni|Τουσόν|Тусан|Тусон|Թուսոն|טוסון|توسان|توسون|ٹوسان، ایریزونا|टक्सन|तुसॉन|টুসান|ทูซอน|ტუსონი|ツーソン|图森|투손
Tucson Estates,city,AZ,32.18758,-111.09093,12192,
Vail,city,AZ,32.04786,-110.71203,10208,Vejl|bhela|Вейл|Вејл|भेल
Yuma,city,AZ,32.72532,-114.6244,95548,Arizona City|Arizonia|Colorado City|Doonysio|Juma|La Purisima Concepcion|Pueblo de la Concepcion|Puutsiyumah|San Dionisio|San Dionysio|YUM|Yuma City|Yumas|you ma|ywma|ywma  aryzwna|ywma  ayryzwna|ywmh|Јума|Юма|יומה|يوما|یوما، آریزونا|یوما، ایریزونا|युमा|ዩማ፥ አሪዞና|ユマ|尤馬
Adelanto,city,CA,34.58277,-117.40922,33166,a de lan tuo|adellanto|adlantw  kalyfrnya|adylantw|edelanto|Аделанто|آدلانتو، کالیفرنیا|أديلانتو|एडेलान्तो|阿德兰托|아델란토
Agoura,city,CA,34.14306,-118.73787,20537,Agoura Hills|Picture City|a gu la|agwra  kallyfrnya|agwra  kylyfwrnya|aqwra  kalyfwrnya|Агоура|אגוארה|آقورا، کالیفورنیا|اگورا، کاللیفرنیا|اگورا، کیلیفورنیا|阿古拉
Agoura Hills,city,CA,34.13639,-118.77453,20915,
Agua Caliente,city,CA,38.32408,-122.48804,27090,Aqua Caliente
Alameda,city,CA,37.77099,-122.26087,78630,Alamida|Alaminta|a la mi da|aelleomida|alamda  kalyfrnya|alamyda|arameda|Αλαμήντα|Аламеда|Аламида|آلامدا، کالیفرنیا|ألاميدا|अलामेदा|アラメダ|阿拉米達|앨러미다
Alamo,city,CA,37.8502,-122.03218,14570,a la mo|alamw|alamw  kalyfrnya|alamw  kalyfwrnya|aramo|elamo|Álamo|Аламо|آلامو، کالیفورنیا|ألامو|الامو، کالیفرنیا|एलामो|アラモ|阿拉莫
Albany,city,CA,37.88687,-122.29775,19735,Albania|O'Shean's View|Ocean View|Olbani|Olmpany|albany  kalyfrnya|albany  kalyfwrnya|albany  kylyfwrnya|ao bai ni|elbani|olbeoni|orubani|Ώλμπανυ|Олбани|Олбані|آلبانی، کالیفرنیا|آلبانی، کالیفورنیا|ألباني|البانى|البانی، کیلیفورنیا|एल्बानी|അൽബാനി|オルバニー|奥柏尼|奧柏尼|올버니
Alhambra,city,CA,34.09529,-118.12701,85551,Al'gambra|Algambra|Alkhambra|a han bu la|alhambra  kalyfrnya|alhmra  kylyfwrnya|el'hambra|Алгамбра|Алхамбра|Альгамбра|آلهامبرا، کالیفرنیا|ألهامبرا|الحمرا، کیلیفورنیا|الہامبرا|एल्हाम्ब्रा|阿罕布拉
Aliso Viejo,city,CA,33.56504,-117.72712,50195,Aliso Viekho|Aliso Vijekho|alysw fyjw|alysw wyjw  kalyfrnya|eliso bhiyo|ya li suo wei ye he|Алисо Виехо|Алисо Вијехо|آلیسو ویجو، کالیفرنیا|أليسو فيجو|एलिसो भियो|アリソ・ビエホ|亚里索维耶荷
Alpine,city,CA,32.83505,-116.76641,14236,Al'pine|Alpajn|Alpine El Capitan|Dziltahi|Dziłtahí|Elpajn|Viejas Stage Stop|Viejas Stop|a er pai en|alpyn  kalyfrnya|alpyn  kalyfwrnya|arupain|elpina|Алпайн|Алпајн|Альпине|Елпайн|آلپین، کالیفورنیا|الپین، کالیفرنیا|एल्पिन|アルパイン|阿爾派恩
Altadena,city,CA,34.18973,-118.13118,42777,Al'tadena|Altadina|a er ta de na|a er ta di na|altadna  kalyfrnya|altyydna  kalyfwrnya|arutadina|Алтадина|Альтадена|Ալտադենա|אלטדנה|آلتئیدنا، کالیفورنیا|التادنا، کالیفرنیا|अल्टाडेना|ალტადენა|アルタディーナ|阿尔塔迪纳|阿爾塔德納|阿爾塔迪納
Alum Rock,city,CA,37.36605,-121.82718,15536,
American Canyon,city,CA,38.17492,-122.2608,20554,Amerikan Kanjon|Amerikan Keniun|Amerikan-Kan'on|amerikana kyan'yana|amrykn knywn  kalyfrnya|amyrykan kanywn|mei li jian xia gu|Американ Канјон|Американ Кениън|Американ-Каньон|أميريكان كانيون|امریکن کنیون، کالیفرنیا|अमेरिकन क्यान्यन|美利堅峽穀|美利堅峽谷
Anaheim,city,CA,33.83529,-117.9145,350742,ANA|Anachaim|Anahaima|Anahaym|Anaheimas|Anakhajm|Campo Aleman|a na hai mu|aeneohaim|an na han|anahaimi|anahaimu|anahaym|anahaym  kalyfrnya|enaha'ima|Άναχαϊμ|Анахайм|Анахајм|Անահայմ|אנאהיים|אנהיים|آناهايم|آناهایم، کالیفرنیا|اناہیم، کیلیفورنیا|ایناہیم|अ‍ॅनाहाइम|एनाहाइम|ანაჰაიმი|アナハイム|安那罕|阿納海姆|애너하임
Antelope,city,CA,38.70824,-121.32995,45770,Antelop|Антелоп
Antioch,city,CA,38.00492,-121.80579,110542,Antiocheia|Antiohio|Antiok|Antioka|Antiokas|Antioĥio|East Antioch|Marshs Landing|Smith's Landing|an tiao ke|antakiya|anti'oka|antiokeu|antiokku|antiyoc|antywch  kalyfrnya|antywch  kalyfwrnya|antywch  kylyfwrnya|antywk|enti'oka|entiyaka|Αντιόχεια|Антиок|Антиоч|Антіок|Әнтиак|Անտիոք|אנטיוק|آنتیوچ، کالیفرنیا|آنتیوچ، کالیفورنیا|آنتیوچ، کیلیفورنیا|أنتيوك|انتيوك|اینٹیوخ|अन्ताकिया|अन्तीऑक|एन्टियक|অ্যান্তিও|એન્ટીઓક|ஆன்டியோச்|ఆంటియోచ్|ಅಂಟಿಯೋಚ್|ആൻറിയോക്ക്|ඇන්ටිඔක්|แอนติออก|アンティオック|安条克|安條克|안티오크
Apple Valley,city,CA,34.50083,-117.18588,72174,APV|Apul Vali|Epl Vali|abbl faly|aepeulbaelli|apl wly  kalyfrnya|aypl wyly  kylyfwrnya|eppala bhyali|ping guo gu|Апъл Вали|Епл Вали|أببل فالي|اپل ولی، کالیفرنیا|ایپل ویلی، کیلیفورنیا|एप्पल भ्याली|苹果谷|애플밸리
Arcadia,city,CA,34.13973,-118.03534,58408,Arkadia|Arkadija|Arkadiya|Arkadzija|Arkantia|Arkejdija|Arkādija|a ka di ya|akeidia|arkadiya|arkadya|arkadya  kalyfrnya|arkadya  kalyfwrnya|arkediya|arketiya|arukadia|xa kha deiy|Αρκάντια|Аркадзія|Аркадия|Аркадія|Аркејдија|Արկադիա|ארקדיה|آرکادیا، کالیفرنیا|آرکادیا، کالیفورنیا|آرکیڈیا، کیلیفورنیا|أركاديا|اركاديا|आर्काडिया|आर्केडिया|আর্কেডিয়া|આર્કેડિયા|அர்கேடியா|ఆర్కాడియా|ಆರ್ಕಾಡಿಯಾ|അർക്കാഡിയ|ආර්කේඩියා|อาคาเดีย|アルカディア|阿卡迪亚|阿卡迪亞|아케이디아
Arroyo Grande,city,CA,35.11859,-120.59073,18108,Arojo Grande|Arrojo-Grande|Cháshkʼeh Hátsoh|aroyo gryanda|arwyw ghrandy|arwyw grand  kalyfrnya|arwyw jrandy|da a luo yue|Аройо Гранде|Аројо Гранде|Арройо-Гранде|ארויו גרנדה|آرویو گراند، کالیفرنیا|أرويو غراندي|ارويو جراندى|ارویو گرینڈے، کیلیفورنیا|आरोयो ग्र्यान्ड|大阿罗约|大阿羅約
Artesia,city,CA,33.86585,-118.08312,16961,Artisija|Artizha|a di xi ya|artesiya|artsya  kalyfrnya|artysya|artzya  kalyfwrnya|atejia|Артижа|Артисия|Артісія|ארטזיה|آرتزیا، کالیفورنیا|آرتسیا، کالیفرنیا|أرتيسيا|ارتيسيا|ارٹیسیا، کیلیفورنیا|आर्टेसिया|ആർട്ടെസിയ|アーテジア|阿蒂西亚
Arvin,city,CA,35.20913,-118.82843,20876,Shash Bidziil|a wen|arbhina|arfyn|arwyn  kalyfrnya|arwyn  kalyfwrnya|Арвин|آروین، کالیفرنیا|آروین، کالیفورنیا|أرفين|ارفين|अर्भिन|അർവിൻ|阿文
Ashland,city,CA,37.69465,-122.11385,21925,Ehshlend|Eshland|Eshlend|San Leandro South|a shen lan|aesyullaendeu|ashlnd|ashlnd  kalyfwrnya|ashurando|eslyanda|Ашланд|Ешланд|Ешленд|Эшленд|آشلاند|اشلند|اشلند، کالیفورنیا|एश्ल्यान्ड|アシュランド|阿什蘭|애슐랜드
Atascadero,city,CA,35.48942,-120.67073,29819,Ataskadero|Ataskaderou|To Lani|Tó Łání|a ta si ka de luo|atasadyrw|ataskadrw  kalyfrnya|ataskyydrw  kalyfwrnya|etaskadero|Атаскадеро|Атаскадероу|אטסקדרו|آتاسکئیدرو، کالیفورنیا|آتاسکادرو، کالیفرنیا|أتاساديرو|اتاساديرو|اٹاسکاڈیرو، کیلیفورنیا|एटास्काडेरो|അറ്റസ്‍കാഡെറോ|阿塔斯卡德罗
Atwater Village,city,CA,34.1164,-118.25646,15455,
Atwater,city,CA,37.34772,-120.60908,29237,Atuoter|Atvoter|Etuotur|Kin Libai|Kin Łibáí|a te wo te|atouota|atwatr  kalyfrnya|atwatr  kalyfwrnya|atwwtr|etvatara|Атвотер|Атуотер|Етуотър|آتواتر، کالیفرنیا|آتواتر، کالیفورنیا|أتووتر|اتووتر|ایٹواٹر، کیلیفورنیا|एट्वाटर|അറ്റ്‍വാട്ടർ|アトウォーター|阿特沃特
Auburn,city,CA,38.89657,-121.07689,13776,AUN|North Fork Dry Diggins|Obern|Oburn|Rich Dry Diggings|Wood's Dry Diggings|Woods Dry Diggings|abarna|ao ben|awbrn  kalyfrnya|awbwrn|oban|obeon|Оберн|Обърн|آوبرن، کالیفرنیا|أوبورن|अबर्न|オーバーン|奥本|오번
Avenal,city,CA,36.00412,-120.12903,13301,a wei na er|afynal|awnal  kalyfrnya|ebhenala|Авенал|آونال، کالیفرنیا|أفينال|एभेनल|阿维纳尔
Avocado Heights,city,CA,34.03612,-117.99118,15411,Avokado Khajts|Avokado-Gajts|afwkadw hayhts|awakadw hayts  kalyfrnya|awakadw hayts  kalyfwrnya|e li gao de|ebhokado ha'itsa|Авокадо Хајтс|Авокадо-Гайтс|آواکادو هایتس، کالیفرنیا|آواکادو هایتس، کالیفورنیا|أفوكادو هايهتس|افوكادو هايهتس|एभोकाडो हाइट्स|鱷梨高地
Azusa,city,CA,34.13362,-117.90756,49690,Azjusa|Azousa|a zu sa|ajhusa|ajosa|ajusa|asusa|azwsa|azwsa  kalyfrnya|azwsa  kalyfwrnya|x su sa|Αζούσα|Азуса|Азюса|אזוסה|آزوسا، کالیفرنیا|آزوسا، کالیفورنیا|أزوسا|ازوسا|گلیڈسٹون، کیلیفورنیا|अज़ुसा|अजुसा|अझूसा|আজোসা|અઝુસા|அஸுஸா|అజుసా|ಅಸುಸಾ|അസുസ|අසුසා|อซูซา|アズサ|阿祖萨|阿祖薩|아주사
Bakersfield,city,CA,35.37329,-119.01871,373640,Alkali City|BFL|Baker's Field|Beikersfilda|Beikersfildas|Beikersfilnt|Beikersfīlda|Bejkersfild|Bejkursfijld|Beykersfild|Kern Island|bei ke si fei er de|beikeojeupildeu|bekarsaphilda|bekazufirudo|bykrsfyld|bykrzfyld  kalyfrnya|byyqrspyld|Μπέικερσφιλντ|Бейкерсфилд|Бейкерсфілд|Бейкърсфийлд|Бејкерсфилд|Բեյկերսֆիլդ|בייקרספילד|بيكرسفيلد|بیکرزفیلد، کالیفرنیا|بیکرزفیلڈ|بیکرزفیلڈ، کیلیفورنیا|बेकर्सफिल्ड|बेकर्सफील्ड|ბეიკერსფილდი|ベーカーズフィールド|贝克斯菲尔德|베이커즈필드
Baldwin Park,city,CA,34.08529,-117.9609,77071,Bolduin Park|Bolduin-Park|Boldvin Park|Boldvin-Park|baldavina parka|baldwyn bark|baldwyn park  kalyfrnya|bao de wen gong yuan|boldeuwinpakeu|borudouinpaku|Болдвин Парк|Болдвин-Парк|Болдвін-Парк|Болдуин Парк|Болдуин-Парк|בולדווין פארק|بالدوين بارك|بالدوین پارک، کالیفرنیا|بالڈون پارک، کیلیفورنیا|बाल्डविन पार्क|ബാൾഡ്‍വിൻ പാർക്ക്|ボールドウィンパーク|鲍德温公园|볼드윈파크
Banning,city,CA,33.92557,-116.87641,30945,BNG|Baning|Moore City|ban ning|banyng  kalyfrnya|banyngh|byaninga|Банинг|بانينغ|بانینگ، کالیفرنیا|ब्यानिंग|班宁
Barstow,city,CA,34.89859,-117.02282,23692,Barstou|Bashdo|Báshdo|Fishpond|Fishponds|Grapevine|Waterman|Waterman Junction|ba si tuo|barasto|barstaw|barstw  kalyfrnya|barztww  kalyfwrnya|baseuto|basutou|brstw|Барстоу|ברסטו|بارزتوو، کالیفورنیا|بارستاو|بارستو، کالیفرنیا|بارسٹو، کیلیفورنیا|बारस्टो|ബാർസ്റ്റോവ്|バーストウ|巴斯托|바스토
Barstow Heights,city,CA,34.86971,-117.05615,24202,
Bay Point,city,CA,38.02909,-121.96163,21534,Bej Pojnt|Bej-Pojnt|bay bwynt|be po'inta|by pwynt|by pwynt  kalyfwrnya|wan jiao|Бей Пойнт|Бей-Пойнт|Беј Појнт|باى بوينت|باي بوينت|بی پوینت|بی پوینت، کالیفورنیا|बे पोइन्ट|灣角
Beaumont,city,CA,33.92946,-116.97725,43811,Bomont|Boumont|Dzil Nizhoni Bigiizh|Dził Nizhóní Bigiizh|Edgar Station|San Gorgonio|Summit|bi'umonta|bo meng te|bomonteu|bomonto|bwmant  kalyfrnya|byumeant|bywmwnt|bywmwnt  kalyfwrnya|Бомонт|Боумонт|بومانت، کالیفرنیا|بيومونت|بیومونت، کالیفورنیا|بیومونٹ، کیلیفورنیا|बीउमोन्ट|ബ്യൂമോണ്ട്|ボーモント|博蒙特|보몬트
Bell,city,CA,33.97751,-118.18702,36205,Bel|Bella|bei er|bela|beru|bl  kalyfrnya|bl  kalyfwrnya|byl|byl  kylyfwrnya|Бел|Белл|Белла|Բել|بل، کالیفرنیا|بل، کالیفورنیا|بيل|بیل، کیلیفورنیا|बेल|ബെൽ|ベル|贝尔
Bell Gardens,city,CA,33.96529,-118.15146,43106,Bel Gardens|Bel Garduns|Bell-Gardens|bei er jia deng si|bela gardensa|bl gadrnz  kalyfrnya|byl ghardyns|byl jardyns|Бел Гарденс|Бел Гардънс|Белл-Гарденс|بل گادرنز، کالیفرنیا|بيل جاردينس|بيل غاردينس|بیل گارڈنز، کیلیفورنیا|बेल गार्डेन्स|ബെൽ ഗാർഡൻസ്|ベル・ガーデンズ|貝爾加登斯|贝尔加登斯
Bellflower,city,CA,33.88168,-118.11701,78441,Belflauer|Belflauur|Bellflauehr|Bellflaver|Somerset|bei er fu lao er|belaphlavara|belpeullawo|berufurawa|blflawr  kalyfrnya|bylflawr  kylyfwrnya|bylflawyr|Беллфлавер|Беллфлауэр|Белфлауер|Белфлауър|بلفلاور، کالیفرنیا|بيلفلاوير|بیلفلاور، کیلیفورنیا|बेलफ्लावर|ベルフラワー|贝尔弗劳尔|벨플라워
Belmont,city,CA,37.52021,-122.2758,27218,Portezuelo de las Pulgas|bei er meng te|belamonta|blmwnt  kalyfrnya|bylmwnt|Белмонт|بلمونت، کالیفرنیا|بيلمونت|बेलमोन्ट|贝尔蒙特
Benicia,city,CA,38.04937,-122.15858,28167,Benecia|Benisha|Bunisha|Francisca|bei ni xi ya|benisiya|bnysya|bnysya  kalyfrnya|Бениша|Бъниша|بنيسيا|بنیسیا، کالیفرنیا|बेनिसिया|贝尼西亚
Berkeley,city,CA,37.87159,-122.27275,120972,Behrkli|Berkeleia|Berkli|Berkli_|Berklis|Burkli|Bērkli|JBK|Tsiiyog Hadahodiildladi|Tsiiyog Hadahodííłdládí|bai ke lai|bakure|bakuri|barkale|barkali|barkeli|barkili|barkily|barkli|beirk liy|beokeulli|bo ke li|brkly|brkly  kalyfrnya|brklyy  kalyfwrnya|brqly|byrkyly|byrykly|perkli|Μπέρκλι|Беркли|Беркли_|Берклі|Бъркли|Бэркли|Բերկլի|Պերքլի քաղաք|ברקלי|برکلئی، کالیفورنیا|برکلي|برکلی، کالیفرنیا|برکلے|بيركيلي|بيريكلى|بَرکِلی|बर्कली|बर्केली|बर्क्ली|বার্কলে|બર્કલે|பெர்க்லி|బర్కిలీ|ಬರ್ಕೆಲಿ|ബർക്കിലി|බර්කර්ලි|เบิร์กลีย์|ბერკლი|バークリー|バークレー|伯克利|柏克萊|버클리
Beverly Hills,city,CA,34.07362,-118.40036,34869,Beverley Hills|Beverli Chils|Beverli Hills|Beverli Hilsas|Beverli Hilz|Beverli Khills|Beverli Khils|Beverli-Gillz|Beverli-Hillz|Beverli-Khillz|Beverli-Khilz|Beverli-Xillz|Beverlihilsa|Beverlï-Xïllz|Bevrli Khils|be wexr li hils|bebeollihilseu|bebharali hilasa|bebharli hilsa|bei fu li shan|bevarli hils|bevarli hilsa|beverli-hilzi|bevharali hils|bi fu li shan|bi hua li shan|bibarihiruzu|bwrly hylz|bwwrly hyls|byfrly hylz|piverli hils|Μπέβερλι Χιλς|Беверли Хиллс|Беверли Хилс|Беверли-Гиллз|Беверли-Хиллз|Беверли-Һиллз|Беверлі-Гіллз|Беверлі-Хілз|Бевърли Хилс|Բևերլի Հիլզ|Պեվըրլի Հիլզ|בוורלי הילס|بورلی هیلز|بيفرلى هيلز|بيفرلي هيلز|بیورلی ہلز، کیلیفورنیا|بەۆەرلىي-حىيللز|बेभर्ली हिल्स|बेवर्ली हिल्स|बेव्हरली हिल्स्|বেভারলি হিলস|બેવર્લી હિલ્સ|பிவெர்லி ஹில்ஸ்|బెవర్లీ హిల్స్|ಬೆವರ್ಲಿ ಹಿಲ್ಸ್|ബെവെർലി ഹിൽസ്|බෙවර්ලි හිල්ස්|เบเวอร์ลีฮิลส์|ბევერლი-ჰილზი|ቤቨርሊ ሂልስ|ビバリーヒルズ|卑武利·希爾茲|比佛利山|比弗利山|比華利山|贝弗利山|베벌리힐스
Big Bear City,city,CA,34.26112,-116.84503,12304,Big Bear|Big Ber Siti|Big-Bir-Siti|RBF|Shashtsoh Shijéʼé|biga byara siti|byg br syty|bygh byr|byj byr|byq br syty  kalyfwrnya|da xiong cheng|Биг Бер Сити|Биг-Бир-Сити|Біг-Бір-Сіті|بيج بير|بيغ بير|بیق بر سیتی، کالیفورنیا|بیگ بر سیتی|बिग ब्यर सिटी|ビッグ・ベア・シティー|大熊城
Bloomington,city,CA,34.07029,-117.39588,23851,Blumington|blumingatana|Блумингтон|بلومنگٹن، کیلیفورنیا|ब्लूमिंगटन
Blythe,city,CA,33.6103,-114.59635,19208,BLH|Blajd|Blajt|blayt  kalyfrnya|blayth|blitha|bu lai si|buraisu|Блайт|Блајд|بلايث|بلایت، کالیفرنیا|ब्लीथ|ブライス|布莱斯
Bonita,city,CA,32.65783,-117.03003,12538,
Bostonia,city,CA,32.80755,-116.93642,15379,
Boyle Heights,city,CA,34.0339,-118.20535,92785,
Brawley,city,CA,32.97866,-115.53027,25897,BWC|Broli|Brouli|Tsezhiinto Bibaah|Tsézhiintó Bibąąh|bra:li|braly  kylyfwrnya|brawly|brawly  kalyfrnya|brawlyy  kalyfwrnya|bu lao li|burori|Броли|Бролі|Броули|برالی، کیلیفورنیا|براولئی، کالیفورنیا|براولى|براولي|براولی، کالیفرنیا|ब्र:ली|ブローリー|布劳利
Brea,city,CA,33.91668,-117.90006,41944,Breja|La Brea|beulea|breya|bry|bry  kalyfrnya|bu lei ya|Брея|Бреја|بري|بری، کالیفرنیا|ब्रेया|布雷亚|브레아
Brentwood,city,CA,37.93187,-121.69579,58968,Brentud|Brentvud|beulenteuudeu|brentavuda|brnt wwd  kalyfrnya|brntwwd  kalyfwrnya|bryntwwd|bryntwwwd|bu lun te wu de|burentoudo|Брентвуд|Брентуд|Բրենթվուդ|برنت وود، کالیفرنیا|برنتوود، کالیفورنیا|برينتوود|برينتووود|برینٹووڈ، کیلیفورنیا|ब्रेन्टवूड|ബ്രെൻറ്‍വുഡ്|ブレントウード|布伦特伍德|브렌트우드
Brentwood,city,CA,34.05195,-118.47397,33312,beulenteuudeu|برینٹووڈ، لاس اینجلس|브렌트우드
Buena Park,city,CA,33.86751,-117.99812,83270,Buehna-Park|Buenapark|Northam|buenapaku|buyana parka|bwyna bark|bwyna park|bywna park  kalyfrnya|pu an na gong yuan|Буена Парк|Буэна-Парк|بوينا بارك|بوینا پارک|بیونا پارک، کالیفرنیا|बुयना पार्क|ブエナパーク|普安那公园
Burbank,city,CA,34.18084,-118.30897,105319,BUR|Berbank|Berbanka|Berbankas|Bermpan'k|Brbank|Bērbanka|babanku|barbyanka|beobaengkeu|bo ban ke|brbank|brbnk|brbnk  kalyfrnya|brbnq|brbynk  kylyfwrnya|Μπέρμπανκ|Бербанк|Бърбанк|Բըրբանք|ברבנק|بربانك|بربنک|بربنک، کالیفرنیا|بربینک، کیلیفورنیا|बर्ब्याङ्क|เบอร์แบงก์|バーバンク|伯班克|버뱅크
Burlingame,city,CA,37.5841,-122.36608,30459,Akʼah Sisíʼí Tsin Łání|Berlingejm|Berlingem|Burlingejm|baringemu|barlingema|beolling-geim|bo ling ge mu|brlngym  kylyfwrnya|brlyngym  kalyfrnya|brlyngyym|bwrlynghamy|bwrlynjamy|bwrlynqyym  kalyfwrnya|Берлингем|Берлингејм|Бурлингейм|Бурлінгейм|Бърлингейм|ברלינגיים|برلنگیم، کیلیفورنیا|برلینگیم، کالیفرنیا|بورلينجامى|بورلينغامي|بورلینقئیم، کالیفورنیا|बर्लिङ्गेम|ബർലിൻഗെയിം|バーリンゲーム|伯灵格姆|伯靈格姆|벌링게임
Calabasas,city,CA,34.15778,-118.63842,23058,Kalabasas|ka la ba sa si|kalabasas|kalabasas  kalyfrnya|kallabasaseu|kyalabasaja|Калабасас|Կալաբասաս|كالاباساس|کالاباساس، کالیفرنیا|क्यालाबासाज|卡拉巴萨斯|칼라바사스
Calexico,city,CA,32.67895,-115.49888,40053,CXL|Kaleksiko|jia li xi ge|kalkzykw  kalyfrnya|kalyksykw|kyaleksiko|qlqsyqw|Калексико|Калексіко|קלקסיקו|كاليكسيكو|کالکزیکو، کالیفرنیا|क्यालेक्सिको|加利西哥
California City,city,CA,35.1258,-117.9859,13277,California BY|Dinas California|Jadi Biteeh|Jádí Bitééh|Kaliforni-Siti|Kalifornia City|Kalifornia Siti|Kalifornija|Kalifornija Siti|Kalifornija-Siti|Kaliforniurbo|Lungsod ng Kaliporniya|Thanh pho California|Thành phố California|jia li fu ni ya cheng|kaelliponia siti|kailiforniya siti|kaliphorniya nagaram|kaliporniya nakaram|kalyfrnya syty  kalyfrnya|kalyfwrnya syty|keliphorniya sahara|keliphorniya sahera|kyaliphorniya sahara|kyaliphorniya siti|kyaliphoryaniya nagara|Καλιφόρνια Σίτι|Калифорни-Сити|Калифорния Сити|Калифорния-Сити|Калифорнија Сити|Каліфорнія|كاليفورنيا سيتى|كاليفورنيا سيتي|کالیفرنیا سیتی، کالیفرنیا|کیلیفورنیا شہر، کیلیفورنیا|कॅलिफोर्निया शहर|कैलिफ़ोर्निया सिटी|क्यालिफोर्निया सिटी|ক্যালিফোর্নিয়া শহর|કેલિફોર્નિયા શહેર|கலிபோர்னியா நகரம்|కాలిఫోర్నియా నగరం|ಕ್ಯಾಲಿಫೋರ್ಯನಿಯಾ ನಗರ|കാലിഫോർണിയ സിറ്റി|කැලිෆෝනියා නගරය|แคลิฟอร์เนียซิตี|カリフォルニア・シティ|加利福尼亚城|캘리포니아 시티
Camarillo,city,CA,34.21639,-119.0376,67608,Camarillo Station|Kamaril'jo|Kamaril'o|Kamarilo|Pleasant Valley|ka ma li ao|kaemeolillo|kamariro|kamarylw|kamarylw  kalyfrnya|kyamarillo|Камарило|Камарильо|Камарільйо|كاماريلو|کاماریلو، کالیفرنیا|क्यामारिल्लो|カマリロ|卡馬里奧|卡马里奥|캐머릴로
Cameron Park,city,CA,38.66879,-120.98716,18228,
Campbell,city,CA,37.28717,-121.94996,41117,Kehmpbel|Kehmpbell|Kembel|Kembul|Kempbell|kaembel|kambbyl|kampbl  kalyfwrnya|kan bei er|kmpbl  kalyfrnya|kyampabela|kyanberu|kymbl  kylyfwrnya|Кембел|Кембъл|Кемпбелл|Кэмпбел|Кэмпбелл|كامببيل|کامپبل، کالیفورنیا|کمپبل، کالیفرنیا|کیمبل، کیلیفورنیا|क्याम्पबेल|ক্যাম্পবেল|ക്യാമ്പ്‍ബെൽ|キャンベル|坎貝爾|坎贝尔|캠벨
Canoga Park,city,CA,34.20112,-118.59814,60578,Owensmouth
Canyon Country,city,CA,34.42333,-118.47203,59530,Fair Oaks Ranch
Canyon Lake,city,CA,33.68502,-117.27309,11080,Kanjon Lejk|Keniun Lejk|kanywn laky|kanywn lyk  kalyfrnya|kyan'yana leka|kynyn lyk  kylyfwrnya|xia gu hu|Канјон Лејк|Кениън Лейк|كانيون لاكي|کانیون لیک، کالیفرنیا|کینین لیک، کیلیفورنیا|क्यान्यन लेक|峡谷湖
Capitola,city,CA,36.97523,-121.95329,10189,Kapitola|Kehpitola|Kepitola|ka pi tuo la|kabytwla|kappirreala|kapytwla  kalyfrnya|kapytwla  kalyfwrnya|kyapitola|kyapitora|Капитола|Кепитола|Кепітола|Кэпитола|كابيتولا|کاپیتولا، کالیفرنیا|کاپیتولا، کالیفورنیا|کیپیٹولا، کیلیفورنیا|क्यापितोला|കാപ്പിറ്റോള|キャピトーラ|卡皮托拉
Carlsbad,city,CA,33.15809,-117.35059,114746,Frazier's Station|Karlsbad|ka er si ba de|kaljeubaedeu|karlsabada|karlsbad|karls‌bd  kalyfrnya|karusubaddo|Карлсбад|كارلسباد|کارلزبیڈ|کارلس‌بد، کالیفرنیا|कार्ल्सबाद|คาร์ลสแบด|カールスバッド|卡尔斯巴德|칼즈배드
Carmichael,city,CA,38.61713,-121.32828,61762,Karmajkl|Karmajkul|karmisela|Кармайкл|Кармайкъл|Кармајкл|कार्मिशेल
Carpinteria,city,CA,34.39888,-119.51846,13727,Carpenteria|Carpintería|Karpinterija|La Carpinteria|San Roque|ka ping te li ya|kapinteria|karbyntyrya|karpinteriya|karpyntrya  kalyfrnya|karpyntrya  kalyfwrnya|Карпинтерия|Карпинтерија|Карпінтерія|كاربينتيريا|کارپینتریا، کالیفرنیا|کارپینتریا، کالیفورنیا|کارپینتریا، کالیفۆرنیا|کارپینٹیریا، کیلیفورنیا|कार्पिन्टेरिया|കാർപ്പിൻറേരിയ|カーピンテリア|卡平特里亚
Carson,city,CA,33.83141,-118.28202,93281,Karson|Karsun|Lungsod ng Carson|ka sen|karsana|karsn|karswn|karswn  kalyfrnya|kaseun|kason|Κάρσον|Карсон|Карсън|كارسون|کارسن|کارسون، کالیفرنیا|कार्सन|カーソン|卡森|카슨
Castaic,city,CA,34.48888,-118.62287,19015,Castac|Kastejik|Кастејик
Castro Valley,city,CA,37.6941,-122.08635,61388,Kastro Vali|kaeseuteulobaelli|kyastro bhyali|Кастро Вали|क्यास्ट्रो भ्याली|캐스트로밸리
Cathedral City,city,CA,33.77974,-116.46529,53826,Katidral Siti|Katidral-Siti|Kutidrul Siti|Lungsod ng Cathedral|da jiao tang cheng|kathydral syty|ktdral syty  kalyfrnya|kyathedrala siti|Катидрал Сити|Катидрал-Сити|Кътидръл Сити|كاثيدرال سيتي|کتدرال سیتی، کالیفرنیا|क्याथेड्रल सिटी|大教堂城
Ceres,city,CA,37.59493,-120.95771,47963,Cerera|Sirijz|Siriz|krs  kalyfrnya|siresa|syrys|xi li si|Сириз|Сирийз|Церера|سيريس|کرس، کالیفرنیا|सीरेस|锡里斯
Cerritos,city,CA,33.85835,-118.06479,49975,Dairy Valley|Seritos|Serritos|krytws  kalyfrnya|selitoseu|seritoja|syrrytws|xi rui dou|Серитос|Серритос|سيرريتوس|کریتوس، کالیفرنیا|सेरिटोज|喜瑞都|세리토스
Chatsworth,city,CA,34.25723,-118.6012,41255,
Cherryland,city,CA,37.67938,-122.1033,14728,Cheriland|Cherilend|Cherrilend|cerilyanda|che li lan|chrylnd|chrylnd  kalyfwrnya|tshyryland|Чериланд|Чериленд|Черриленд|Черріленд|تشيريلاند|چریلند|چریلند، کالیفورنیا|चेरील्यान्ड|徹里蘭
Chico,city,CA,39.72849,-121.83748,121345,CIC|Chiko|chiko|chykw|chykw  kalyfrnya|ciko|qi ke|tshykw|Чико|Чіко|Չիքո|تشيكو|چیکو|چیکو، کالیفرنیا|चिको|チコ|奇科|치코
Chinatown,city,CA,37.7966,-122.40858,100574,
Chino,city,CA,34.01223,-117.68894,85595,CNO|Chyna|Cino|Cino Hilsas|Haltso|Tsino|chi nng|chula visrra|chynw|chynw  kalyfrnya|chynw  kalyfwrnya|chynw  kylyfwrnya|ci'ino|cino|qi nuo|sino|tshynw|z'yynw|Čino|Čino Hilsas|Τσίνο|Чино|Чына|צ'יינו|تشينو|چینو|چینو، کالیفرنیا|چینو، کالیفورنیا|چینو، کیلیفورنیا|चिइनो|चीनो|शिनो|চিনো|ચિનો|சீனோ|చీనో|ಚಿನೋ|ഛൂലാ വിസ്റ്റ|චයිනෝ|ชินง|チノ|奇諾|奇诺|치노
Chino Hills,city,CA,33.9938,-117.75888,78309,
Chowchilla,city,CA,37.123,-120.26018,18510,Chauchila|Chavchilla|Chouchila|Chouchilla|Dahbaʼńlį́ Bibąąh|ca'ucila|chauchira|chawchyla  kylyfwrnya|chwchyla  kalyfrnya|chwwchyla  kalyfwrnya|qiao qi la|tshawtshyla|Чавчилла|Чаучила|Чоучила|Чоучилла|צ'אוצ'ילה|تشاوتشيلا|چاوچیلا، کیلیفورنیا|چووچیلا، کالیفورنیا|چوچیلا، کالیفرنیا|चाउचिला|チャウチラ|乔奇拉|喬奇拉
Chula Vista,city,CA,32.64005,-117.0842,265757,Chula-Vista|Chulavista|Cula Vista|chullabiseuta|churabisuta|chwla wsta|chwla wysta  kalyfrnya|cula bhista|qiu la wei si ta|tshwla fysta|zwlh wysth|Čula Vista|Чула Виста|Чула-Виста|Чула-Віста|צולה ויסטה|تشولا فيستا|چولا وستا|چولا ویستا، کالیفرنیا|चुला भिस्टा|チュラビスタ|丘拉維斯塔|출라비스타
Citrus,city,CA,34.11501,-117.89173,10866,Sitres|Sitrus|qytrws|sa'itrasa|sytrws|xi te lei si|Ситрес|Ситрус|Сітрес|سیتروس|قيتروس|साइट्रस|锡特勒斯
Citrus Heights,city,CA,38.70712,-121.28106,87056,Sitrus Khajts|gan ju gao de|sa'itrasa ha'itsa|sytrws hayts  kalyfrnya|sytrws hyayts|Ситрус Хајтс|Ситръс Хайтс|سيتروس هيايتس|سٹرس ہائٹس|سیتروس هایتس، کالیفرنیا|साइट्रस हाइट्स|柑橘高地
Claremont,city,CA,34.09668,-117.71978,36283,Klermont|Kleurmont|ke lai meng te|keulleeomonteu|klarymwnt|kleramonta|klrmwnt  kalyfrnya|kureamonto|Клермонт|Клеърмонт|كلاريمونت|کلرمونت، کالیفرنیا|क्लेरमोन्ट|クレアモント|克莱蒙特|클레어몬트
Clayton,city,CA,37.94103,-121.93579,11867,Clayton's|Claytonville|Deadfall|Klejton|Klejtun|ke lai dun|keulleiteon|klaytwn|klaytwn  kalyfwrnya|kletana|klytwn  kalyfrnya|kureiton|qlyytwn|Клейтон|Клейтън|Клејтон|קלייטון|كلايتون|کلایتون، کالیفورنیا|کلیتون، کالیفرنیا|کلیٹن، کیلیفورنیا|क्लेटन|ക്ലെയ്റ്റൺ|クレイトン|克莱顿|클레이턴
Clearlake,city,CA,38.95823,-122.62637,15182,Klijrlejk|Klirlejk|ke li er lei ke|keullieoleikeu|kliyaraleka oksa|klyrlaky|klyrlyk  kalyfrnya|klyrlyyk  kalyfwrnya|klyyrlyk  kylyfwrnya|kuriareiku|Клийрлейк|Клирлейк|Клирлејк|Клірлейк|كليرلاكى|كليرلاكي|کلیئرلیک، کیلیفورنیا|کلیرلئیک، کالیفورنیا|کلیرلیک، کالیفرنیا|क्लियरलेक ओक्स|ക്ലിയർലേക്ക്|クリアレイク|克里尔雷克|클리어레이크
Clovis,city,CA,36.82523,-119.70292,104180,Klovis|Niʼiijíhí Díílid|ke luo wei si|keullobiseu|klawys  kalyfrnya|kleavis|klobhisa|klwfys|klwws|klwwys  kalyfwrnya|klwwys  kylyfwrnya|kurovuisu|qlwbys|Кловис|Кловіс|קלוביס|كلوفيس|کلاویس، کالیفرنیا|کلووس|کلوویس، کالیفورنیا|کلوویس، کیلیفورنیا|क्लोभिस|ക്ലോവിസ്|クローヴィス|克洛维斯|클로비스
Coachella,city,CA,33.6803,-116.17389,44635,Kochela|Kouchela|Woodspur|ke qie la|ko'asella|kochella|kwatshyla|kwchla  kalyfrnya|Коучела|Кочела|كواتشيلا|کوچلا، کالیفرنیا|कोआशेल्ला|科切拉|코첼라
Coalinga,city,CA,36.13968,-120.36015,16564,CLG|Coaling Station|Coalinga Station|Coalingo|Koalinga|Koulinga|Tsékǫʼ Nookʼeh|kariforunia zhounokoaringa|ke ling jia|kealinka|ko'alinga|kwalyngha|kwalynja|kwalynqa  kalyfwrnya|kwlnga  kylyfwrnya|kwlynga  kalyfrnya|Коалинга|Коулинга|Коулінга|קואלינגה|كوالينجا|كوالينغا|کوالینقا، کالیفورنیا|کولنگا، کیلیفورنیا|کولینگا، کالیفرنیا|कोआलिंगा|കോളിങ്ക|カリフォルニア州のコアリンガ|科灵加|科靈加
Colton,city,CA,34.0739,-117.31365,54621,Kolton|Koltun|Tohozho|Tóhózhǫ́|ke er dun|koltana|kolteon|koruton|kwltwn|kwltwn  kalyfrnya|kwltwn  kalyfwrnya|qwltwn|Колтон|Колтън|קולטון|كولتون|کولتون، کالیفرنیا|کولتون، کالیفورنیا|کولٹن، کیلیفورنیا|कोल्टन|കോൾട്ടൺ|コルトン|科尔顿|科爾頓|콜턴
Commerce,city,CA,34.00057,-118.15979,13081,City of Commerce|Komers|Kommers|Komurs|kamarsa|kamrs  kalyfrnya|kamrs  kalyfwrnya|kamrs  kylyfwrnya|ke mo si|komasu|syty awf kwmyrsy|Комерс|Коммерс|Комърс|سيتى اوف كوميرسى|سيتي أوف كوميرسي|کامرس، کالیفرنیا|کامرس، کالیفورنیا|کامرس، کیلیفورنیا|कमर्स|കൊമേർസ്|コマース|科默斯
Compton,city,CA,33.89585,-118.22007,98462,CPM|Comptonia|Komptan|Kompton|Komptona|Komptonas|Komptun|kampatana|kamptan|kamptana|kamptn  kalyfwrnya|kamptwn  kalyfrnya|kang pu dun|khxm ph tan|kompatana|kompeuteon|komptana|konputon|kwmbtwn|qwmptwn|Κόμπτον|Комптан|Комптон|Комптън|Քոմփթոն|קומפטון|كومبتون|کامپتن، کالیفورنیا|کامپتون، کالیفرنیا|کامپٹن، کیلیفورنیا|کیمپٹن|कम्प्टन|कॉम्पटन|कॉम्प्टन|কম্পটন|કોમ્પટન|காம்ப்டன்|కాంప్టన్|ಕಾಂಪ್ಟನ್|കോംറ്റൺ|කොම්ප්ටන්|คอมพ์ตัน|კომპტონი|コンプトン|康普頓|康普顿|콤프턴
Concord,city,CA,37.97798,-122.03107,128667,CCR|Drunken Indian|Konkord|kang ke de|kankarda|kankwrd  kalyfrnya|konkodo|kwnkwrd|qwnqwrd|Конкорд|קונקורד|كونكورد|کانکورد، کالیفرنیا|کونکورڈ|کونکورڈ، کیلیفورنیا|कन्कर्ड|コンコード|康科德
Corcoran,city,CA,36.09801,-119.5604,22477,Béésh Iʼdiitiin|CRO|Korkoran|ke ke lun|kokoran|korkorana|kwrkwran|kwrkwran  kalyfrnya|kwrkwran  kalyfwrnya|kwrkwrn  kylyfwrnya|Коркоран|كوركوران|کورکوران، کالیفرنیا|کورکوران، کالیفورنیا|کورکورن، کیلیفورنیا|कोर्कोरान|コーコラン|科克伦|科克倫
Corona,city,CA,33.87529,-117.56644,164226,Circle City|Karona|Korona|Shádiʼááhjí Tábąąhkin|South Riverside|karona|ke luo na|kho ro na|kolona|korona|korono|kwrwna|kwrwna  kalyfrnya|kwrwna  kalyfwrnya|kwrwna  kylyfwrnya|qwrwnh|Κορόνα|Карона|Корона|Քորոնա|קורונה|كورونا|کورونا|کورونا، کالیفرنیا|کورونا، کالیفورنیا|کورونا، کیلیفورنیا|कोरोना|করোণা|કોરોના|கோரோனோ|కరోనా|ಕರೊನ|කොරෝනා|โคโรน่า|コロナ|科洛納|科洛纳|코로나
Coronado,city,CA,32.68589,-117.18309,24812,Koronado|Poppy City|South Island|ke luo na duo|koron'yado|kwrwnadw|kwrwnadw  kalyfrnya|Коронадо|كورونادو|کورونادو، کالیفرنیا|कोरोन्याडो|科罗纳多
Costa Mesa,city,CA,33.64113,-117.91867,113204,Costa Mesa (Orange County)|Fairview|Goat Hill|Harper|Kosta Mesa|Kosta-Mesa|Thurin|ke si ta mei sa|kosta mesa|kosutamesa|kwsta msa  kalyfrnya|kwsta mysa|Коста Меса|Коста-Меса|كوستا ميسا|کوستا مسا، کالیفرنیا|کوسٹا میسا|कोस्टा मेसा|コスタメサ|科斯塔梅薩
Coto De Caza,city,CA,33.60419,-117.58699,14866,Koto de Kasa|Koto-de-Kasa|ke tuo de ka zha|koto de kaja|kwtw d kaza|kwtw d kaza  kalyfwrnya|kwtw dy kaza|Кото де Каса|Кото-де-Каса|كوتو دي كازا|کوتو د کازا|کوتو د کازا، کالیفورنیا|कोटो दे काजा|コト・デ・カザ|科托德卡扎
Covina,city,CA,34.09001,-117.89034,48984,Kovina|ke wen na|kobhina|kobina|kwfyna|kwwyna  kalyfrnya|qwbynh|Ковина|Ковіна|קובינה|كوفينا|کووینا، کالیفرنیا|कोभिना|柯汶纳|코비나
Crestline,city,CA,34.24195,-117.2856,10770,Ghą́ą́ńtʼiʼí|Krestlajn|ke lei si te lai en|krestala'ina|Крестлайн|Крестлајн|کرست‌لاین|کرست‌لاین، کالیفورنیا|क्रेस्टलाइन|克雷斯特萊恩
Cudahy,city,CA,33.96057,-118.18535,24311,Kadagi|Kadakhej|Kadakhi|Kudagi|Kudukhij|ka de xi|kadahi|kud'ahi|kudahi|kwdahy|kwdahy  kalyfrnya|kwdahy  kalyfwrnya|Кадагі|Кадахеј|Кадахи|Кадахі|Кудаги|Къдъхий|קודאהיי|كوداهى|كوداهي|کوداهی، کالیفرنیا|کوداهی، کالیفورنیا|کیڈاہی، کیلیفورنیا|कुदाही|കുഡാഹി|カダヒー|卡德希
Culver City,city,CA,34.02112,-118.39647,39717,CVR|Culver|Kalver Siti|Kalver-Siti|Kulvur Siti|ka er fu cheng|kalbhara siti|kalwr syty  kalyfrnya|karubashiti|keolbeositi|kwlfr syty|Калвер Сити|Калвер-Сити|Калвер-Сіті|Кълвър Сити|كولفر سيتي|کالور سیتی، کالیفرنیا|कल्भर सिटी|カルバーシティ|卡尔弗城|컬버시티
Cupertino,city,CA,37.323,-122.03218,60572,Kupertino|ku bi di nuo|kupachino|kupartino|kupeotino|kwbyrtynw|kwprtynw  kalyfrnya|kyuparatino|qwprtynw|Купертино|Купертіно|קופרטינו|كوبيرتينو|کوپرتینو، کالیفرنیا|کپرٹینو|कुपर्तिनो|कूपर्टीनो|क्युपरटिनो|クパチーノ|庫比蒂諾|쿠퍼티노
Cypress,city,CA,33.81696,-118.03729,49290,Saipres|Sajpres|Sajpress|Sajprus|Sipres|Waterville|caippiracu|kyprs  kalyfrnya|kyprs  kalyfwrnya|sa'ipresa|sai pu li si|saipeuleoseu|saipras|saipuresu|saybrys|sayprys  kylyfwrnya|syyprs|Łeeyiʼtó Hatsoh|Σάιπρες|Сайпресс|Сайпръс|Сајпрес|סייפרס|سائپریس، کیلیفورنیا|سايبريس|کیپرس، کالیفرنیا|کیپرس، کالیفورنیا|साइप्रेस|சைப்பிரசு|സൈപ്രസ്|サイプレス|賽普里斯|赛普里斯|사이프러스
Daly City,city,CA,37.70577,-122.46192,106562,Dalyurbo|Dejli Siti|Dejli-Siti|Lungsod ng Daly|Thanh pho Daly|Thành phố Daly|dai li cheng|daly syty|deillisiti|deirishiti|deli siti|dyly syty  kalyfrnya|Дейли Сити|Дейли-Сити|Дејли Сити|دالي سيتي|دیلی سیتی، کالیفرنیا|ڈالی سٹی|ڈالی سٹی، کیلیفورنیا|डेली सिटी|デイリーシティ|戴利城|데일리시티
Dana Point,city,CA,33.46697,-117.69811,34181,Dehjna-Pojnt|Dejna Point|Dejna Pojnt|Dejna-Pojnt|da na dian|dana bwynt|dana po'inta|dana pwynt  kalyfrnya|dana pwynt  kalyfwrnya|deinapointeu|deinapointo|dnh pwynt|Дейна Пойнт|Дейна-Пойнт|Дејна Поинт|Дејна Појнт|Дэйна-Пойнт|דנה פוינט|دانا بوينت|دانا پوائنٹ، کیلیفورنیا|دانا پوینت، کالیفرنیا|دانا پوینت، کالیفورنیا|डाना पोइन्ट|ഡാനാ പോയിൻറ്|デイナポイント|达纳点|達納點|데이나포인트
Danville,city,CA,37.82159,-121.99996,44400,Danvil|Danvill|Dehnvill|daenbil|dan wei er|dan wyl  kalyfrnya|dan wyl  kalyfwrnya|danbiru|danfyl|dnwwyl|dyanabhila|Данвил|Данвилл|Данвілл|Дэнвилл|דנוויל|دان ویل، کالیفرنیا|دان ویل، کالیفورنیا|دانفيل|ڈینویل، کیلیفورنیا|ड्यानभिल|ഡാൻവില്ലെ|ダンビル|丹維爾|丹维尔|댄빌
Davis,city,CA,38.54491,-121.74052,67666,Davies|Davis (Kalifornien)|Davisville|Dejvis|Devis|dafys|dai wei si|debhisa|deibiseu|deibisu|dywys  kalyfrnya|Девіс|Дейвис|Дејвис|دافيس|دیویس، کالیفرنیا|ڈیوس، کیلیفورنیا|डेभिस|デイビス|戴維斯|데이비스
Del Aire,city,CA,33.91613,-118.36952,10001,Del Er|Del'-Er|de er ai li|dela ayara|dl ayr|dl ayr  kalyfwrnya|dyl ayr|Дел Ер|Дель-Ер|دل ایر|دل ایر، کالیفورنیا|ديل أير|डेल आयर|德爾艾利
Delano,city,CA,35.76884,-119.24705,52733,Béésh Ninítʼiʼí|Delejno|de la nuo|delanea|delyano|derano|dlanw  kalyfrnya|dlanw  kalyfwrnya|dlyynw|dylanw|Делано|Делејно|דליינו|دلانو، کالیفرنیا|دلانو، کالیفورنیا|ديلانو|ڈیلانو، کیلیفورنیا|डेल्यानो|ഡെലാനോ|デラノ|德拉諾|德拉诺
Delhi,city,CA,37.43216,-120.77854,10755,Delgaj|Delkhaj|Sooltohi|Sooltóhí|de er xi|del'hi|deri|dlhy|dlhy  kalyfwrnya|Делгай|Делхај|دلهى|دلهي|دلهی|دلهی، کالیفورنیا|देल्ही|デリー|德爾希
Desert Hot Springs,city,CA,33.96173,-116.50353,28335,Dezert Khot Springs|Dezert-Got-Springs|Dezert-Khot-Springs|Dezurt Khot Springs|To Sido Naalini|Tó Sido Náálíní|dejarta hata springas|dysyrt hwt sbrynghs|dysyrt hwt sbrynjs|dzrt hat aspryngz  kalyfrnya|dzrt hat asprynqz  kalyfwrnya|sha mo wen quan|Дезерт Хот Спрингс|Дезерт-Гот-Спрингс|Дезерт-Гот-Спрінґс|Дезерт-Хот-Спрингс|Дезърт Хот Спрингс|دزرت هات اسپرینقز، کالیفورنیا|دزرت هات اسپرینگز، کالیفرنیا|ديسيرت هوت سبرينجس|ديسيرت هوت سبرينغس|ڈیزرٹ ہاٹ سپرنگز، کیلیفورنیا|डेजर्ट हट स्प्रिङ्गस्|ഡെസർട്ട് ഹോട്ട് സ്പ്രിങ്‍സ്|沙漠温泉
Diamond Bar,city,CA,34.02862,-117.81034,56897,Dajmond Bar|Dajmond-Bar|Dajmund Bar|dayamanda bara|dyamwnd bar|dyamwnd bar  kalyfrnya|zuan shi ba|Даймонд-Бар|Даймънд Бар|Дајмонд Бар|دياموند بار|دیاموند بار، کالیفرنیا|डायमन्ड बार|钻石吧
Diamond Springs,city,CA,38.69463,-120.81494,11037,Dajmond Springs|Dajmond-Springs|Diamond|Diamond Spring|dai meng de si pu lin si|dayamanda springas|daymwnd aspryngz|daymwnd asprynqz  kalyfwrnya|daymwnd sbrynghz|daymwnd sbrynjz|Даймонд-Спрингс|Даймонд-Спрінгс|Дајмонд Спрингс|دايموند سبرينجز|دايموند سبرينغز|دایموند اسپرینقز، کالیفورنیا|دایموند اسپرینگز|ڈائمنڈ سپرنگز، کیلیفورنیا|डायमन्ड स्प्रिङ्गस्|戴蒙德斯普林斯
Dinuba,city,CA,36.54328,-119.38707,23702,Dajnuba|Dinjuba|Dáʼákʼeh Haltsooí|Sibleyville|di niu ba|dynwba|dynwba  kalyfrnya|dynwba  kalyfwrnya|Дајнуба|Динуба|Динюба|Дінуба|دينوبا|دینوبا، کالیفرنیا|دینوبا، کالیفورنیا|ڈینوبا، کیلیفورنیا|डिनुबा|ഡിനൂബ|ディヌーバ|迪紐巴|迪纽巴
Discovery Bay,city,CA,37.90854,-121.60023,13352,Diskaveri bej|Diskaveri-Bej|diskabhari be|dyskawry by|dyskawry by  kalyfwrnya|fa xian wan|yu jing wan|Дискавери беј|Дискавери-Бей|Діскавері-Бей|دیسکاوری بی|دیسکاوری بی، کالیفورنیا|डिस्कभरी बे|ディスカバリー・ベイ|愉景灣|發現灣
Dixon,city,CA,38.44546,-121.8233,19390,Dickson|Dikson|Diksun|di ke xun|diksana|dykswn|dykswn  kalyfrnya|dykswn  kalyfwrnya|Диксон|Диксън|Діксон|ديكسون|دیکسون، کالیفرنیا|دیکسون، کالیفورنیا|ڈکسن، کیلیفورنیا|डिक्सन|ഡിക്സൺ|狄克逊
Downey,city,CA,33.94001,-118.13257,114219,Dauni|Daunis|Davni|Davnija|Ntaouni|da wniy|da'uni|dauni|dawny|deni|dovani|dwny  kalyfrnya|dwny  kalyfwrnya|tang ni|tauni|Ντάουνι|Давни|Давні|Дауни|דאוניי|داونى|داوني|دونی، کالیفرنیا|دونی، کالیفورنیا|ڈاؤنی|ڈاونی، کیلیفورنیا|डाउनी|डॉवनि|ডাউনি|ડૉવની|டௌனி|డౌనీ|ಡೌನಿ|ഡൌനി|ඩවුනි|ดาวนีย์|ダウニー|唐尼|다우니
Duarte,city,CA,34.13945,-117.97729,21990,Duarti|Dvarti|du a er te|du'arte|durarte|dwarth  kalyfrnya|dwarty|Дварти|Дуарте|Дуарти|Дуарті|دوآرته، کالیفرنیا|دوارتي|डुरार्टे|दुआर्ते|杜阿尔特
Dublin,city,CA,37.70215,-121.93579,57721,Amador|Dablin|Dougherty's Station|dablina|deobeullin|dou bo lin|dwblyn|dwblyn  kalyfrnya|Даблин|Дублин|Дублін|Дъблин|دوبلين|دوبلین، کالیفرنیا|ڈبلن، کیلیفورنیا|डब्लिन|都伯林|더블린
East Rancho Dominguez,city,CA,33.89807,-118.19535,15135,East Compton|Ist Rancho Domingez|Ist-Rancho-Dominges|ayst ranchw dwmyngz|ayst ranchw dwmynqz  kalyfwrnya|dong lan qiao duo ming ge zi|ista kamptana|Іст-Ранчо-Домінгес|Ист Ранчо Домингез|Ист-Ранчо-Домингес|איסטסייד קומפטון|ایست رانچو دومینقز، کالیفورنیا|ایست رانچو دومینگز|इस्ट कम्प्टन|東蘭喬多明格茲
East Hemet,city,CA,33.74002,-116.93891,17418,Ist Khemit|Ist-Gemet|ayst hmt|ayst hmt  kalyfwrnya|ayst hymyt|dong he mi te|ista hemeta|Іст-Гемет|Ист Хемит|Ист-Гемет|إيست هيميت|ایست همت|ایست همت، کالیفورنیا|इस्ट हेमेट|東赫米特
East Los Angeles,city,CA,34.0239,-118.17202,126496,Arevelyan Los Anjeles|Dogu Los Angeles|Doğu Los Angeles|Este de Los Angeles|Este de Los Ángeles|Ist Los Andzeles|Ist-Los-Andzheles|Orienta Losangeleso|Orienta Losanĝeleso|ayst ls anjls|ayst lws anjyls|dong luo shan ji|iseuteuloseuaenjelleseu|ista lasa enjelsa|isutorosanzerusu|Іст-Лос-Анджелес|Ист Лос Анџелес|Ист-Лос-Анджелес|Արևելյան Լոս Անջելես|מזרח לוס אנג'לס|إيست لوس أنجيلس|ایست لس آنجلس|इस्ट लस एन्जेल्स|イーストロサンゼルス|东洛杉矶|이스트로스앤젤레스
East Palo Alto,city,CA,37.46883,-122.14108,29662,Aslagang Palo Alto|Eʼeʼaahjí Tsin Łichíʼínééz|Ist Palo Alto|Ist-Palo-Al'to|Ist-Palo-Alto|Iztochen Palo Alto|Palo Alto Timur|Ravenswood|Silangang Palo Alto|asant balw altw|ayst balw altw|ayst palw altw  kalyfrnya|ayst palw altw  kalyfwrnya|dong pa luo a er tuo|ista palo alto|isutoparoaruto|Іст-Пало-Альто|Източен Пало Алто|Ист Пало Алто|Ист-Пало-Алто|Ист-Пало-Альто|מזרח פאלו אלטו|إيست بالو ألتو|اسانت بالو التو|ایست پالو آلتو، کالیفرنیا|ایست پالو آلتو، کالیفورنیا|مشرقی پالو آلٹو، کیلیفورنیا|इस्ट पालो अल्टो|ഈസ്റ്റ് പാലോ ആൾട്ടോ|イーストパロアルト|东帕洛阿尔托
East San Gabriel,city,CA,34.09168,-118.09118,14874,
El Cajon,city,CA,32.79477,-116.96253,103679,CJN|Ehl' Kakhon|Ehl'-Kakhon|Ehl-Kakhon|El Cajón|El Kagion|El Kakhon|El'-Kakhon|Elcajon|Elkachona|Elkahona|Tsetah Teeh|Tsétah Tééh|ai er ka hong|al kajwn|al kajwn  kalyfrnya|al kajwn  kalyfwrnya|ala kajhona|ala kajona|alkahwn|el kajon|ela kajana|ela kayom|ela kyayom|elkahon|xel kha hon|Ελ Καγιόν|Ел Кахон|Ель-Кахон|Эл-Кахон|Эль Кахон|Эль-Кахон|ال کاجون|ال کاجون، کالیفرنیا|ال کاجون، کالیفورنیا|الكاهون|ایل کاہون، کیلیفورنیا|अल कझोन|एल कायों|एल क्यायों|এল কাজন|અલ કજોન|எல் கஜோன்|ఎల్ కజోన్|ಎಲ್ ಕಾಜೊನ್|എൽ കാജൻ|එල් කැජොන්|เอลคาโฮน|エル・カホン|埃尔卡洪|埃爾卡洪|엘카혼
El Centro,city,CA,32.792,-115.56305,43956,Ehl'-Sentro|El Centras|El Sentro|ai er sen te luo|al sntrw|al sntrw  kalyfrnya|ela sentro|elsenteulo|Ел Сентро|Эль-Сентро|אל סנטרו|إل سنترو|ال سنترو، کالیفرنیا|एल सेन्ट्रो|エル・セントロ|埃尔森特罗|엘센트로
El Cerrito,city,CA,37.91576,-122.31164,23549,County Line|Ehl'-Serrito|Ehl'-Seryta|Ehl-Serrito|El Cerito|El Serito|El'-Serrito|Rust|ai er sai li tuo|al srytw  kalyfrnya|al srytw  kalyfwrnya|al syrrytw|ela serito|erusarito|Ел Серито|Ель-Серріто|Эл-Серрито|Эль-Серрито|Эль-Серыта|Էլ Սերիտո|إل سيرريتو|ال سریتو، کالیفرنیا|ال سریتو، کالیفورنیا|ال سيرريتو|ایل سیرائٹو، کیلیفورنیا|एल सेरिटो|エルサリート|艾尔赛里托
El Dorado Hills,city,CA,38.68574,-121.08217,42108,El Dorado Khils|El'-Dorado-Gills|ai er duo la duo shan|aldwradw hylz  kalyfrnya|aldwradw hylz  kalyfwrnya|ela doryado hilsa|Ел Дорадо Хилс|Ель-Дорадо-Гиллс|Ель-Дорадо-Гіллс|الدورادو هیلز، کالیفرنیا|الدورادو هیلز، کالیفورنیا|एल डोर्याडो हिल्स|埃爾多拉多山
El Monte,city,CA,34.06862,-118.02757,116732,EMT|Ehl'-Monte|Ehl'-Monteh|Ehl-Monte|El Monti|El Montė|El'-Monte|Elmonte|Monte|ai er meng de|al mwnth  kalyfrnya|al mwnth  kalyfwrnya|al mwnty|el mante|ela mante|ela monte|elmonte|he lmxnd|Ελ Μόντε|Ел Монте|Ел Монти|Ель-Монте|Эл-Монте|Эль-Монте|Эль-Монтэ|אל מונטה|إل مونتي|ال مونته، کالیفرنیا|ال مونته، کالیفورنیا|ال مونتى|ال مونٹی|ال مونٹے|एल मोंटे|एल मोन्ते|এল মন্তে|એલ મોન્ટે|எல் மான்டே|ఎల్ మోంటే|ಎಲ್ ಮಾಂಟೆ|എൽ മോണ്ടെ|එල් මොන්ටේ|เฮลมอนด์|エル・モンテ|艾尔蒙地|艾爾蒙地|엘몬테
El Segundo,city,CA,33.91918,-118.41647,17037,Ehl'-Segundo|El Sekundo|El Senkounto|El'-Segundo|Elsekundo|ai er sai gong duo|al sghwndw|al sgwndw  kalyfrnya|al sqwndw  kalyfwrnya|al syjwndw|el cekunto|ela segunado|ela segundo|elsegundo|erusegando|xel se kan do|Ελ Σεγκούντο|Ел Сегундо|Ель-Сегундо|Эль-Сегундо|אל סגונדו|إل سغوندو|ئێل سێگۆند|ال سقوندو، کالیفورنیا|ال سيجوندو|ال سگوندو، کالیفرنیا|ال سیجوندو|एल सेगुंडो|एल सेगुंदो|एल सेगुन्दो|এল সেগুনডো|એલ સેગુંડો|எல் செகுண்டோ|ఎల్ సెగుండో|ಎಲ್ ಸೆಗುಂಡೊ|එල් සේගුන්ඩෝ|เอล เซกันโด|エルセガンド|埃尔塞贡多|埃爾塞貢多|엘세군도
El Sobrante,city,CA,37.97715,-122.29525,12669,El'-Sobrante|Sobrante|al swbrant  kalyfrnya|al swbrant  kalyfwrnya|ela sobrante|erusoburante|Ел Собранте|Ель-Собранте|אל-סוברנטה|ال سوبرانت، کالیفرنیا|ال سوبرانت، کالیفورنیا|एल सोब्रान्ते|エルソブランテ
Elk Grove,city,CA,38.4088,-121.37162,166913,Ehlk-Grov|Elk Grouv|Elk-Grouv|Elkgrove|ai er ke ge luo fu|al kgrww  kalyfrnya|alk ghrwfy|alk grww|elka grobha|elkeugeulobeu|erukugurobu|Елк Гроув|Елк-Ґроув|Элк-Гров|إلك غروفي|ال کگروو، کالیفرنیا|الک گروو|एल्क ग्रोभ|エルクグローブ|埃爾克格羅夫|엘크그로브
Emeryville,city,CA,37.83132,-122.28525,11694,Chéchʼiltah Hayázhí|Ehmerivill|Ehmerivill'|Ehmeryvil'|Emerivil|Emerivill'|Golden Gate Village|JEM|ai mo li wei er|amry wyl  kalyfrnya|amry wyl  kalyfwrnya|amyryfyly|aymrywyl  kylyfwrnya|emeolibil|emeribhila|emeribiru|emeriville|Емеривил|Емерівілль|Эмеривилл|Эмеривилль|Эмерывіль|Էմերիվիլ|אמריוויל|إميريفيلي|امری ویل، کالیفرنیا|امری ویل، کالیفورنیا|اميريفيلى|ایمریویل، کیلیفورنیا|एमेरीभिल|എമെരിവില്ലെ|エメリービル|愛莫利維爾|爱莫利维尔|에머리빌
Encinitas,city,CA,33.03699,-117.29198,62930,Ehnsinitas|Encenitos|Encinitos|Ensinitas|ansynytas|ansynytas  kalyfrnya|en xi ni ta si|ensinitasa|ensiniteoseu|Енсинитас|Енсінітас|Энсинитас|إنسينيتاس|انسینیتاس، کالیفرنیا|एन्सिनितास|恩西尼塔斯|엔시니터스
Encino,city,CA,34.15917,-118.50119,44581,Ehnsino|Encino Park|enshino|ensino|Энсино|انسینو، لس‌آنجلس|エンシノ|엔시노
Escondido,city,CA,33.11921,-117.08642,151038,Abaʼtó|Apex|Ehskandyda|Ehskondido|Eskondida|Eskondidas|Eskondido|Eskontinto|ai si kong di duo|askandydw  kalyfrnya|askwndydw|eseukondido|eskanadido|eskandido|eskeantidea|eskon dido|eskondido|eskontito|esukondido|xe s khxn di do|yskwndydw|zkwndydw  kalyfwrnya|Εσκοντίντο|Ескондидо|Ескондідо|Эскандыда|Эскондидо|אסקונדידו|إسكونديدو|اسكونديدو|اسکاندیدو، کالیفرنیا|اسکونڈیڈو|زکوندیدو، کالیفورنیا|یسکوندیدو|इस्‍कोंडिडो|एस्कन्डिडो|एस्कोंदिदो|এস্কনডিডো|એસ્કોન્ડીડો|எஸ்கோண்டிடோ|ఎస్కోన్ డిడో|ಎಸ್ಕಾಂಡಿಡೊ|എസ്കോണ്ടിഡോ|එස්කොන්ඩිඩෝ|เอสคอนดิโด้|エスコンディード|埃斯孔迪多|에스콘디도
Exeter,city,CA,36.29606,-119.14205,10548,Ehkseter|Ekseter|Eksitur|Firebaugh|Jádí Dah Shijéʼé|ai ke sai te|akstr  kalyfrnya|akstr  kalyfwrnya|aksytyr|ekstara|ekuseta|Ексетер|Екситър|Эксетер|إكسيتير|اكسيتير|اکستر، کالیفرنیا|اکستر، کالیفورنیا|ایگزیٹر، کیلیفورنیا|एक्स्टर|എക്സെറ്റെർ|エクセター|埃克塞特
Fair Oaks,city,CA,38.64463,-121.27217,30912,Fairoaks|Fer Ouks|fyyr awks  kylyfwrnya|pheyara oksa|Фер Оукс|فیئر اوکس، کیلیفورنیا|फेयर ओक्स
Fairfield,city,CA,38.24936,-122.03997,112970,Fehrfild|Fejrfild|Ferfild|Ferfildas|Feurfijld|SUU|feafirudo|fei er fei er de|fyrfyld|fyrfyld  kalyfrnya|peeopildeu|pheyaraphilda|Фейрфілд|Ферфилд|Феърфийлд|Фэрфилд|فئرفیلڈ|فيرفيلد|فیئرفیلڈ، کیلیفورنیا|فیرفیلد، کالیفرنیا|फेयरफिल्ड|フェアフィールド|費爾菲爾德|페어필드
Fairview,city,CA,37.67854,-122.0458,10003,Fejrv'ju|Fervju|Fervuju|Feurvju|fei er wei you|fyrwyw|fyrwyw  kalyfwrnya|fyyrwyw  kylyfwrnya|pheyarabhyu|Фейрв'ю|Фервъю|Фервју|Феървю|فیئرویو، کیلیفورنیا|فیرویو|فیرویو، کالیفورنیا|फेयरभ्यू|費爾維尤
Fallbrook,city,CA,33.37642,-117.25115,30534,Fall Brook|Folbruk|North Fallbrook|falbrwk  kylyfwrnya|phalabruka|Фолбрук|فالبروک، کیلیفورنیا|फलब्रूक
Farmersville,city,CA,36.29773,-119.20678,10774,Farmersvil|Farmersvill|Farmursvil|Tsékooh Íídéetą́ą́ʼí|fa mo si wei er|farmrz wyl  kalyfrnya|farmrzwyl  kylyfwrnya|farmyrsfyly|pharmarsabhila|Фармерсвил|Фармерсвилл|Фармерсвілл|Фармърсвил|فارمرز ویل، کالیفرنیا|فارمرزویل، کیلیفورنیا|فارميرسفيلى|فارميرسفيلي|फार्मर्सभिल|ഫാർ‌മേഴ്സ്‍വിൽ|法默斯維爾|法默斯维尔
Florin,city,CA,38.49602,-121.40884,47513,Florín|flwryn|fu luo lin|phlorina|Флорин|فلورین|फ्लोरिन|弗羅林
Folsom,city,CA,38.67796,-121.17606,76375,Folsom City|Folsum|fu sen|fwlswm|fwlswm  kalyfrnya|pholsama|Фолсом|Фолсъм|فولسوم|فولسوم، کالیفرنیا|फोल्सम|佛森
Fontana,city,CA,34.09223,-117.43505,212704,Rosena|fang ta na|fwntana|fwntana  kalyfrnya|phontana|pontaena|Фонтана|فونتانا|فونتانا، کالیفرنیا|فونٹانا|فونٹانا، کیلیفورنیا|फोन्टाना|フォンタナ|方塔納|폰태나
Foothill Farms,city,CA,38.67877,-121.35114,33121,Dziłtsį́įdi Dáʼákʼeh|Futgill-Farms|Futkhil Farms|fu xi er nong chang|fwt hyl|fwt hyl  kalyfwrnya|phutahila pharmsa|Футгилл-Фармс|Футгілл-Фармс|Футхил Фармс|فوت هیل|فوت هیل، کالیفورنیا|फूटहिल फार्म्स|富西爾農場
Foothill Ranch,city,CA,33.68641,-117.66088,11698,
Foster City,city,CA,37.55855,-122.27108,33477,Foster Siti|Foster Sitis|Foster-Siti|Fostur Siti|Thanh pho Foster|Thành phố Foster|fosutashiti|fu si te cheng|fwstr syty|fwstr syty  kalyfrnya|fwstyr syty|fwztr syty  kalyfwrnya|fxs texr|phastar siti|phastara siti|phostar nagaram|phostara sahara|phostara sahera|phostara siti|poseuteositi|postar nakaram|pwstr syty|Φόστερ Σίτι|Фостер Сити|Фостер-Сити|Фостер-Сіті|Фостър Сити|פוסטר סיטי|فوزتر سیتی، کالیفورنیا|فوستر سيتى|فوستر سیتی، کالیفرنیا|فوستير سيتي|فوسٹر سٹی، کیلیفورنیا|फस्टर सिटी|फॉस्टर शहर|फोस्टर सिटी|ফোস্টার শহর|ફોસ્ટર શહેર|போஸ்டர் நகரம்|ఫోస్టర్ నగరం|ಫಾಸ್ಟರ್ ಸಿಟಿ|ෆොස්ටර් නගරය|ฟอสเตอร์|ფოსტერ-სიტი|フォスターシティ|福斯特城|포스터시티
Fountain Valley,city,CA,33.70918,-117.95367,56987,Faountain Vallef|Faunten-Velli|Fauntin Vali|Fauntin-Vehlli|Fauntun Vali|Fontana Valo|Fontano slenis|Fontano slėnis|Fonteinvalli|Talbert|Tohaalini Biteeh|Tóháálíní Bitééh|acatapat|fang quan gu|fang ting wa li|fantyn wly  kalyfrnya|fean thenwel liy|fwwntyn faly|pauntinbaelli|pha'unte'ina bhyali|pha'untena bhyali|pha'untena vaili|pha'untena veli|pha'untena vheli|phaunten vyali|Φάουνταιν Βάλλεϋ|Фаунтен-Велли|Фаунтен-Веллі|Фаунтин Вали|Фаунтин-Вэлли|Фаунтън Вали|פאונטיין ואלי|فانتین ولی، کالیفرنیا|فونٹین ویلی|فوونتين فالى|فوونتين فالي|फाउंटेन वैली|फाउंटेन व्हॅली|फाउन्टेन भ्याली|ফাউন্টেইন ভ্যালী|ફાઉન્ટેન વેલી|அசடாபாத்|ఫౌంటెన్ వ్యాలీ|ಫೌಂಟೇನ್ ವ್ಯಾಲಿ|ഫൌണ്ടൻ വാലി|ෆෞන්ටන් වැලි|เฟาน์เทนเวลลีย์|ファウンテン・バレー|方廷瓦利|芳泉谷|파운틴밸리
Fremont,city,CA,37.54827,-121.98857,232206,Centerville|Centreville|Fremontas|Frimont|Frimonta|Frymant|Frīmonta|Hardscrabble|Irvington|Mission San Jose|Nikes|Warm Springs|fei li meng|fremonta|fri mxn t|frmwnt  kalyfwrnya|frymant  kalyfrnya|frymwnt|furimonto|peulimonteu|phremant|phremonta|phrimamta|phrimant|phrimanta|phrimeant|phrimonta|piremant|prmwnt|Φρέμοντ|Фремонт|Фримонт|Фрымант|פרמונט|فرمونت، کالیفورنیا|فريمونت|فریمانت، کالیفرنیا|فریمونٹ|فریمونٹ، کیلیفورنیا|फ़्रेमोंट|फ्रिमाँट|फ्रेमोन्ट|ফ্রিমন্ট|ફ્રીમોન્ટ|பிரேமாண்ட்|ఫ్రీమాంట్|ಫ್ರೆಮಾಂಟ್|ഫ്രിമോണ്ട്|ෆ්‍රිමන්ට්|ฟรีมอนต์|フリーモント|費利蒙|费利蒙|프리몬트
Fresno,city,CA,36.74773,-119.77237,542107,FAT|Fraxinus|Frehsna|Fresnas|Fresno i California|Frezno|fers no|frnsw  kylyfwrnya|frynsw|frysnw|frznw|fu lei si nuo|furezuno|peulejeuno|phresano|phresno|presno|prznw|Φρέσνο|Фрезно|Фресно|Фрэсна|Ֆրեզնո|פרזנו|فرزنو|فرنسو، کیلیفورنیا|فريسنو|فرینسو|फ्रेस्नो|ফ্রেসনো|เฟรสโน|ფრესნო|フレズノ|弗雷斯诺|프레즈노
Fullerton,city,CA,33.87029,-117.92534,140847,FUL|Fulerton|Fulertonas|Fulurtun|fu lei dun|furaton|fwlrtwn  kalyfrnya|fwlyrtwn|phularatana|Фулертон|Фуллертон|Фулъртън|فلرٹن|فلرٹن، کیلیفورنیا|فولرتون، کالیفرنیا|فوليرتون|फुलरटन|フラートン|富勒顿
Galt,city,CA,38.25464,-121.29995,25303,Golt|galt  kalyfrnya|galta|gao er te|ghalt|jalt|qalt  kalyfwrnya|Галт|Голт|جالت|غالت|قالت، کالیفورنیا|گالت، کالیفرنیا|گیلٹ، کیلیفورنیا|गाल्ट|ഗാൾട്ട്|高尔特|高爾特
Garden Acres,city,CA,37.96381,-121.22939,10648,Garden Ejkers|Garden-Ejkers|gardena ekarsa|gardn akrs|hua yuan ying mu|qardn akrs  kalyfwrnya|Гарден Ејкерс|Гарден-Ейкерс|قاردن اکرس، کالیفورنیا|گاردن اکرس|गार्डेन एकर्स|花園英畝
Garden Grove,city,CA,33.77391,-117.94145,175393,Garden Grouv|Garden Grov|Garden Grovas|Garden-Grov|Gardengrove|Gardun Grouv|gadengurobu|gadeungeulobeu|gardena grobha|gardn grww  kalyfrnya|ghardyn ghrwfy|jia deng ge luo fu|Гарден Гров|Гарден Гроув|Гарден-Гров|Гардън Гроув|غاردين غروفي|گاردن گروو، کالیفرنیا|گارڈن گروو|गार्डेन ग्रोभ|ガーデングローブ|加登格羅夫|가든그로브
Gardena,city,CA,33.88835,-118.30896,60447,Gardina|Nkarntena|gadena|gardan|gardana|gardna  kalyfrnya|ghardyna|grdnh|grydna|jardyna|jia di na|karden a|kartena|qardna  kalyfwrnya|Γκαρντένα|Гардена|Гардина|Գարդինա|גרדנה|جاردينا|غاردينا|قاردنا، کالیفورنیا|گاردنا، کالیفرنیا|گریدنا|गार्डना|गार्डेना|গার্ডেনা|ગર્ડેના|கார்டெனா|గార్డెనా|ಗಾರ್ಡನ್|ഗാർഡെന|ගර්ඩෙනා|การ์เดนา|ガーデナ|加迪納|加迪纳|가데나
Gilroy,city,CA,37.00578,-121.56828,53231,Gilroj|Pleasant Valley|ghylrwy|gilro'i|giruroi|glrwy  kylyfwrnya|gylrwy  kalyfrnya|ji er luo yi|Гилрой|Гилрој|Гілрой|غيلروي|گلروی، کیلیفورنیا|گیلروی، کالیفرنیا|गिल्रोइ|ギルロイ|吉尔罗伊
Glen Avon,city,CA,34.01168,-117.48477,20199,Glen Avon Heights|Glen Ejvon|Glen-Ejvon|Glenavon|West Riverside|ge lun a wang|ghlyn afwn|glena ebhona|gln aywwn|jlyn afwn|qln aywwn  kalyfwrnya|Глен Ејвон|Глен-Ейвон|جلين افون|غلين أفون|قلن ایوون، کالیفورنیا|گلن ایوون|ग्लेन एभोन|格倫阿旺
Glendale,city,CA,34.14251,-118.25508,201020,Glendehjl|Glendeilas|Glendejl|Glendel|JGX|Mason|Riverdale|ge lun dai er|geullendeil|ghlyndyl|glenadela|glndyl|glndyyl|gurenderu|Глендейл|Глендејл|Глендэйл|Ґлендейл|Գլենդել|גלנדייל|غلينديل|گلندیل|گلینڈیل|ग्लेनडेल|グレンデール|格倫代爾|글렌데일
Glendora,city,CA,34.13612,-117.86534,52009,ge lun duo la|ghlyndwra|glenadora|glndwra  kalyfrnya|Глендора|غليندورا|گلندورا، کالیفرنیا|ग्लेनडोरा|格伦多拉
Goleta,city,CA,34.43583,-119.82764,30944,Goelette|Golita|Goélette|Kuunari|La Patera Village|Schoener|Schoner|Schooner|Shkhuna|Skonert|Skonnert|Skonnorta|Skuna|Skuner|Szkuner|ge li ta|ghwlyta|gorita|gwlyta  kalyfrnya|Škuna|Škuner|Голита|Шхуна|غوليتا|گولیتا، کالیفرنیا|गोलेटा|ゴリータ|戈利塔
Grand Terrace,city,CA,34.0339,-117.31365,12464,Grand Teras|Grand-Terras|The Terrace|da lu tai|geulaendeutelaseu|ghrand tyrrasy|grnd tras  kalyfrnya|gryanda teresa|jrand tyrrasy|Гранд Терас|Гранд-Террас|جراند تيرراسى|غراند تيرراسي|گرند تراس، کالیفرنیا|گرینڈ ٹیریس، کیلیفورنیا|ग्र्यान्ड टेरेस|ഗ്രാൻറ് ടെറസ്|大露台|그랜드테라스
Granite Bay,city,CA,38.76323,-121.16384,20402,
Grass Valley,city,CA,39.21906,-121.06106,12944,Centerville|Centreville|Gras Vali|Gras-Vali|Grass Velli|Grass-Valli|Grass-Velli|Gresa Valo|ge la si wa li|geulaeseubaelli|ghras faly|gras vali|gras wyly  kylyfwrnya|grasa bhyali|grs wly  kalyfrnya|gurasubare|jras faly|Грас Вали|Грас-Валі|Грасс-Валли|Грасс-Велли|Грасс-Веллі|Գրասս Վելլի|גראס ואלי|جراس فالى|غراس فالي|گراس ویلی، کیلیفورنیا|گرس ولی، کالیفرنیا|ग्रास भ्याली|ഗ്രാസ് വാലി|グラスバレー|格拉斯瓦利|그래스밸리
Greenfield,city,CA,36.3208,-121.24381,17184,Clarke City|Dáʼákʼeh Haltso|Grijnfijld|Grinfild|ge lin fei er de|ghrynfyld|grinaphilda|grynfyld  kalyfrnya|gurinfirudo|jrynfyld|qrynfyld  kalyfwrnya|Грийнфийлд|Гринфилд|Грінфілд|جرينفيلد|غرينفيلد|قرینفیلد، کالیفورنیا|گرین فیلڈ، کیلیفورنیا|گرین فێڵد، کالیفۆڕنیا|گرینفیلد، کالیفرنیا|ग्रीनफिल्ड|ഗ്രീൻ ഫീൽഡ്|グリーンフィールド|格林菲尔德|格林菲爾德
Grover Beach,city,CA,35.12164,-120.62128,13600,Grouvur Bijch|Grover|Grover Bich|Grover City|Grover-Bich|ge luo fu hai tan|ghrwfyr bytsh|grobharabica|grwwr bych  kalyfrnya|grwwr bych  kylyfwrnya|jrwfyr bytsh|Гровер Бич|Гровер-Бич|Гровер-Біч|Гроувър Бийч|جروفير بيتش|غروفير بيتش|گروور بیچ، کالیفرنیا|گروور بیچ، کیلیفورنیا|ग्रोभरबीच|ഗ്രോവർ ബീച്ച്|格罗弗海滩|格羅弗海灘
Hacienda Heights,city,CA,33.99307,-117.96868,54038,As'enda-Gajts|Chasienta Chaits|Khacijenda Khajts|Khasienda-Khajts|asiendahaicheu|asynda hayts  kalyfrnya|ha xian da gang|hakynda hayhts|hsyyndh hyyts|hyasi'enda ha'itsa|kariforunia zhou|Χασιέντα Χάιτς|Асьенда-Гайтс|Асьєнда-Гайтс|Хасиенда-Хайтс|Хацијенда Хајтс|Ասիենդա Հեյթս|הסיינדה הייטס|آسیندا هایتس، کالیفرنیا|هاكيندا هايهتس|ह्यासिएन्डा हाइट्स|カリフォルニア州|哈仙达岗|哈仙達崗|아시엔다하이츠
Half Moon Bay,city,CA,37.46355,-122.42859,12657,Duonluna Golfo|Gaf-Mun-Bej|Halfmoon Bay|Khaf Mun Bej|Khalf Mun Bej|Ooljééʼ Ałnííʼí Tóhí|San Benito|San Benitos|Spanish Town|Spanishtown|ban yue wan|haf mwn by  kalyfrnya|half mwwn bay|hapeumunbei|hapha muna be|hapha muna upakula|Гаф-Мун-Бей|Халф Мун Бей|Хаф Мун Беј|هاف مون بی، کالیفرنیا|هالف موون باى|هالف موون باي|ہاف مون بے، کیلیفورنیا|हाफ मून बे|হাফ মুন উপকূল|ഹാഫ് മൂൺ ബേ|ハーフ・ムーン・ベイ|半月湾|半月灣|하프문베이
Hanford,city,CA,36.32745,-119.64568,55659,Khanford|Khehnford|Khenford|haenpeodeu|han fu de|hanfodo|hanfwrd|hyanapharda|Ханфорд|Хенфорд|Хэнфорд|هانفورد|ह्यानफर्ड|ハンフォード|汉福德|핸퍼드
Hawaiian Gardens,city,CA,33.8314,-118.07284,14592,Gavajan-Gardens|Gavajjan-Gardens|Khauajun Garduns|Khavajan Gardens|hava'iyana gardensa|hawayyn gadrnz  kalyfrnya|hawyyan ghardyns|hawyyan jardyns|xia wei yi hua yuan|Гавайян-Гарденс|Гаваян-Гарденс|Хавајан Гарденс|Хауайън Гардънс|האוויאן גרדנס|هاوایین گادرنز، کالیفرنیا|هاوييان جاردينس|هاوييان غاردينس|ہوائیین گارڈنز، کیلیفورنیا|हवाइयन गार्डेन्स|ഹവായിയൻ ഗാർഡൻസ്|ハワイアン・ガーデンズ|夏威夷花园|夏威夷花園
Hawthorne,city,CA,33.9164,-118.35257,88451,Chothorn|Gotorn|HHR|Hotorn|Hotorna|Hotornas|Khotorn|hahtharna|hatharn|hathorn|havtorn|hawthwrny|hawtwrn  kalyfrnya|hawtwrn  kalyfwrnya|hethorna|hoson|hothorna|hotuna|huo sang|hwt'wrn|hxw thxrn|Χόθορν|Готорн|Хоторн|הות'ורן|هاوتورن، کالیفرنیا|هاوتورن، کالیفورنیا|هاوثورنى|هاوثورني|ھاوسۆرنی|ہاتھورن|ہاوتھرون، کیلیفورنیا|हःथर्न|हॅथॉर्न|हॉथोर्न|হোতুন|હોથોર્ન|ஹாவ்தோர்ன்|హాథొర్న్|ಹಾಥಾರ್ನ್|ഹാവ്‍തോൺ|හොතෝම්|ฮอว์ทอร์น|ホーソーン|霍桑|호손
Hayward,city,CA,37.66882,-122.0808,158289,Cheigouarnt|Gejvard|HWD|Hayward Station|Hayward's|Haywards|Haywards Station|Haywood|Heivordas|Hejvorda|Hejvordo|Heyvard|Heyvord|Khejurd|Khejvard|hai wo de|haivard|hayward  kalyfwrnya|he'oyarda|heiwado|heiwodeu|hevard|hevarda|hey weird|heyvartu|hyward  kalyfrnya|hyywwrd|xi huo|Χέιγουαρντ|Гейвард|Хейвард|Хейуърд|Хејвард|Һәйворд|Հեյվորդ|הייוורד|هايوارد|هایوارد، کالیفورنیا|هیوارد، کالیفرنیا|ہیورڈ|ہےوارڈ|हेवर्ड|हेवार्ड|হেওয়ার্ড|હેવર્ડ|ஹேய்வார்டு|హైవార్డ్|ಹೇವರ್ಡ್|ഹേവാർഡ്|හේවර්ඩ්|เฮย์เวิร์ด|ヘイワード|希活|海沃德|헤이워드
Healdsburg,city,CA,38.61047,-122.86916,11742,Gildsburg|Healdsburgh|Khijldsburg|Khildsberg|Russian River|heldsbarga|hiljeubeogeu|hirusubagu|hldzbrg  kalyfrnya|hyldsbwrg|hyldsbwrgh|hyldsbwrj|hyldzbwrq  kalyfwrnya|xi er ci bao|Гилдсбург|Гілдсбурґ|Хийлдсбърг|Хилдсберг|Хілдсберг|הילדסבורג|هلدزبرگ، کالیفرنیا|هيلدسبورج|هيلدسبورغ|هیلدزبورق، کالیفورنیا|ہیلڈسبرگ، کیلیفورنیا|हेल्ड्स्बर्ग|ഹീൽഡ്‍സ്ബർഗ്ഗ്|ヒールスバーグ|希尔兹堡|힐즈버그
Hemet,city,CA,33.74761,-116.97307,83861,HMT|Hemicia|Khemet|he mi te|hemeta|hmt  kalyfrnya|hymyt|Хемет|همت، کالیفرنیا|هيميت|ہیمٹ|ہیمٹ، کیلیفورنیا|हेमेट|赫米特
Hercules,city,CA,38.01714,-122.28858,25314,Gerkjuliz|Gerkules|Herkulo|Kherkjuliz|Khurkjulijz|hakyurizu|harkulija|he la ke lei si|heokyulliseu|hrkwls  kalyfrnya|hrkwlz  kalyfwrnya|hyrkwlys|Геркулес|Геркюлиз|Геркюліз|Херкјулиз|Хъркюлийз|هرکولز، کالیفورنیا|هرکولس، کالیفرنیا|هيركوليس|ہرکیولیس|ہرکیولیس، کیلیفورنیا|हर्कुलिज|ഹെർക്കുലസ്|ハーキュリーズ|赫拉克勒斯|허큘리스
Hermosa Beach,city,CA,33.86224,-118.39952,19860,Chermosa Bits|Ehrmosa-Bich|Khermosa Bich|Khermosa Bijch|Khermosa-Bich|hamosabichi|harmosa bica|he er mo sha hai tan|he mo sa bi qi|heomosabichi|hrmwsa bych  kalyfrnya|hrmwsh byz'|hyrmwsa bytsh|Χερμόσα Μπιτς|Хермоса Бийч|Хермоса Бич|Хермоса-Бич|Хермоса-Біч|Эрмоса-Бич|הרמוסה ביץ'|هرموسا بیچ، کالیفرنیا|هيرموسا بيتش|ہیرموسا بیچ، کیلیفورنیا|हर्मोसा बीच|ഹെർമോസ ബീച്ച്|ハーモサビーチ|何爾摩沙海灘|赫莫萨比奇|赫莫薩比奇|허모사비치
Hesperia,city,CA,34.42639,-117.30088,93295,Khespirija|heseupelia|hespariya|hsprya  kalyfrnya|hysbyrya|xi si pi li ya|Хеспирия|Хеспирија|هسپریا، کالیفرنیا|هيسبيريا|ہسپیریا|हेस्परिया|希斯皮里亚|헤스페리아
Highland,city,CA,34.12834,-117.20865,54854,Highlands|Khajland|ha'ilyanda|hai lan|haillaendeu|hayland|haylnd  kalyfrnya|Хайланд|Хајланд|هايلاند|هایلند، کالیفرنیا|हाइल्यान्ड|海兰|하일랜드
Hillsborough,city,CA,37.5741,-122.37942,11451,
Hollister,city,CA,36.85245,-121.4016,37462,Gollister|HLI|Kholister|Kholistur|halystr|holistara|holliseuteo|horisuta|huo li si te|hwlystyr|Голлістер|Холистер|Холистър|هالیستر|هوليستير|होलिस्टर|ホリスター|霍利斯特|홀리스터
Hollywood,city,CA,34.09834,-118.32674,167664,Cholygount|Galivud|Gollivud|Holivud|Holivuda|Holivudas|Holivudo|Hollivud|Huolevods|Huolėvods|Kholivud|Ruscisilva|Tinseltown|hali'uda|halivud|halivut|halliudeu|halywwd|halywwd  ls‌anjls|hao lai wu|hariuddo|he li huo|healivud|holivuda|holivudi|hwlywwd|hxl li wud|Χόλυγουντ|Галівуд|Голливуд|Голлівуд|Холивуд|Հոլիվուդ|האליוואד|הוליווד|هاليووډ|هالیوود|هالیوود، لس‌آنجلس|هوليوود|ھۆلیوود|ہالی وڈ|हलिउड|हॉलिवूड|हॉलीवुड|হলিউড|ஹாலிவுட்|హాలీవుడ్|ಹಾಲಿವುಡ್|ഹോളിവുഡ്|ฮอลลีวูด|ဟောလိဝုဒ်|ჰოლივუდი|ハリウッド|好莱坞|荷里活|할리우드
Home Gardens,city,CA,33.87807,-117.52088,11570,Goum-Gardens|Khoum Gardens|Riverside Valley Home Gardens|homa gardensa|huo mu jia deng si|hwm gardnz|hwm ghardyns|hwm jardyns|hwm qardnz  kalyfwrnya|Гоум-Гарденс|Гоум-Ґарденс|Хоум Гарденс|هوم جاردينس|هوم غاردينس|هوم قاردنز، کالیفورنیا|هوم گاردنز|होम गार्डेन्स|霍姆加登斯
Huntington Beach,city,CA,33.6603,-117.99923,201899,Gantington-Bich|Hantington Bycas|Hantington Byčas|Khantington Bich|Khantington-Bich|Khntingtn Bijch|Pacific Beach|Pacific City|han ting tan bich|hantingatana bica|hantintonbichi|hantyngtwn bych  kalyfrnya|heng ting dun bi qi|heontingteonbichi|hwntynghtwn bytsh|Гантінґтон-Біч|Хантингтон Бич|Хантингтон-Бич|Хънтингтън Бийч|هانتینگتون بیچ، کالیفرنیا|هونتينغتون بيتش|ہنٹنگٹن بیچ|हन्टिंगटन बीच|ฮันติงตันบีช|ハンティントンビーチ|亨廷頓比奇|헌팅턴비치
Huntington Park,city,CA,33.98168,-118.22507,59430,Gantington-Park|Khantington Park|Khantington-Park|Khantyngtan-Park|Khuntingtun Park|hantingatana parka|hantyngtwn park  kalyfrnya|heng ting dun gong yuan|hwntynghtwn bark|hwntynjtwn bark|Гантингтон-Парк|Гантінгтон-Парк|Хантингтон Парк|Хантингтон-Парк|Хантынгтан-Парк|Хънтингтън Парк|هانتینگتون پارک، کالیفرنیا|هونتينجتون بارك|هونتينغتون بارك|ہنٹنگٹن پارک، کیلیفورنیا|हन्टिंगटन पार्क|ഹണ്ടിങ്ടൺ പാർക്ക്|ハンティントン・パーク|亨廷頓公園|亨廷顿公园
Imperial,city,CA,32.84755,-115.56944,17095,IPL|Impirijal|Impiriul|Náhookǫsjí Séítah Dáʼákʼeh|ambyryal|ampyryl  kylyfwrnya|aympryal  kalyfrnya|aympryal  kalyfwrnya|imperiyala|inperiaru|yin pi li er|Імперіал|Империал|Импириъл|Импиријал|إمبيريال|امبيريال|امپیریل، کیلیفورنیا|ایمپریال، کالیفرنیا|ایمپریال، کالیفورنیا|इम्पेरियल|ഇമ്പീരിയൽ|インペリアル|因皮里尔
Imperial Beach,city,CA,32.58394,-117.11308,27408,Impirijal Bich|Impiriul Bijch|NRS|ambyryal bytsh|aympryal bych  kalyfrnya|imperiyala bica|impilieolbichi|yin pi li er tan|Импириъл Бийч|Импиријал Бич|אימפריאל ביץ|إمبيريال بيتش|ایمپریال بیچ، کالیفرنیا|इम्पेरियल बीच|因皮里尔滩|임피리얼비치
Indio,city,CA,33.7207,-116.21677,87533,Indian Wells|Indiou|andyw|ayndyw  kalyfrnya|indiyo|yin di ao|Індіо|Индио|Индиоу|إنديو|ایندیو، کالیفرنیا|इन्डियो|インディオ|印第奥|인디오
Inglewood,city,CA,33.96168,-118.35313,111666,In'nklgount|Ingelvuda|Inglvud|Inglvudas|Ingulud|Inqlvud|anghlywwwd|anjlywwwd|ayngl wwd  kalyfrnya|aynnglwwd|aynqlywwd  kalyfwrnya|in'gelavuda|in'glavuda|ing-geul-udeu|ingalavuda|ingela'uda|ingilvud|inglevud|inguruuddo|injalavuda|inlivut|xin keilwud|ying ge er wu de|İnqlvud|Ίνγκλγουντ|Інглвуд|Інґлвуд|Инглвуд|Ингълуд|Иңглвуд|Ինգլվուդ|אינגלווד|إنغليووود|إينڭلوود|انجليووود|انگل ووڈ|انگلووڈ، کیلیفورنیا|اینقلیوود، کالیفورنیا|اینگل وود، کالیفرنیا|इंगलवुड|इंजलवुड|इन्गेलवूड|ইঙ্গেলউড|ઇન્ગ્લવૂડ|இஞ்லிவுட்|ఇంగిల్వుడ్|ಇಂಗ್ಲೆವುಡ್|ഇങ്കിൾവുഡ്|ඉංග්ල්වුඩ්|อินเกิลวูด|イングルウッド|英格尔伍德|英格爾伍德|잉글우드
Irvine,city,CA,33.66946,-117.82311,256927,Ervajn|Irvajn|Irvin|Irvinas|abain|arfayn|arwayn|arwayn  kalyfrnya|eobain|er wan|ou wen|rvajn|Ервайн|Ервајн|Ирвайн|Ирвин|Ървайн|אירוויין|إرفاين|اروائن|ارواین، کالیفرنیا|アーバイン|歐文|爾灣|어바인
Isla Vista,city,CA,34.41333,-119.86097,23096,Ajla-Vista|Isla-Vista|a'ila bhista|aillabiseuta|airabisuta|aysla wysta  kalyfrnya|aysla wysta  kalyfwrnya|jing dao (Isla Vista) she qun|yi si la wei si ta|Ісла-Віста|Айла-Виста|Исла-Виста|ئیزلا ڤیستا، کالیفۆرنیا|ایسلا ویستا، کالیفرنیا|ایسلا ویستا، کالیفورنیا|आइला भिस्टा|アイラビスタ|伊斯拉維斯塔|景島（Isla Vista)社群|아일라비스타
Kerman,city,CA,36.72356,-120.05988,14475,Collis|Kermen|Kurman|Tó Bá Azʼáanii|kaman shi|ke er man|kermyana|krman|krman  kalyfwrnya|krmyn  kylyfwrnya|kyrman|qrmn|Керман|Кермен|Кърман|קרמן|كيرمان|کرمان|کرمان، کالیفورنیا|کرمین، کیلیفورنیا|केर्म्यान|കെർമാൻ|カーマン市|克尔曼|克爾曼
King City,city,CA,36.21274,-121.12603,13902,City of King|KIC|King Siti|King-Siti|Kings City|Kings Siti|Kings Station|Kingsitija|jin cheng|king sirri|kinga siti|kingsiti|kyng syty  kalyfrnya|kyngh syty|kynj syty|kynqz brq  kalyfwrnya|Кинг Сити|Кинг-Сити|Кингс Сити|Кінг-Сіті|كينج سيتى|كينغ سيتي|کنگ سٹی، کیلیفورنیا|کینقز برق، کالیفورنیا|کینگ سیتی، کالیفرنیا|किङ्ग सिटी|കിംഗ് സിറ്റി|金城|킹시티
Kingsburg,city,CA,36.51384,-119.55402,11824,Drapersville|Kings River Switch|Kingsberg|Kingsburgh|Tłʼoh Naadą́ą́ʼ Sikaad|Wheatville|jin si bao|kingasbarga|kngzbrg  kylyfwrnya|kynghsbwrgh|kyngz brg  kalyfrnya|kynjsbwrj|kynqzbwrq  kalyfwrnya|Кингсберг|Кингсбург|Кингсбърг|Кінгсбург|كينجسبورج|كينغسبورغ|کنگزبرگ، کیلیفورنیا|کینقزبورق، کالیفورنیا|کینگز برگ، کالیفرنیا|किङ्गस्बर्ग|കിംഗ്സ്ബർഗ്ഗ്|金斯堡
Koreatown,city,CA,34.05779,-118.30091,124281,koliataun|코리아타운
La Cañada Flintridge,city,CA,34.19917,-118.18785,20246,Flintridge|La Canada|La Canada Flintridge|La Kanjada Flintridz|La-Kan'jada-Flintridzh|la kanyada flyntrydj|la kanyada flyntryj  kalyfrnya|la kyanada phlintarija|lakanyadapeullinteuliji|Ла Канјада Флинтриџ|Ла-Каньяда-Флинтридж|لا كانيادا فلينتريدج|لا کاناڈا فلینٹریڈگی، کیلیفورنیا|لا کانیادا فلینتریج، کالیفرنیا|ला क्यानाडा फ्लिन्टरिज|라카냐다플린트리지
La Habra,city,CA,33.93196,-117.94617,62131,La Champra|La Khabra|La-Abra|La-Gabra|Lahabra|la ha bra|la ha bu la|la habeula|la habra  kalyfrnya|la habra  kalyfwrnya|la hapra|la harabha|Λα Χάμπρα|Ла Хабра|Ла-Абра|Ла-Габра|لا حابرا|لا هابرا|لا هابرا، کالیفرنیا|لا هابرا، کالیفورنیا|ला हाब्रा|লা হারভা|લા હાબ્રા|லா ஹாப்ரா|లా హబ్రా|ಲ ಹಬ್ರ|ലാ ഹബ്രാ|ලා හාබ්‍රා|ลาฮาบรา|ラ・アブラ|拉哈布拉|라 하브라
La Jolla,city,CA,32.84727,-117.2742,42808,El Nito|La Joya|La Khoja|La-Khojja|La-Khol'ja|Lajolla|la huo ya|la hwya|lahoia|lahwya|rahoya|Ла Хоя|Ла-Хойя|Ла-Холья|لا هویا|لاهويا|ラホヤ|拉霍亚|라호이아
La Mesa,city,CA,32.76783,-117.02308,60089,Allison Springs|Dah Azkáníiʼii|La Mesa Heights|La Mesa Springs|La-Mesa|Lamesa|la mi sa|la msa  kalyfrnya|la mysa|la mysa  kylyfwrnya|la mza  kalyfwrnya|lh msh|ramesa|Ла Меса|Ла-Меса|לה מסה|لا مزا، کالیفورنیا|لا مسا، کالیفرنیا|لا ميسا|لا میسا، کیلیفورنیا|ला मेसा|ലാ മെസ|ラメサ|拉米萨|拉米薩
La Mirada,city,CA,33.91724,-118.01201,49520,La-Mirada|la mi la da|la myrada|la myrada  kalyfrnya|lamilada|Ла Мирада|Ла-Мирада|لا ميرادا|لا میرادا، کالیفرنیا|ला मिराडा|拉米拉达|라미라다
La Palma,city,CA,33.8464,-118.04673,15904,Atʼaʼ Yiltʼąąʼí Ííʼáhí|Dairyland|La-Palma|la balma|la pa er ma|la palma  kalyfrnya|la palma  kalyfwrnya|la palma  kylyfwrnya|Ла Палма|Ла-Палма|لا بالما|لا پالما، کالیفرنیا|لا پالما، کالیفورنیا|لا پالما، کیلیفورنیا|ला पाल्मा|ലാ പാൽമ|ラ・パルマ|拉帕尔马|拉帕爾馬
La Presa,city,CA,32.70811,-116.99725,34169,
La Puente,city,CA,34.02001,-117.94951,40745,Hillgrove|La Puenti|Puente|la bwynty|la pu'ente|la pwnt  kalyfrnya|Ла Пуенте|Ла Пуенти|لا بوينتي|لا پونت، کالیفرنیا|لا پیونتے، کیلیفورنیا|ला पुएन्टे
La Quinta,city,CA,33.66336,-116.31001,40476,La Kinta|La Kuinta|la kvinta|la kwynta|la kwyynta  kalyfrnya|Ла Кинта|Ла Куинта|لا كوينتا|لا کوئینتا، کالیفرنیا|لا کوینٹا، کیلیفورنیا|ला क्विन्टा
La Riviera,city,CA,38.56685,-121.3569,10802,La Rivijera|La-Riv'era|la li wei la|la ribhi'era|la rywyyra|la rywyyra  kalyfwrnya|Ла Ривијера|Ла-Ривьера|Ла-Рів'єра|لا ریویئرا|لا ریویئرا، کالیفورنیا|ला रिभिएरा|拉里維拉
La Verne,city,CA,34.10084,-117.76784,32681,La Vern|La Vurn|La-Vern|Lordsburg|POC|la bharna|la fyrny|la wrn  kalyfrnya|Ла Верн|Ла Върн|Ла-Верн|لا فيرني|لا ورن، کالیفرنیا|ला भर्न
Ladera Ranch,city,CA,33.57086,-117.63561,22980,
Lafayette,city,CA,37.88576,-122.11802,25843,La Fayette|Lafaehtt|Lafaet|Lafaett|Lafagiet|Lafajet|la fei te|lafayt  kalyfrnya|lafayt  kalyfwrnya|lafayyty|lapeies|laphayeta|rafaietto|Λαφαγιέτ|Лафает|Лафаетт|Лафайет|Лафаэтт|Лафаєтт|Лафајет|Լաֆայեթ|לה פאייט|لافائیٹ، کیلیفورنیا|لافاييتى|لافاييتي|لافایت، کالیفرنیا|لافایت، کالیفورنیا|लाफायेट|ლაფაიეტი|ラファイエット|拉斐特|라페이엣
Laguna,city,CA,38.42102,-121.42384,46621,
Laguna Beach,city,CA,33.54225,-117.78311,23365,Lagona|Laguna|Laguna Bich|Laguna Bijch|Laguna-Bich|la gu na hai tan|laghwna bytsh|laguna bica|lagwna bych  kalyfrnya|lagwna bych  kylyfwrnya|leogunabichi|Лагуна Бийч|Лагуна Бич|Лагуна-Бич|Лагуна-Біч|لاغونا بيتش|لاگونا بیچ، کالیفرنیا|لاگونا بیچ، کیلیفورنیا|लागुना बीच|ラグナ・ビーチ|拉古纳海滩|러구나비치
Laguna Hills,city,CA,33.61252,-117.71283,31748,
Laguna Niguel,city,CA,33.52253,-117.70755,65806,Laguna Nigel|laghwna nyghwyl|laguna nigela|lagwna nygwyl  kalyfrnya|ni gu hu|Лагуна Нигел|لاغونا نيغويل|لاگونا نیگوئل، کالیفرنیا|लागुना निगेल|尼古湖
Laguna Woods,city,CA,33.6103,-117.72533,16406,Laguna Uds|Laguna Vuds|Laguna-Vuds|la gu na wu ci|la gu na wu zi|laghwna wwwds|lagwna wwdz  kalyfrnya|lajwna wwwds|lyaguna vudsa|Лагуна Вудс|Лагуна Удс|Лагуна-Вудс|لاجونا ووودس|لاغونا ووودس|لاگونا وودز، کالیفرنیا|لاگونا ووڈز، کیلیفورنیا|ल्यागुना वूड्स|ラグーナ・ウッズ|拉古納伍茲|拉古纳伍兹
Lake Arrowhead,city,CA,34.24834,-117.18921,12424,Lejk Aroukhed|Lejk-Errouged|Little Bear Lake|bhyrt arwhyd|jian tou hu|lak arwhyd|leka eroheda|Лейк-Ерроугед|Лејк Ароухед|بحيرة اروهيد|لاك أروهيد|لیک‌اروهد|لیک‌اروهد، کالیفورنیا|लेक एरोहेड|レイク・アローヘッド|箭头湖|箭頭湖
Lake Elsinore,city,CA,33.66808,-117.32726,61981,Elsinore|Etengvo|Etengvo Wumona|Laguna|Laguna Grande|Lejk Elsinor|Lejk Elzinor|Lejk-Ehlsinor|Machadao|Machado|Wamoma|hu ai er xi nuo|lak alsynwry|leka elsinora|lyk al synwr  kalyfrnya|lyk aylsynwry  kylyfwrnya|Лейк Елзинор|Лейк-Элсинор|Лејк Елсинор|لاك إلسينوري|لیک ال سینور، کالیفرنیا|لیک ایلسینوری، کیلیفورنیا|लेक एल्सिनोर|湖埃尔西诺
Lake Forest,city,CA,33.64697,-117.68922,82492,Akʼah Sisíʼí Tsinyiʼ Beʼekʼid|El Toro|Eltoro|Lejk Forest|Lejk-Forehst|Lejk-Forest|lak fwryst|leikeupoliseuteu|leka pharesta|lekk phearasrr|lyk farst  kalyfrnya|lyyk fwrzt  kalyfwrnya|lyyq pwrst|reikuforesuto|sen lin hu|Лейк Форест|Лейк-Форест|Лейк-Форэст|Лејк Форест|לייק פורסט|لئیک فورزت، کالیفورنیا|لاك فوريست|لیک فارست، کالیفرنیا|لیک فارسٹ، کیلیفورنیا|لیک فورسٹ|लेक फरेस्ट|ലേക്ക് ഫോറസ്റ്റ്|レイクフォレスト|森林湖|레이크포리스트
Lake Los Angeles,city,CA,34.61249,-117.82812,12328,Lago Los-Angeleso|Lago Los-Anĝeleso|Lejk Los Andzeles|Lejk-Los-Andzheles|lak lws anjyls|leka lasa enjelsa|luo shan ji hu|lyk ls anjls|lyk ls anjls  kalyfwrnya|Лейк-Лос-Анджелес|Лејк Лос Анџелес|لاك لوس أنجيلس|لیک لس آنجلس|لیک لس آنجلس، کالیفورنیا|लेक लस एन्जेल्स|洛杉磯湖
Lakeland Village,city,CA,33.63863,-117.34393,11541,Lejkland Vilidz|Lejklend-Villedzh|lai ke lan cun|lekalyanda bhileja|lykland|lyklndwylj|lyklndwylj  kalyfwrnya|Лейкленд-Вилледж|Лейкленд-Вілледж|Лејкланд Вилиџ|ليكلاند|لیکلندویلج|لیکلندویلج، کالیفورنیا|لیکلینڈ گاؤں، کیلیفورنیا|लेकल्यान्ड भिलेज|萊克蘭村
Lakeside,city,CA,32.85727,-116.92225,20648,Lejksajd|lekasa'ida|Лејксајд|लेकसाइड
Lakewood,city,CA,33.85363,-118.13396,81611,Lakewood Village|Lejkud|Lejkvud|lai ke wu de|lakywwwd|leikeuudeu|lekavuda|lykwwd  kalyfrnya|reikuuddo|Лейквуд|Лейкуд|Лејквуд|لاكيووود|لیکوود، کالیفرنیا|لیکووڈ|लेकवूड|レイクウッド|莱克伍德|레이크우드
Lamont,city,CA,35.25968,-118.91427,15120,Chʼiltah Hatsoh|la meng te|lamonta|lamwn|lamwn  kalyfwrnya|lamwnt|Ламонт|لامون|لامون، کالیفورنیا|لامونت|लामोन्ट|拉蒙特
Lancaster,city,CA,34.69804,-118.13674,161103,Lankaster|Lankastur|WJF|lan kai si te|lankstr|lnkstr  kalyfrnya|lnqstr|lyancestara|rankasuta|Ланкастер|Ланкастър|לנקסטר|لانكستر|لنکستر، کالیفرنیا|لینکاسٹر|ल्यान्चेस्टर|ランカスター|蘭開斯特
Larkspur,city,CA,37.93409,-122.53525,12417,Larksper|la ke si po|larkaspara|larksbwr|larkspwr  kalyfrnya|larkspwr  kalyfwrnya|larkspwr  kylyfwrnya|rakusupa|Ларкспер|Ларкспър|לארקספאר|لاركسبور|لارکسپور، کالیفرنیا|لارکسپور، کالیفورنیا|لارکسپور، کیلیفورنیا|लार्कस्पर|ラークスパー|拉克斯珀
Lathrop,city,CA,37.8227,-121.27661,20866,LRO|Latroup|Lejtrop|la si luo pu|lathrwb|latrwp  kalyfrnya|lyatharopa|Латроуп|Лејтроп|لاتروپ، کالیفرنیا|لاثروب|ल्याथरोप|拉斯罗普
Lawndale,city,CA,33.88724,-118.35257,33430,Londejl|lanadela|lao en dai er|lawn dyl  kalyfrnya|lawndaly|lawndyyl  kalyfwrnya|Лондейл|Лондејл|لانڈیل، کیلیفورنیا|لاون دیل، کالیفرنیا|لاوندئیل، کالیفورنیا|لاوندالى|لاوندالي|लनडेल|ലോൺഡെയിൽ|劳恩代尔|勞恩代爾
Lemon Grove,city,CA,32.74255,-117.03142,26709,Chʼil Łitsooí Nástłʼah|Lemon Grouv|Lemon-Grouv|Lemon-Grov|Lemongrove|Lemun Grouv|lai meng ge luo wei|lemana grobha|lemongeulobeu|lmwn grww  kalyfrnya|lmwn qrww  kalyfwrnya|lymn grww  kylyfwrnya|lymwn ghrwf|lymwn jrwfy|Лемон Гроув|Лемон-Гров|Лемон-Гроув|Лемън Гроув|لمون قروو، کالیفورنیا|لمون گروو، کالیفرنیا|ليمون جروفى|ليمون غروف|لیمن گروو، کیلیفورنیا|लेमन ग्रोभ|ലെമൺ ഗ്രോവ്|レモン・グローヴ|莱蒙格罗韦|萊蒙格羅韋|레몬그로브
Lemoore,city,CA,36.30078,-119.78291,25647,La Tache|Latache|Lee Moore's|Lemor|Lemur|Limor|NLC|lei mu er|lemura|lemure|lmwr  kalyfrnya|lmwr  kalyfwrnya|lymwr  kylyfwrnya|lymwwry|rimua|Łeeyiʼtó|Лемор|Лемур|Лимор|لمور، کالیفرنیا|لمور، کالیفورنیا|ليموورى|ليمووري|لیمور، کیلیفورنیا|लेमूर|ലെമൂറെ|リムーア|勒穆尔|勒穆爾
Lennox,city,CA,33.93807,-118.35258,22753,Inglewood Rancho|Jefferson|Lennoks|Lenoks|lenaksa|lnyks|lnyks  kalyfwrnya|lun nuo ke si|lynwks|Леннокс|Ленокс|لنیکس|لنیکس، کالیفورنیا|لينوكس|लेनक्स|倫諾克斯
Lincoln,city,CA,38.89156,-121.29301,49757,Linkal'n|Linkol'n|Linkoln|Linkuln|lin ken|linkana|lnkn  kylyfwrnya|lynkln  kalyfrnya|lynkwn|rinkan|Линколн|Линкольн|Линкълн|Лінкальн|Лінкольн|لنکن، کیلیفورنیا|لينكون|لینکلن، کالیفرنیا|लिङ्कन|ലിങ്കൺ|リンカーン|林肯
Linda,city,CA,39.12767,-121.5508,17773,
Lindsay,city,CA,36.20301,-119.08816,13217,Lindsej|Lindsi|Lindzi|lin sai|lindse|lyndsay|lyndsy  kalyfrnya|rinji|Линдзи|Линдсей|Линдси|Ліндсі|لنڈسے، کیلیفورنیا|ليندساى|ليندساي|لیندسی، کالیفرنیا|लिन्ड्से|ലിൻഡ്സെ|リンジー|林賽|林赛
Live Oak,city,CA,36.98356,-121.98052,17158,Lajv Ouk|Lajv-Ouk|lai fu ou ke|layw awk|Лайв Оук|Лайв-Оук|Лајв Оук|لایو اوک|來弗歐克
Livingston,city,CA,37.38688,-120.72353,13902,Cressey|Kʼíshíshjį́į́zh Bitoʼ|Livingstun|li wen si dun|libhingastana|lif wing s tan|lyfynghstwn|lyfynjstwn|lywyngstwn  kalyfrnya|ribingusuton|Ливингстон|Ливингстън|Лівінгстон|ليفينجستون|ليفينغستون|لیونگسٹن، کیلیفورنیا|لیوینگستون، کالیفرنیا|लिभिंगस्टन|ലിവിംഗ്സ്റ്റൺ|ลิฟวิงสตัน|リビングストン|利文斯頓|利文斯顿
Livermore,city,CA,37.68187,-121.76801,88126,LVK|Laddville|Livermar|Livermor|Livermore's|Livermoria|Livrmor|Nottingham|li fu mo|libeomo-eo|libharamora|livarmor|lybrmwr|lyfrmwr|lyfyrmwry|lywrmwr|lywrmwr  kalyfrnya|lywrmwr  kalyfwrnya|lywrmwr  kylyfwrnya|rivuamoa|Ливермор|Ливърмор|Лівермар|Лівермор|Լիվերմոր|ליברמור|ليفرمور|ليفيرمورى|لیورمور|لیورمور، کالیفرنیا|لیورمور، کالیفورنیا|لیورمور، کیلیفورنیا|लिभरमोर|லிவர்மோர்|ലിവർമോർ|リヴァモア|利佛摩|리버모어
Lodi,city,CA,38.1302,-121.27245,64596,Jeeshootsoh Bitonli|Jeeshóótsoh Bitóńlį́|Lodaj|Lodzi|Loudaj|Mokelumne|Moquelumne|leadi|luo di|lwdy|lwdy  kalyfrnya|rodai|Лодай|Лодај|Лодзі|Лоди|Лоді|Лоудай|לודי|لودى|لودي|لودی، کالیفرنیا|لوڈی، کیلیفورنیا|लोडी|ലോദി|ローダイ|洛迪|로디
Loma Linda,city,CA,34.04835,-117.26115,24045,Loma-Linda|Lomalinda|Lonesome Linda|Mound City|Mound Station|Nizhónískʼid|loma linta|lomalinda|luo ma lin da|lwma lynda|lwma lynda  kalyfrnya|lwmh lyndh|romarinda|Лома Линда|Лома-Линда|Лома-Лінда|לומה לינדה|لوما لنڈا، کیلیفورنیا|لوما ليندا|لوما لیندا، کالیفرنیا|लोमा लिन्डा|லோம லிண்டா|ലോമാ ലിൻഡ|ロマリンダ|洛馬林達|洛马林达|羅馬琳達|로마린다
Lomita,city,CA,33.79224,-118.31507,20785,leamita|lwmyta|lwmyta  kalyfrnya|lwmyta  kalyfwrnya|lwmyth|nuo mi ta|romita|Ломита|Ломіта|לומיטה|لوميتا|لومیتا، کالیفرنیا|لومیتا، کالیفورنیا|لومیٹا، کیلیفورنیا|लोमिता|ലോമിത|ロミータ|諾米榙|诺米榙
Lompoc,city,CA,34.63915,-120.45794,44164,LPC|Lompoco|Lompok|Lompoka|Lompokas|lampala|lampwk  kalyfrnya|leampeak|lompak|lompok|lompoka|lompokeu|long bo ke|lwmbwk|lwmpwk|lwmpwk  kalyfwrnya|lwmpwq|lxm phok|ronpoku|Λόμποκ|Ломпок|לומפוק|لامپوک، کالیفرنیا|لومبوك|لومپوک|لومپوک، کالیفورنیا|لۆمپۆک، کالیفۆرنیا|लोम्पॉक|लोम्पोक|লম্পল|લોમ્પોક|லொம்பொக்|లొంపోక్|ಲೊಂಪಾಕ್|ലോംപോക്|ලොම්පොක්|ลอมโพก|ロンポク|隆波克|롬포크
Long Beach,city,CA,33.76696,-118.18923,474140,LGB|Litus Longum|Lon'nk Bits|Long Bich|Long Bijch|Long Bycas|Long Byčas|Long-Bich|Longbica|Longbīča|Lonq Bic|Lonq Biç|Willmore City|lam bica|lamga bica|lang bic|lang bych  kalyfrnya|lang bych  kylyfwrnya|langa bica|long-bichi|longbichi|lwng byz|lwngh bytsh|lxng bich|rongubichi|zhang tan|Λονγκ Μπιτς|Лонг Бийч|Лонг Бич|Лонг-Бич|Лонг-Біч|Լոնգ Բիչ|לונג ביץ|لانگ بیچ، کالیفرنیا|لانگ بیچ، کیلیفورنیا|لونغ بيتش|लङ्ग बीच|लाँग बीच|লং বিচ|లాంగ్ బీచ్|ลองบีช|ლონგ-ბიჩი|ឡងបច|ឡងប៊ិច|ロングビーチ|長灘|롱비치
Los Alamitos,city,CA,33.80307,-118.07256,11449,Los-Alamitos|Tʼiisyáázh Łání|las aylamytws  kylyfwrnya|lasa elamitoja|leas alamirreas|luo si a la mi tuo si|lws alamytws|lws alamytws  kalyfrnya|Λος Αλαμίτος|Лос Аламитос|Лос-Аламитос|Лос-Аламітос|Լոս Ալամիտոս|לוס אלמיטוס|لاس ایلامیتوس، کیلیفورنیا|لوس آلامیتوس، کالیفرنیا|لوس ألاميتوس|لوس الاميتوس|लस एलामितोज|ലോസ് അലമിറ്റോസ്|ロス・アラミトス|洛斯阿拉米托斯
Los Altos,city,CA,37.38522,-122.11413,30671,Los-Al'tos|Los-Altos|lasa eltosa|loseuaeltoseu|ls‌altws|luo si a tu si|luo si la tu si|lws altws|rosuarutosu|Лос Алтос|Лос-Алтос|Лос-Альтос|לוס אלטוס|لس‌آلتوس|لوس ألتوس|लस एल्टोस|ロスアルトス|洛思阿圖斯|洛斯拉图斯|로스앨토스
Los Angeles,city,CA,34.05223,-118.24368,3820914,Angelopolis|Ciudad De los Angelos|Cuidad De Los Angelos|El Pueblo de Nuestra Senora La Reina de Los Angeles de Porcivncula|El Pueblo de Nuestra Senora de los Angeles de Porciuncula|El Pueblo de Nuestra Señora de los Ángeles de Porciúncula|El Pueblo del Rio de Nuestra Senora|L.A.|LA|LAX|La Reina de Los Angeles de Porciuncula|Lok-chham-ki|Los Anceləs|Los And'eles|Los Andzelas|Los Andzeles|Los Andzheles|Los Andzhelis|Los Andželas|Los Andželes|Los Anjeles|Los Anjélés|Los Antzeles|Los Anxheles|Los Anxhelos|Los Anzeles|Los Anzheles|Los Ángeles|Los-Anceles|Los-Andzeles|Los-Andzhehles|Los-Andzheles|Los-Angeleso|Los-Anjeles|Los-Anzheles|Los-Anzheles shaary|Los-Anĝeleso|Losandzelosa|Losandželosa|Lo̍k-chhám-kî|Lungsod ng Los Angeles|Luos Andzels|Luos Andžels|Os Anxeles|Os Ánxeles|Pueblo De Los Angeles|Pueblo Los Angelos|el-ei|las aynjls|las encalas|las enjales|las enjalis|lasa ainjalasa|lasa enjalasa|lasa enjilasa|leas anceles|los-anjelesi|losa enjelasa|losa enjelisa|losa enjelsa|loseuaenjelleseu|loseuenjelleseu|ls anjls|luo shan ji|lws anjls|lws anjlws|lws anjlys|lws ʼngls|lxs xæ n ce lis|rosanzerusu|Λος Άντζελες|Лос Анджелес|Лос Анджелис|Лос Андьелес|Лос Анжелес|Лос Анђелес|Лос Анџелес|Лос Анҷелес|Лос Анӂелес|Лос-Анджелес|Лос-Анджэлес|Лос-Анжелес|Лос-Анжелес шаары|Лос-Анџелес|Լոս Անճելըս|Լոս Անջելես|לאס אנדזשעלעס|לוס אנגלס|لاس اینجلس|لس آنجلس|لس‌آنجلس|لوس آنجلس|لوس أنجلوس|لوس ئانجېلېس|لوس انجليس|لوس‌آنجلس|لۆس ئانجلەس|लस एञ्जिलस|लस एन्जलस|लास एंजलस|लॉस एंजेलिस|लॉस एंजेल्स|লস অ্যাঞ্জেলেস|ਲਾਸ ਐਂਜਲਸ|લોસ એન્જેલસ|லாஸ் ஏஞ்சலஸ்|లాస్ ఏంజలెస్|ಲಾಸ್ ಎಂಜಲೀಸ್|ലോസ് ആഞ്ചെലെസ്|ลอสแอนเจลิส|လော့စ်အိန်ဂျယ်လိစ်မြို့|ლოს-ანჯელესი|ሎስ አንጄሌስ|ロサンゼルス|洛杉矶|洛杉磯|로스앤젤레스|로스엔젤레스|엘에이
Los Banos,city,CA,37.05828,-120.84992,37457,Haltsooitah Haali|Haltsooítah Háálį́|Kreyenhagen's|LSN|Los Ban'os|Los Baños|Los-Ban'os|Los-Banos|las banws  kylyfwrnya|lasa benosa|loseubaenoseu|luo si ba nuo si|lws banws|lws banws  kalyfrnya|lwz banwz  kalyfwrnya|rosubanosu|Лос Банос|Лос Баньос|Лос-Банос|Лос-Баньос|לוס באנוס|لاس بانوس، کیلیفورنیا|لوز بانوز، کالیفورنیا|لوس بانوس|لوس بانوس، کالیفرنیا|लस बेनोस|ロスバノス|洛斯巴诺斯|로스배노스
Los Gatos,city,CA,37.22661,-121.97468,30705,Forbes Mill|Forbestown|Los-Gatos|lasa getosa|luo si jia tu si|lws gatws  kalyfrnya|lws ghatws|Лос Гатос|Лос-Гатос|لوس غاتوس|لوس گاتوس، کالیفرنیا|लस गेतोस|洛思加圖斯
Los Osos,city,CA,35.31109,-120.8324,14276,Baywood-Los Osos
Lynwood,city,CA,33.93029,-118.21146,71989,Linud|Linvud|lin wu de|lin-udeu|linavuda|lynwwd  kalyfrnya|lynwwwd|rin'uddo|Линвуд|Линуд|لينووود|لینوود، کالیفرنیا|لینووڈ، کیلیفورنیا|लीनवूड|リンウッド|林伍德|린우드
Madera,city,CA,36.96134,-120.06072,64208,MAE|Madero|ma de la|madra  kalyfrnya|madyra|Мадера|مادرا، کالیفرنیا|ماديرا|मादेरा|マデラ|马德拉
Magalia,city,CA,39.81211,-121.57831,11310,Butte Mills|Dog Town|Dogtown|Mill City|Mountain View
Malibu,city,CA,34.02577,-118.7804,12965,
Manhattan Beach,city,CA,33.88474,-118.41091,35818,Man'chatan Bits|Mangattan-Bich|Mangetten-Bich|Manhattan|Manheten Bycas|Manheten Byčas|Manhetenbica|Manhetenbīča|Mankhatun Bijch|Mankhehtten-Bich|Menhetten-Bic|Menhetten-Biç|Menkhetn Bich|Shore Acres|maenhaeteunbichi|man ha dun bi qi|man hattan bic|manhatan bytsh|manhattan bych|manhattan pic|manhattanbichi|menahatana bica|menahattana bica|mnhtn bych  kalyfrnya|mnhtn byz'|myanahatana bica|myanahyatana bica|myanhyatan bic|Μανχάταν Μπιτς|Мангаттан-Біч|Мангеттен-Бич|Манхатън Бийч|Манхэттен-Бич|Менхетн Бич|מנהטן ביץ'|مانحاتتان بیچ|مانهاتان بيتش|منهتن بیچ، کالیفرنیا|मॅनहटन बीच|मेनहट्टन बीच|म्यानह्याटन बीच|ম্যানহাটন বিচ|મેનહટન બીચ|மன்ஹாட்டன் பீச்|మాన్ హట్టన్ బీచ్|ಮ್ಯಾನ್ಹ್ಯಾಟನ್ ಬೀಚ್|മൻഹാട്ടൻ ബീച്ച്|මෑන්හැටන් බීච්|แมนฮัตตัน บีช|マンハッタンビーチ|曼哈頓比奇|曼哈顿比奇|맨해튼비치
Manteca,city,CA,37.79743,-121.21605,75448,Beesh Bil Dzigaii|Béésh Bił Dzígaii|Cowell|Cowell's Station|Mantika|man te ka|manteka|mantka  kalyfrnya|mantka  kalyfwrnya|mantyka|myanateka|Мантика|Мантіка|مانتيكا|مانتکا، کالیفرنیا|مانتکا، کالیفورنیا|مانٹیکا، کیلیفورنیا|म्यानटेका|マンテカ|曼特卡
Marina,city,CA,36.6844,-121.80217,21229,ma li na|maryna|maryna  kalyfrnya|maryna  kalyfwrnya|maryna  kylyfwrnya|Μαρίνα|Марина|مارينا|مارینا، کالیفرنیا|مارینا، کالیفورنیا|مارینا، کیلیفورنیا|मारिना|മാരിന|玛丽娜|瑪麗娜
Martinez,city,CA,38.01937,-122.13413,38137,Martines|Martínez|ma ding nei si|martineja|martynz|martynz  kalyfrnya|matinezu|Мартинес|Мартінес|مارتينز|مارتینز، کالیفرنیا|मार्टिनेज|マーティネズ|馬丁內斯|马丁内斯
Marysville,city,CA,39.14573,-121.59135,12216,Jubaville|MYV|Merisvil|New Mecklenberg|New Mecklenburg|ma li si wei er|marys wyl  kalyfrnya|marysfyly|mearizubiru|melijeubil|merijbhila|myryzwyl  kylyfwrnya|Мерисвил|ماريسفيلي|ماریس ویل، کالیفرنیا|میریزویل، کیلیفورنیا|मेरीज्भिल|メアリーズビル|马里斯维尔|메리즈빌
Maywood,city,CA,33.98668,-118.18535,27888,Mejud|Mejvud|maywwd  kalyfwrnya|maywwwd|mei wu de|meiuddo|meiudeu|mevuda|mywwd  kalyfrnya|myywwd|Мейвуд|Мейуд|Мејвуд|מייווד|مئیووڈ، کیلیفورنیا|مايووود|مایوود، کالیفورنیا|میوود، کالیفرنیا|मेवूड|മെയ്‍വുഡ്|メイウッド|梅伍德|메이우드
McFarland,city,CA,35.67801,-119.22927,13985,Hunt|Lone Pine|Makfarland|Makfarlehnd|Makfarlend|Mc Farland|mai ke fa lan|mikapharalyanda|mkfarland|mkfarland  kalyfwrnya|Ńdíshchííʼ Ííʼáhí|Макфарланд|Макфарленд|Макфарлэнд|مكفارلاند|مکفارلاند، کالیفورنیا|مک‌فارلند|میکفرلینڈ، کیلیفورنیا|मिकफारल्यान्ड|麦克法兰
Mead Valley,city,CA,33.83335,-117.29615,18510,Dildanii Bikooh|Díłdánii Bikooh|Mid Vali|Mid-Velli|mei de gu|myd wly|myd wly  kalyfwrnya|Мид Вали|Мид-Велли|Мід-Веллі|مید ولی|مید ولی، کالیفورنیا|梅德谷
Mendota,city,CA,36.75356,-120.38156,11430,Mehndota|Taʼneeskʼání|men duo ta|mndwta  kalyfrnya|mndwta  kalyfwrnya|mndwth|myndwta|Мендота|Мэндота|מנדוטה|مندوتا، کالیفرنیا|مندوتا، کالیفورنیا|ميندوتا|مینڈوٹا، کیلیفورنیا|मेन्दोता|മെൻഡോട്ട|メンドータ|門多塔|门多塔
Menifee,city,CA,33.72835,-117.14642,87174,Menifi|Munufij|mny fy  kalyfrnya|mynyfy|Менифи|Мънъфий|منی فی، کالیفرنیا|مينيفي|مینیفی
Menlo Park,city,CA,37.45383,-122.18219,33449,Mehnlo-Park|Menla-Park|Menlo-Park|men lo phar k|men luo pa ke|menalo parka|menlo parka|menlopakeu|mnlw park  kalyfrnya|mnlw park  kalyfwrnya|mynlw bark|mynlw park|mynlw park  kylyfwrnya|Μένλο Παρκ|Менла-Парк|Менло Парк|Менло-Парк|Мэнло-Парк|Մենլո պարկ|מנלו פארק|منلو پارک، کالیفرنیا|منلو پارک، کالیفورنیا|مينلو بارك|مينلو پارك|مینلو پارک، کیلیفورنیا|मेनलो पार्क|मेन्लो पार्क|মেনলো পার্ক|മെൻ‌ലോ പാർക്ക്|เมนโลพาร์ก|მენლო-პარკი|メンロー・パーク|门洛帕克|멘로파크
Merced,city,CA,37.30216,-120.48297,82436,MCE|Mersed|Mursed|marsida|masedo|mei xi de|meosedeu|mrsd  kalyfrnya|myrsyd|Мерсед|Мърсед|مرسد، کالیفرنیا|مرسڈ|ميرسيد|मर्सिड|マーセド|美熹德|머세드
Mill Valley,city,CA,37.90604,-122.54498,14394,Mil Vali|Mil Valis|Mil-Vali|Mill-Valli|Mill-Velli|mi er gu|mila bhyali|milbaelli|mirubare|ml faly|ml wyly|myl walyy  kalyfwrnya|myl wly  kalyfrnya|Мил Вали|Милл-Валли|Милл-Велли|Міл-Валі|Мілл-Валлі|מיל ואלי|مل فالى|مل فالي|مل ویلی|میل والئی، کالیفورنیا|میل ولی، کالیفرنیا|मिल भ्याली|മിൽ വാലി|ミルバレー|米尔谷|米爾谷|밀밸리
Millbrae,city,CA,37.59855,-122.38719,22795,Milbrej|mi er bu rui|milabre|milbeule|myl bry  kalyfrnya|mylbray|Милбрей|Милбреј|Мілбрей|ميلبراي|میل بری، کالیفرنیا|मिलब्रे|密尔布瑞|밀브레
Milpitas,city,CA,37.42827,-121.90662,77604,Milpito|Penitencia|mi er pi ta si|milpitaja|milpitasa|mirupitasu|mylbytas|mylpytas|Милпитас|Мілпітас|ميلبيتاس|میلپیتاس|मिल्पिटास|मिल्पिताज|ミルピタス|米尔皮塔斯
Jurupa Valley,city,CA,33.99251,-117.51644,21930,Majra Loma|Mira Loma|Mira-Loma|Stalder|Wineville|mi la luo ma|mira loma|myra lwma|Мајра Лома|Мира Лома|Мира-Лома|Міра-Лома|ميرا لوما|मिरा लोमा|マイラ・ローマ|米拉洛馬|米拉洛马
Mira Mesa,city,CA,32.9156,-117.14392,70000,
Mission District,city,CA,37.75993,-122.41914,47234,The Mission
Mission Viejo,city,CA,33.60002,-117.672,97156,Mishen-V'ekho|Mishn-Vekho|Mishon Vijekho|Mishun Viekho|mi shen wei ye huo|misana bhi'eyo|misshonbieho|misyeonbieho|mshn wyjw|myshn wyjw  kalyfrnya|mysywn fyjw|Мишен-Вьехо|Мишон Вијехо|Мишън Виехо|Мішн-Вєхо|مشن ویجو|ميسيون فيجو|میشن ویجو، کالیفرنیا|मिसन भिएयो|ミッションビエホ|米申维耶霍|미션비에호
Modesto,city,CA,37.6391,-120.99688,211266,MOD|Ralston|meodeseuto|mo de si tuo|modesuto|mwdstw|mwdstw  kalyfrnya|mwdystw|Модесто|מודסטו|مودستو، کالیفرنیا|موديستو|موڈیسٹو|मोदेस्तो|モデスト|莫德斯托|머데스토
Monrovia,city,CA,34.14806,-117.99895,37463,Manrovija|Monrovija|Monroviya|manarubhiya|manroviya|meng nuo wei ya|monarovhiya|monaroviya|monlobia|monrobhiya|monrovi'a|monroviya|monrovuia|mwnrwbyh|mwnrwfya|mwnrwwya|mwnrwwya  kalyfwrnya|mwnrwya  kalyfrnya|mxn ro weiy|Μονροβία|Манровія|Монровия|Монровија|Монровія|Մոնրովիա|מונרוביה|مونروفيا|مونروویا|مونروویا، کالیفورنیا|مونرویا، کالیفرنیا|मोनरोव्हिया|मोन्रोभिया|मोन्रोविया|মনরুভিয়া|મોનરોવિયા|மொன்றொவிஆ|మోన్రోవియా|ಮನ್ರೋವಿಯಾ|මොන්රෝවියා|มอนโรเวีย|モンロヴィア|蒙諾維亞|蒙诺维亚|몬로비아
Montclair,city,CA,34.07751,-117.68978,38690,Monte Vista|Montkler|meng te ke lai er|montaklera|monteukeulleeo|montokurea|mwnt klyr  kalyfrnya|mwntklyr|Монтклер|مونت کلیر، کالیفرنیا|مونتكلير|मोन्टक्लेर|モントクレア|蒙特克莱尔|몬트클레어
Montebello,city,CA,34.00946,-118.10535,63921,Montebelo|Newmark|meng ti bei luo|montebelo|montebero|mwntybylw|mwnt‌blw  kalyfrnya|Монтебелло|Монтебело|Մոնթեբելլո|مونتيبيلو|مونت‌بلو، کالیفرنیا|मोन्तेबेलो|モンテベロ|蒙提贝罗|몬테벨로
Monterey,city,CA,36.60024,-121.89468,28338,MRY|Mantehrehj|Montehrehj|Monterei|Monterej|Montereja|Monterejus|Monterrey|Monterėjus|mamtere|mantare|mantere|manteri|manterre|meng te lei|monteolei|montere|monteri|montore|mwntryy|mwntyry|mwntyryy|mxn the xrrey|Μοντερέι|Мантэрэй|Монтерей|Монтереј|Монтэрэй|Մոնտերեյ|מונטריי|مونته‌ری|مونته‌ری، کالیفورنیا|مونتيرى|مونتيري|مونتیریی|माँटेरे|मॉन्टेरी|मोन्तेरे|মন্টেরে|મોન્ટેરી|மான்டெர்ரே|మాన్టరే|ಮಾಂಟೆರಿ|මොන්ටරේ|มอนเทอร์เรย์|モントレー|蒙特雷|몬터레이
Monterey Park,city,CA,34.06251,-118.12285,61468,Monterej Park|Ramona Acres|meng te li gong yuan|montere parka|mwnth ry park  kalyfrnya|mwntyry bark|Монтерей Парк|Монтереј Парк|مونته ری پارک، کالیفرنیا|مونتيري بارك|मोन्तेरे पार्क|蒙特利公园
Moorpark,city,CA,34.28556,-118.88204,36104,Kʼostsʼózíyaa Hayázhí|Morpark|Murpark|Star of the Valley|mu er pa ke|muapaku|muraparka|mwrbark|mwrpark  kalyfrnya|mwrpark  kalyfwrnya|mwrpark  kylyfwrnya|mwwrbark|Морпарк|Мурпарк|موربارك|مورپارک، کالیفرنیا|مورپارک، کالیفورنیا|مورپارک، کیلیفورنیا|مووربارك|मूरपार्क|ムーアパーク|穆尔帕克|穆爾帕克
Moraga,city,CA,37.83493,-122.12969,17256,Moraga Town|Rheem|Rheem Valley|mo la jia|morryaga|mwraga  kalyfrnya|mwragha|Морага|موراغا|موراگا، کالیفرنیا|मोर्र्यागा|モラガ|莫拉加
Moreno Valley,city,CA,33.93752,-117.23059,204198,Marehna-Vali|Moreno Valei|Moreno Vali|Moreno Valli|Moreno slenis|Moreno slėnis|Moreno-Valli|Morenovaleja|Teeh Hodilhil|Tééh Hodiłhił|mareno bhyali|mo lei nuo gu|mo re no wal ley|molenobaelli|morano bhyali|moreno vaili|moreno vali|moreno veli|moreno vheli|moreno vyali|morenobare|mwrnw wly  kalyfrnya|mwrnw wly  kalyfwrnya|mwrynw faly|mwrynw wyly|mwrynw wyly  kylyfwrnya|Μορένο Βάλεϊ|Марэна-Валі|Морено Вали|Морено-Валли|Морено-Валлі|מורנו ואלי|مورنو ولی، کالیفرنیا|مورنو ولی، کالیفورنیا|مورينو فالى|مورينو فالي|مورینو ویلی|مورینو ویلی، کیلیفورنیا|मोरनो भ्याली|मोरेनो वैली|मोरेनो व्हॅली|মরেনো ভ্যালি|મોરેનો વેલી|மோரெனோ வாலி|మొరెనో వ్యాలీ|ಮೊರೆನೊ ವ್ಯಾಲಿ|මොරේනෝ වැලි|โมเรโน วัลเลย์|モレノバレー|莫雷諾谷|莫雷诺谷|모레노밸리
Morgan Hill,city,CA,37.1305,-121.65439,42948,Morgan Khil|Morgan-Gill|Morganhila|Morganhill|mo gan shan shi|mo gen shan qiu|moganhiru|morgana hila|mwrgan hyl  kalyfrnya|mwrghan hyl|mwrjan hyl|mwrqan hyl  kalyfwrnya|Морган Хил|Морган-Гилл|Морган-Гілл|مورجان هيل|مورغان هيل|مورقان هیل، کالیفورنیا|مورگان هیل، کالیفرنیا|مورگن ہل، کیلیفورنیا|मोर्गन हिल|മോർഗൻ ഹിൽ|モーガンヒル|摩根山丘|莫干山市|莫幹山市
Morro Bay,city,CA,35.36581,-120.8499,10639,El Morro Bay|Mono Bay|Moro Bay|Moro Bej|Morou Bej|Morro|Morro Beach|Morrofloi|Morroflói|mo luo bei|molobei|morro be|mwrrw bay  san lwys awbysbw  kalyfwrnya|mwrw by  kalyfrnya|Моро Беј|Мороу Бей|موررو باي، سان لويس أوبيسبو، كاليفورنيا|مورو بی، کالیفرنیا|मोर्रो बे|莫罗贝|모로베이
Mountain View,city,CA,37.38605,-122.08385,80435,Mauntin Vju|Mauntin Vyu|Mauntin-V'ju|Mauntin-Vju|Mountainview|NUQ|Prospectus Montis|ma'untana vhyu|ma'unte'ina bhi'u|ma'untena bhyu|ma'untena vyu|mang ting wei you|mantyn wyw|mauntenbyu|mauntinbyu|mavuntan viyu|mawntn fyw|mea n the nwiw|shan jing cheng|Маунтин Вю|Маунтин Вју|Маунтин-Вью|Маунтін-Вю|מאונטיין ויו|مانتین ویو|ماونتن فيو|माउंटन व्ह्यू|माउंटेन व्यू|माउन्टेन भ्यु|माउन्टेन भ्यू|মাউন্টেইন ভিউ|மவுண்டன் வியூ|เมาน์เทนวิว|マウンテンビュー|山景城|芒廷维尤|마운틴뷰
Murrieta,city,CA,33.55391,-117.21392,109830,Mjurijeta|Murieta|Murietta|Murrietta|RBK|marieta|mu lie ta|muri'eta|mwrryta  ryfyrsydy  kalyfwrnya|mwryta  kalyfrnya|Муриета|Мјуријета|مورريتا، ريفيرسيدي، كاليفورنيا|موریتا، کالیفرنیا|موریٹا|मुरिएटा|マリエータ|穆列塔
Muscoy,city,CA,34.15418,-117.34421,10644,Maskoj|ma si ke yi|masko'i|maskwy|maskwy  kalyfwrnya|mwskwy|sanbanadino|Маской|ماسکوی|ماسکوی، کالیفورنیا|موسكوي|मस्कोइ|サンバーナーディーノ|馬斯科伊
Napa,city,CA,38.29714,-122.28553,80434,APC|Napa City|Nappa|na pa|naba|napa  kalyfrnya|napa  kyly fwrnya|Напа|نابا|ناپا|ناپا، کالیفرنیا|ناپا، کیلی فورنیا|नापा|แนปา|ナパ|纳帕|나파
National City,city,CA,32.67811,-117.0992,61060,Lungsod ng National|Nacia Urbo|Nashenal-Siti|Nashonal Siti|Nasional Sity|National Ranch|Nejshenal-Siti|Neshunul Siti|Rancho de la Nacion *|Tolikan Nilini|Tółikan Nílíní|n'yasanala siti|na xiong nai er cheng|naesyeoneolsiti|nashnal syty|nashonarushiti|nashywnal syty|nshnal syty  kalyfrnya|nsywnl syty|Νάσιοναλ Σίτυ|Нашенал-Сити|Нашонал Сити|Нейшенал-Сити|Нейшенал-Сіті|Нешънъл Сити|נשיונל סיטי|ناشنال سيتى|ناشيونال سيتي|نشنال سیتی، کالیفرنیا|نیشنل سٹی، کیلیفورنیا|न्यासनल सिटी|നാഷണൽ സിറ്റി|ナショナルシティ|纳雄耐尔城|내셔널시티
Newark,city,CA,37.52966,-122.04024,45336,N'juark|Njuark|n'yu'arka|niu hua ke|nyuaku|nyueokeu|nywark|nywark  kalyfrnya|nywark  kalyfwrnya|nywark  kylyfwrnya|Њуарк|Ньюарк|Нюарк|ניוארק שבקליפורניה|نيوارك|نیوآرک، کیلیفورنیا|نیوارک، کالیفرنیا|نیوارک، کالیفورنیا|न्युआर्क|ニューアーク|紐華克|纽华克|뉴어크
Newman,city,CA,37.31383,-121.02076,10899,N'juman|N'jumen|Njuman|Njumun|Tʼiis Daalkizhí Nástłʼah|n'yumyana|niu man|nywman|nywman  kalyfwrnya|nywmn  kalyfrnya|nywmyn  kylyfwrnya|Њуман|Ньюман|Ньюмен|Нюмън|نيومان|نیومان، کالیفورنیا|نیومن، کالیفرنیا|نیومین، کیلیفورنیا|न्युम्यान|纽曼
Newport Beach,city,CA,33.61891,-117.92895,87127,JNP
Nipomo,city,CA,35.04275,-120.476,16714,Nimpomo|Nipoma
Norco,city,CA,33.93113,-117.54866,26289,Norko|narko|nuo ke|nwrkw|nwrkw  kalyfrnya|Норко|نوركو|نورکو، کالیفرنیا|नर्को|诺科
North Auburn,city,CA,38.93129,-121.08189,13022,Nort Obern|Nort-Obern|bei ao ben|nartha abarna|nwrth abwrn|nwrth abwrn  kalyfwrnya|nwrth awbrn|Норт Оберн|Норт-Оберн|نورث آبورن|نورث آبورن، کالیفورنیا|نورث أوبرن|نورث اوبرن|नर्थ अबर्न|北奧本
North Fair Oaks,city,CA,37.47438,-122.19663,14687,
North Highlands,city,CA,38.68574,-121.37217,42694,Nort Khajlands|nartha ha'ilyandsa|Норт Хајландс|नर्थ हाइल्यांड्स
North Hollywood,city,CA,34.17223,-118.37897,64587,Lankershim|Severnyj Gollivud|Toluca|noseuhalliudeu|Северный Голливуд|نورث هالیوود، لس‌آنجلس|노스할리우드
Northridge,city,CA,34.22834,-118.53675,68469,Zelzah|northarija|نورثریج، لس‌آنجلس|नॉर्थरिज
Norwalk,city,CA,33.90224,-118.08173,107140,Corvallis|Naruolk|Norgouok|Noruok|Noruolk|Norvok|Norvolk|Norvolka|Norvolkas|nara'oyaka|naravaka|narvak|noravoka|norvak|norvelk|nouoku|nowokeu|nuo wo ke|nwrwak  kalyfrnya|nwrwak  kylyfwrnya|nwrwalk|nwrwalk  kalyfwrnya|nwrwwq|nxr wxlkh|Νόργουοκ|Наруолк|Норвок|Норволк|Норуок|Норуолк|נורווק|نوروالك|نوروالک|نوروالک، کالیفورنیا|نورواک، کالیفرنیا|نورواک، کیلیفورنیا|नरवाक|नॉरवॉक|नोरवॉक|নরওয়াক|નોરવૉક|நோர்வேல்க்|నోర్వాక్|ನಾರ್ವಾಕ್|නොර්වොක්|นอร์วอล์ค|ノーウォーク|諾沃克|诺沃克|노워크
Novato,city,CA,38.10742,-122.5697,55530,NOT|Navata|neavarrea|nobato|nobhato|nuo wa tuo|nwfatw|nwvatw|nwwatw  kalyfrnya|nwwatw  kalyfwrnya|Навата|Новато|Նովատո|נובאטו|نوفاتو|نوواتو، کالیفرنیا|نوواتو، کالیفورنیا|نوواٹو، کیلیفورنیا|نوڤاتو|नोभातो|നൊവാറ്റോ|ノバト|诺瓦托
Oak Park,city,CA,34.17917,-118.76287,13811,Chéchʼil Bił Hazʼání|Ouk Park|Ouk-Park|ao ke gong yuan|awk park|awk park  kalyfwrnya|awk park  kylyfwrnya|oka parka|Оук Парк|Оук-Парк|אוק פארק|اوک پارک|اوک پارک، کالیفورنیا|اوک پارک، کیلیفورنیا|ओक पार्क|オーク・パーク|奧克公園
Oakdale,city,CA,37.76659,-120.84715,22259,Chéchʼil Bił Dzígaii|Longworth|ODC|Oukdejl|ao ke dai er|awakdaly|awakdyyl  kalyfwrnya|awk dyl  kalyfrnya|okadela|Оукдейл|Оукдејл|أواكدالي|اواكدالى|اواکدئیل، کالیفورنیا|اوک دیل، کالیفرنیا|اوکڈیل، کیلیفورنیا|ओकडेल|ഓക്ഡേൽ|奥克戴尔|奧克戴爾
Oakland,city,CA,37.80437,-122.2708,419267,OAK|Oakland i California|Okland|Oklandas|Oklend|Oklenda|Oouklant|Oukland|Ouklend|Quercupolis|ao ke lan|awkland|awklnd|okalanda|okalyanda|okeullaendeu|oklant|okurando|Όουκλαντ|Окланд|Окленд|Оукланд|Оукленд|Օքլենդ|אוקלנד|אקלאנד|أوكلاند|اوکلند|اوکلینڈ|اوکلینڈ، کیلیفورنیا|ओकलंड|ओकल्याण्ड|ओकल्यान्ड|ওকল্যান্ড|ஓக்லண்ட்|ოკლენდი|オークランド|奥克兰|奧克蘭|오클랜드
Oakley,city,CA,37.99742,-121.71245,39813,Okli|Oukli|ao ke li|awakly|awaklyy  kalyfwrnya|awkly  kalyfrnya|okali|okure|Окли|Оклі|Оукли|أواكلي|اواكلى|اواکلئی، کالیفورنیا|اوکلی، کالیفرنیا|اوکلے، کیلیفورنیا|ओकली|オークレー|奥克利|奧克利
Oceanside,city,CA,33.19587,-117.37948,175691,OCN|Ocean Side|Oushansajd|Oushensajd|Oushunsajd|awshn sayd  kalyfrnya|awsyansydy|osanasa'ida|oshansaido|osyeonsaideu|ou shen sai de|Оушансајд|Оушенсайд|Оушънсайд|אושנסייד|أوسيانسيدي|اوشن ساید، کالیفرنیا|اوشینسائڈ|ओसनसाइड|オーシャンサイド|歐申賽德|오션사이드
Oildale,city,CA,35.41968,-119.01955,32684,Akʼah Bitééh|North Side|Ojldejl|Waits|ao er dai er|awyldal|awyldyl|awyldyl  kalyfwrnya|o'iladela|Ойлдейл|Ојлдејл|أويلدال|اویلدیل|اویلدیل، کالیفورنیا|ओइलडेल|奧爾代爾
Olivehurst,city,CA,39.09545,-121.55219,13656,Olivkherst|olibhaharsta|Оливхерст|ओलिभहर्स्ट
Ontario,city,CA,34.06334,-117.65089,171214,ONT|Ontehrio|an da e|antaryw  kalyfrnya|awntaryw|ontalio|ontariyo|Онтарио|Онтаріо|Онтэрио|أونتاريو|انتاریو، کالیفرنیا|اونٹاریو،کیلیفورنیا|ओन्टारियो|オンタリオ|安大略|온타리오
Orange,city,CA,33.78779,-117.85311,140992,JOR|Orandzh|Orange (Kalifornien)|Orindz|Orindzh|Richland|arenja|awranj|awrnj  kalyfrnya|awrynj|chen shi|olenji|orenji|Орандж|Ориндж|Оринџ|أورانج|اورنج، کالیفرنیا|اورینج|अरेन्ज|オレンジ|橙市|오렌지
Orangevale,city,CA,38.67851,-121.22578,33960,Orange Vale|Orange Vale Colony|The Vale
Orcutt,city,CA,34.86526,-120.436,28905,
Orinda,city,CA,37.87715,-122.17969,19279,Arynda|Orinda Park|ao lin da|awrynda|awrynda  kalyfrnya|awrynda  kalyfwrnya|olinda|Арында|Оринда|Օրինդա|אורינדה|أوريندا|اورنڈا، کیلیفورنیا|اوريندا|اوریندا، کالیفرنیا|اوریندا، کالیفورنیا|ओरिन्डा|ഒറിൻഡ|オリンダ|奥林达|奧林達|오린다
Oroville,city,CA,39.51394,-121.55776,16260,OVE|Ophir|Ophir City|Orovil|Orovil'|Orovill|ao luo wei er|awrwfyly|awrwwyl  kalyfrnya|orobhila|orobiru|Оровил|Оровилл|Оровіль|أوروفيلي|اوروویل، کالیفرنیا|ओरोभिल|オーロビル|奥罗维尔
Oxnard,city,CA,34.1975,-119.17705,207254,OXR|Oksnard|Oksnarda|Oksnardas|Oxnarnt|Taʼagháliiłání|aksanarda|aksarada|aksnard|aksnart|ao ke si na de|awks nard  kalyfrnya|awksnard|awksnard  kalyfwrnya|ogseunadeu|okasanarda|okkusunado|oknard|oksanarda|oksnarda|wznard|xxk s nard|Όξναρντ|Окснард|Օքսնարդ|אוקסנארד|أوكسنارد|اوكسنارد|اوکس نارد، کالیفرنیا|اوکسنارد، کالیفورنیا|اوکسنارڈ|وزنارد|अक्सनार्ड|ऑक्सनार्ड|ओकसनार्ड|অক্সারড|ઓક્સ્નાર્ડ|ஆக்ஸ்நார்ட்|ఓక్నార్డ్|ಆಕ್ಸ್ನಾರ್ಡ್|ഓക്സ്നാർഡ്|ඔක්ස්නර්ඩ්|ออกซ์นาร์ด|オックスナード|奥克斯纳德|奧克斯納德|옥스나드
Pacific Palisades,city,CA,34.04806,-118.52647,23121,peosipigpaelliseijeu|پسیفیک پلسیدس، لس‌آنجلس|퍼시픽팰리세이즈
Pacifica,city,CA,37.61383,-122.48692,39260,Edgemar|Fairway Park|Pacífica|Pasifika|Pedro Point|Pedro Valley|Punta De Las Almejas|Rockaway Beach|Sharp Park|Vallemar|basyfyka  san matyw  kalyfwrnya|pa xi fei ka|pasyfyka  kalyfrnya|pyasiphika|Пасифика|باسيفيكا، سان ماتيو، كاليفورنيا|پاسیفیکا، کالیفرنیا|प्यासिफिका|帕西菲卡
Pacific Grove,city,CA,36.61774,-121.91662,15674,Pasifik Grouv|Pasifik-Grouv|Pasifik-Grov|basyfyk ghrwf|basyfyk jrwf|pa xi fei ke ge luo fu|pasyfyk grww  kalyfrnya|psypyq grwb|pyasiphika grobha|pysyfk grww  kylyfwrnya|Пасифик Гроув|Пасифик-Гров|Пасифик-Гроув|Пасіфік-Гроув|Փիսաֆիք Գրոուվ|פסיפיק גרוב|باسيفيك جروف|باسيفيك غروف|پاسیفیک گروو، کالیفرنیا|پیسیفک گروو، کیلیفورنیا|प्यासिफिक ग्रोभ|パシフィック・グローブ|帕西菲克格罗夫
Palm Desert,city,CA,33.72255,-116.37697,51869,Atʼaʼ Yiltʼąąʼítah Kin|Old McDonald Ranch|Palm Dehzert|Palm Dezer|Palm Dezert|Palm Dezurt|Palm Ntezert|Palm Village|Palm-Dezert|Palma Dezerto|Sa mac Palm|Sa mạc Palm|Sand Hole|balm dysyrt|balm dyzrt|palm di seirth|palm dzrt  kalyfrnya|palm dzrt  kalyfwrnya|pam dasart|pam desart|pam tesert|pama dejarta|pama dejharta|pama disarta|pama marubhumi|pamdejeoteu|pamudezato|zong lu sha mo|Παλμ Ντέζερτ|Палм Дезерт|Палм Дезърт|Палм Дэзерт|Палм-Дезерт|פאלם דזרט|بالم ديزرت|بالم ديسيرت|پالم دزرت، کالیفرنیا|پالم دزرت، کالیفورنیا|پالم ڈیزرٹ|पाम डिसर्ट|पाम डेजर्ट|পাম মরুভুমি|પામ ડેઝર્ટ|பாம் டெஸெர்ட்|పామ్ డెసర్ట్|ಪಾಮ್ ಡಸರ್ಟ್|പാം ഡെസർട്ട്|පාම් කාන්තාරය|ปาล์มดีเซิร์ท|パームデザート|棕榈沙漠|棕櫚沙漠|팜데저트
Palm Springs,city,CA,33.8303,-116.54529,47371,Agua Caliente|Big Palm Spring|PSP|Palm City|Palm-Springs|Palm-Springz|Palmetto Spring|balm sbrynghs|palm aspryngz  kalyfrnya|palm spring s|pama springas|pamseupeulingseu|pamusupuringusu|zong lu quan|Палм Спрингс|Палм-Спрингс|Палм-Спрінгз|פאלם ספרינגס|بالم سبرينغس|پالم اسپرینگز، کالیفرنیا|पाम स्प्रिङ्गस्|ปาล์มสปริงส์|パームスプリングス|棕櫚泉|팜스프링스
Palmdale,city,CA,34.57943,-118.11646,158351,PMD|Palmdejl|balmdyl|palm dyl  kalyfrnya|pamadela|pamuderu|zong lu gu|Палмдейл|Палмдејл|פאלמדייל|بالمديل|پالم دیل، کالیفرنیا|پالم ڈیل|पामडेल|パームデール|棕櫚谷
Palo Alto,city,CA,37.44188,-122.14302,66853,PAO|Pala-Al'ta|Palo Al'to|Palo-Al'to|Palo-Alto|Paloalto|University Park|balw altw|pa luo ao duo|pa luo ao tu|paelloaelto|palo elto|palw altw  kalyfrnya|palwaltw|paroaruto|Πάλο Άλτο|Пала-Альта|Пало Алто|Пало Альто|Пало-Альто|פאלו אלטו|بالو ألتو|پالو آلتو، کالیفرنیا|پالوآلتو|पालो आल्टो|पालो एल्टो|パロアルト|帕羅奧圖|帕羅奧多|팰로앨토
Palos Verdes Estates,city,CA,33.80105,-118.39245,13682,Palos Verdes Peninsula
Paradise,city,CA,39.75961,-121.62192,26476,Leonards Mill|PYS|Paradajs|Paradajz|Paradice|Paraiso|Pari-O-Dice|Peradajz|Poverty Ridge|baradys|pa la di si|paeleodaiseu|paradais|paradaisu|paradys  kalyfwrnya|prdays  kalyfrnya|prdyyz|pyarada'ija|Парадайз|Парадайс|Парадајс|Перадайз|פרדייז|باراديس|پارادیس، کالیفورنیا|پردایس، کالیفرنیا|پيراڈائز، کیلیفورنیا|प्याराडाइज|പാരഡൈസ്|パラダイス|帕拉蒂斯|패러다이스
Paramount,city,CA,33.88946,-118.15979,55412,Hynes|Paramaunt|baramwwnt|pai la meng|paramwnt  kalyfrnya|pyarama'unta|Парамаунт|باراموونت|پارامونت، کالیفرنیا|پیراماؤنٹ، کیلیفورنیا|प्यारामाउन्ट|派拉蒙
Parkway,city,CA,38.49602,-121.45884,14670,Parkvej|pa ke wei|Парквей|Парквеј|پارک‌وی|پارک‌وی، کالیفورنیا|帕克韋
Parlier,city,CA,36.61162,-119.52707,15138,Parl'er|Parlir|Parliur|barlyr|pa li ye|parliyah|parlyr  kalyfrnya|parlyr  kalyfwrnya|parlyyr  kylyfwrnya|prlyyr|Парлир|Парлиър|Парльер|Парльєр|פרלייר|بارلير|پارلیئر، کیلیفورنیا|پارلیر، کالیفرنیا|پارلیر، کالیفورنیا|पार्लियः|പാർലിയെർ|帕利耶
Pasadena,city,CA,34.14778,-118.14452,142250,Indiana Colony|JPD|Pasadehna|Pasadina|Pasadīna|Pasantina|Pasedena|basadyna|pa sa di na|paeseodina|pasadyna  kalyfrnya|psdynh|Πασαντίνα|Пасадена|Пасадина|Пасадэна|Փասադենա|פסדינה|باسادينا|پاسادینا، کالیفرنیا|پاساڈینا|पासादेना|แพซาดีนา|パサデナ|帕萨迪纳|패서디나
Paso Robles,city,CA,35.62664,-120.691,27157,El Paso de Robles|PRB|Pasco Robles|Paso De Robles|basw rwblys|ela paso de robleja|paso roblesa|pasoroburesu|pasw rwblz  kalyfrnya|Пасо Роблес|باسو روبليس|پاسو روبلز، کالیفرنیا|एल पासो दे रोब्लेज|पासो रोब्लेस|パソロブレス
Patterson,city,CA,37.4716,-121.12966,21498,Dzidzetsoh Yazhi|Dzidzétsoh Yázhí|Paterson|Patersun|batyrswn|pa te sen|patason|patrswn  kalyfrnya|patrzwn  kalyfwrnya|ptrswn|pyatarasana|Патерсон|Патерсън|Паттерсон|פטרסון|باتيرسون|پاترزون، کالیفورنیا|پاترسون، کالیفرنیا|پیٹرسن، کیلیفورنیا|प्याटरसन|പാറ്റേർസൺ|パターソン|帕特森
Pedley,city,CA,33.97529,-117.47588,12672,Pedli|bydly|pdly|pdly  kalyfwrnya|pedli|pei de li|Педли|Педлі|بيدلى|بيدلي|پدلی|پدلی، کالیفورنیا|पेड्ली|佩德利
Perris,city,CA,33.78252,-117.22865,74971,Haltsooitah Beesh|Haltsooítah Béésh|Peris|Perys|byrrys|pei li si|peris|perisa|perisu|prys  kalyfrnya|prys  kalyfwrnya|pyrs  kylyfwrnya|Перис|Перрис|Перріс|Перыс|بيرريس|پریس، کالیفرنیا|پریس، کالیفورنیا|پیرس، کیلیفورنیا|पेरिस|പെരീസ്|ペリス|佩里斯
Petaluma,city,CA,38.23242,-122.63665,60438,Chickaluma|Petaloma|Petluma|bytalwma|pei ta lu ma|petaruma|ptalwma  kalyfrnya|Петалума|Петлума|بيتالوما|پتالوما، کالیفرنیا|पेतालुमा|ペタルーマ|佩塔卢马
Phelan,city,CA,34.42611,-117.57228,14304,
Pico Rivera,city,CA,33.98307,-118.09673,64218,Pico|Piko Rivera|Piko Rivjera|Piko-Rivera|Pikorivera|Riko-Riv'era|Rivera|bykw ryfyra|phi kho ri we xra|pi ke li wei la|piko libiela|piko ribhera|piko rivera|pikoribera|pykw rywra  kalyfrnya|pykw rywra  kalyfwrnya|pykw rywyra|Πίκο Ριβέρα|Пико Ривера|Пико-Ривера|Ріко-Рів'єра|Պիկո Ռիվերա|بيكو ريفيرا|پیکو ریورا، کالیفرنیا|پیکو ریورا، کالیفورنیا|پیکو ریویرا|पिको रिभेरा|पिको रिवेरा|पीको रिवेरा|পিকো রিভেরা|પીકો રિવેરા|பிகோ ரிவேரா|పికో రివెరా|ಪಿಕೊ ರಿವೆರ|පිකෝ රිවෙරා|พิโค ริเวอรา|ピコリベラ|皮科里韋拉|皮科里韦拉|피코 리비에라
Piedmont,city,CA,37.82437,-122.23163,11376,P'emont|Pidmont|Piemont|Pyemont|bi meng|bydmwnt|pa'idamonta|pi meng te|pideumonteu|pidmeant|pidomonto|pydmwnt|pydmwnt  kalyfrnya|pydmwnt  kalyfwrnya|П'ємонт|Пидмонт|Пиемонт|Пьемонт|Պիեմոնտ|פידמונט|بيدمونت|پیدمونت، کالیفرنیا|پیدمونت، کالیفورنیا|پیڈمونٹ، کیلیفورنیا|पाइडमोन्ट|പീഡ്മോണ്ട്|ピードモント|畢蒙|皮蒙特|피드몬트
Pinole,city,CA,38.00437,-122.29886,19269,El Pinole|Il Pinole|Penole|Pinol|Pinoli|bynwly|pi nuo er|pinola|pinoru|pnwl  kylyfwrnya|pynwl  kalyfrnya|pynwl  kalyfwrnya|Пинол|Пиноли|Пінол|بينولى|بينولي|پنول، کیلیفورنیا|پینول، کالیفرنیا|پینول، کالیفورنیا|पिनोल|ピノール|皮諾爾|皮诺尔
Pittsburg,city,CA,38.02798,-121.88468,69424,Black Diamond|City of New York of the Pacific|New York of the Pacific|Pitsbrg|Pitsburg|Pitsburgo|Pittsburgh|bytsbwrgh|bytsbwrj|pi ci bao|pi zi bao|picheubeogeu|pitsabarga|pittsubagu|pytsbwrg|pytsbwrq  kalyfwrnya|pytz brg  kalyfrnya|Питсбург|Питсбърг|Питтсбург|Піттсбург|פיטסבורג|بيتسبورج|بيتسبورغ|پٹسبرگ، کیلیفورنیا|پیتز برگ، کالیفرنیا|پیتسبورق، کالیفورنیا|पिट्सबर्ग|ピッツバーグ|匹兹堡|匹茲堡|피츠버그
Placentia,city,CA,33.87224,-117.87034,52495,Plasensha|Plasentija|blasyntya|peullasentia|plasntya  kalyfrnya|plesensiya|pu la sen|Пласентия|Пласенша|بلاسينتيا|پلاسنتیا، کالیفرنیا|प्लेसेन्सिया|普拉森|플라센티아
Placerville,city,CA,38.72963,-120.79855,10650,Dry Diggings|Dry Diggins|Hangtown|Old Dry Diggings|Old Dry Diggins|PVF|Plaservil|Plejsurvil|blysrfyl|plesarabhila|plysrwyl  kalyfrnya|pu lai se wei er|purasabiru|Пласервил|Плейсървил|بليسرفيل|پلیسرویل، کالیفرنیا|प्लेसरभिल|プラサービル|普莱瑟维尔
Pleasant Hill,city,CA,37.94798,-122.0608,34810,Plezant Khil|Plezant-Gill|blysant hyl|plijenta hila|plyznt hyl  kalyfrnya|pu lai sen te xi er|purezantohiru|Плезант Хил|Плезант-Гилл|Плезант-Гілл|بليسانت هيل|پلیزنت هیل، کالیفرنیا|پلیزینٹ ہل، کیلیفورنیا|प्लिजेन्ट हिल|プレザントヒル|普莱森特希尔|普萊森特希爾
Pleasanton,city,CA,37.66243,-121.87468,79510,Alisal|JBS|Pleasonton|Plezantn|Plezanton|blysantwn|peullejeonteon|plijentatana|plyzantwn  kalyfrnya|pu lai sen dun|Плезантон|Плезантън|بليسانتون|پلیزانتون، کالیفرنیا|प्लिजेन्टटन|普莱森顿|플레전턴
Pomona,city,CA,34.05529,-117.75228,153266,Pamona|Pomon|bo mo na|bwmwna|pamona|peameana|po mo na|pwmwna|pwmwna  kalyfrnya|pwmwna  kalyfwrnya|pwmwna  kylyfwrnya|pwmwnh|Πομόνα|Памона|Помона|Պոմոնա|פומונה|بومونا|پومونا|پومونا، کالیفرنیا|پومونا، کالیفورنیا|پومونا، کیلیفورنیا|पोमोना|পমোনা|પમૉના|பொமோனா|పొమోనా|ಪೊಮೊನಾ|പൊമോന|පොමෝනා|โปโมนา|ポモナ|波莫納|波莫纳|포모나
Port Hueneme,city,CA,34.14778,-119.19511,22423,Hueneme|NTD|Port Uinijmi|Port Vajnimi|Port-Vajnimi|Wynema|bwrt hwynymy|huai ni mi gang|porta hyu'enema|pwrt hwnym  kalyfrnya|Порт Вајними|Порт Уинийми|Порт-Вайнімі|بورت هوينيمي|پورت هونیم، کالیفرنیا|पोर्ट ह्युएनेम|怀尼米港
Porterville,city,CA,36.06523,-119.01677,56058,PTV|Porter's Station|Porter's Village|Porter'sville|Porters Trading Post|Portersville|Portervil|Porturvil|Putnamville|bo te wei er|bwrtyrfyl|portarabhila|potabiru|pwrtrwyl  kalyfrnya|Портервил|Портървил|بورتيرفيل|پورترویل، کالیفرنیا|पोर्टरभिल|ポータービル|波特维尔
Poway,city,CA,32.96282,-117.03586,50157,Alhibidiikoohi|Ałhibidiikoohí|Pauej|Pawai|Pogouei|Pouehj|Povej|Poveja|Povejus|Povėjus|baway|bo wei|pauei|pawei|phowey|po'oye|povay|pove|pwway|pwwy  kalyfrnya|pwwy  kalyfwrnya|Πόγουεϊ|Пауей|Пауеј|Повей|Поуэй|פאוויי|باواى|باواي|پووای|پووی، کالیفرنیا|پووی، کالیفورنیا|पोवे|পোওয়ে|પોવે|போவாய்|పోవే|ಪೋವೆ|පොවේ|โพเวย์|パウエイ|波韋|波韦|파웨이
Prunedale,city,CA,36.77579,-121.66967,17560,
Quartz Hill,city,CA,34.64526,-118.21813,10912,Kvarc-Gill|Kvorts Khil|kvartja hila|kwartz hyl|kwartz hyl  kalyfwrnya|shi ying shan|Кварц-Гилл|Кварц-Гілл|Квортс Хил|كوارتز هيل|کوارتز هیل|کوارتز هیل، کالیفورنیا|क्वार्ट्ज हिल|石英山
Ramona,city,CA,33.04171,-116.86808,20292,Nuevo|Valley of the Sun|la meng na|la mo na|lamona|ramwna|ramwna  kalyfwrnya|Рамона|رامونا|رامونا، کالیفورنیا|रमोना|ラモーナ|拉摩納|拉蒙納|拉蒙纳|라모나
Rancho Cordova,city,CA,38.58907,-121.30273,71017,Chʼil Naʼatłʼoʼii Bibąąh|Rancho Kordova|Rancho-Kordova|Ranco Kordova|Rančo Kordova|lan qiao ke er duo wa|ranchw kwrdwwa  kalyfrnya|rantshw kwrdwfa|rryanco kordobha|Ранчо Кордова|Ранчо-Кордова|رانتشو كوردوفا|رانچو کوردووا، کالیفرنیا|ریںچو کورڈووا، کیلیفورنیا|र्र्यान्चो कोर्दोभा|റാഞ്ചോ കൊർഡോവ|ランチョ・コードヴァ|兰乔科尔多瓦|蘭喬科爾多瓦
Rancho Cucamonga,city,CA,34.1064,-117.59311,175236,Cucamonga|North Cucamonga|Nuestra Senora del Pilar de Cucamonga|Rancho Kukamanga|Rancho Kukamonga|Rancho-Kukamonga|ku ka meng ge mu chang|laenchokukamong-ga|ranchokukamonga|ranchw kwkamwnga  kalyfrnya|rantshw kwkamwngha|rryanco kukamonga|Ранчо Кукаманга|Ранчо Кукамонга|Ранчо-Кукамонга|Ранчо-Кукамонґа|رانتشو كوكامونغا|رانچو کوکامونگا، کالیفرنیا|رانچھو کیوکامونگا|र्र्यान्चो कुकामोंगा|ランチョクカモンガ|庫卡蒙格牧場|랜초쿠카몽가
Rancho Mirage,city,CA,33.73974,-116.41279,18083,Rancho Mirazh|laenchomilaji|lan qiao mi la|ranchw mayraj  kalyfrnya|rantshw myraj|rryanco miraja|Ранчо Мираж|رانتشو ميراج|رانچو مایراج، کالیفرنیا|र्र्यान्चो मिराज|兰乔米拉|랜초미라지
Rancho Palos Verdes,city,CA,33.74446,-118.38702,42732,ranchw palws wrds  kalyfrnya|rantshw balws fyrdys|rryanco palosa bhardeja|Ранчо Палос Вердес|رانتشو بالوس فيرديس|رانچو پالوس وردس، کالیفرنیا|र्र्यान्चो पालोस भर्डेज
Rancho Penasquitos,city,CA,32.95949,-117.11531,60000,
Rancho San Diego,city,CA,32.74727,-116.9353,21208,
Rancho Santa Margarita,city,CA,33.64086,-117.6031,49324,Rancho-Santa-Margarita|lan qiao sheng ma ge li ta|ranchosantamarugarita|ranchw santa margaryta  kalyfrnya|rantshw santa margharyta|rantshw santa marjaryta|rryanco syanta margarita|Ранчо Санта Маргарита|Ранчо-Санта-Маргарита|ראנצ'ו סנטה מרגריטה|رانتشو سانتا مارجاريتا|رانتشو سانتا مارغاريتا|رانچو سانتا مارگاریتا، کالیفرنیا|ریںچو سانتا مارگریٹا، کیلیفورنیا|र्र्यान्चो स्यान्टा मार्गारिता|റാഞ്ചോ സാന്താ മാർഗരിറ്റ|ランチョサンタマルガリータ|兰乔圣玛格丽塔
Redlands,city,CA,34.05557,-117.18254,71035,Halchiitah|Halchíítah|Lugonia|Redlandsa|Redlandsas|Redlends|Redlunds|Rehdlends|Rentlants|ledeullaenjeu|lei de lan ci|lei de lan zi|rdlandz  kalyfwrnya|rdlnds|rdlndz  kalyfrnya|red lands|redalaindsa|redalandsa|redalendsa|redalyandasa|redalyandsa|reddoranzu|redlyands|retlants|rydlands|Ρέντλαντς|Редландс|Редлендс|Редлъндс|Рэдлендс|Ռեդլենդս|רדלנדס|ردلاندز، کالیفورنیا|ردلندز، کالیفرنیا|ريدلاندس|ریدلاندس|रेडलंड्स|रेडलैंड्स|रेडल्यान्ड्स|রেডল্যান্ডস|રેડલેન્ડ્સ|ரேட்லண்ட்ஸ்|రెడ్ లాండ్స్|ರೆಡ್ಲ್ಯಾಂಡ್ಸ್|රෙඩ්ලන්ඩ්ස්|เรดแลนด์|レッドランズ|雷德兰兹|雷德蘭茲|레들랜즈
Redondo Beach,city,CA,33.84918,-118.38841,68166,Redondo Bich|Redondo Bijch|Redondo-Bich|lei dong duo hai tan|lidondobichi|rdwndw bych  kalyfrnya|redondo bica|redondobichi|rydwndw bytsh|Редондо Бийч|Редондо Бич|Редондо-Бич|Редондо-Біч|ردوندو بیچ، کالیفرنیا|ريدوندو بيتش|ریڈونڈو بیچ، کیلیفورنیا|रेडोन्डो बीच|レドンドビーチ|雷东多海滩|리돈도비치
Redwood City,city,CA,37.48522,-122.23635,85288,Lungsod ng Redwood|Menzesville|Mezesville|Red Woods City|Redud Siti|Redvud Siti|Redvud-Siti|Redwood|Redwood Lakanbalen|hong mu cheng|ledeuudeusiti|rdwwd syty  kalyfrnya|redavuda siti|reddouddoshiti|rydwwd|Редвуд Сити|Редвуд-Сити|Редвуд-Сіті|Редуд Сити|ردوود سیتی، کالیفرنیا|ريدوود|ریڈووڈ شہر، کیلیفورنیا|रेडवूड सिटी|レッドウッドシティ|紅木城|레드우드시티
Redwood Shores,city,CA,37.53188,-122.24802,10500,
Reedley,city,CA,36.59634,-119.4504,25569,Ridli|Rijdli|Tábąąh Neestʼą́|li de li|ridali|ridori|rydly|rydly  kalyfrnya|rydlyy  kalyfwrnya|Ридли|Рийдли|Рідлі|ريدلى|ريدلي|ریدلئی، کالیفورنیا|ریدلی، کالیفرنیا|ریڈلی، کیلیفورنیا|रीडली|リードリー|里德利
Reseda,city,CA,34.20112,-118.53647,65000,Marion|رسیدا، لس‌آنجلس
Rialto,city,CA,34.1064,-117.37032,103132,Rial'to|Rijalto|li ya tuo|liaelto|ri xal to|riaruto|riyalto|ryaltw|ryaltw  kalyfrnya|Риалто|Риальто|Ријалто|ريالتو|ریالتو، کالیفرنیا|ریالٹو|रियाल्तो|รีอัลโต|リアルト|里亚托|리앨토
Richmond,city,CA,37.93576,-122.34775,109708,Richmund|Ricmond|Ricmonda|Ricmondas|Ritsmont|Riçmond|Ričmonda|Ričmondas|Rychmand|li qi meng|li shi man|lichimeondeu|lie zhi wen|ric mand|ricamanda|riccmant|richmxnd|ricmand|ricmant|ritchimondo|rychmwnd  kalyfrnya|rychmwnd  kalyfwrnya|rytshmwnd|ryz'mwnd|Ρίτσμοντ|Ричмонд|Ричмънд|Рычманд|Річмонд|Ռիչմոնդ|ריצ'מונד|ريتشموند|رچمنڈ، کیلیفورنیا|ریچموند، کالیفرنیا|ریچموند، کالیفورنیا|रिचमंड|রিচমন্ড|રિચમંડ|ரிச்மண்ட்|రిచ్ మన్డ్|ರಿಚ್ಮಂಡ್|റിച്ച്മണ്ട്|රිච්මන්ඩ්|ริชมอนด์|リッチモンド|列治文|里士满|里奇蒙|리치먼드
Ridgecrest,city,CA,35.62246,-117.6709,28780,Crumville|Ridzhkrest|Ridzkrest|Tséndeelkʼidí|li qi ke lai si te|lijikeuleseuteu|rijakresta|rijjikuresuto|rydg'qrst|rydjkryst|rydjkrzt  kalyfwrnya|ryjy krst  kalyfrnya|Риджкрест|Риџкрест|רידג'קרסט|ريدجكريست|ریج کرسٹ، کیلیفورنیا|ریجی کرست، کالیفرنیا|ریدجکرزت، کالیفورنیا|रिजक्रेस्ट|റിഡ്‍ജ്‍ക്രെസ്റ്റ്|リッジクレスト|里奇克莱斯特|里奇克萊斯特|리지크레스트
Rio Linda,city,CA,38.69101,-121.44857,15106,Dry Creek|Rio-Linda|Río Linda|li ao lin da|riyo linda|rywlynda|rywlynda  kalyfwrnya|Рио Линда|Рио-Линда|Ріо-Лінда|ريوليندا|ریولیندا|ریولیندا، کالیفورنیا|रियो लिन्डा|里奧琳達
Ripon,city,CA,37.74159,-121.12438,15151,Chéchʼiltó Nástłʼah|Ripun|Rypan|Stanislaus|Stanislaus City|li peng|raypn  kylyfwrnya|ripom|rybwn|rypwn  kalyfrnya|rypwn  kalyfwrnya|Рипон|Рипън|Рыпан|Ріпон|رائپن، کیلیفورنیا|ريبون|ریپون، کالیفرنیا|ریپون، کالیفورنیا|रिपों|里彭
Riverbank,city,CA,37.73604,-120.93549,24122,Burneyville|Rivurbank|Teelto Bibaah|Teełtó Bibąąh|li fu ban ke|ribharabyanka|ryfyrbank|rywr bank  kalyfrnya|rywrbank  kalyfwrnya|rywrbynk  kylyfwrnya|Ривербанк|Ривърбанк|Рівербанк|ريفيربانك|ریور بانک، کالیفرنیا|ریوربانک، کالیفورنیا|ریوربینک، کیلیفورنیا|रिभरब्याङ्क|റിവർബാങ്ക്|里弗班克
Riverside,city,CA,33.95335,-117.39616,317261,Jurupa|RAL|Riversaida|Riversaint|Riversajd|Riversayd|Rivursajd|li fu sai de|libeosaideu|ribasaido|ribharasa'ida|riversaidi|rybrsyyd|ryfrsayd|rywrsayd  kalyfrnya|Ριβερσάιντ|Риверсайд|Риверсајд|Ривърсайд|Ріверсайд|ריברסייד|رور سائڈ|ريفرسايد|ریورساید، کالیفرنیا|रिभरसाइड|რივერსაიდი|リバーサイド|里弗赛德|리버사이드
Rocklin,city,CA,38.79073,-121.23578,61213,Rocklissa|Roklin|luo ke lin|rakalina|raklyn  kalyfrnya|rwklyn|Роклин|راکلین، کالیفرنیا|روكلين|रकलिन|罗克林
Rohnert Park,city,CA,38.33964,-122.7011,42407,Ronert Park|Ronert-Park|Ronurt Park|luo nei te pa ke|ronarta parka|ronatopaku|rwhnyrt bark|rwnrt park  kalyfrnya|Ронерт Парк|Ронерт-Парк|Ронърт Парк|رونرت پارک، کالیفرنیا|روهنيرت بارك|روہنارٹ پارک، کیلیفورنیا|रोनर्ट पार्क|റോഹ്നെർട്ട് പാർക്ക്|ロナートパーク|罗内特帕克
Rosamond,city,CA,34.86414,-118.16341,18150,Rozamond|rojamanda|Розамонд|रोजामंड
Rosedale,city,CA,35.38357,-119.14538,14058,
Rosemead,city,CA,34.08057,-118.07285,54908,Rouzmid|Rouzmijd|rojamida|rou shi mi|rwsymyd|rzmyd  kalyfrnya|Роузмид|Роузмийд|رزمید، کالیفرنیا|روزمیڈ، کیلیفورنیا|روسيميد|रोजमीड|柔似蜜
Rosemont,city,CA,38.55185,-121.36467,22681,Rouzmont|Rozemont|luo si meng te|rojamonta|rzmwnt|rzmwnt  kalyfwrnya|Роземонт|Роузмонт|رزمونت|رزمونت، کالیفورنیا|रोजमोन्ट|羅斯蒙特
Roseville,city,CA,38.75212,-121.28801,130269,Griders|Roseville Junction|Rouzvil|Rouzvill|Rozvell|Rozvil|Rozvill|lojeubil|luo si wei er|rojabhila|rozuvuiru|rwzfyl|rwzwwyl|rwzwyl  kalyfwrnya|rwzwyl  kylyfwrnya|rzwyl  kalyfrnya|Розвелл|Розвилл|Розвіл|Роузвил|Роузвилл|רוזוויל|رزویل، کالیفرنیا|روزفيل|روزویل، کالیفورنیا|روزویل، کیلیفورنیا|روسولے|रोजभिल|റോസ്‍വില്ലെ|ローズヴィル|罗斯维尔|羅斯維爾|로즈빌
Rossmoor,city,CA,33.78557,-118.08506,10244,Leisure World|Rosmur|Rossmor|luo si mu er|rasamura|rwsmwr|rwsmwr  kalyfwrnya|Росмур|Россмор|روسمور|روسمور، کالیفورنیا|रसमूर|羅斯穆爾
Rowland Heights,city,CA,33.97612,-117.90534,48993,Rovland Khajts|luo lan gang|rolyanda ha'itsa|Ровланд Хајтс|रोल्यान्ड हाइट्स|罗兰岗
Rubidoux,city,CA,33.99613,-117.4056,34280,Rubidu|West Riverside|lu bi duo|rubidu|rwbydw  kalyfrnya|rwbydw  kalyfwrnya|rwbydwks|Рубиду|Рубіду|روبيدوكس|روبیدو، کالیفرنیا|روبیدو، کالیفورنیا|रुबिडू|魯比多
Sacramento,city,CA,38.58157,-121.4944,524943,Kakalameko|New Helvetia|SAC|Sacramento Stad|Sacramentum|Sakramenta|Sakramentas|Sakramento|Sakraments|Sakraminto|Sakraménto|cekramento|saekeulamento|saikaramainto|saikramento|sakramento|sakramntw|sakramntw  kalyfrnya|sakuramento|sekramento|sha jia mian du|sqrmntw|Σακραμέντο|Сакрамента|Сакраменто|Սակրամենտո|סאקראמענטא|סקרמנטו|ساكرامنتو|ساکرامنتو|ساکرامنتو، کالیفرنیا|ساکرامنٹو|سکرامنٹو، کیلی فورنیا|साक्रामेंटो|साक्रामेन्टो|सेक्रामेन्टो|सेक्रामेन्तो|सैक्रामेण्टो|সাক্রামেন্টো|ਸੈਕਰਾਮੈਂਟੋ|சேக்ரமெண்டோ|แซคราเมนโต|საკრამენტო|ሳክራመንቶ|サクラメント|沙加緬度|새크라멘토
Salida,city,CA,37.70576,-121.08494,13722,Chʼéʼétiin|Murphys Ferry|Salajda|Selajda|sa li da|salyda|salyda  kalyfwrnya|Салајда|Селайда|سالیدا|سالیدا، کالیفورنیا|सालिदा|薩利達
Salinas,city,CA,36.67774,-121.6555,157380,SNS|Salinae|sa li na si|salinasa|sallinaseu|salynas|salynas  kalyfrnya|sarinasu|Салинас|Салінас|ساليناس|سالیناس|سالیناس، کالیفرنیا|सालिनास|サリナス|萨利纳斯|살리나스
San Anselmo,city,CA,37.97465,-122.56164,12653,san ansylmw|sheng an sai er mo|sn anslmw  kalyfrnya|syana enselmo|Сан Анселмо|سان أنسيلمو|سن آنسلمو، کالیفرنیا|स्यान एन्सेल्मो|圣安塞尔莫
San Bernardino,city,CA,34.10834,-117.28977,216108,Kaampu`u|SBD|SBT|San Bernandino|San-Bernardino|saenbeoneodino|san byrnardynw  kalyfwrnya|sanbanadino|sanbanadino_|sheng bei na di nuo|sn brnardynw  kalyfrnya|sn brnrdynw|Сан Бернандино|Сан Бернардино|Сан-Бернардино|סן ברנרדינו|سان بيرناردينو، كاليفورنيا|سانبرنارڈینو|سن برناردینو، کالیفرنیا|サンバーナーディーノ|サンバーナーディーノ_|聖貝納迪諾|샌버너디노
San Bruno,city,CA,37.63049,-122.41108,43185,
San Carlos,city,CA,37.50716,-122.26052,29931,Dah Daazkʼidí Hayázhí|SQL|San Karlos|San-Karlas|San-Karlos|Sankta Karolo|san karlws|san karlws  kalyfrnya|san karlws  kylyfwrnya|san karlwz  kalyfwrnya|sankarurosu|sheng ka lu shi|sheng ka luo si|sn qrlws|syana karlosa|Сан Карлос|Сан-Карлас|Сан-Карлос|סן קרלוס|سان كارلوس|سان کارلوز، کالیفورنیا|سان کارلوس، کالیفرنیا|سان کارلوس، کیلیفورنیا|स्यान कार्लोस|സാൻ കാർലോസ്|サンカルロス|圣卡洛斯|聖卡路士
San Clemente,city,CA,33.42697,-117.61199,65526,San Klemente|San-Klemente|Spanish Village|saenkeullemente|san klmnt  kalyfrnya|san klymynty|sheng ke lai men te|syana klemente|Сан Клементе|Сан-Клементе|Սան Կլեմենտե|سان كليمينتي|سان کلمنت، کالیفرنیا|स्यान क्लेमेन्ते|แซนเคลเมนที|圣克莱门特|샌클레멘테
San Diego,city,CA,32.71571,-117.16472,1404452,Davis' Folly|Didacopolis|Graytown|Lungsod ng San Diego|New San Diego|SAN|San Diegas|San Diegu|San Dijego|San Diyego|San Diyégo|San Miguel|San Ntienko|San-Diego|San-Dieqo|San-Dyega|Sandjego|can tiyeko|saendiego|saendieigo|saina di'ego|san diyago|san dyyghw|san-diego|sana di'ego|sana diyago|sandiego|sena diyego|sheng de ya ge|sn dygw|sn dyygw|syana di'ego|Σαν Ντιέγκο|Сан Диего|Сан Дијего|Сан-Диего|Сан-Дыега|Сан-Дієго|Սան Դիեգո|סאן דיעגא|סן דייגו|سان دييغو|سان ڈیاگو|سان ڈیگو|سن دیگو|सॅन डियेगो|सैन डिएगो|स्यान डिएगो|সান ডিয়াগো|ਸਾਨ ਦੀਏਗੋ|சான் டியேகோ|శాన్ డియాగో|แซนดีเอโก|სან-დიეგო|ሳንዲየጎ|サンディエゴ|聖地牙哥|샌디에고|샌디에이고
San Diego Country Estates,city,CA,33.00671,-116.78364,10109,
San Dimas,city,CA,34.10668,-117.80673,34630,Mud Springs|San-Dimas|san dymas|san dymas  kalyfrnya|san dymas  kalyfwrnya|sandimasu|sheng di ma si|syana dimasa|Сан Димас|Сан-Димас|Сан-Дімас|סן דימאס|سان ديماس|سان دیماس، کالیفرنیا|سان دیماس، کالیفورنیا|سان ڈیماس، کیلیفورنیا|स्यान दिमास|സാൻ ഡിമാസ്|サンディマス|圣迪马斯|聖迪馬斯
San Fernando,city,CA,34.28195,-118.43897,24931,SFR|San-Fernanda|San-Fernando|Sao Fernando|São Fernando|saenpeoneondo|san frnandw  kalyfrnya|san fyrnandw|sanferunando|sheng fei er nan duo|sn prnndw|syana pharn'yando|Сан Фернандо|Сан-Фернанда|Сан-Фернандо|סן פרננדו|سان فرناندو، کالیفرنیا|سان فرنینڈو، کیلیفورنیا|سان فيرناندو|स्यान फर्न्यान्डो|サンフェルナンド|圣费尔南多|聖費爾南多|샌퍼넌도
San Francisco,city,CA,37.77493,-122.41942,827526,Franciscopolis|Frisco|Kapalakiko|Khiu-kim-san|Khiu-kîm-sân|Lungsod ng San Francisco|New Albion|SF|SFO|San Franciscu|San Francisko|San Fransisco|San Fransiskas|San Fransisko|San Fransiskʻo|San Frantzisko|San Phransisko|San-Francisko|San-Francyska|San-Fransisko|Sanfrancisko|Sao Francisco|São Francisco|Yerba Buena|can pirancisko|jiu jin shan|saenpeulan|saenpeulansiseuko|saina pharansisako|saina phransisko|san f ran si s ko|san fan shi|san fransskw|san fransyskw|san fransyskۆ|san phransisko|sana phransisako ka'unti|sana phransisko|sanfuranshisuko|sena phransisko|sn prnsysqw|syana phransisko|Σαν Φρανσίσκο|Сан Франсиско|Сан Франциско|Сан-Франциско|Сан-Францыска|Сан-Франціско|Սան Ֆրանսիսքօ|Սան Ֆրանցիսկո|סאן פראנציסקא|סן פרנסיסקו|سان فرانسسکو|سان فرانسيسكو|سان فرانسیسکو|سان فرانسیسکۆ|सॅन फ्रान्सिस्को|सैन फ्रांसिस्को|स्यान फ्रान्सिस्को|সান ফ্রান্সিসকো কাউন্টি|সান ফ্রান্সিস্কো|ਸੈਨ ਫਰਾਂਸਿਸਕੋ|சான் பிரான்சிஸ்கோ|శాన్ ఫ్రాన్సిస్కో|സാൻ ഫ്രാൻസിസ്കോ|සැන් ෆ්‍රැන්සිස්කෝ|ซานฟรานซิสโก|སན་ཧྥུ་རན་སིས་ཁོ|ဆန်ဖရန်စစ္စကိုမြို့|სან-ფრანცისკო|サンフランシスコ|三藩市|旧金山|舊金山|샌프란|샌프란시스코
San Gabriel,city,CA,34.09611,-118.10583,40424,San Gabrielis|San Gejbrijel|San Nkampriel|San Qabriel|San-Gabriehl'|San-Gabriel|San-Gejbryel|Sangabriela|Sao Gabriel|São Gabriel|cen kapriyl|saengeibeulieol|saina gebriyala|san gabriyel|san gabryl  kalyfrnya|san ghabryl|san jabryl|san ka be ri yl|san qabryl  kalyfwrnya|sana gyabri'ela|sena gebriyala|sheng gai bo|syan gebriyal|syana gyabriyala|Σαν Γκαμπριέλ|Сан Габриел|Сан Гејбријел|Сан-Габриел|Сан-Габриэль|Сан-Гейбрыел|Сан-Ґабріел|Սան Գաբրիել|סן גבריאל|سان جابريل|سان غابريل|سان قابریل، کالیفورنیا|سان گابریل، کالیفرنیا|ساں جبرئیل|सॅन गेब्रियल|सैन गेब्रियल|स्यान ग्याब्रियल|সান গ্যাব্রিএল|સેન ગેબ્રિયલ|சேன் கப்ரீய்ல்|సాన్ గాబ్రియేల్|ಸ್ಯಾನ್ ಗೇಬ್ರಿಯಲ್|സാൻ ഗബ്രിയേൽ|සැන් ගේබ්‍රියල්|ซาน กาเบรียล|サン・ガブリエル|圣盖博|聖蓋博|샌게이브리얼
San Jacinto,city,CA,33.78391,-116.95864,46951,Hewitt Town|San DZasinto|San Jasinto|San Khasinto|San Tzasinto|San-Dzhasinta|San-Dzhasinto|San-Khasinto|saenjaesinto|san jasyntw|san jasyntw  kalyfrnya|san jasyntw  kalyfwrnya|sanjashinto|sheng ha xin tuo|syana jyakinto|Σαν Τζασίντο|Сан Џасинто|Сан Хасинто|Сан-Джасинто|Сан-Джасінта|Сан-Хасінто|Սան Ջասինտո|سان جاسنٹو، کیلیفورنیا|سان جاسينتو|سان جاسینتو، کالیفرنیا|سان جاسینتو، کالیفورنیا|स्यान ज्याकिन्तो|സാൻ ജാസിൻറോ|サンジャシント|圣哈辛托|聖哈辛托|샌재신토
San Jose,city,CA,37.33939,-121.89496,997368,Iosephopolis|Pueblo De Alvarado|Pueblo De San Jose De Guadalupe|SJC|San Chose|San Choze|San Chozė|San Jose De Alvarado|San Jose De Guadalupe *|San Jose i California|San José|San Khose|San Khoze|San Xose|San Xosé|San-Joseo|San-Khaseh|San-Khose|San-Xose|Sanhose|Sanhosē|can hoce|sa n jwz|saeneojei|saina hoze|san hwzyh|san ose|san'noze|san-khose|sana hose|sana hoze|sanhose|sena hoje|sheng he xi|sn hwzh|sn‌khwzh  kalyfrnya|syana hose|Σαν Χοσέ|Сан Хозе|Сан Хосе|Сан-Хасэ|Сан-Хосе|Սան Խոսե|סן חוזה|سا ن جوز|سان هوزيه|سان ہوزے، کیلیفورنیا|سن‌خوزه، کالیفرنیا|सान होसे|सॅन होजे|सैन होज़े|স্যান হোসে|ਸਾਨ ਹੋਜ਼ੇ|સાન હોસે|சான் ஹொசே|శాన్ ఓసె|ಸ್ಯಾನ್‌ ಜೋಸ್‌‌|แซนโฮเซ|სან-ხოსე|サンノゼ|聖荷西|산호세|새너제이
San Juan Capistrano,city,CA,33.50169,-117.66255,36454,San Khuan Kapistrano|San Xuan Kapistrano|San-Khuan-Kapistrana|San-Khuan-Kapistrano|san jwan kabystranw|san jwan kapystranw  kalyfrnya|san khwan kapystranw  kylyfwrnya|sanfuankyapisutorano|sanhuankapiseuteulano|sheng hu an - ka pi si te la nuo|sheng hu an-ka pi si te la nuo|syana yu'am kyapistryano|Сан Хуан Капистрано|Сан Хуан Капістрано|Сан-Хуан-Капистрано|Сан-Хуан-Капістрана|סן חואן קפיסטרנו|سان جوان كابيسترانو|سان جوان کاپیسترانو، کالیفرنیا|سان خوآن کاپیسترانو، کیلیفورنیا|स्यान युआं क्यापिस्ट्र्यानो|サンフアンキャピストラーノ|圣胡安-卡皮斯特拉诺|聖胡安 - 卡皮斯特拉諾|산후안카피스트라노
San Leandro,city,CA,37.72493,-122.15608,90712,Cherry City of California|San Lijandro|San-Leandro|Sankta Leandro|Sn Leandro|saenliaendeulo|san lyandrw  kalyfrnya|san lyndrw|san lyndrw  kalyfwrnya|sanreandoro|sheng li an zhuo|syana liyandro|Сан Леандро|Сан Лијандро|Сан-Леандро|סן ליאנדרו|سان لئاندرو، کالیفرنیا|سان ليندرو|سان لیانڈرو|سان لیانڈرو، کیلیفورنیا|سان لیندرو، کالیفورنیا|स्यान लीयान्द्रो|സാൻ ലിയാൻഡ്രോ|サンレアンドロ|圣利安卓|聖利安卓|샌리앤드로
San Lorenzo,city,CA,37.68104,-122.12441,23452,Lorenzo|San-Lorenso|Squattersville|san'norenzo|sheng luo lun zuo|sn lwrnzw|sn lwrnzw  kalyfwrnya|syana lorenjo|Сан Лорензо|Сан-Лоренсо|سن لورنزو|سن لورنزو، کالیفورنیا|स्यान लोरेन्जो|サンノレンゾ|聖洛倫佐
San Luis Obispo,city,CA,35.28275,-120.65962,47339,SBP|San Luis Oubispou|San-Luis-Obispo|saenlu-iseuobiseupo|san lwys awbysbw|san lwyys awbyspw  kalyfrnya|sanruisuobisupo|sheng lu yi si-ao bi si bao|syana lu'i obispo|Сан Луис Обиспо|Сан Луис Оубиспоу|Сан-Луїс-Обіспо|סן לואיס אוביספו|سان لوئیس اوبیسپو، کالیفرنیا|سان لويس أوبيسبو|स्यान लुई ओबिस्पो|サンルイスオビスポ|聖路易斯-奧比斯保|샌루이스오비스포
San Marcos,city,CA,33.14337,-117.16614,92931,San Markos|San-Markas|San-Markos|saenmakoseu|san markws|san markws  kalyfrnya|san markws  kylyfwrnya|san markwz  kalyfwrnya|sanmarkws|sanmarukosu|sheng ma ke si|sn mrqws|syana markosa|Сан Маркос|Сан-Маркас|Сан-Маркос|סן מרקוס|سان ماركوس|سان مارکوز، کالیفورنیا|سان مارکوس، کالیفرنیا|سان مارکوس، کیلیفورنیا|سانمارکوس|स्यान मार्कोस|サンマルコス|圣马科斯|聖馬可斯|聖馬科斯|샌마코스
San Marino,city,CA,34.1214,-118.10646,13464,San-Marino|San-Maryna|saenmalino|san marynw|san marynw  kalyfrnya|san marynw  kalyfwrnya|san-marino|sheng ma li nuo|sn mrynw|syana myarino|syn marynw  kyly fwrnya|Σαν Μαρίνο|Сан Марино|Сан-Марино|Сан-Марына|Сан-Маріно|Սան Մարինո|סן מרינו|سان مارينو|سان مارینو، کالیفرنیا|سان مارینو، کالیفورنیا|سین مارینو، کیلی فورنیا|स्यान म्यारिनो|სან-მარინო|サン・マリノ|圣马力诺|聖瑪利諾|聖馬利諾|샌마리노
San Mateo,city,CA,37.56299,-122.32553,103536,Matthaeopolis|San Matheo|San-Mateo|saenmeoteio|san matyw|san matyw  kalyfrnya|sanmateo|sheng ma diao|syana myatiyo|Сан Матео|Сан-Матео|سان ماتيو|سان ماتیو، کالیفرنیا|سانماٹیو|स्यान म्याटियो|サンマテオ|聖馬刁|샌머테이오
San Pablo,city,CA,37.96215,-122.34553,30407,San-Pablo|san bablw|san pablw  kalyfrnya|san pablw  kalyfwrnya|san pablw  kylyfwrnya|sanpaburo|sheng ba bo luo|sheng ba bu luo|syana pablo|Сан Пабло|Сан-Пабло|سان بابلو|سان پابلو، کالیفرنیا|سان پابلو، کالیفورنیا|سان پابلو، کیلیفورنیا|स्यान पाब्लो|സാൻ പാബ്ലോ|サンパブロ|圣巴勃罗|聖巴布羅
San Pedro,city,CA,33.73585,-118.29229,83556,SPQ|San Pedro y San Pablo|saenpideulo|sanpedoro|Сан Педро|サンペドロ|샌피드로
San Rafael,city,CA,37.97353,-122.53109,59162,SRF|San Rafel|San-Rafael'|San-Rafel|Sao Rafael|São Rafael|san rafayyl|sanraferu|sheng la fei er|sn rafayl  kalyfrnya|syana raphela|Сан Рафаел|Сан Рафел|Сан-Рафаель|Сан-Рафел|سان رافاييل|سن رافائل، کالیفرنیا|स्यान राफेल|サンラフェル|圣拉菲尔
San Ramon,city,CA,37.77993,-121.97802,76134,Limerick|Lynchville|San Ramón|San-Raman|San-Ramon|Sankta Rajmondo|saenlamon|san ramwn|san ramwn  kalyfrnya|san ramwn  kalyfwrnya|san ramwn  kylyfwrnya|sanramon|sheng la meng|sn rmwn|syana ramona|syn rymwn|Сан Рамон|Сан-Раман|Сан-Рамон|סן רמון|سان رامون|سان رامون، کالیفرنیا|سان رامون، کالیفورنیا|سان رامون، کیلیفورنیا|سین ریمون|स्यान रामोन|സാൻ റമോൺ|サンラモン|圣拉蒙|聖拉蒙|샌라몬
Sanger,city,CA,36.70801,-119.55597,24950,Nástáán Naaʼeeł|Sehnger|Sengur|sang ge|sangr  kalyfrnya|sanjr|sanjr  kalyfwrnya|syangara|syngr  kylyfwrnya|Сангер|Сенгър|Сэнгер|سانجر|سانجر، کالیفورنیا|سانگر، کالیفرنیا|سینگر، کیلیفورنیا|स्यांगर|桑格
Santa Ana,city,CA,33.74557,-117.86783,310227,SNA|Santa-Ana|Santanna|saentaaena|santa ana  kalyfrnya|santa ana  kylyfwrnya|santaana|sheng an na|syanta ena|Санта Ана|Санта-Ана|Սանտա Անա|סנטה אנה|سانتا آنا، کالیفرنیا|سانتا أنا|سانتا انا، کیلیفورنیا|स्यान्टा एना|แซนตาแอนา|サンタアナ|圣安娜|샌타애나
Santa Barbara,city,CA,34.42083,-119.69819,91842,Barbaropolis|La Laguna de la Concepcion *|SBA|Santa Barmpara|Santa Bàrbara|Santa Bárbara|Santa-Barbara|Santabarbara|saentababeola|samta barbara|santababara|sheng ba ba la|snta barbara  kalyfrnya|snth brbrh|syanta barbara|Σάντα Μπάρμπαρα|Санта Барбара|Санта-Барбара|סנטה ברברה|سانتا باربارا|سانٹا باربرا|سنتا باربارا، کالیفرنیا|सँटा बार्बरा|स्यान्टा बार्बरा|แซนตาบาร์บารา|サンタバーバラ|圣巴巴拉|샌타바버라
Santa Clara,city,CA,37.35411,-121.95524,126215,Santa Klara|Santa-Klara|saentakeullaela|santa klara|santa klara  kalyfrnya|santakurara|sheng ke la la|snth qlrh|syanta klera|Санта Клара|Санта-Клара|סנטה קלרה|سانتا كلارا|سانتا کلارا، کالیفرنیا|سانٹا کلارا|स्यान्टा क्लेरा|サンタクララ|圣克拉拉|샌타클래라
Santa Clarita,city,CA,34.39166,-118.54259,182371,Sanita Clarita|Santa Klarita|Santa-Klarita|saentakeullalita|santa klaryta|santa klaryta  kalyfrnya|santakurarita|sheng ta ke la li ta|snth qlryth|syanta klarita|Санта Кларита|Санта-Кларита|Санта-Кларіта|סנטה קלריטה|سانتا كلاريتا|سانتا کلاریتا، کالیفرنیا|سانٹا کلاریٹا|स्यान्टा क्लारिता|サンタクラリタ|聖塔克拉利塔|샌타클라리타
Santa Cruz,city,CA,36.97412,-122.0308,64220,City of the Holy Cross|Newport of California|Newport of the Pacific|Santa Krouz|Santa Krus|Santa Kruz|Santa-Krus|Santa-Kruz|Santa-Kruzo|Santakruza|Santakrūza|Surf City|Swantacruz|saentakeulujeu|santa krwz|santa krwz  kalyfrnya|santakuruzu|sheng ta ke lu zi|syanta kruja|Σάντα Κρουζ|Санта Круз|Санта Крус|Санта-Круз|Санта-Крус|سانتا كروز|سانتا کروز، کالیفرنیا|स्यान्टा क्रुज|サンタクルーズ|聖塔克魯茲|샌타크루즈
Santa Fe Springs,city,CA,33.94724,-118.08535,18026,Fulton Sulphur Springs|Santa Fe Spgs|santa f sbrynghs|santa fy aspryngz  kalyfrnya|sheng fei si pu lin si|syanta phe springas|Санта Фе Спрингс|سانتا ف سبرينغس|سانتا فی اسپرینگز، کالیفرنیا|سانتا فے سپرنگز، کیلیفورنیا|स्यान्टा फे स्प्रिङ्गस्|圣菲斯普林斯
Santa Maria,city,CA,34.95303,-120.43572,105093,Central City|Central Valley|Grangeville|SMX|Santa Marija|Santa María|Santa-Marija|Santa-Mariya|Santa-Maryja|canta mariya|saentamalia|santa mariya|santa marya|santa marya  kalyfrnya|santa marya  kalyfwrnya|santa marya  kylyfwrnya|santamariya|sheng ma li ya|snth mryh|syanta mariya|Σάντα Μαρία|Санта Мария|Санта Марија|Санта-Мария|Санта-Марыя|Санта-Марія|סנטה מריה|سانتا ماريا|سانتا ماریا، کالیفرنیا|سانتا ماریا، کالیفورنیا|سانتا ماریا، کالیفۆرنیا|سانتا ماریا، کیلیفورنیا|سانٹا ماریا|सांटा मारिया|स्यान्टा मारिया|সান্তা মারিয়া|સાન્ટા મારિયા|சாண்டா மரியா|శాంటామరియ|ಸಂತ ಮರಿಯಾ|സാന്താ മരിയ|සැන්ටා මරියා|แซนตามารีอา|サンタ・マリア|圣玛丽亚|聖瑪麗亞|샌타마리아
Santa Monica,city,CA,34.01949,-118.49138,93220,SMO|Sancta Monica|Santa Monika|Santa Mónica|Santa Mônica|Santa-Monika|Santamonika|canta monikka|saentamonika|santa manika|santa monika|santa mwnyka|santamonika|sheng mo ni ka|sheng ta meng ni ka|sheng ta mo ni ka|snta mwnyka  kalyfrnya|snta mwnyka  kalyfwrnya|snth mwnyqh|syanta monika|Σάντα Μόνικα|Санта Моника|Санта-Моника|Санта-Моніка|Սանթա Մոնիքա|Սանտա Մոնիկա|סנטה מוניקה|سانتا مونيكا|سانتا مۆنیکا|سانٹا مونیکا|سنتا مونیکا، کالیفرنیا|سنتا مونیکا، کالیفورنیا|सांता मोनिका|स्यान्टा मोनिका|সান্তা মনিকা|સાન્ટા મોનિકા|சாந்தா மொனிக்கா|శాంటా మోనికా|ಸಾಂತಾ ಮೋನಿಕಾ|සැන්ටා මොනිකා|แซนตามอนิกา|სანტა-მონიკა|サンタモニカ|圣莫尼卡|聖塔莫尼卡|聖塔蒙尼卡|聖莫尼卡|샌타모니카
Santa Paula,city,CA,34.35417,-119.05927,30546,SZP|Santa Pola|Santa-Paula|santa bawla|santa pawla  kylyfwrnya|santa paywla  kalyfrnya|santa paywla  kalyfwrnya|santa pwla|sheng bao la|syanta pala|Санта Пола|Санта-Паула|סנטה פאולה|سانتا باولا|سانتا پائولا، کالیفرنیا|سانتا پائولا، کالیفورنیا|سانتا پاولا، کیلیفورنیا|سانتا پولا|स्यान्टा पला|サンタ・ポーラ|圣保拉|聖保拉
Santa Rosa,city,CA,38.44047,-122.71443,178127,Franklin Town|STS|Santa Roza|Santa-Rosa|Santa-Roza|saentaloja|santa rwsa|santa rwza  kalyfrnya|santaroza|sheng luo sha|snth rwzh|syanta roja|Санта Роза|Санта Роса|Санта-Роза|Санта-Роса|סנטה רוזה|سانتا روزا، کالیفرنیا|سانتا روسا|سانٹا روزا|स्यान्टा रोजा|サンタローザ|聖羅莎|샌타로자
Santee,city,CA,32.83838,-116.97392,57787,Cowles|Cowles Station|Cowlestown|Fanita|Santi|Sentij|saenti|sang di|santy|santy  kalyfrnya|syanti|Санти|Сентий|سانتي|سانتی، کالیفرنیا|स्यान्टी|桑蒂|샌티
Saratoga,city,CA,37.26383,-122.02301,30968,Bank Mills|McCarthysville|Redwood Mills|sa la tuo jia|saratwga  kalyfrnya|saratwgha|Саратога|Саратоґа|ساراتوغا|ساراتوگا، کالیفرنیا|सारातोगा|サラトガ|薩拉托加
Sawtelle,city,CA,34.0363,-118.44949,39757,Sotelis|sa te er|souteru|swtl  ls anjls|سوتل، لس آنجلس|ソウテル|薩特爾
Scotts Valley,city,CA,37.05106,-122.01468,11945,Scoots Valley|Scott Valley|Scotts Valo|Skots Ualli|Skots Vali|Skots-Valli|askats wly  kalyfrnya|askats wly  kalyfwrnya|seukocheubaelli|si ke ci gu|skatsabhyali|skwts faly|Скотс Вали|Скотс Уалли|Скотс-Валли|Скотс-Валлі|סקוטס ואלי|اسکاتس ولی، کالیفرنیا|اسکاتس ولی، کالیفورنیا|سكوتس فالى|سكوتس فالي|سکاٹس ویلی، کیلیفورنیا|स्कट्सभ्याली|スコッツ・ヴァレー|斯科茨谷|스코츠밸리
Seal Beach,city,CA,33.74141,-118.10479,24619,Bay City|Sijl Bijch|Sil Bich|hai bao tan|sila bica|silbichi|syl bych|syl bytsh|syl byz|Сийл Бийч|Сил Бич|סיל ביץ|سيل بيتش|سیل بیچ|सील बीच|海豹滩|실비치
Seaside,city,CA,36.61107,-121.85162,33025,East Monterey|Sijsajd|Sisajd|Tonteel Bibaah|Tónteel Bibąąh|hai bin|shisaido shi|sisa'ida|sysayd  kalyfrnya|sysayd  kalyfwrnya|sysydy|Сийсайд|Сисайд|Сисајд|Сісайд|سيسيدى|سيسيدي|سی سائیڈ، کیلیفورنیا|سیساید، کالیفرنیا|سیساید، کالیفورنیا|सीसाइड|シーサイド市|海滨|海濱
Selma,city,CA,36.57078,-119.61208,24414,Chʼil Naʼatłʼoʼii Łání|Sel'ma|sai er ma|slma  kalyfrnya|slma  kalyfwrnya|slma  kylyfwrnya|sylma|Селма|Сельма|سلما، کالیفرنیا|سلما، کالیفورنیا|سلما، کیلیفورنیا|سيلما|सेल्मा|സെൽമ|塞尔玛|塞爾瑪|셀마
North Hills,city,CA,34.23639,-118.48472,56946,Mission Acres|Sepulveda
Shadow Hills,city,CA,34.26195,-118.35175,13000,
Shafter,city,CA,35.50051,-119.27178,18336,MIT|Shaftur|saphtara|sha fu te|shaftr  kalyfrnya|shaftr  kalyfwrnya|shaftyr|shafuta|Шафтер|Шафтър|شافتر، کالیفرنیا|شافتر، کالیفورنیا|شافتير|شیفٹر، کیلیفورنیا|शाफ्टर|シャフター|沙夫特
Sherman Oaks,city,CA,34.15112,-118.44925,52677,syeomeon-okeuseu|شرمن اوکس، لس‌آنجلس|셔먼오크스
Sierra Madre,city,CA,34.16167,-118.05285,11163,S'erra-Madre|Siera Madre|Sijera Madre|siyara madre|siyera madre|syra madr  kalyfrnya|syra madrh  kalyfwrnya|syrra madry|xie la ma de lei|Сиера Мадре|Сијера Мадре|Сьерра-Мадре|Сьєрра-Мадре|سيررا مادرى|سيررا مادري|سیئرا مادرے، کیلیفورنیا|سیرا مادر، کالیفرنیا|سیرا مادره، کالیفورنیا|सियरा माद्रे|സിയേറ മാഡ്രെ|シエラ・マドレ|谢拉马德雷
Signal Hill,city,CA,33.80446,-118.16785,11565,Signal Khil|Signal-Gill|Signal-Khil|Signal-Khill|signala hila|syghnal hyl|sygnal hyl  kalyfrnya|sygnl hyl|syjnal hyl|syqnal hyl  kalyfwrnya|xin hao shan|Сигнал Хил|Сигнал-Гилл|Сигнал-Хилл|Сігнал-Гілл|Сігнал-Хіл|סיגנל חיל|سيجنال هيل|سيغنال هيل|سگنل ہل، کیلیفورنیا|سیقنال هیل، کالیفورنیا|سیگنال هیل، کالیفرنیا|सिग्नल हिल|シグナル・ヒル|信号山|信號山
Simi Valley,city,CA,34.26945,-118.78148,126788,Chimii|Simi|Simi Vali|Simi-Vehlli|Simi-Velli|Simih|Simiopolis|shimibare|simi bhyali|simibaelli|smy wyly|symy faly|symy wly  kalyfrnya|xi mi gu|Сими Вали|Сими-Вэлли|Сімі-Веллі|סימי ואלי|سمی ویلی|سيمي فالي|سیمی ولی، کالیفرنیا|सिमि भ्याली|シミバレー|西米谷|시미밸리
Solana Beach,city,CA,32.99115,-117.27115,13449,Solana Bich|Solana Bijch|solena bica|sollanabichi|suo la na hai tan|swlana bych  kalyfrnya|swlana bytsh|Солана Бийч|Солана Бич|سولانا بيتش|سولانا بیچ، کالیفرنیا|सोलेना बीच|索拉纳海滩|솔라나비치
Soledad,city,CA,36.42469,-121.32632,25003,Solded|Solebad|Soledada|Soledadas|Solentant|coletat|sealedad|soladeda|soledada|soledyada|sollidadeu|soredado|suo lai da|swldd  kalyfrnya|swldd  kalyfwrnya|swlydad|Σολεντάντ|Солдед|Соледад|سولدد، کالیفرنیا|سولدد، کالیفورنیا|سوليداد|سولیداد|सोलडॅड|सोलेड्याड|सोलेदाद|সোলেদাদ|સોલેડડ|சொலேடட்|సొలేదాద్|ಸೊಲೆಡಾಡ್|സോളെഡാഡ്|සොලෙඩඩ්|โซลแดด|ソレダド|索莱达|索萊達|솔리다드
Sonoma,city,CA,38.29186,-122.45804,11037,Sanoma|Zanoma|conoma|seaneama|suo nuo ma|swnwma|swnwma  kalyfrnya|swnwma  kalyfwrnya|swnwmh|Σονόμα|Санома|Сонома|סונומה|سونوما|سونوما، کالیفرنیا|سونوما، کالیفورنیا|सोनोमा|சோனோமா|സോനോമ|ソノマ|索諾馬|索诺马|소노마
South El Monte,city,CA,34.05195,-118.04673,20878,Juzhen El Monti|Saut El Monti|Saut-Ehl'-Monte|Saut-El'-Monte|Timog El Monte|nan ai er meng de|sa'utha ela monte|sausuerumonte|swt al mwnth  kalyfrnya|swt al mwnth  kalyfwrnya|swwth al mwnty|Саут Ел Монти|Саут-Ель-Монте|Саут-Эль-Монте|Южен Ел Монти|ساوتھ ایل مونٹی، کیلیفورنیا|سوت ال مونته، کالیفرنیا|سوت ال مونته، کالیفورنیا|سووث إل مونتي|سووث ال مونتى|साउथ एल मोन्ते|サウスエルモンテ|南艾尔蒙地|南艾爾蒙地
South Gate,city,CA,33.95474,-118.21202,96401,Juzhen Gejt|Saut Gejt|nan men|sa'utha geta|sausugeito|swt gyt  kalyfrnya|swth ghyt|sʼwt gyyt|Саут Гејт|Южен Гейт|סאות גייט|ساؤتھ گیٹ|ساؤتھ گیٹ، کیلیفورنیا|سوت گیت، کالیفرنیا|سوث غيت|साउथ गेट|サウスゲイト|南门
South Lake Tahoe,city,CA,38.93324,-119.98435,21706,Al Tahoe|Bihou Park|Bijou|Nam Ho Tahoe|Nam Hồ Tahoe|Pivdenne Ozero Takho|Rowland's|Saut Lejk Takho|Saut-Lehjk-Takha|Saut-Lejk-Tago|Saut-Lejk-Takho|Stateline|TVL|Tahoe Valley|Tallac Village|nan tai hao hu|sa'utha leka taho'i|satt lek taheay|swt lyk tahw  kalyfrnya|swt lyk tahw  kalyfwrnya|swwth lak tahwy|Південне Озеро Тахо|Саут Лейк Тахо|Саут Лејк Тахо|Саут-Лейк-Таго|Саут-Лейк-Тахо|Саўт-Лэйк-Таха|Սաութ Լեյք Թահո|סאות' לייק טאו|ساوتھ شور لیک تاہو|سوت لیک تاهو، کالیفرنیا|سوت لیک تاهو، کالیفورنیا|سووث لاك تاهوى|سووث لاك تاهوي|साउथ लेक ताहोई|സൗത്ത് ലേക് തഹോയ്|サウス・レイク・タホ|南太浩湖
South Pasadena,city,CA,34.11612,-118.15035,26151,Juzhna Pasadina|Juzhnaja Pasadina|Saut Pasadena|Saut-Pasadena|nan pa sa di na|sa'utha pasadena|satt pasadena|sauseupaeseodina|sawt pasadna  kalyfwrnya|swt pasadna  kalyfrnya|swwth basadyna|Саут Пасадена|Саут-Пасадена|Южна Пасадина|Южная Пасадина|סאות' פסדנה|ساوت پاسادنا، کالیفورنیا|ساوتھ پاساڈینا، کیلیفورنیا|سوت پاسادنا، کالیفرنیا|سووث باسادينا|साउथ पासादेना|സൗത്ത് പസഡെന|サウス・パサディナ|南帕萨迪纳|南帕薩迪納|사우스패서디나
South San Francisco,city,CA,37.65466,-122.40775,67271,Baden|Juzhen San Francisko|Saus-San-Francisko|Saut San Francisko|nan jiu jin shan|sa'utha syana phransisko|saususanfuranshisuko|swt san fransyskw  kalyfrnya|swwth san fransyskw|Саус-Сан-Франциско|Саут Сан Франциско|Южен Сан Франциско|سوت سان فرانسیسکو، کالیفرنیا|سووث سان فرانسيسكو|साउथ स्यान फ्रान्सिस्को|サウスサンフランシスコ|南旧金山|南舊金山
South San Jose Hills,city,CA,34.01279,-117.90478,20551,Saut San Khoze Khils|Saut-San-Khose|Saut-San-Khose-Khills|nan sheng he sai shan|sa'utha syana jose hilsa|sawt sn khwzh hylz|sawt sn khwzh hylz  kalyfwrnya|sawth san jwzyh hylz|Саут Сан Хозе Хилс|Саут-Сан-Хосе|Саут-Сан-Хосе-Хиллс|ساوت سن خوزه هیلز|ساوت سن خوزه هیلز، کالیفورنیا|ساوث سان جوزيه هيلز|साउथ स्यान जोसे हिल्स|南聖何塞山
South Whittier,city,CA,33.95015,-118.03917,57156,
South Yuba City,city,CA,39.11656,-121.63913,15217,nan you ba cheng|sa'utha yuba siti|sawt ywba syty|sawt ywba syty  kalyfwrnya|ساوت یوبا سیتی|ساوت یوبا سیتی، کالیفورنیا|साउथ युबा सिटी|南尤巴城
Spring Valley,city,CA,32.74477,-116.99892,28205,Spring Vali|Spring-Vehlli|springa bhyali|Спринг Вали|Спринг-Вэлли|سپرنگ ویلی، سان ڈیگو کاؤنٹی، کیلیفورنیا|स्प्रिङ्ग भ्याली
Stanford,city,CA,37.42411,-122.16608,13809,Stanford Californiae|Stanfornt|Stehnfard|Stehnford|Stenford|astnfwrd  kalyfrnya|aystanfwrd  kalyfwrnya|seutaenpeodeu|shi dan fu|si tan fu|stanfwrd|stenaphorda|stnpwrd|styanapharda|sutanfodo|Στάνφορντ|Станфорд|Стенфорд|Стэнфард|Стэнфорд|Стәнфорд|Սթենֆորդ|Սթենֆորտ|סטנפורד|استنفورد، کالیفرنیا|اسٹنفرڈ|ایستانفورد، کالیفورنیا|ستانفورد|स्टॅनफोर्ड|स्ट्यानफर्ड|スタンフォード|史丹福|斯坦福|스탠퍼드
Stanton,city,CA,33.80252,-117.99312,38872,Stehnton|Stenton|Stentun|astantwn  kalyfrnya|astantwn  kalyfwrnya|si tan dun|stantwn|styanatana|sutanton|Стантон|Стентон|Стентън|Стэнтон|استانتون، کالیفرنیا|استانتون، کالیفورنیا|ستانتون|سٹینٹن، کیلیفورنیا|स्ट्यानटन|സ്റ്റാൻടൺ|スタントン|斯坦頓|斯坦顿
Stockton,city,CA,37.9577,-121.29078,305658,SCK|Stoktn|Stokton|Stoktono|Tuleburg|Weberville|astwktwn|seutogteon|shi de dun|si tuo ke dun|stakatana|stwktwn|stwqtwn|sutokkuton|Стоктон|Стоктън|סטוקטון|استوکتون|ستوكتون|سٹوکٹن|स्टकटन|ストックトン|士德頓|斯托克顿|스톡턴
Studio City,city,CA,34.14862,-118.39647,34034,استودیو سیتی، لس‌آنجلس
Suisun,city,CA,38.23825,-122.04024,28111,Suisun City
Sun City,city,CA,33.70919,-117.19726,19579,
Sunland,city,CA,34.26695,-118.3023,15316,
Sunnyvale,city,CA,37.36883,-122.03635,155805,Encinal|Sanivejl|Sannivejl|Snivejl|saniberu|sanivela|sannibhela|sanyfal|sany‌wyl  kalyfrnya|sen ni wei er|seonibeil|snywyl|Санивејл|Саннивейл|Саннівейл|Сънивейл|סאניווייל|سانيفال|سانی‌ویل، کالیفرنیا|سنیویل|सनीवेल|सन्नीभेल|サニーベール|森尼韦尔|서니베일
Sylmar,city,CA,34.30778,-118.44925,79614,Rancho Cascades
Tehachapi,city,CA,35.13219,-118.44897,13021,Achʼįʼ Nahonitłʼahii|Greenwich|TSP|Teachapi|Tehachapa|Tehachapai|Tehachepi|Tehachipi|Tekhachapi|Tukhechapi|te ha cha bi|tehacapi|thachapy  kalyfrnya|thachapy  kalyfwrnya|tyhatshaby|Теачапи|Теачапі|Техачапи|Тъхечапи|تهاچاپی، کالیفرنیا|تهاچاپی، کالیفورنیا|تيهاتشابى|تيهاتشابي|تیہاچاپی، کیلیفورنیا|तेहाचापी|ടെഹാചാപി|テハチャピ|特哈查比
Temecula,city,CA,33.49364,-117.14836,110003,Temecula Station|Temekjula|Temekula|te man ku la|temakula|temekyura|tmwkwla  kalyfrnya|tymykwla|Темекула|Темекјула|تموکولا، کالیفرنیا|تيميكولا|ٹیمکولا|तेमाकुला|テメキュラ|特曼库拉
Temple City,city,CA,34.10723,-118.05785,36365,Lungsod ng Temple|Templ Siti|Templ-Siti|Temple|Tempul Siti|tan pu er shi|tempala siti|tempeulsiti|tenpuru shi|tmpl syty  kalyfrnya|tmpl syty  kalyfwrnya|tymbl syty|Τεμπλ Σίτι|Темпл Сити|Темпл-Сити|Темпл-Сіті|Темпъл Сити|تمپل سیتی، کالیفرنیا|تمپل سیتی، کالیفورنیا|تيمبل سيتى|تيمبل سيتي|ٹیمپل سٹی، کیلیفورنیا|टेम्पल सिटी|ടെമ്പിൾ സിറ്റി|テンプル市|坦普尔市|坦普爾市|템플시티
Thousand Oaks,city,CA,34.17056,-118.83759,129339,Tauzand Ouks|Tauzend-Ouks|Tauzund Ouks|qian xiang shi|saujeondeuokeuseu|sauzandookusu|tawznd awks|tha'ujenda oksa|thwsnd awks|Таузанд Оукс|Таузенд-Оукс|Таузънд Оукс|تاوزند اوکس|تھاؤسینڈ اوکس|ثوسند أوكس|थाउजेन्ड ओक्स|サウザンドオークス|千橡市|사우전드오크스
Torrance,city,CA,33.83585,-118.34063,143592,TOA|Torans|Torensas|Torrans|Torrens|Torrensa|Toruns|tarans|tarensa|tarrens|toleonseu|toransa|toransu|torarensa|torensa|torrans|tuo lan si|tuo lun si|twrans  kalyfrnya|twrans  kalyfwrnya|twransy|twrns|twrransy|Τόρανς|Торанс|Торранс|Торренс|Торънс|Տորրանս|טורנס|تورانس، کالیفرنیا|تورانس، کالیفورنیا|تورانسى|توررانسي|ٹورنس، کیلیفورنیا|ٹورینس|टॉरन्स|टोररेंस|टोरान्स|টরেন্স|ટોરેન્સ|டாரன்ஸ்|టొర్రన్స్|ಟಾರ್ರೆನ್ಸ್|ටොරන්ස්|ทอรแรนซ|トーランス|托倫斯|托兰斯|托蘭斯|토런스
Tracy,city,CA,37.73987,-121.42618,87075,Binahaaztiinii|Bináhaaztiinii|Trejsi|te lei xi|toreishi|trasay|trasi|trasy  kalyfwrnya|tresi|trysy  kalyfrnya|tryysy|Трейси|Трейсі|Трејси|Թրեյսի|טרייסי|تراساى|تراساي|تراسی، کالیفورنیا|تریسی، کالیفرنیا|ٹریسی|ٹریسی، کیلیفورنیا|ट्रेसी|ട്രാസി|トレイシー|特雷西
Truckee,city,CA,39.32796,-120.18325,16299,Coburn Station|TKF|Traki|Truki|te la ji|teuleoki|torakki|traky  kalyfrnya|trki|trwky|Траки|Тръки|تراکی، کالیفرنیا|تروكي|ट्र्की|トラッキー|特拉基|트러키
Tujunga,city,CA,34.25223,-118.28841,26527,Los Terrenitos|Tuhunga
Tulare,city,CA,36.20773,-119.34734,62315,Lókʼaatłʼoh Siyį́|TLR|Tjuleri|Tular|Tulejri|Tuleri|toureari|tu lai li|tulera|twlary|twlr  kalyfrnya|twlry|twlyyr  kalyfwrnya|Тулар|Тулейри|Тулейрі|Тулери|Тюлери|Թուլերի|טולרי|تولئیر، کالیفورنیا|تولارى|تولاري|تولر، کالیفرنیا|ٹولیری، کیلیفورنیا|टुलेर|ടുലയർ|トゥーレアリ|图莱里
Turlock,city,CA,37.49466,-120.84659,72292,Terlok|Turlok|Turloko|taralaka|tarokku|te luo ke|the xr lxk|trlwk|twrlak  kalyfrnya|Терлок|Търлок|ترلوك|تورلاک، کالیفرنیا|टरलक|เทอร์ล็อก|ターロック|特洛克
Tustin,city,CA,33.74585,-117.82617,80583,Tastin|Tustin City|ta si ting|tasatina|tastyn  kalyfrnya|teoseutin|twstyn|Тастин|Тъстин|تاستین، کالیفرنیا|توستين|टसटिन|塔斯廷|터스틴
North Tustin,city,CA,33.76446,-117.79394,24917,Nort Tastin|Nort-Tastin|Tustin Foothills|bei ta si ting|nwrt twstyn|nwrt twstyn  kalyfwrnya|tasatina phutahilsa|Норт Тастин|Норт-Тастин|Норт-Тастін|نورت توستین|نورت توستین، کالیفورنیا|टसटिन फूटहिल्स|北塔斯廷
Twentynine Palms,city,CA,34.13556,-116.05417,26025,TNP|Tuehntinajn-Palms|Tuentinajn Palms|Tventinajn Palms|Tventinajn-Palms|er shi jiu zong lu cun|tuwentinainpamseu|tventina'ina pamsa|twynty nayn palmz  kalyfrnya|twyntynyn balms|Твентинајн Палмс|Твентінайн-Палмс|Туентинайн Палмс|Туэнтинайн-Палмс|توئنتی ناین پالمز، کالیفرنیا|توينتينين بالمس|ट्वेन्टीनाइन पाम्स|二十九棕榈村|투웬티나인팜스
Ukiah,city,CA,39.15017,-123.20778,15917,Jukaja|UKI|Ukiah City|uki'a|wkyah|you qi ya|yukaia|ywkyah  kalyfrnya|Јукаја|Юкайа|Юкая|وكياه|یوکیاه، کالیفرنیا|उकिआ|ユカイア|尤奇亚|유카이아
Union City,city,CA,37.59577,-122.01913,74494,Junin Siti|Junion Siti|Junion-Siti|Thanh pho Union|Thành phố Union|lian he shi|yunieonsiti|yuniyana siti|ywnyn syty  kalyfrnya|ywnywn syty|Јунион Сити|Юниън Сити|Юніон-Сіті|يونيون سيتي|یونین سٹی، کیلیفورنیا|یونین سیتی، کالیفرنیا|युनियन सिटी|聯合市|유니언시티
Universal City,city,CA,34.1389,-118.35341,105000,Juniversal-Siti|Junivursul Siti|huan qiu shi|yunibeoseolsiti|ywnyfrsal syty|ywnywrsal syty  kalyfrnya|Юниверсал-Сити|Юнивърсъл Сити|يونيفرسال سيتي|یونیورسال سیتی، کالیفرنیا|環球市|유니버설시티
Upland,city,CA,34.09751,-117.64839,76443,Apland|Aplend|CCB|Haʼatiin Hasáanii|Magnolia Villa|North Ontario|a pu lan|abland|ap lnd  kalyfrnya|apalyanda|appurando|awpland  kalyfwrnya|eoblaendeu|plend|Апланд|Апленд|Ъпленд|אפלנד|آبلاند|آپ لند، کالیفرنیا|اوپلاند، کالیفورنیا|اپلینڈ، کیلیفورنیا|अपल्यांड|അപ്ലാൻറ്|アップランド|阿普兰|阿普蘭|업랜드
Vacaville,city,CA,38.35658,-121.98774,96803,Vakavil|bhakabhila|fakafyly|wa ka wei er|wakawyl  kalyfrnya|Βάκαβιλ|Вакавил|فاكافيلي|واکاولے|واکاویل، کالیفرنیا|भाकाभिल|瓦卡维尔
Valencia,city,CA,34.44361,-118.60953,148456,
Valinda,city,CA,34.04529,-117.94367,22822,
Valle Vista,city,CA,33.7478,-116.89336,14578,Florida|Vali Vista|Valle-Vista|Vallevista|bhyale bhista|faly fysta|wa er wei si ta|wal wysta|wal wysta  kalyfwrnya|Вали Виста|Валле-Виста|Валле-Віста|فالى فيستا|فالي فيستا|وال ویستا|وال ویستا، کالیفورنیا|भ्याले भिस्टा|瓦爾維斯塔
Vallejo,city,CA,38.10409,-122.25664,121692,VLO|Val'ekho|Val'jo|Valejo|Valekho|balleio|bhaleyo|falyjw|vuareho|wa lie huo|walhw  kalyfrnya|walyjw|Валехо|Валејо|Вальехо|Вальйо|فاليجو|والهو، کالیفرنیا|والیجو|भालेयो|ヴァレーホ|瓦列霍|발레이오
Van Nuys,city,CA,34.18667,-118.44897,136443,Van-Najs|baennaijeu|fan nwys|Ван-Найс|فان نويس|ون نایز، لس‌آنجلس|밴나이즈
Venice,city,CA,33.99084,-118.46008,40885,Venetia|Venice beach|Venis|beniseu|fynsya|vuenisu|wei ni si|Βένις|Венис|فينسيا|ونیز، لس‌آنجلس|ヴェニス|威尼斯|베니스
Ventura,city,CA,34.27834,-119.29317,96769,La Asumpta|La Asuncionde Nuestra Senora|La Pueblo de los Canoas|Mishkanakan|Mitskanakan|Poinsettia City|Ponsettia City by the Sea|Pueblo De las Canoas|Pueblo de Canoas|S B Ventura|San Buenaventura|The Palm City|Ventura-by-the Sea|benchura|bentula|fyntwra|syana byuyanabhencura|wen tu la|wnchra|wntwra  kalyfrnya|Вентура|فينتورا|ونتورا، کالیفرنیا|ونچرا|स्यान ब्युयनाभेन्चुरा|ベンチュラ|文图拉|벤투라
Victorville,city,CA,34.53611,-117.29116,122225,Mormon Crossing|Séídą́ąʼjįʼ Kin|VCV|Victor|Viktorvil|Viktorvil'|Viktorvile|Viktorvilis|Viktorvill|Vikturvil|bhiktarabhila|bhiktobhila|bigteobil|fyktwrfyl|fyktwrfyly|vhiktoravile|viktarville|viktoravila|viktoravile|viktoriville|viktorvilli|vuikutavuiru|wei ke duo wei er|wik te xr will|wyktwr wyl  kalyfrnya|wyktwrwyl  kalyfwrnya|wyqtwrwwyl|Βίκτορβιλ|Викторвил|Викторвилл|Виктървил|Вікторвіль|ויקטורוויל|فيكتورفيل|فيكتورفيلى|وکٹرویل، کیلیفورنیا|وکٹورولے|ویکتور ویل، کالیفرنیا|ویکتورویل، کالیفورنیا|भिक्टरभिल|विक्टोरविले|व्हिक्टोरविले|ভিক্টোভিল|વિક્ટોરવિલ|விக்டோர்வில்லீ|విక్టోరివిల్లే|ವಿಕ್ಟರ್ವಿಲ್ಲೆ|വിക്ടർവില്ലെ|වික්ටර්විල්|วิกเตอร์วิลล์|ヴィクターヴィル|維克多維爾|维克多维尔|빅터빌
Vincent,city,CA,34.50055,-118.11646,15922,
Visalia,city,CA,36.33023,-119.29206,130104,Buena Vista|VIS|Vajsejlija|Vajselija|Vicealia|Visaija|Visejlija|baiseiria|bhisaliya|fysalya|wei sai li ya|wysalya|wysalya  kalyfrnya|Вайселия|Вајсејлија|Висейлия|Вісейлія|فيساليا|ویسالیا|ویسالیا، کالیفرنیا|भिसालिया|バイセイリア|維塞利亞
Vista,city,CA,33.20004,-117.24254,100890,Chéchʼil Dootłʼizhíiʼii|bhista|biseuta|bisuta|fysta|vhista|wei si ta|wi s ta|wysta  kalyfrnya|wysta  kalyfwrnya|wysth|Βίστα|Виста|Віста|ויסטה|فيستا|وسٹا|وسٹا، کیلیفورنیا|ویستا، کالیفرنیا|ویستا، کالیفورنیا|भिस्टा|विस्टा|व्हिस्टा|ভিস্তা|વિસ્ટા|விஸ்டா|విస్టా|ವಿಸ್ತಾ|විස්ටා|วิสตา|ビスタ|維斯塔|维斯塔|비스타
Walnut,city,CA,34.02029,-117.86534,30237,Lemon|Uolnat|Uolnut|Volnat|valanata|walnat  kalyfrnya|walnwt|wo er na te|Волнат|Уолнат|Уолнът|والنات، کالیفرنیا|والنوت|वालनट|沃尔纳特
Walnut Creek,city,CA,37.90631,-122.06496,68910,Goualnout Krik|Uolnat-Krik|Uolnat-Kryk|Uolnt Krijk|Volnat Krik|Volnat-Krik|he tao xi|valanata krika|walnat kryk  kalyfrnya|walnat kryk  kalyfwrnya|walnwt kryk|wolneoskeulig|Γουάλνουτ Κρικ|Волнат Крик|Волнат-Крик|Волнат-Крік|Уолнат-Крик|Уолнат-Крык|Уолнът Крийк|ולנאט קריק|والنات کریک، کالیفرنیا|والنات کریک، کالیفورنیا|والنوت كريك|والنٹ کریک، کیلیفورنیا|वालनट क्रीक|വാൽനട്ട് ക്രീക്ക്|ウォールナット・クリーク|核桃溪|월넛크릭
Walnut Park,city,CA,33.96807,-118.22507,15966,Volnat Park|Volnat-Park|valanata parka|walnat park|walnat park  kalyfwrnya|walnwt bark|wo er na te gong yuan|Волнат Парк|Волнат-Парк|والنات پارک|والنات پارک، کالیفورنیا|والنوت بارك|वालनट पार्क|沃爾納特公園
Watsonville,city,CA,36.91023,-121.75689,53628,Apple City|Pajaro|Sugar City|Uotsunvil|Votsonvil|WVI|vatasanabhila|watosonbiru|watswn wyl  kalyfrnya|watswnfyl|wo sen wei er|Вотсонвил|Уотсънвил|واتسون ویل، کالیفرنیا|واتسونفيل|वाटसनभिल|ワトソンビル|沃森维尔
West Carson,city,CA,33.82168,-118.29257,21699,Vest Karson|Vest-Karson|vesta karasana|wst karswn|wst karswn  kalyfwrnya|wyst karswn|xi ka sen|Вест Карсон|Вест-Карсон|وست کارسون|وست کارسون، کالیفورنیا|ويست كارسون|वेस्ट कारसन|西卡森
West Covina,city,CA,34.06862,-117.93895,108484,Okcidenta Covina|Uehst-Kovina|Vest Kovina|Zapadna Kovina|Zapadnaja Kovina|uesutokobina|vesta kobhina|weseuteukobina|wst kwwyna  kalyfrnya|wst qwbynh|wyst kwfyna|xi ke wen na|Вест Ковина|Западна Ковина|Западная Ковина|Уэст-Ковина|וסט קובינה|وست کووینا، کالیفرنیا|وسٹ کووینا|ويست كوفينا|वेस्ट कोभिना|ウェストコビーナ|西柯汶纳|웨스트코비나
West Hollywood,city,CA,34.09001,-118.36174,36222,Dytiko Choligount|Okcidenta Holivudo|Sherman|Tay Hollywood|Tây Hollywood|Uehst-Gollivud|Vakaru Holivudas|Vakarų Holivudas|Vest Kholivud|Vestholivuda|Zakhidnij Gollivud|Zapaden Kholivud|merku halivut|oyesta hali'uda|vesrr healivud|vest halivud|vesta halivuda|vesta holivuda|weseuteuhalliudeu|west hxlliwud|wst halywwd  kalyfrnya|wst halywwd  kalyfwrnya|wst hwlywwd|wysant hwlywwwd|wyst hwlywwd|xi hao lai wu|xi he li huo|Δυτικό Χόλιγουντ|Вест Холивуд|Западен Холивуд|Захидний Голливуд|Західний Голлівуд|Уэст-Голливуд|Վեսթ Հոլիվուդ|וסט הוליווד|مغربی ہالی ووڈ، کیلیفورنیا|وست هالیوود، کالیفرنیا|وست هالیوود، کالیفورنیا|ويسانت هوليووود|ويست هوليوود|वेस्ट हलिवूड|वेस्ट हॉलीवुड|वेस्ट हॉलीवूड|ওয়েস্ট হলিউড|વેસ્ટ હોલીવુડ|மேற்கு ஹாலிவுட்|వెస్ట్ హాలీవుడ్|ವೆಸ್ಟ್ ಹಾಲಿವುಡ್|വെസ്റ്റ് ഹോളിവുഡ്|බටහිර හොලිවුඩය|เวสต์ ฮอลลีวู้ด|ウェスト・ハリウッド|西好莱坞|西好萊塢|西荷里活|웨스트할리우드
West Puente Valley,city,CA,34.05168,-117.9684,22636,Vest Pventi Vali|Vest-Puente|vesta pyu'ente bhyali|wyst bwynty faly|xi gu qiao|Вест Пвенти Вали|Вест-Пуенте|وست‌پوئنته ولی|وست‌پوئنته ولی، کالیفورنیا|ويست بوينتى فالى|ويست بوينتي فالي|वेस्ट प्युएन्टे भ्याली|西谷橋
West Sacramento,city,CA,38.58046,-121.53023,52721,Vest Sakramento|Zapaden Sakramento|vesta syakramento|wst sakramntw  kalyfrnya|wyst sakramyntw|xi sa ke la men tuo|Вест Сакраменто|Западен Сакраменто|وست ساکرامنتو، کالیفرنیا|ويست ساكرامينتو|वेस्ट स्याक्रामेन्टो|西萨克拉门托
Westminster,city,CA,33.75918,-118.00673,92114,Uestministur|Vestminster|Westminister|vestaminstara|wei si min si te|wst mynstr  kalyfrnya|wystmynstyr|Вестминстер|Уестминистър|وست مینستر، کالیفرنیا|وسٹ منسٹر|ويستمينستير|वेस्टमिन्स्टर|威斯敏斯特
Westmont,city,CA,33.9414,-118.3023,31853,
Whittier,city,CA,33.97918,-118.03284,87438,Uitiur|Vitir|hui ti er|hwitieo|uittia|vhitiyara|waytyr  kalyfrnya|wytyr|Витир|Уитиър|وائٹئر|وایتیر، کالیفرنیا|ويتير|व्हिटियर|ウィッティア|惠提尔|휘티어
Wildomar,city,CA,33.59891,-117.28004,35632,Uajldomar|Vajldomar|Vildomar|huai er duo ma|vikdomara|wwyldwmr|wyldwmar|wyldwmar  kalyfrnya|wyldwmar  kalyfwrnya|Вайлдомар|Вилдомар|Уайлдомар|ווילדומר|وائلڈمار، کیلیفورنیا|ويلدومار|ویلدومار، کالیفرنیا|ویلدومار، کالیفورنیا|विक्डोमार|വിൽഡോമർ|怀尔多马
Willowbrook,city,CA,33.91696,-118.25507,35983,Villoubruk|Viloubruk|vilobruka|wei luo bu lu ke|wylwbrwk|wylwbrwk  kalyfwrnya|Виллоубрук|Вилоубрук|Віллоубрук|ويلوبروك|ویلوبروک|ویلوبروک، کالیفورنیا|विलोब्रूक|ウィロー・ブルック|威洛布魯克
Wilmington,city,CA,33.78002,-118.26257,52000,New San Pedro|Newtown|ویلمینگٹن، لاس اینجلس، کیلیفورنیا
Windsor,city,CA,38.54713,-122.81638,27464,Poor Man's Flat|Uindzor|Vindzor|uinza|vindara|wen sha|wyndswr|wyndswr  kalyfrnya|wyndswr  kalyfwrnya|Виндзор|Віндзор|Уиндзор|ونڈسر، کیلیفورنیا|ويندسور|ویندسور، کالیفرنیا|ویندسور، کالیفورنیا|विन्डर|വിൻഡ്‍സർ|ウィンザー|温莎
Winnetka,city,CA,34.21334,-118.57203,47000,
Winter Gardens,city,CA,32.83116,-116.93336,20631,
Winton,city,CA,37.38938,-120.61325,10613,Binaayoli|Binááyołí|Vinton|Windfield|uinton|vintana|wen dun|wyntwn|wyntwn  kalyfwrnya|Винтон|Вінтон|وينتون|وینتون|وینتون، کالیفورنیا|विन्टन|ウィントン|温顿|溫頓
Woodcrest,city,CA,33.88224,-117.35727,14347,Vudkrest|vudakresta|wu de ke lei si te|wwdkrst|wwdkrst  kalyfwrnya|wwdkryst|Вудкрест|وودكريست|وودکرست|وودکرست، کالیفورنیا|वूडक्रेस्ट|伍德克雷斯特
Woodland,city,CA,38.67852,-121.7733,58567,By Hell|Udlend|Vudland|Yolo City|uddorando|udeullaendeu|vudalyanda|wu de lan|wwdlnd  kalyfrnya|wwwdland|Вудланд|Удленд|وودلند، کالیفرنیا|ووودلاند|ووڈلینڈ، کیلیفورنیا|वूडल्यान्ड|ウッドランド|伍德兰|우들랜드
Woodland Hills,city,CA,34.16834,-118.60592,70000,Girad|Girard
Yorba Linda,city,CA,33.88863,-117.81311,67973,Giormpa Linta|Jorba Linda|Jorba-Linda|Jorbalinda|iyoba linda|yarba linda|yobeo lindeo|yobra linda|yobralinda|yoraba linda|yorpa linta|yue ba lin da|ywrba lynda|ywrba lynda  kalyfrnya|ywrba lynda  kalyfwrnya|ywrbh lyndh|yxr ba lin da|Γιόρμπα Λίντα|Ёрба-Лінда|Јорба Линда|Йорба Линда|Йорба-Линда|Йорба-Лінда|Յորբա Լինդա|יורבה לינדה|يوربا ليندا|یوربا لیندا، کالیفرنیا|یوربا لیندا، کالیفورنیا|یوربہ لنڈا، کیلی فورنیا|योब्रा लिन्डा|योरबा लिंडा|ইয়োবা লিন্ডা|યોબ્રા લિન્ડા|யொர்பா லிண்டா|యోబ్రాలిండా|ಯಾರ್ಬಾ ಲಿಂಡಾ|യോർബ ലിൻഡ|යෝබ්‍රා ලින්ඩා|ยอร์บาลินดา|ヨーバ・リンダ|約巴林達|约巴林达|요버 린더
Yuba City,city,CA,39.14045,-121.61691,66941,Juba Siti|Juba-Siti|Kota Yuba|Thanh pho Yuba|Thành phố Yuba|Yuba Lakanbalen|you ba cheng|yuba siti|yubashiti|ywba syty|ywba syty  kalyfrnya|Јуба Сити|Юба Сити|Юба-Сити|يوبا سيتي|یبا سٹی، کیلی فورنیا|یوبا سیتی، کالیفرنیا|युबा सिटी|ユバシティ|尤巴城
Yucaipa,city,CA,34.03363,-117.04309,53328,Jukajpa|Jukipa|Teeh Haltsoii|Tééh Haltsoii|you ka pa|yuka'ipa|yukaipa|yukaippa|ywkaypa  kalyfrnya|ywkaypa  kalyfwrnya|ywkyba|ywkypa  kyly fwrnya|ywqyyph|Јукајпа|Юкайпа|Юкипа|יוקייפה|يوكيبا|یوکایپا، کالیفرنیا|یوکایپا، کالیفورنیا|یوکیپا، کیلی فورنیا|युकाइपा|യൂകൈപ്പ|ユカイパ|尤卡帕|유카이파
Yucca Valley,city,CA,34.11417,-116.43224,21600,Juka Vali|si lan gu|yka wyly  kyly fwrnya|yukabaelli|yukka bhyali|ywka wly  kalyfrnya|ywkka faly|Јука Вали|Юка Вали|يوككا فالي|یوکا ولی، کالیفرنیا|یکا ویلی، کیلی فورنیا|युक्का भ्याली|丝兰谷|유카밸리
Arvada,city,CO,39.80276,-105.08748,115368,Arvadae|Arvado|Arveda|Ralston Point|Ralston Station|a wa da|abada|abaeda|arbhada|arfada|arvada  kwlwradw|arvhada|arwada  klradw|arwada  kwlwradw|Арвадæ|Арвада|Арведа|Арвәде|Արվադա|ארבאדה|آروادا، کلرادو|آروادا، کولورادو|آرواڈا، کولوراڈو|آرڤادا، کولورادو|أرفادا|ارفادا|अर्भादा|आर्व्हाडा|ອາວາດາ|アーバダ|阿瓦达|阿瓦達|아배다
Aurora,city,CO,39.72943,-104.83192,359407,Avrora|Fletcher|Orora|ao luo la|arwra  klradw|awrwra|olola|orora|Аврора|Аурора|Орора|אורורה|آرورا، کلرادو|أورورا|ارورا، کولوراڈو|ऑरोरा|औरोरा|オーロラ|奥罗拉|오로라
Berkley,city,CO,39.80443,-105.02609,11207,Berkli|bo ke li|brkly|brkly  kwlwradw|Беркли|Берклі|برکلی|برکلی، کولورادو|برکلے، کولوراڈو|伯克利
Black Forest,city,CO,39.01305,-104.70081,13116,Blek Forist|blyaka pharesta|Блек Форист|ब्ल्याक फरेस्ट
Brighton,city,CO,39.98526,-104.82053,37585,Brajton|Brajtun|Hughes|Hughes Junction|bra'itana|braytn  klradw|braytwn|bu lai dun|Брайтон|Брайтън|Брајтон|برائٹن، کولوراڈو|برايتون|برایتن، کلرادو|ब्राइटन|布莱顿
Broomfield,city,CO,39.92054,-105.08665,65065,BJC|Broomfield Heights|City of Broomfield|Zangs Spur
Cañon City,city,CO,38.44098,-105.24245,16400,CNE|Canon City|Canyon City|East Canon|Kanon Siti|Kanono siti|Keniun Siti|kann syty  klradw|kanwn syty|kyanana siti|Каноно сити|Кањон Сити|Кениън Сити|كانون سيتي|کانن سیتی، کلرادو|کینن سٹی، کولوراڈو|क्यानन सिटी
Castle Rock,city,CO,39.37221,-104.85609,55591,Kasl Rok|Kasul Rok|cheng bao shi|kasl rak  klradw|kasl rwk|kyasala raka|Касл Рок|Касъл Рок|كاسل روك|کاسل راک، کلرادو|کیسل راک، کولوراڈو|क्यासल रक|城堡石
Castlewood,city,CO,39.58471,-104.90109,25271,
Centennial,city,CO,39.57916,-104.87692,109741,Sentenial|Sentenijal|Sentennial|sen te ni er|senteniaru|sntnyal  klradw|syntynyal|Сентениал|Сентенијал|Сентенниал|Сентенніал|Центенниал|סנטניאל|سنتنیال، کلرادو|سينتينيال|سینٹینیل، کولوراڈو|センテニアル|森特尼尔
Cimarron Hills,city,CO,38.85861,-104.69886,16161,
Clifton,city,CO,39.09193,-108.44898,19889,Clifton (Colorado)|Klifton|Клифтон
Colorado Springs,city,CO,38.83388,-104.82136,456568,COS|Colorado Spgs|El Paso|Fontes Coloratenses|Kalarada-Spryngs|Kolorado Springs|Kolorado Springsas|Kolorado Sprinqs|Kolorado-Springs|Kolorado-Springz|Koloradospringsa|Koloranto Sprin'nks|Kolorādospringsa|kalorado sprinsa|ke luo la duo si pu lin si|klradw aspryngz|kolloladoseupeulingseu|kolorado springja|kolorado springs|kolorryado springas|kororadosupuringusu|kwlwradw sbrynghs|qwlwrdw spryngs|Κολοράντο Σπρινγκς|Каларада-Спрынгс|Колорадо Спрингс|Колорадо-Спрингс|Колорадо-Спрінгз|Կոլորադո Սպրինգս|קולורדו ספרינגס|كولورادو سبرينغس|کلرادو اسپرینگز|کولاریڈو سپرنگس، کولاریڈو|कॉलोराडो स्प्रिंग्ज|कोलोराडो स्प्रिंग्स्|कोलोर्र्याडो स्प्रिङ्गस्|কলোরাডো স্প্রিংস|კოლორადო-სპრინგზი|コロラドスプリングス|科罗拉多斯普林斯|콜로라도스프링스
Columbine,city,CO,39.58777,-105.06943,24280,Kolambajn|Kolombina|Kolumbajn|Kolumbayn|ke lun bai en|klwmbayn|klwmbayn  kwlradw|kolamba'ina|koronbain|Коламбайн|Коломбина|Колумбајн|Կոլումբայն|کلومباین|کلومباین، کولرادو|कोलम्बाइन|コロンバイン|科倫拜恩
Commerce City,city,CO,39.80832,-104.93387,53696,Commerce Town|Derby|Komers Siti|Kommerse Siti|Kumurs Siti|kamarsa siti|kamrs syty  klradw|keomeoseusiti|kwmyrk syty|shang mao cheng|Комерс Сити|Коммерсе Сити|Къмърс Сити|كوميرك سيتي|کامرس سٹی، کولوراڈو|کامرس سیتی، کلرادو|कमर्स सिटी|商贸城|커머스시티
Denver,city,CO,39.73915,-104.9847,729019,DEN|Dehnver|Denber|Denver County|Denvera|Denveres|Denveris|Denverium|Denvero|Denverės|Denvr|Denwer|Dénwér|Mile-High City|Ntenver|Queen City of the Plains|Saint Charles|The Mexican Diggings|The Spanish Diggings|dainavara|dan fu|denabhara|denabhara ka'unti|denavara|denba|denbeo|denbhara|denvar|denveri|denvhara|denwexr|dnfr|dnwr|dnwr  klradw|dnwwr|tenvar|Ντένβερ|Денвер|Денвър|Дэнвер|Դենվեր|דנוור|דענווער|دنفر|دنور|دنور، کلرادو|ڈینور|डॅनवर|डेन्भर|डेन्वर्|डेन्व्हर|देन्भर|ডেনভার|ডেনভার কাউন্টি|ਡੈਨਵਰ|டென்வர்|డెన్వర్|ഡെൻവർ|เดนเวอร์|დენვერი|ደንቨር|デンバー|丹佛|덴버
Durango,city,CO,37.27528,-107.88007,18006,DRO|Kin Lani|Kin Łání|deyurango|du lan ge|dwranghw|dwrangw  klradw|Дуранго|دورانغو|دورانگو، کلرادو|ڈورینگو، کولوراڈو|डुरांगो|デュランゴ|杜兰戈
Edwards,city,CO,39.64499,-106.5942,10266,Berrys Ranch|Dzidze Bikooh|Dzidzé Bikooh|Edvards|Ehdvards|adwardz|adwardz  kwlwradw|ai de hua zi|edavardsa|edvardas|Едвардс|Эдвардс|ادواردز|ادواردز، کولورادو|ایڈورڈز، کولوراڈو|एडवर्ड्स|एड्वार्डस्|愛德華茲
Englewood,city,CO,39.64777,-104.98776,33082,Ehnglevud|Ehnglvud|Englvud|Engulud|Fisks Gardens|Inglvud|New Dawn Rejuvenation|Orchard Place|anglwwd  klradw|anjlwwd|anqlywwd  kwlwradw|en gao huo|en ge er wu de|enguruuddo|enjelavuda|Енглвуд|Енгълуд|Инглвуд|Энглвуд|Энглевуд|אנגלווד|إنجلوود|انجلوود|انقلیوود، کولورادو|انگلوود، کلرادو|اینگلووڈ، کولوراڈو|एंजेलवूड|エングルウッド|恩格尔伍德|恩格爾伍德|恩高活
Federal Heights,city,CO,39.85137,-104.99859,12381,
Fort Carson,city,CO,38.73749,-104.78886,13813,Camp Carson|Fort Karson|Ft Carson|pharta karasana|Форт Карсон|फर्ट कारसन
Fountain,city,CO,38.68222,-104.70081,27767,Fauntin|Fountehjn|fawntn|fwntn  klradw|pen quan|pha'untena|Фаунтин|Фоунтэйн|فاؤنٹین، کولوراڈو|فاونتن|فونتن، کلرادو|फाउन्टेन|喷泉
Fruita,city,CO,39.15887,-108.72899,12795,Fruitdale|Fruta|frwta  klradw|frwyta|fu lu ta|peulu-ita|phruta|Фруита|Фрута|فروتا، کلرادو|فرويتا|फ्रुटा|弗鲁塔|프루이타
Golden,city,CO,39.75554,-105.2211,20330,Goldun|ge er deng|ghwldn|gldn  klradw|goldena|Голден|Голдън|Ґолден|غولدن|گلدن، کلرادو|گولڈن، کولوراڈو|गोल्डेन|戈尔登
Grand Junction,city,CO,39.06387,-108.55065,60358,GJT|Grand DZankshon|Grand Dzhankshen|Grand Dzhankshn|Grand Dzhunkshun|Grand-Dzhankshen|Grand-Dzhankshn|Ute|da zhang ke shen|ghrand jnkshn|gramda janksana|grand jankshn  klradw|gryanda janksana|gurandojankushon|Гранд Џанкшон|Гранд Джанкшен|Гранд Джанкшн|Гранд Джънкшън|Гранд-Джанкшен|Ґранд-Джанкшн|גראנד גנקשן|غراند جنكشن|گراند جانکشن، کلرادو|گرینڈ جنکشن، کولوراڈو|ग्रँड जंक्शन|ग्र्यान्ड जंक्सन|グランドジャンクション|大章克申
Greenwood Village,city,CO,39.61721,-104.95081,15663,Grijnud Vilidzh|Grinvud Vilidz|Grinvud Villehjdzh|Grinvud-Villedzh|ge lin wu de cun|ghrynwwd fylyj|grinavuda bhileja|grynwwd wylyj  klradw|Грийнуд Вилидж|Гринвуд Вилиџ|Гринвуд Виллэйдж|Гринвуд-Вилледж|Ґрінвуд-Вілледж|غرينوود فيليج|گرینوود ویلیج، کلرادو|گرینووڈ گاؤں، کولوراڈو|ग्रीनवूड भिलेज|格林伍德村
Highlands Ranch,city,CO,39.55388,-104.96943,96713,Hailands Rancas|Hailands Rančas|Khajlands Ranch|ha'ilyandsa rryanca|Хайландс Ранч|Хајландс Ранч|हाइल्यांड्स र्र्यान्च
Ken Caryl,city,CO,39.57582,-105.11221,32438,Ken Karil|Ken-Karil|ken ka li er|kena kyarila|kn karyl|kn karyl  kwlwradw|Кен Карил|Кен-Карил|کن کاریل|کن کاریل، کولورادو|केन क्यारिल|肯卡里爾
Lafayette,city,CO,39.9936,-105.08971,27729,Lafaehtt|Lafaett|Lafajet|Lafajett|Lafejet|la fa ye|lafayt  klradw|lafayt  kwlwradw|lafayyt|lapeies|laphayeta|rafaietto|Лафайет|Лафайетт|Лафаэтт|Лафаєтт|Лафејет|لافائیٹ، کولوراڈو|لافاييت|لافایت، کلرادو|لافایت، کولورادو|लाफायेट|ラファイエット|拉法叶|拉法葉|라페이엣
Lakewood,city,CO,39.70471,-105.08137,152597,Lehjkvud|Lejkud|Lejkvud|lai ke wu de|leikeuudeu|lekavuda|lykwwd|lykwwd  klradw|lyyqwwd|reikuuddo|Лейквуд|Лейкуд|Лејквуд|Лэйквуд|לייקווד|ليكوود|لیک ووڈ، کولوراڈو|لیکوود، کلرادو|लेकवूड|レイクウッド|萊克伍德|레이크우드
Littleton,city,CO,39.61332,-105.01665,46368,Litlton|Littlton|Litultun|li te er dun|litalatana|liteulteon|lytltwn|lytltwn  klradw|Λίτλτον|Литлтон|Литтлтон|Литълтън|Літлтон|ليتلتون|لٹلٹن، کولوراڈو|لیتلتون، کلرادو|लिटलटन|利特尔顿|리틀턴
Lone Tree,city,CO,39.55171,-104.8863,13175,Lon Tri|Loun Tri|Loun Trij|Loun-Tri|Sola Arbo|Tsin Ííʼáhí|lan try  klradw|lona tri|long na te li|lwn try|Лон Три|Лоун Три|Лоун Трий|Лоун-Три|Лоун-Трі|لان تری، کلرادو|لون ترى|لون تري|لون ٹری، کولوراڈو|लोन ट्री|ローン・トゥリー|隆娜特里
Louisville,city,CO,39.97776,-105.13193,20396,Luisvil|Lujsvill|lu yi si wei er|lu'ibhila|lwyyswyl  klradw|lwyzfyl|Луисвил|Луйсвилл|لوئیزویل، کولوراڈو|لوئیسویل، کلرادو|لويزفيل|लुईभिल|路易斯维尔
Montrose,city,CO,38.47832,-107.87617,19062,MTJ|Montrouz|meng te luo si|montaroja|mwntrw  klradw|mwntrwz|Монтроуз|مونترو، کلرادو|مونتروز|مونٹروز، کولوراڈو|मोन्टरोज|蒙特罗斯
Northglenn,city,CO,39.88554,-104.9872,39197,Nortglen|bei ge lun|narthaglena|nwrthghlyn|nwrthgln  klradw|Нортглен|نارتھگلین، کولوراڈو|نورثغلين|نورثگلن، کلرادو|नर्थग्लेन|北葛伦
Parker,city,CO,39.5186,-104.76136,49550,Parkur|barkr|pa ke|parkara|parkr  klradw|Паркер|Паркър|باركر|پارکر، کلرادو|پارکر، کولوراڈو|पार्कर|帕克
Pueblo,city,CO,38.25445,-104.60914,109412,Independence|PUB|Puehblo|bwyblw|peblo|phiw bol|pu wei bu luo|puebeullo|pueburo|pwablw  klradw|pyu'eblo|pywblw|Пуебло|Пуэбло|פואבלו|بويبلو|پوابلو، کلرادو|پوابلو، کولوراڈو|پیوبلو|पेब्लो|प्युएब्लो|พิวโบล|プエブロ|普韋布洛|푸에블로
Pueblo West,city,CO,38.35,-104.72275,29637,
Sherrelwood,city,CO,39.83776,-105.00137,18287,Sherelvud|Sherrelvud|serelavuda|she lei er wu de|shrlwwd|shrlwwd  kwlwradw|Шерелвуд|Шеррелвуд|شرلوود|شرلوود، کولورادو|शेरेलवूड|舍雷爾伍德
Southglenn,city,CO,39.58721,-104.95276,42268,
Superior,city,CO,39.95276,-105.1686,12980,Supirior|Supiriur|su bi li er|superiyara|swbrywr|swpryr  klradw|Супериор|Супириор|Съпириър|سوبريور|سوپریر، کلرادو|سپیریئر، کولوراڈو|सुपेरियर|苏必利尔
The Pinery,city,CO,39.45527,-104.73442,10517,
Thornton,city,CO,39.86804,-104.97192,133451,Sorton|Tornton|Torntun|sang dun|sonton|swrntwn  klradw|tharnatana|thwrntwn|twrntwn|Сортон|Торнтон|Торнтън|תורנטון|تھورن ٹن، کولوراڈو|ثورنتون|سورنتون، کلرادو|थर्नटन|ソーントン|桑頓
Welby,city,CO,39.83665,-104.95915,14846,
Westminster,city,CO,39.83665,-105.0372,116317,Harris Park|Uehstminster|Uestminstur|Vestminster|uesutominsuta|vestaminstara|wei si min si te|wstmnstr|wstmynstr|wstmynstr  klradw|wztmynztr  kwlwradw|Вестминстер|Вестмінстер|Уестминстър|Уэстминстер|וסטמינסטר|وزتمینزتر، کولورادو|وستمنستر|وستمینستر، کلرادو|ویسٹ منسٹر، کولوراڈو|वेस्टमिन्स्टर|ウェストミンスター|威斯敏斯特
Wheat Ridge,city,CO,39.7661,-105.07721,31192,Uijt Ridzh|Uit Ridzh|Vit Ridz|Wheatridge|mai ling|vhita rija|wyt rydj|wyt rydj  klradw|Вит Риџ|Уийт Ридж|Уит Ридж|ويت ريدج|ویت ریدج، کلرادو|ویٹ ریج، کولوراڈو|व्हिट रीज|麦岭
Dodge City,city,KS,37.7528,-100.01708,27912,Buffalo City|DDC|Dadz Siti|Dodzh Siti|Dodzh-Siti|Dodzh-siti|Fort Dodge|daj syty  kanzas|doja siti|dojisiti|dojjishiti|dwdj syty|Даџ Сити|Додж Сити|Додж-Сіті|Додж-сити|داج سیتی، کانزاس|دودج سيتي|ڈاج سٹی، کنساس|डॉज सिटी|ドッジシティ|도지시티
Garden City,city,KS,37.97169,-100.87266,27005,Fulton|GCK|Garden Siti|gardn syty  kanzas|ghardn syty|Гарден Сити|غاردن سيتي|گاردن سیتی، کانزاس|گارڈن سٹی، کنساس
Liberal,city,KS,37.04308,-100.921,20746,LBL|Liberal'naja|Neutral City|lbrl  knsas|lybral|lybral  kanzas|Либерал|Либеральная|لبرل، کنساس|ليبرال|لیبرال، کانزاس
Alamogordo,city,NM,32.89953,-105.96027,30753,ALM|Alamo Gordo|aellamogodo|alamwghwrdw|almagwrdw  nywmkzykw|aramogodo|Аламогордо|Аламоґордо|ألاموغوردو|الماگوردو، نیومکزیکو|ایلاموگورڈو، نیو میکسیکو|แอละโมกอร์โด|アラモゴード|앨라모고도
Albuquerque,city,NM,35.08449,-106.65114,564559,ABQ|Al'bukerke|Albakerki|Albakrki|Albjukuehrokju|Albukerke|Albukerki|Albukerko|Albukerkė|Albukwer kwe|Albukwér kwé|Alburquerque|Almpoukerki|Beeldil Daesenili *|Beeʼeldííl Dahsinil|Duke City|New Albuquerque|San Felipe de Neri|San Francisco Xavier|San Francisco de Albuquerque|The Duke City|Vokekyi Leuwi *|a bu kui ji|aelbeokeoki|alabakarki|alabukaraki|albakrky|albukark|albukarki|albukʼerkʼe|albwkrk  nyw myksykw|albwkrky|alpukerkki|arubakaki|Αλμπουκέρκη|Албакерки|Албакърки|Албукерки|Албюкуэрокю|Альбукерке|Ալբուկերկե|אלבקרקי|آلبوکرک، نیو میکسیکو|ألباكركي|البوکرکی|आल्बुकर्की|আলবাকার্কি|ਅਲਬੂਕਰਕੀ|ஆல்புகெர்க்கி|ಆಲ್ಬುಕರ್ಕ್|แอลบูเคอร์คี|ალბუკერკე|アルバカーキ|阿布奎基|앨버커키
Artesia,city,NM,32.84233,-104.4033,12036,ATS|Artehzija|Artezija|Artizha|a di xi ya|artyshya|artyzha  nywmkzykw|Łeeyiʼtó|Артезия|Артезія|Артижа|Артэзия|آرتیژا، نیومکزیکو|أرتيشيا|ارتيشيا|ارٹیسیا، نیو میکسیکو|ཨར་ཊེ་སི་ཡ།|阿蒂西亞
Carlsbad,city,NM,32.42067,-104.22884,28957,CNM|Karlsbad|kaljeubaedeu|karlsbad|karlzbd  nywmkzykw|karuzubaddo|Карлсбад|كارلسباد|کارلزبد، نیومکزیکو|کارلزبیڈ، نیو میکسیکو|カールズバッド|칼즈배드
Chaparral,city,NM,32.02376,-106.38566,14631,Chapparal
Clovis,city,NM,34.4048,-103.20523,39480,CVN|Glovis|Klovis|Riley Station|Riley Switch|klwfys  nywmksykw|klwwys  nywmkzykw|kurovuisu|Гловис|Кловис|كلوفيس، نيومكسيكو|کلوویس، نیومکزیکو|クローヴィス
Deming,city,NM,32.2687,-107.75864,14522,DMN|Dehming|New Chicago|de ming|demingu|di ming|dmyng  nywmkzykw|dymyngh|Деминг|Демінг|Дэминг|دمینگ، نیومکزیکو|ديمينغ|ڈیمنگ، نیو میکسیکو|ดีมิง|デミング|德明
Española,city,NM,35.99113,-106.08058,10224,Butsabi'i|ESO|Ehspan'ola|Ehspanola|Espan'ola|Espaniola|Espanola|asbanwla|aspanywla  nywmkzykw|ayspanwla  nyw myksykw|Еспаньола|Еспањола|Эспанола|Эспаньола|إسبانولا|اسپانیولا، نیومکزیکو|ایسپانولا، نیو میکسیکو
Farmington,city,NM,36.72806,-108.21869,42871,FMN|To Ta|Tohta|Tqo Tah|Tótaʼ|farmynghtwn|farmyngtn  nywmkzykw|prmyngtwn|Фармингтон|Фармінґтон|פרמינגטון|فارمنگٹن، نیو میکسیکو|فارمينغتون|فارمینگتن، نیومکزیکو
Gallup,city,NM,35.52808,-108.74258,23240,GUP|Galap|Gallap|Gehllap|Na'nizhoozhi|Nanizhoozhi|Naʼnízhoozhí|gelapa|ghalwb|glwp  nywmkzykw|gylp  nyw myksykw|Галап|Галлуп|Гэллап|Ґаллап|غالوب|گلوپ، نیومکزیکو|گیلپ، نیو میکسیکو|गॅलप
Hobbs,city,NM,32.70261,-103.13604,38416,Gobbs|HOB|Khobbs|Khobs|New Hobbs|habz  nywmkzykw|hwbz|Гоббс|Хоббс|Хобс|هابز، نیومکزیکو|هوبز|ہابس، نیو میکسیکو
Las Cruces,city,NM,32.31232,-106.77834,101643,LRU|Las Krjusehs|Las Kruses|Las Krusis|Las-Kruses|la si ke lu sai si|las kruces|las krwss  nywmkzykw|las krwsys|las krwsys  nyw myksykw|laseukeulusiseu|rasukurusesu|Лас Крусес|Лас Крусис|Лас Крюсэс|Лас-Крусес|לאס קרוסס|لاس كروسيس|لاس کروسس، نیومکزیکو|لاس کروسیس، نیو میکسیکو|லாஸ் க்ரூசெஸ்|ラスクルーセス|拉斯克鲁塞斯|라스크루시스
Las Vegas,city,NM,35.59393,-105.2239,13386,East Las Vegas|LVS|Las Vegas City|Las-Vegas|Nuestra Senora de los Dolores de las Vegas|Vegas de las Gallinas|West Las Vegas|las fyghas|las wgas  nywmkzykw|las wygas  nyw myksykw|lasa vhegasa|laseubeigeoseu|rasubegasu|Лас Вегас|Лас-Вегас|Лас-Веґас|لاس فيغاس|لاس وگاس، نیومکزیکو|لاس ویگاس، نیو میکسیکو|लास व्हेगास|ラスベガス|라스베이거스
Los Alamos,city,NM,35.88808,-106.30697,12019,LAM|Los Álamos|Los-Alamos|las aylmws  nyw myksykw|leas alameas|los-alamosi|loseuaelleomoseu|ls alamws  nywmkzykw|luo si a la mo si|lws alamws|rosuaramosu|Лос Аламос|Лос-Аламос|لاس ایلموس، نیو میکسیکو|لس آلاموس، نیومکزیکو|لوس ألاموس|ലോസ് അലാമോസ്|ლოს-ალამოსი|ロスアラモス|洛斯阿拉莫斯|로스앨러모스
Los Lunas,city,NM,34.80617,-106.73336,15336,Los-Lunas|las lwns  nyw myksykw|loseuluneoseu|lws lwna  nywmkzykw|lws lwnas|rosurunasu|Лос Лунас|Лос-Лунас|لاس لونس، نیو میکسیکو|لوس لونا، نیومکزیکو|لوس لوناس|ロスルナス|로스루너스
Lovington,city,NM,32.94401,-103.34855,11800,Lavington|lawyngtwn  nywmkzykw|lwfynghtwn|ravuinguton|Лавингтон|Ловингтон|Ловінґтон|لاوینگتون، نیومکزیکو|لوفينغتون|لوونگٹن، نیو میکسیکو|ラヴィングトン
North Valley,city,NM,35.17338,-106.62336,11333,Nors Vallehj|Nort Vali|Nort-Valli|Nort-Velli|Náhookǫsjí Beeʼeldííl Dahsinil|nwrt wly  nywmkzykw|nwrth faly|Норс Валлэй|Норт Вали|Норт-Валли|Норт-Велли|Норт-Веллі|نورت ولی، نیومکزیکو|نورث فالى|نورث فالي
Portales,city,NM,34.18619,-103.3344,11995,bwrtalys|poteiruzu|Порталес|بورتاليس|پورٹالیس، نیو میکسیکو|ポーテイルズ
Rio Rancho,city,NM,35.23338,-106.66447,87521,Rio Rancho Estates|Rio-Rancho|Рио-Ранчо
Roswell,city,NM,33.39437,-104.52491,48544,ROW|Rosvehll|Rozuehll|Rozuel|Rozuell|Rozvel|lojeuwel|luo si wei er|raja'oyela|razwl  nywmkzykw|rozuueru|rwzwwl|rwzwyl|rwzwyl  nyw myksykw|Розвел|Розуел|Розуелл|Розуэлл|Росвэлл|רוזוול|رازول، نیومکزیکو|روزويل|روزویل، نیو میکسیکو|রজওয়েল|ロズウェル|羅斯維爾|로즈웰
Santa Fe,city,NM,35.68698,-105.9378,87505,Alavija *|Hashoko *|Hulpana *|Kwa'apoge *|La Villa|La Villa Real de Santa Fe de San Francisco|La Villa de Santa Fe|Ogapoge *|Pala *|Poge *|SAF|San daxeye *|Sanctae Fidei fanum|Santa Fe Analco|Santa Fe de San Francisco|Santa Fe ou Granada|Santa Feh|Santa Fé|Santa Fė|Santa-Fe|Santa-Feh|Santafe|Santafē|Yoo'to|Yooto|Yootó|Yotqo *|ZSH|canta pe|santa fyh|santa phe|santafe|santape|sheng da fei|sheng fei|sntafh  nywmkzykw|snth ph|Σάντα Φε|Санта Фе|Санта Фэ|Санта-Фе|Санта-Фэ|Սանտա Ֆե|סנטה פה|سانتا فيه|سانتا فێ|سانتا فے، نیو میکسیکو|سانٹا فے|سنتافه، نیومکزیکو|सांता फे|साण्टा फे|सान्टा फ़े|सान्ता फे|சாந்தா பே|แซนตาเฟ|სანტა-ფე|サンタフェ|圣菲|聖大非|산타페
Silver City,city,NM,32.77007,-108.28033,10004,SVC|San Vicente|San Vicente de la Cienaga|Silver Siti|Silver-Siti|shiruvuashiti|sylbr syty|sylfr syty|sylwr syty  nywmkzykw|Силвер Сити|Силвер-Сити|Сілвер-Сіті|סילבר סיטי|سلور سٹی، نیو میکسیکو|سيلفر سيتي|سیلور سیتی، نیومکزیکو|シルヴァーシティ
South Valley,city,NM,35.01005,-106.67808,40976,
Sunland Park,city,NM,31.7965,-106.57999,15940,Sanland Park|Sanlehnd Park|Sanlend-Park|sanlnd park  nywmkzykw|sanrandopaku|snland bark|Санланд Парк|Санленд-Парк|Санлэнд Парк|سانلند پارک، نیومکزیکو|سنلاند بارك|سنلینڈ پارک، نیو میکسیکو|サンランドパーク
Boulder City,city,NV,35.97859,-114.83249,15551,Adaven|Bolder Siti|Boulder|Boulder-Siti|Bouldur Siti|Dáʼdeestłʼin Hótsaa|Hidam|Hoover City|Thanh pho Boulder|Thành phố Boulder|Wilbur|bo er de cheng|borudashiti|buldeositi|bwldr syty|bwldr syty  nwada|Болдер Сити|Боулдер|Боулдер-Сити|Боулдер-Сіті|Боулдър Сити|Բոուլդեր Սիթի|בולדר סיטי|بولدر سيتى|بولدر سيتي|بولدر سیتی، نوادا|بولڈر شہر، نیواڈا|ボールダーシティー|博尔德城|博爾德城|불더시티
Carson City,city,NV,39.1638,-119.7674,58639,Altepetl Carson|CSN|Carson|Carson City County|Carsonurbo|Karsan-Sici|Karson Siti|Karson Sitis|Karson-Siti|Karsonsitija|Karsun Siti|Kota Carson|Kārsonsitija|Lungsod ng Carson|Thanh pho Carson|Thành phố Carson|ka sen cheng|karcan nakaram|karsan siti|karsana siti|karswn syty|kaseunsiti|kasonshiti|kharsansiti|qrswn syty|Κάρσον Σίτι|Карсан-Сіці|Карсон Сити|Карсон-Сити|Карсон-Сіті|Карсън Сити|Քարսոն Սիթի|קרסון סיטי|كارسون سيتى|كارسون سيتي|کارسن سٹی|کارسن شہر، نیواڈا|کارسون‌سیتی|कार्सन सिटी|कार्सन सिति|कार्सन् सिटी|কার্সন সিটি|கார்சன் நகரம்|คาร์สันซิตี|カーソンシティ|卡森城|카슨시티
Enterprise,city,NV,36.02525,-115.24194,108481,Enterprajz|antrbrayz|antrprayz  nwada|entapuraizu|Ентерпрајз|إنتربرايز|انترپرایز، نوادا|انٹرپرائز، نیواڈا|エンタープライズ
Fernley,city,NV,39.60797,-119.25183,19418,Fernlehj|Fernli|frnly  nwada|fyrnly|Фернли|Фернлэй|فرنلی، نوادا|فرینلی، نیواڈا|فيرنلي
Gardnerville Ranchos,city,NV,38.88824,-119.74129,11312,
Henderson,city,NV,36.0397,-114.98194,285667,Basic|Chenterson|Genderson|Hendersonas|Jericho Heights|Khendehrsan|Khenderson|Khendersun|Midway City|Pittman|hendason|hendeoseun|heng de sen|hndrswn|hndrswn  nwada|Χέντερσον|Гендерсон|Хендерсон|Хендерсън|Хендэрсан|הנדרסון|هندرسون|هندرسون، نوادا|ہینڈرسن، نیواڈا|ヘンダーソン|亨德森|헨더슨
Las Vegas,city,NV,36.17497,-115.13722,641903,Campi|LAS|Las Vegas Mission|Las Vegas Ranch|Las Vegasas|Las Venkas|Las-Vegas|Las-Veqas|Lasvegasa|Lasvegaso|Los Vegas|Lungsod ng Las Vegas|McWilliamstown|Naʼazhǫǫsh Hátsoh|Old Town|Piigisi|Ragtown|Vegas|Westside|la si wei jia si|las fyghas|las vekas|las veygas|las weka s|las wgas|las wygas  nywaڈa|las-vegasi|lasa bhegasa|lasa vegasa|lasa vhegasa|laseubegaseu|laseubeigeoseu|lʼs wgʼs|rasubegasu|Λας Βέγκας|Лас Вегас|Лас-Вегас|Լաս Վեգաս|לאס וגאס|לאס וועגאס|لاس فيغاس|لاس وگاس|لاس ویگاس، نیواڈا|لاس‌وقاس|लास वेगास|लास व्हेगस|লাস ভেগাস|ਲਾਸ ਵੇਗਸ|લાસ વેગાસ|லாஸ் வேகஸ்|లాస్ వెగాస్|ലാസ് വെയ്ഗസ്|ลาสเวกัส|လပ်ဗီးဂပ်စ်မြို့|ლას-ვეგასი|ላስ ቬጋስ|ラスベガス|拉斯維加斯|拉斯维加斯|라스베가스|라스베이거스
Mesquite,city,NV,36.80553,-114.06719,17496,MFH|Meskit|Muskijt|meseukiteu|mesukito|mskyt  nwada|myskyt|Мескит|Мъскийт|مسکیت، نوادا|مسکیٹ، نیواڈا|ميسكيت|メスキート|메스키트
North Las Vegas,city,NV,36.19886,-115.1175,234807,Bac Las Vegas|Bắc Las Vegas|Norda Lasvegaso|Nort-Las-Vegas|Severen Las Vegas|Severni Las Vegas|Vegas Verdes|Vegas Verdi|bei la si wei jia si|las wgas shmaly  nwada|noseulaseubeigeoseu|nosurasubegasu|nwrth las fyghas|Норт-Лас-Вегас|Северен Лас Вегас|Северни Лас Вегас|لاس وگاس شمالی، نوادا|نارتھ لاس ویگاس، نیواڈا|نورث لاس فيغاس|ノースラスベガス|北拉斯維加斯|노스라스베이거스
Pahrump,city,NV,36.20829,-115.98391,36441,Pakhrump|Parimpa|bahrwmb|pa lang|phramp  nwada|Пахрумп|باهرومب|پارومپ، نیواڈا|پهرامپ، نوادا|帕朗
Paradise,city,NV,36.09719,-115.14666,223167,Paradajs|Paradajz|baradays|paeleodaiseu|paradaisu|paradays  nwada|tian tang shi|Парадайз|Парадайс|Парадајс|بارادايس|پارادایس، نوادا|پيراڈائز، نیواڈا|パラダイス|天堂市|패러다이스
Reno,city,NV,39.52963,-119.8138,264165,Fullers Crossing|Lakes Crossing|RNO|Rehno|Reno-Stead|Rino|Rynas|Rīno|lei nuo|lino|rino|rynw|rynw  nwada|Ρίνο|Рено|Рино|Рэно|רינא|רינו|رينو|رینو|رینو، نوادا|رینو، نیواڈا|रिनो|リノ|雷諾|리노
Spanish Springs,city,NV,39.64908,-119.70741,15064,
Sparks,city,NV,39.53491,-119.75269,96094,Harriman|asparks  nwada|sbarks|seupakeuseu|Спаркс|اسپارکس، نوادا|سباركس|سپارکس، نیواڈا|스파크스
Spring Valley,city,NV,36.10803,-115.245,178395,Printempa Valo|Spring Vali|Spring-Vehlli|Spring-Velli|aspryng wly  nwada|aysprynq walyy  nwada|sbryngh faly|sbrynj faly|seupeulingbaelli|si pu lin wa li|supuringubare|Спринг Вали|Спринг-Велли|Спринг-Вэлли|Спрінг-Веллі|اسپرینگ ولی، نوادا|ایسپرینق والئی، نوادا|سبرينج فالى|سبرينغ فالي|سپرنگ ویلی، نیواڈا|スプリングバレー|斯普林瓦利|스프링밸리
Sun Valley,city,NV,39.5963,-119.77602,19299,San Vali|San Vallehj|San-Velli|Shą́ąʼjįʼ Tééh|san wly  nwada|sanbare|sn faly|Сан Вали|Сан Валлэй|Сан-Велли|Сан-Веллі|سان ولی، نوادا|سن فالى|سن فالي|سن ویلی، نیواڈا|サンバレー
Sunrise Manor,city,NV,36.21108,-115.07306,189372,Sanrajz Mejnor|Sanrajz-Mehner|sanraizumana|sanrayz mnwr  nwada|snrayz manwr|Санрайз-Мэнер|Санрајз Мејнор|سانرایز منور، نوادا|سنرائز مینور، نیواڈا|سنرايز مانور|サンライズマナー
Whitney,city,NV,36.09831,-115.0363,38585,Haʼaʼaahjí Naʼazhǫǫsh Hatsoh|Uitni|Vitni|hoittoni|hui te ni|wytny|wytny  nwada|wytnyy  nwada|Витни|Вітні|Уитни|ويتنى|ويتني|وٹنی، نیواڈا|ویتنئی، نوادا|ویتنی، نوادا|ホイットニー|惠特尼
Winchester,city,NV,36.12997,-115.11889,27978,Vinchestehr|Vinchester|uinchesuta|wen che si te|wincheseuteo|wynchstr  nwada|wynchztr  nwada|wynshstr|Винчестер|Винчестэр|Вінчестер|ونچیسٹر، نیواڈا|وينشستر|وینچزتر، نوادا|وینچستر، نوادا|ウィンチェスター|温彻斯特|溫徹斯特|윈체스터
Guymon,city,OK,36.6828,-101.48155,11921,GUY|Gajmon|ghymwn|gwymwn  aklahma|Гаймон|Гајмон|غيمون|گویمون، اکلاهما
Amarillo,city,TX,35.222,-101.8313,198645,AMA|Amarilas|Amarilo|Amarilyo|a ma li luo|aemeolillo|amariro|amariyo|amarylw|amarylw  tgzas|Амарилло|Амарило|Ամարիլլո|אמרילו|آماریلو، تگزاس|آماریلو، ٹیکساس|أماريلو|اماریلو|आमारियो|アマリロ|阿馬里洛|애머릴로
Andrews,city,TX,32.31872,-102.54572,13816,Andrus|Endruz|aendeuluseu|an de lu si|andrwz|andrwz  tgzas|Андрус|Ендруз|أندروز|اندروز، تگزاس|安德鲁斯|앤드루스
Big Spring,city,TX,32.2504,-101.47874,28862,Big Springs|Bigspring|HCA|byg aspryng  tgzas|bygh sbryngh|Биг Спринг|بيغ سبرينغ|بیگ اسپرینگ، تگزاس
Borger,city,TX,35.66782,-101.39739,12964,BGD|boja|bwrgr|bwrgr  tgzas|bwrjyr|bwrqr  tkzas|Боргер|בורגר|بورجير|بورقر، تکزاس|بورگر، تگزاس|ボージャー
Canyon,city,TX,34.98033,-101.9188,14887,Kanjon|kanywn|kanywn  tgzas|Канјон|كانيون|کانیون، تگزاس
Del Rio,city,TX,29.36273,-100.89676,36153,DRT|Del Río|Del'-Rio|Delrio|dl ryw  tgzas|dyl ryw|Дел Рио|Дель-Рио|Дель-Ріо|دل ریو، تگزاس|ديل ريو|デル・リオ
Dumas,city,TX,35.86559,-101.97324,15001,dwmas|dwmas  tgzas|dyumasa|Думас|دوماس|دوماس، تگزاس|ड्युमास
Eagle Pass,city,TX,28.70914,-100.49952,28765,EGP|Igl Pas|ayghl bas|aygl ps  tgzas|Игл Пас|إيغل باس|ایگل پس، تگزاس
El Paso,city,TX,31.75872,-106.48693,678815,Concordia|ELP|Ehl'-Pasa|Ehl'-Paso|El Pasas|El'-Paso|El-Paso|Elpaso|Franklin|Magoffinsville|Passus|ai er pa suo|al basw|al pasw|ayl pasw|el-paso|ela peso|ela pyaso|elpaeso|Ελ Πάσο|Ел Пасо|Ель-Пасо|Эль-Паса|Эль-Пасо|Էլ Պասո|אל פאסו|إل باسو|ال پاسو|ایل پاسو|एल पॅसो|এল প্যাসো|เอลแพโซ|ელ-პასო|ელ-ფასო|エル・パソ|艾爾帕索|엘패소
Hereford,city,TX,34.81521,-102.39932,15021,Herefoid|Kherford|hrfwrd  tgzas|hyrfwrd|Херфорд|هرفورد، تگزاس|هيرفورد
Horizon City,city,TX,31.69261,-106.20748,19288,
Levelland,city,TX,33.58732,-102.37796,13914,Levland|lwlnd  tgzas|lyfyland|Левланд|لولند، تگزاس|ليفيلاند
Lubbock,city,TX,33.57786,-101.85517,249042,LBB|Labbok|Labok|Lubuk|la bo ke|labak  tgzas|labaka|lbk|leobeog|lwbwk|rabokku|Лаббок|Лабок|Лъбък|לאבק|لاباک، تگزاس|لابوک، ٹیکساس|لبک|لوبوك|लबक|ラボック|拉伯克|러벅
Midland,city,TX,31.99735,-102.07791,132524,MAF|Midlend|Midway|mdland|mi de lan|middorando|mideullaendeu|mydlnd|mydlnd  tgzas|Мидланд|Мидленд|Мідленд|מידלנד|مدلاند|مڈلینڈ، ٹیکساس|میدلند، تگزاس|ミッドランド|米德蘭|미들랜드
Odessa,city,TX,31.84568,-102.36764,114428,ODT|Odesa|ao de sa|awdsa|awdysa|Одеса|Одесса|أوديسا|اودسا|اوڈیسا، ٹیکساس|اوڈیسہ، ٹیکساس|オデッサ|敖德薩
Pampa,city,TX,35.53616,-100.95987,18177,Glasgow|PPA|Sutton|bamba|pampa  tgzas|Пампа|بامبا|پامپا، تگزاس
Plainview,city,TX,34.18479,-101.70684,20919,PVW|Plejnvju|blynfyw|plynwyw  tgzas|Плејнвју|بلينفيو|پلینویو، تگزاس
San Angelo,city,TX,31.46377,-100.43704,99893,SJT|San Andzelo|San-Andzhelo|saen-aenjello|san anjylw|san aynjlw|san'anjero|sheng an ji luo|sn anjlw  tgzas|Сан Анџело|Сан-Анджело|سان أنجيلو|سان اینجلو|سان اینجلو، ٹیکساس|سن آنجلو، تگزاس|サンアンジェロ|聖安吉洛|샌앤젤로
Snyder,city,TX,32.71789,-100.91762,11768,SNK|Snajder|asnaydr  tgzas|seunaideo|snaydr|Снајдер|اسنایدر، تگزاس|سنايدر|스나이더
Socorro,city,TX,31.65456,-106.30331,33222,Casey|Sokorro|Сокорро
Socorro Mission Number 1 Colonia,city,TX,31.63622,-106.29054,28637,
Sweetwater,city,TX,32.47095,-100.40594,10809,SWW|Svitvoter|swwytwatr  tgzas|swytwatr|Свитвотер|سوئیٹ واٹر، ٹیکساس|سوویتواتر، تگزاس|سويتواتر
West Odessa,city,TX,31.84235,-102.49876,22707,
Cedar City,city,UT,37.67748,-113.06189,30184,CDC|Coal Creek|Sidar Siti|Sidar-Siti|Sidur Siti|sdarsyty  ywta|shidashiti|sidara siti|sideositi|sydar syty|xue song cheng|Сидар Сити|Сидар-Сити|Сидър Сити|Сідар-Сіті|سدارسیتی، یوتا|سيدار سيتي|سیڈر سٹی، یوٹاہ|सीडार सिटी|シーダーシティ|雪松城|시더시티
Hurricane,city,UT,37.17526,-113.28995,15501,Kharikejn|Khurikejn|ha li ken|harykn  ywta|hwrykan|Харикејн|Хърикейн|هاریکن، یوتا|هوريكان|哈里肯
Saint George,city,UT,37.10415,-113.58412,72897,SGU|St George|St. George
Santaquin,city,UT,39.97551,-111.78521,10572,Nabinibidiidi Kin|Nábínibidiidi Kin|Santakuin|Santakvin|Santakvina|sang ta jin|santakwyn|santakwyn  ywta|santakyn  ywta|Сантаквин|Сантаквін|Сантакуин|سانتاكوين|سانتاکوین، یوتا|سانتاکین، یوتا|桑塔金
Washington,city,UT,37.13054,-113.50829,24299,Uoshingtun|Vashington|hua sheng dun|washntn|washyngtn  ywta|Вашингтон|Уошингтън|واشنطن|واشنگٹن، یوٹاہ|واشینگتن، یوتا|华盛顿
West Sedona,city,AZ,34.86724,-111.80543,11299,
Wasco,city,CA,35.59412,-119.34095,26279,Dewey|Deweyville|Tłʼoh Dah Daazkʼid|Uasko|Vasko|vasko|waskw|waskw  kalyfrnya|waskw  kalyfwrnya|waskw  kylyfwrnya|wasuko|wo si ke|wsqw|Васко|Уаско|Վասկո|וסקו|واسكو|واسکو، کالیفرنیا|واسکو، کالیفورنیا|واسکو، کیلیفورنیا|वास्को|ワスコ|沃斯科
Alhambra,city,AZ,33.49838,-112.13432,127764,Alhambra Village
Anthem,city,AZ,33.86726,-112.14682,21700,Antem|antm|antm  aryzwna|sheng ge|Антем|انتم|انتم، آریزونا|聖歌
Apache Junction,city,AZ,33.41505,-111.54958,38074,Apachi DZankshon|Apachi Dzhunkshun|Apachi-Dzhankshen|Apachi-Dzhankshn|Apaci Dzonkson|Apacidzanksana|Apatsi Tzan'xion|Apači Džonkšon|Apačidžankšana|a pa qi zhang ke shen|abatshy jnkshn|apaca jansan|apace jankasana|apace janksan|apace janksana|apachi jeongkeusyeon|apachy jankshn  aryzwna|apachy jwnkshn|apaci janksan|Απάτσι Τζάνξιον|Апачи Џанкшон|Апачи Джънкшън|Апачи-Джанкшен|Апачи-Джанкшн|Апачі-Джанкшн|آپاچی جانکشن، آریزونا|أباتشي جنكشن|اباتشى جنكشن|اپاچی جونکشن|अपाचे जंकसन|अपाचे जंक्शन|অ্যাপাসি জাংশন|અપાચે જંક્શન|ஆபாச ஜங்ஷன்|అపాచీ జంక్షన్|ಅಪಾಚೆ ಜಂಕ್ಷನ್|අපාචේ ජන්ක්ෂන්|อะแพชีจังก์ชัน|アパッチ・ジャンクション|阿帕奇章克申|아파치 정크션
Arizona City,city,AZ,32.75589,-111.67096,10475,Arizona Siti|Arizona-Siti|aryzwna|aryzwna syty|aryzwna syty  aryzwna|erijona siti|ya li sang na cheng|Аризона Сити|Аризона-Сити|Аризона-Сіті|آریزونا سیتی|آریزونا سیتی، آریزونا|أريزونا|اريزونا|एरिजोना सिटी|亞利桑那城
Avondale,city,AZ,33.4356,-112.3496,80684,Avondale Ranch|Avondejl|Avundejl|Ehjvondejl|Ehvondejl|Ejvondejl|Litchfield|afwndyl|ai wen dai er|awndyl  aryzwna|awwndyyl  aryzwna|ebhonadela|eibonderu|Авондејл|Авъндейл|Ейвондейл|Эвондейл|Эйвондейл|آووندئیل، آریزونا|أفونديل|افونديل|اوندیل، آریزونا|ایونڈیل، ایریزونا|एभोनडेल|エイボンデール|埃文代尔
Ahwatukee Foothills,city,AZ,33.34171,-111.98403,83464,Ahwatukee|Ahwatukee Foothills Village
Juneau,city,AK,58.30194,-134.41972,31555,Cuno|Dzanti K'iheeni|Dzhuna|Dzhuno|Dzunas|Dzuno|Dzuns|Džunas|Džuns|Džūno|Fliptown|Harrisburg|Iunellum|JNU|Juneau City|Juneau Wharf|Juno|Pilzburg|Rockwell|Tisaantikii Hiinii|Tzouno|Zhuno|cu now|gwnw|jun'yu|juna'u byuro|juno|junu|jwnw|jwnw  alaska|jwnyaw  alaska|zhu nuo|Τζούνο|Џуно|Джуна|Джуно|Жуно|Ջունո|גונו|اوکلاہوما سٹی|جونو|جونو، آلاسکا|جونیاؤ، الاسکا|جونیا‌ؤ|जुनू|जुनो|जुन्यु|জুনাউ ব্যুরো|ଜୁନୋ|ஜூனோ|จูโนว์|ჯუნო|ジュノー|朱諾|주노
Lea Hill,city,WA,47.32621,-122.18151,13182,Li Khil|ly hyl|ly hyl  washynqtwn|Ли Хил|لی هیل|لی هیل، واشینقتون
Anderson,city,CA,40.44821,-122.29778,10217,Andersun|an de sen|andason|andrswn|andrswn  kalyfrnya|andrzwn  kalyfwrnya|endarasana|Андерсон|Андерсън|آندرزون، کالیفورنیا|آندرسون، کالیفرنیا|أندرسون|اندرسون|اینڈرسن، کیلیفورنیا|एन्डरसन|ആൻഡേർസൺ|アンダーソン|安德森
Arcata,city,CA,40.86652,-124.08284,17843,ACV|Arkata|Arkejta|Goad-La-Nah|Kori|Union|Union Town|Uniontown|a ke ta|aketa|aleukata|arkata|arkata  kalyfrnya|arkata  kalyfwrnya|arketa|Αρκάτα|Арката|Аркејта|ארקטה|آرکاتا، کالیفرنیا|آرکاتا، کالیفورنیا|آرکاٹا، کیلیفورنیا|أركاتا|ئارکاتا، کالیفۆرنیا|اركاتا|आर्केटा|അർക്കാറ്റ|アーケータ|阿克塔|아르카타
Bayside,city,CA,40.84235,-124.06367,17132,bei sai de|بی‌ساید|بی‌ساید، کالیفورنیا|貝賽德
Eureka,city,CA,40.80207,-124.16367,27017,EKA|Ehvrika|Eurika|Jurika|awrka  kalyfrnya|awryka|you li ka|yulika|yureka|Јурика|Еуріка|Эврика|Юрика|إوريكا|اورکا، کالیفرنیا|युरेका|ユーレカ|尤里卡|유리카
Fortuna,city,CA,40.59819,-124.15728,12000,Fortjuna|Fortune|Friendly City|Slide|Springville|fartwna  kyly fwnya|fochuna|fu tu na|fwrtwna|fwrtwna  kalyfrnya|fwrtwna  kalyfwrnya|pharcyuna|Фортуна|Фортјуна|فارتونا، کیلی فونیا|فورتونا|فورتونا، کالیفرنیا|فورتونا، کالیفورنیا|फर्च्युना|ഫോർച്ചൂണ|フォーチュナ|福图纳|福圖納
McKinleyville,city,CA,40.94652,-124.10062,15177,Dows|Makinlivil|Makkinlivill|Minorsville|Minorville|mai jin lai wei er|makynlyfyl|mikakinlebhila|mkkynlywyl|mkkynlywyl  kalyfwrnya|mqynlywwyl|Макинливил|Маккинливилл|Маккінлівілл|מקינליוויל|ماكينليفيل|مککینلیویل|مککینلیویل، کالیفورنیا|मिककिन्लेभिल|麥金萊維爾
Red Bluff,city,CA,40.17849,-122.23583,14131,Covertsburg|Leodocia|RBL|Red Blaf|Red Bluf|Red Bluffs|Redbluff|lei de bu la fu|rd blaf  kalyfrnya|reda blapha|reddoburafu|ryd blwf|Ред Блаф|Ред Блъф|رد بلاف، کالیفرنیا|ريد بلوف|रेड ब्लफ|レッドブラフ|雷德布拉夫
Redding,city,CA,40.58654,-122.39168,91582,Latona|RDD|Reading|Reding|leding|lei ding|rdyng  kalyfrnya|rdyngh|redinga|redingu|Реддинг|Рединг|ردينغ|ردینگ، کالیفرنیا|ریڈنگ،امریکہ|रेडिंग|レディング|雷丁|레딩
Shasta Lake,city,CA,40.68043,-122.37084,10159,Central Valley|City of Shasta Lake|Lake Shasta|Project City|Shasta Lake City|Shasta Lejk|Shasta-Lejk|Summit City|sasta leka|sha si ta hu|shasta laky|shasta lyk  kalyfrnya|shasta lyk  kalyfwrnya|shasta lyk  kylyfwrnya|Шаста Лейк|Шаста Лејк|Шаста-Лейк|שאסטה לייק סיטי|شاستا لاكى|شاستا لاكي|شاستا لیک، کالیفرنیا|شاستا لیک، کالیفورنیا|شاستا لیک، کیلیفورنیا|शास्ता लेक|沙斯塔湖
Susanville,city,CA,40.41628,-120.65301,15247,Rooptown|SVE|Sjuzunvil|Suzanvil|su shan wei er|sujyanabhila|suzanbiru|swsanfyly|swzan wyl  kalyfrnya|Сузанвил|Сюзънвил|سوزان ویل، کالیفرنیا|سوسانفيلي|सुज्यानभिल|スーザンビル|苏珊维尔
Boulder,city,CO,40.01499,-105.27055,106803,Bolder|Bouldur|WBU|ba'uldara|bo de|boldara|bolde xr|boldeo|boruda|bwldr|bwldr  klradw|Болдер|Боулдер|Боулдър|בולדר|بولدر|بولدر، کلرادو|بولڈر، کولوراڈو|बाउल्डर|बोल्डर|โบลเดอร์|ボルダー|波德|볼더
Erie,city,CO,40.05026,-105.04998,21420,Ehri|Eri|Iri|ary|ary  klradw|eri|yi li|Ери|Ири|Эри|إري|اری، کلرادو|ایری، کولوراڈو|एरी|伊利
Evans,city,CO,40.37637,-104.69219,21383,Ehvans|Ivans|ai wen si|awans  klradw|ayfanz|ibhansa|Еванс|Иванс|Эванс|إيفانز|اوانس، کلرادو|ایونز، کولوراڈو|इभान्स|埃文斯
Firestone,city,CO,40.11248,-104.93664,11999,
Fort Collins,city,CO,40.58526,-105.08442,170924,Camp Collins|FNL|Fort Kolins|Fort Kolinsas|Fort Kollins|Fort-Kollins|Ft Collins|Ft. Collins|fwrt kalynz  klradw|fwrt kwlnz|ke lin si bao|pharta kolinsa|phorta kolinsa|poteukollinseu|pwrt qwlyns|Форт Колинс|Форт Коллинс|Форт-Коллинс|Форт-Коллінс|פורט קולינס|فورت كولنز|فورت کالینز، کلرادو|فورٹ کولنز، کولوراڈو|फर्ट कोलिन्स|फोर्ट कॉलिन्स|フォート・コリンズ|科林斯堡|포트콜린스
Fort Morgan,city,CO,40.25026,-103.79995,11319,Camp Tyler|Fort Wardwell|fwrt mwrgan  klradw|mo gen bao|pharta morgana|phorta morgana|Форт Морган|فورت مورگان، کلرادو|فورٹ مورگن، کولوراڈو|फर्ट मोर्गन|फोर्ट मॉर्गन|摩根堡
Frederick,city,CO,40.09915,-104.9372,11413,Frederik|frdryk  klradw|frydryk|fu lei de li ke|phrederika|Фредерик|فردریک، کلرادو|فريدريك|فریڈرک، کولوراڈو|फ्रेडेरिक|弗雷德里克
Greeley,city,CO,40.42331,-104.70913,108795,GXY|Greely|Grijli|Grili|ge li li|ghryly|grili|gryly|gryly  klradw|guriri|Грийли|Грили|גרילי|غريلي|گریلی، کلرادو|گریلی، کولوراڈو|ग्रीली|グリーリー|格里利
Johnstown,city,CO,40.33693,-104.9122,14896,Dzhonstaun|Dzhonstoun|Dzonstaun|jonsata'una|jwnstawn|jwnztawn  klradw|yue han si dui|Џонстаун|Джонстаун|Джонстоун|جونزتاون، کلرادو|جونستاون|जोन्सटाउन|约翰斯敦
Longmont,city,CO,40.16721,-105.10193,92088,Longmott|Longmunt|lamgamamta|lang meng te|langamonta|langmwnt  klradw|longmeonteu|lwnghmwnt|lwnjmwnt|lwnqmwnt  kwlwradw|rongumonto|Лонгмонт|Лонгмотт|Лонгмънт|لانگمونت، کلرادو|لونجمونت|لونغمونت|لونقمونت، کولورادو|لونگمونٹ، کولوراڈو|लङ्गमोन्ट|लाँगमाँट|ロングモント|朗蒙特|롱먼트
Loveland,city,CO,40.39776,-105.07498,75182,FNL|Lavland|Lovland|Luvlend|la fu lan|labhalyanda|lawlnd  klradw|leobeulaendeu|lwfland|Лавланд|Ловланд|Лъвленд|لاولند، کلرادو|لوفلاند|لولینڈ، کولوراڈو|लभल्यान्ड|拉夫兰|러브랜드
Steamboat Springs,city,CO,40.48498,-106.83172,12435,SBS|Stijmbout Springs|Stimbot Springs|astymbt aspryngz  klradw|si ting bo te si pu lin si|stimabota springas|stymbwt sbrynghz|Стиймбоут Спрингс|Стимбот Спрингс|استیمبت اسپرینگز، کلرادو|ستيمبوت سبرينغز|سٹیمبوٹ سپرنگز، کولوراڈو|स्टिमबोट स्प्रिङ्गस्|斯廷博特斯普林斯
Sterling,city,CO,40.62554,-103.20771,14104,STK|Sturling|astrlyng  klradw|si te lin|staralinga|starlinga|strlyngh|Стерлинг|Стърлинг|استرلینگ، کلرادو|سترلينغ|سٹرلنگ، کولوراڈو|स्टरलिङ्ग|स्टर्लिंग|斯特林
Windsor,city,CO,40.47748,-104.90136,21751,New Liberty|New Windsor|Uindzur|Vindzor|vindara|wen sha|wndswr|wyndswr  klradw|Виндзор|Уиндзър|وندسور|ونڈسر، کولوراڈو|ویندسور، کلرادو|विन्डर|温莎
Ammon,city,ID,43.46964,-111.96664,14960,Amon|Amun|a meng|amoni|amwn|amwn  aydahw|emona|Аммон|Амон|Амън|آمون، آیداهو|آمون، ایڈاہو|أمون|امون|एमोन|ამონი|阿蒙
Blackfoot,city,ID,43.19047,-112.34498,11740,Blakfut|Blehkfut|Blekfut|blakfwt|blyakaphuta|burakkufutto|Блакфут|Блекфут|Блэкфут|بلاكفوت|بلک‌فوت، آیداهو|بلیکفٹ، ایڈاہو|ब्ल्याकफूट|ბლეკფუტი|ブラックフット
Boise,city,ID,43.6135,-116.20345,235684,BOI|Boise City|Boisisitija|Boisė|Boizi|Boizis|Boizo|Bojse|Bojseh|Bojsi|Bojzi|Boyse|baysi|bo yi xi|bo'ija|bo'ijhi|bo'isi|boishi|boisi|bwysy|bwyz|bwyzy  aydahw|poyci|Μπόιζι|Бойзи|Бойсе|Бойсэ|Бојси|Բոյսե|בויסי|بوئسے|بويسي|بویز|بویزی، آیداهو|बाय्सी|बॉइझी|बोइज|बोइसी|பொய்சி|ಬಾಯ್ಸಿ|ბოისე|ボイシ|博伊西|보이시
Burley,city,ID,42.53574,-113.79279,10436,BYI|Berli|Burlehj|Burli|Commerce|barli|brgly  aydahw|bwrly|Берли|Бурлэй|Бърли|برلی، ایڈاہو|برگلی، آیداهو|بورلي|बर्ली|ბარლი
Caldwell,city,ID,43.66294,-116.68736,51686,Hamburg Siding|Kolduehll|Kolduel|Koldvel|kaldavela|kaldwl|kaldwyl|koldeuwel|korudoueru|qwldwwl|Колдвел|Колдуел|Колдуэлл|קולדוול|كالدويل|کالدول|کالڈویل، ایڈاہو|काल्डवेल|კოლდუელი|コールドウェル|콜드웰
Chubbuck,city,ID,42.92075,-112.46609,14428,Chabbak|Chubbock|Chubuk|chabak  aydahw|chabakku|cubbaka|qiu ba ke|tshwbwk|Чаббак|Чъбък|تشوبوك|چاباک، آیداهو|چوبیک، ایڈاہو|चुब्बक|ჩაბაკი|チャバック|丘巴克
Coeur d'Alene,city,ID,47.67768,-116.78047,49122,COE|Coeur d’Alene|Kjor-d'Alen|Kor Dulejn|kar d lyn  aydahw|kwywr dy alyny  aydahw|Кор Дълейн|Кёр-д’Ален|كويور دي أليني، أيداهو|کار د لین، آیداهو|კორ-დ’ალენი|コー・ダリーン
Conda,city,ID,42.72825,-111.53245,21260,kang da|康達
Eagle,city,ID,43.69544,-116.35401,23612,Igl|Igul|ayghyl|aygl  aydahw|ayjyl|ayql  aydahw|igala|igli|iguru(aidaho zhou)|yi ge er|Ігл|Игл|Игъл|איגל|إيغيل|ايجيل|ایقل، آیداهو|ایگل، آیداهو|ایگل، ایڈاہو|इगल|იგლი|イーグル（アイダホ州）|伊格爾
Garden City,city,ID,43.62211,-116.23817,11550,Garden Siti|Garden-Siti|Gardun Siti|gardena siti|gardn syty  aydahw|ghardn syty|Гарден Сити|Гарден-Сити|Гарден-Сіті|Гардън Сити|غاردن سيتي|گاردن سیتی، آیداهو|گارڈن سٹی، ایڈاہو|गार्डेन सिटी|გარდენ-სიტი
Hayden,city,ID,47.76602,-116.78658,14133,Gajden|Khejden|Khejdun|hai deng|haydn|haydn  aydahw|hedana|heideni|Гайден|Хейден|Хейдън|Хејден|هايدن|هایدن، آیداهو|ہیڈن، ایڈاہو|हेडन|ჰეიდენი|海登
Idaho Falls,city,ID,43.46658,-112.03414,59184,Ajdago-Folls|Ajdakho Fols|Ajdakho-Fols|IDA|a'id'aho phalsa|ai da he fu er si|aidaho-polsi|aidahoforuzu|aydahw falz  aydahw|aydahw fwlz|Айдаго-Фоллс|Айдахо Фолс|Айдахо-Фолс|Ајдахо Фолс|آیداهو فالز، آیداهو|أيداهو فولز|ایڈاہو فالز، ایڈاہو|आइडाहो फल्स|აიდაჰო-ფოლსი|アイダホフォールズ|爱达荷福尔斯
Jerome,city,ID,42.72407,-114.51865,11184,Dzerom|Dzherom|Dzherum|jeroma|jeromi|jrwm  aydahw|jyrwm|Џером|Джером|Джеръм|جروم، آیداهو|جيروم|جیروم، ایڈاہو|जेरोम|ჯერომი
Kuna,city,ID,43.49183,-116.42012,17226,Kjuna|kwna|kwna  aydahw|Куна|Кюна|Кјуна|كونا|کونا، آیداهو|کونا، ایڈاہو|कुना|კუნა
Lewiston,city,ID,46.41655,-117.01766,32544,L'juiston|LWS|Leviston|Luiston|Luistun|Stqhweyiyep|liu yi si dun|livisatana|lwystwn|lwystwn  aydahw|ruisuton|Левистон|Луистон|Луистън|Льюистон|لويستون|لویستون، آیداهو|لیوئسٹں، ایڈاہو|लिविसटन|ლიუისტონი|ルイストン|刘易斯顿
Lewiston Orchards,city,ID,46.38044,-116.97543,31422,
Meridian,city,ID,43.61211,-116.39151,90739,Meridijan|Muridiun|meolidieon|meridiani|meridiyana|mo li di en|mrydyan  aydahw|myrydyan|Меридиан|Меридијан|Меридіан|Мъридиън|מרידיאן|مریدیان، آیداهو|ميريديان|میریڈیئن، ایڈاہو|मेरिडियन|მერიდიანი|メリディアン|默裏迪恩|默里迪恩|머리디언
Moscow,city,ID,46.73239,-117.00017,25060,Hog Heaven|Moskou|Moskov|Moskva|Paradise Valley|S'maqw'l|masko|moseuko|mosuko|mskw  aydahw|mwskw|Москва|Москов|Москоу|ماسکو، ایڈاہو|مسکو، آیداهو|موسكو|मस्को|მოსკოვი|モスコー|모스코
Mountain Home,city,ID,43.13295,-115.6912,13730,MUO|Mtn Home|Tuttville
Nampa,city,ID,43.54072,-116.56346,89839,New Jerusalem|namba|nampa  aydahw|nan pa|nanpa|Нампа|نامبا|نامپا، آیداهو|نامپا، ایڈاہو|नाम्पा|ნამპა|ナンパ|楠帕
Pocatello,city,ID,42.8713,-112.44553,54441,PIH|Pocatello Junction|Pokatello|Pokatelo|Poukatelou|bo ka te luo|bwkatylw|pokatelo|pokaterro|pokeotello|pwkatlw  aydahw|Покателло|Покатело|Поукателоу|بوكاتيلو|پوکاتلو، آیداهو|پوکاٹیلو، ایڈاہو|पोकातेलो|პოკატელო|ポカテッロ|波卡特洛|포커텔로
Post Falls,city,ID,47.71796,-116.95159,30453,Marshall|Post Fols|Post-Folls|Post-Fols|Q'emiln|aidaho zhou|bo si te fu er si|bwsant fwlz|bwst fwlz|posta phalsa|pst falz  aydahw|Пост Фолс|Пост-Фоллс|Пост-Фолс|بوسانت فولز|بوست فولز|پست فالز، آیداهو|پوسٹ فالز، ایڈاہو|पोस्ट फल्स|პოსტ-ფოლსი|アイダホ州|波斯特福爾斯
Rexburg,city,ID,43.82602,-111.78969,27663,RXE|Reksberg|Reksburg|reksburgi|rksbrg  aydahw|ryksbwrgh  aydahw|Рексберг|Рексбург|Рексбърг|ريكسبورغ، أيداهو|رکسبرگ، آیداهو|რექსბურგი
Twin Falls,city,ID,42.56297,-114.46087,47468,TWF|Tuin Fols|Tuin-Fols|Tvin Fols|te wen fu er si|tsuinforuzu|tvinaphalsa|twyn falz  aydahw|twyn fwlz|Твин Фолс|Туин Фолс|Туин-Фолс|توين فولز|توین فالز، آیداهو|ٹوئن فالز، ایڈاہو|ट्विनफल्स|ტვინ-ფოლსი|ツインフォールズ|特溫福爾斯
Billings,city,MT,45.78329,-108.50069,117116,BIL|Belinum|Billings Metropolitan Area|biringusu|Биллингс|ビリングス
Bozeman,city,MT,45.67965,-111.03856,43405,BZN|Boseman|Bouzman|Bouzmehn|Bozeman Town|Bozetown|Bozmana|Bozmen|Missouri|Sweet Pea City|bo ci man shi|bozuman|bwwzmn  mwntana|bwzyman|Боземан|Бозмана|Бозмен|Боузман|Боузмэн|بوزمین، مونٹانا|بوزيمان|بووزمن، مونتانا|ボーズマン|博兹曼市
Butte,city,MT,46.00382,-112.53474,34190,B'jutt|BTM|Batt-Silvehr Bou|Bjut|Bjut-Silver Bou|Bjutt|Butte City|Butte-Silver Bow|Butte-Silver Bow County|bi you te|bwt-sylwr baw  mwntana|bwty|byuto|Батт-Силвэр Боу|Бьютт|Бют|Бютт|Бјут-Силвер Боу|بوت-سیلور باو، مونتانا|بوتي|بوٹ، مونٹانا|ビュート|比尤特
Great Falls,city,MT,47.50024,-111.30081,59638,Electric City|GTF|Grejt Fols|Grejt-Fols|Grit Fouls|da pu bu cheng|ghryt fwlz  mwntana|guretoforuzu|Грейт Фолс|Грейт-Фолс|Грејт Фолс|Грит Фоулс|غريت فولز، مونتانا|グレートフォールズ|大瀑布城
Helena,city,MT,46.59271,-112.03611,32091,Chelena|Crabtown|Epl Yuts'mn|Epł Yuts’mn|Gelena|HLN|Helena i Montana|Helenopolis|Helina|Hopkinsville|Khehlena|Khelena|Last Chance Gulch|he lei na|hellena|herena|hlna  mwntana|hlnh|hylyna|Χέλενα|Гелена|Хелена|Хэлена|Հելենա|הלנה|هلنا، مونتانا|هيلينا|ہیلینا|ہیلینا، مونٹانا|हेलेना|ஹெலேனா|เฮเลนา|ヘレナ|赫勒拿|헬레나
Kalispell,city,MT,48.19579,-114.31291,22052,Alkali Flat|Calispel|Collapsetown|FCA|Kalispehll|Kalispel|Kalispelm|ka li si pei er|kalliseupel|kalysbyl|karisuperu|klspl  mwntana|Калиспел|Калиспелл|Калиспэлл|Каліспелл|كاليسبيل|کلسپل، مونتانا|کیلیسپیل، مونٹانا|カリスペル|卡利斯佩尔|칼리스펠
Missoula,city,MT,46.87215,-113.994,71022,Hnme'suuli|Im-i-sul-e-tiku|In-mae-soo-la|In-may-soo-let-que|MSO|Missoula Mills|Missula|Misula|Mizula|Nemissoolatakoo|mi su la|mijulla|mizura|myswla|myzwla  mwntana|myzwlh|Мизула|Миссоула|Миссула|Мисула|Міссула|מיזולה|ميسولا|میزولا، مونتانا|میسولا، مونٹانا|ミズーラ|米蘇拉|미줄라
Bismarck,city,ND,46.80833,-100.78374,75092,BIS|Bismak|Bismarck i Nord-Dakota|Bismark|Bismarka|Bismarkas|Bismarko|Bismarks|Bismàk|Bizmark|Edwinton|The Crossing|bi si mai|bijeumakeu|bismark|bismarka|bisumaku|bysmark|bysmark  dakwtay shmaly|bysmrq|pismark|Μπίσμαρκ|Бизмарк|Бисмарк|Бісмарк|Բիսմարկ|ביסמרק|انٹیل|بسمارک، شمالی ڈکوٹا|بيسمارك|بیسمارک، داکوتای شمالی|बिस्मार्क|பிஸ்மார்க்|บิสมาร์ก|ბისმარკი|ビスマーク|俾斯麥|비즈마크
Dickinson,city,ND,46.87918,-102.78962,23765,DIK|Dick|Dikinson|Dikinsòn|Pleasant Valley Siding|di jin sen|dikinseun|dykynsn  dakwtay shmaly|dykynswn|Дикинсон|ديكينسون|دیکینسن، داکوتای شمالی|ڈکنسن، شمالی ڈکوٹا|迪金森|디킨슨
Mandan,city,ND,46.82666,-100.88958,21382,Cushman|Lincoln|Morton|man dan|mndn  dakwtay shmaly|Мандан|ماندان|مندن، داکوتای شمالی|مینڈین، شمالی ڈکوٹا|曼丹
Minot,city,ND,48.23251,-101.29627,49450,MOT|Majnot|Majnut|Mina|mai nuo te|mainos|mainotto|maynt  dakwtay shmaly|mynwt|Майнот|Майнът|Мајнот|Мина|مائےناٹ|ماینت، داکوتای شمالی|مينوت|マイノット|邁諾特|마이놋
Williston,city,ND,48.14697,-103.61797,26977,ISN|Little Muddy|Uilliston|Viliston|Villiston|wei li si dun|wylstwn  dakwtay shmaly|wylystwn|Вилистон|Віллістон|Уиллистон|ويليستون|ویلستون، داکوتای شمالی|ویلسٹن، شمالی ڈکوٹا|威利斯顿
North Platte,city,NE,41.12389,-100.76542,24194,LBF|Nors Plehjtt|Nort Plejt|Nort-Platt|bei pu la te|northa pleta|noseupeullaes|nwrth blat|plt shmaly  nbraska|Норс Плэйтт|Норт Плејт|Норт-Платт|نارتھ پلیٹ، نیبراسکا|نورث بلات|پلت شمالی، نبراسکا|नॉर्थ प्लॅट|北普拉特|노스플랫
Scottsbluff,city,NE,41.86663,-103.66717,14802,BFF|Scotts Bluff|Skotsblaf|Skotsblafa|Skotsblafas|Skotsblaff|Skotsmplaf|Skottsbluff|askatsblaf  nbraska|seukosbeulleopeu|si ke ci bu la fu|skat blaph|skatasablupha|skats palup|skatsblaph|skotasblapha|skotsa blapha|skwtsblwf|skxts blaff|sukottsuburafu|Σκότσμπλαφ|Скотсблаф|Скотсблафф|Скоттсблуфф|סקוטבלאף|اسکاتسبلاف، نبراسکا|سكوتسبلوف|سکاٹسبلف، نیبراسکا|स्कॉटस्ब्लफ|स्कोट्स ब्लफ|স্কটসব্লুফ|સ્કોટસ્બ્લફ|ஸ்காட்ஸ் பளுப்|ష్కాట్ బ్లఫ్|ಸ್ಕಾಟ್ಸ್ಬ್ಲಫ್|ස්කොට්ස්බ්ලෆ්|สก็อตส์บลัฟฟ์|スコッツブラフ|斯科茨布拉夫|스콧블러프
Elko,city,NV,40.83242,-115.76312,20279,Ballous Addition|Contae Elko|EKO|Ehlko|ai er ke|alkw|aylkw  nwada|Елко|Элко|إلكو|ایلکو، نوادا|ایلکو، نیواڈا|埃尔科
Spring Creek,city,NV,40.72659,-115.5859,12361,
Agate Beach,city,OR,44.67734,-124.06178,12351,agyt bych|aqyt bych  awrqn|آقیت بیچ، اورقن|آگیت بیچ
Albany,city,OR,44.63651,-123.10593,52175,Albani|Ehlbani|Olbani|albany  awrgn|albany  awrygwn|ao er ba ni|orubani|xxlbani|Албани|Олбани|Элбани|آلبانی، اورگن|ألباني|البانی، اوریگون|ออลบานี|オールバニ|奥尔巴尼
Aloha,city,OR,45.49428,-122.86705,49425,Elouga|a luo ha|alwha|alwha  awrqn|aroa|awha  awrgan|Елоуга|ألوها|الوها|الوها، اورقن|الوہا، اوریگون|اوها، اورگان|アロア|阿羅哈
Altamont,city,OR,42.20681,-121.73722,19257,
Ashland,city,OR,42.19458,-122.70948,20861,AHM|Ashlund|Ehshlehnd|Eshland|a shen lan|aesyullaendeu|ashlnd  awrgn|ashurando|asland|Ашлънд|Ешланд|Эшлэнд|آشلاند|اشلند، اورگن|ایشلنڈ، اوریگون|ಆಷ್ಲಂಡ್|แอชแลนด์|アシュランド|阿什兰|애슐랜드
Beaverton,city,OR,45.48706,-122.80371,96577,Beaverton Old Siding|Bijvurtun|Bivehrton|Bivertan|Biverton|bi fu dun|bi mei dun shi|bibaton|bibeoteon|bybrtwn|byfyrtwn|bywrtwn  awrgn|bywrtwn  awrqn|Бивертон|Бивэртон|Бийвъртън|Бівертан|Бівертон|Բիվերտոն|ביברטון|بيفيرتون|بیورتون، اورقن|بیورتون، اورگن|بیورٹن، اوریگون|ビーバートン|比弗頓|比弗顿|比美頓市|비버턴
Bend,city,OR,44.05817,-121.31531,87014,Behnd|ben de|bendo|bnd|bnd  awrgn|bynd|Бенд|Бэнд|בנד|بند، اورگن|بيند|ベンド|本德
Bethany,city,OR,45.55789,-122.8676,20646,
Canby,city,OR,45.2629,-122.69259,17271,Kanbi|kan bi|knby|knby  awrgn|knby  awrqn|kyanbi|Канби|Канбі|كنبي|کنبی، اورقن|کنبی، اورگن|キャンビー|坎比
Cedar Mill,city,OR,45.52484,-122.81093,14546,Sidar-Mill|sdarmyl|sdarmyl  awrqn|shidamiru|sydar myl|Сидар-Милл|Сідар-Мілл|سدارمیل|سدارمیل، اورقن|سيدار ميل|シーダーミル
Central Point,city,OR,42.37596,-122.91643,17995,Sentral Pojnt|Sentral-Pojnt|sen te lei er bo yin te|sntral bwynt|sntral pwynt  awrgn|sntral pwynt  awrqn|Сентрал Пойнт|Сентрал-Пойнт|سنترال بوينت|سنترال پوینت، اورقن|سنترال پوینت، اورگن|セントラル・ポイント|森特勒爾波因特
Coos Bay,city,OR,43.3665,-124.21789,16182,Coose Bay|Empire|Kus Behj|Kus Bej|Marshfield|kuzubei|kws bay|kws bay  awrgn|Кус Бей|Кус Беј|Кус Бэй|كوس باي|کوز بے، اوریگون|کوس بای، اورگن|クーズベイ
Cornelius,city,OR,45.51984,-123.05983,12317,Kornelius|Kornilius|ke ni li e si|koneriasu|krnlyws  awrgn|krnlyws  awrqn|kwrnylyws|Корнелиус|Корнеліус|Корнилиъс|كورنيليوس|کرنلیوس، اورقن|کرنلیوس، اورگن|コーネリアス|科尼利厄斯
Corvallis,city,OR,44.56457,-123.26204,55780,CVO|Korvalis|Korvallis|Kovalis|ke wa li si|kobaelliseu|kobarisu|krwlys  awrgn|kwrfalys|kwrwyls  awrygwn|Ковалис|Корвалис|Корваллис|كورفاليس|کرولیس، اورگن|کورویلس، اوریگون|コーバリス|科瓦利斯|코밸리스
Dallas,city,OR,44.91928,-123.31705,15277,Dalas|dalas|dalas  awrgn|Далас|Даллас|دالاس|دالاس، اورگن
Damascus,city,OR,45.41762,-122.45898,10952,City of Damascus
Eugene,city,OR,44.05207,-123.08675,176654,EUG|Eugine City|Judzhijn|Judzhin|Judzhyn|Judzin|Judzinas|Judžinas|you jin|yujin|ywgyn|ywjyn|ywjyn  awrgn|Јуџин|Юджийн|Юджин|Юджын|Юджін|יוגין|يوجين|یوجین|یوجین، اورگن|ユージン|ユージーン|尤金|유진
Forest Grove,city,OR,45.51984,-123.11066,24457,Forehst Grouv|Forest Grouv|Forest-Grouv|foresutogurovu|fwrst ghrwf|fwrst grw  awrgn|fwrst qrw  awrqn|sen lin shu cong shi|Форест Гроув|Форест-Гроув|Форэст Гроув|فورست غروف|فورست قرو، اورقن|فورست گرو، اورگن|フォレストグローヴ|森林樹叢市
Four Corners,city,OR,44.9279,-122.98371,15947,For-Korners|fwr kwrnrz|fwr kwrnrz  awrqn|fwr kwrnyrs|Фор-Корнерс|فور كورنيرس|فور کورنرز|فور کورنرز، اورقن
Gladstone,city,OR,45.38068,-122.59481,11986,Gladston|Gladstoun|Gledston|Glehdstoun|ghladstwn|gldstwn  awrgn|Гладстон|Гладстоун|Гледстон|Глэдстоун|غلادستون|گلدستون، اورگن|گلیڈسٹون، اوریگون
Grants Pass,city,OR,42.43933,-123.33067,37088,GTP|Grants Pas|Grants-Pass|Grehnts Pass|ge lan ci pa si|geulaencheupaeseu|ghrants bas|grnts pas  awrgn|Грантс Пас|Грантс-Пасс|Грэнтс Пасс|Ґрантс-Пасс|غرانتس باس|گرانٹس پاس، اوریگون|گرنتس پاس، اورگن|格兰茨帕斯|그랜츠패스
Gresham,city,OR,45.49818,-122.43148,110553,Grehskham|Greshem|ge lei she mu|ge lei si han|geulesyeom|ghrysham|grsham  awrgn|grsm|grysham  awrygwn|gureshamu|qrsham  awrqn|Грешам|Грешем|Грэсхам|גרשם|غريشام|قرشام، اورقن|گرشام، اورگن|گریشام، اوریگون|グレシャム|格雷捨姆|格雷斯罕|그레셤
Happy Valley,city,OR,45.44679,-122.53037,18493,Geppi-Velli|Khapi Vali|Khappi Vallehj|ha pi wa li|haby faly|happibare|hpy wly  awrgn|hpy wly  awrqn|Геппи-Велли|Геппі-Веллі|Хапи Вали|Хаппи Валлэй|האפי ואלי|هابي فالي|هپی ولی، اورقن|هپی ولی، اورگن|ہیپی ویلی، اوریگون|ハッピーバレー|哈皮瓦利
Hayesville,city,OR,44.98595,-122.98287,19936,Gejsvill|haysfyl|hyzwyl|hyzwyl  awrqn|Гейсвилл|Гейсвілл|هايسفيل|هیزویل|هیزویل، اورقن
Hermiston,city,OR,45.84041,-119.28946,17201,Germeston|HES|Khehrmiston|Khurmistun|Maxwell|hamisuton|he mi si dun|hrmystn  awrgn|hrmystn  awrqn|hyrmystwn|Герместон|Хърмистън|Хэрмистон|هرمیستن، اورقن|هرمیستن، اورگن|هيرميستون|ہرمیسٹن، اوریگون|ハーミストン|赫米斯頓
Hillsboro,city,OR,45.52289,-122.98983,102347,Chilsmporo|Gilsboro|HIO|Khillsboro|Khillsborou|Khilsboro|Khilsburo|hiljeubeoleo|hiruzuboro|hylsbrw  awrgn|hylsbwrw|xi er si bo lei|Χίλσμπορο|Гілсборо|Хиллсборо|Хиллсбороу|Хилсборо|Хилсбъро|هيلسبورو|هیلسبرو، اورگن|ہلزبورو، اوریگون|ヒルズボロ|希尔斯伯勒|힐즈버러
Keizer,city,OR,44.99012,-123.02621,37895,Kajzer|Kajzur|Kejzer|kaiza|kyzr|kyzr  awrgn|Кайзър|Кајзер|Кейзер|كيزر|کیزر، اورگن|カイザー
Klamath Falls,city,OR,42.22487,-121.78167,21399,Klamat Fols|LMT|Linkville|klamath falz|klmth falz  awrgn|kuramasuforuzu|Кламат Фолс|كلاماث فالز|کلمته فالز، اورگن|کلیمیتھ فالز، اوریگون|クラマスフォールズ
La Grande,city,OR,45.32458,-118.08772,13074,Brown Town|Brownsville|LGD|La Grand|la ghrandy|la grandh  awrgn|la grandy  awrygan|ragurando|Ла Гранд|Ла Гранде|لا غراندي|لا گرانده، اورگن|لا گراندی، اوریگان|ラグランド
Lake Oswego,city,OR,45.42067,-122.67065,38496,Lejk Osuego|Lejk-Osuehgo|Lejk-Osvigo|Oswego|ao si wei ge hu|lyk aswgw  awrgn|lyk aswqw  awrqn|lyk awswyghw|lyk awswygw  awrygan|oligeon leikeu aseuwigo|Лейк Осуего|Лейк-Освиго|Лейк-Освіго|Лейк-Осуэго|לייק אוסוויגו|ليك أوسويغو|لیک اسوقو، اورقن|لیک اسوگو، اورگن|لیک اوسویگو، اوریگان|レイク・オスウィーゴ|奧斯威戈湖|奧斯韋戈湖|오리건 레이크 아스위고
Lebanon,city,OR,44.53651,-122.90703,16324,Lebanono|lai ba nen|lbnan|lbnan  awrgn|lbnan  awrqn|lebeoneon|rebanon|Лебанон|لبنان|لبنان، اورقن|لبنان، اورگن|レバノン|莱巴嫩|레버넌
Lents,city,OR,45.47984,-122.56731,20156,
McMinnville,city,OR,45.21012,-123.19872,33892,Mak Minvill|Makminvil|maegminbil|mkmnwyl  awrygwn|mkmynwyl  awrgn|mykmynfyl|Мак Минвилл|Макминвил|ميكمينفيل|مکمنویل، اوریگون|مکمینویل، اورگن|맥민빌
Medford,city,OR,42.32652,-122.87559,79805,MFR|mdfwd  awrgn|mdpwrd|medeupeodeu|medofodo|mei de fu|mydfwrd|Медфорд|מדפורד|مدفود، اورگن|ميدفورد|میڈفورڈ، اوریگون|メドフォード|梅德福|메드퍼드
Milwaukie,city,OR,45.44623,-122.63926,20830,Milgouoki|Miluoki|Milvauki|Milvoki|Milvokis|Milwaukee|Milwaukee City|mi er wo ji|miruuoki|mlwawky  awrygwn|mylwaky  awrgn|mylwaky  awrqn|mylwawky|Μιλγουόκι|Милвауки|Милвоки|Милуоки|Мілвокі|Мілуокі|ملواوکی، اوریگون|ميلواوكي|میلواکی، اورقن|میلواکی، اورگن|ミルウォーキー|密尔沃基|密爾沃基
Monmouth,city,OR,44.84845,-123.23399,10032,Monaus|Monmaut|Monmet|Monmut|meng mao si|mnmwth  awrgn|mnmwth  awrqn|monmasu|mwnmwth|Монаус|Монмаут|Монмет|Монмут|منموته، اورقن|منموته، اورگن|مونماوتھ، اوریگون|مونموث|モンマス|蒙茅斯
Newberg,city,OR,45.30012,-122.97316,22780,N'juberg|Njuburg|Nyuberq|Pacific College|niu bo ge|nyubagu|nywbrg  awrgn|nywbrg  awrygwn|nywbrq  awrqn|nywbyrgh|Ньюберг|Нюбърг|نيوبيرغ|نیوبرق، اورقن|نیوبرگ، اورگن|نیوبرگ، اوریگون|ニューバーグ|紐伯格
Newport,city,OR,44.63678,-124.05345,10268,N'juport|Newport (Oregon)|Njuport|ONP|nyupoteu|nyupoto|nywbwrt|nywpwrt  awrgn|Њупорт|Ньюпорт|Нюпорт|نيوبورت|نیوپورت، اورگن|نیوپورٹ، اوریگون|ニューポート|뉴포트
Oak Grove,city,OR,45.41679,-122.64009,16629,Ouk-Grouv|awk ghrwf|awk grww|awk qrww  awrqan|Оук-Гроув|أوك غروف|اوک قروو، اورقان|اوک گروو
Oak Hills,city,OR,45.54123,-122.84121,11333,Ouk-Gills|awk hylz|awk hylz  awrqn|Оук-Гиллс|Оук-Гіллс|أوك هيلز|اوك هيلز|اوک هیلز|اوک هیلز، اورقن
Ontario,city,OR,44.02655,-116.96294,10999,ONO|Ontário|an da e|antaryw  awrgn|awntaryw|awntaryw  awrqn|Онтарио|Онтаріо|أونتاريو|انتاریو، اورگن|اونتاریو، اورقن|اونٹاریو، اوریگون|オンタリオ|安大略
Oregon City,city,OR,45.35734,-122.60676,35831,Oregon Siti|Oregón City|Thanh pho Oregon|Thành phố Oregon|Willamette|Willamette Falls|awrgn syty  awrgn|awryghwn syty|e lei gang cheng|oregonshiti|Орегон Сити|أوريغون سيتي|اورگن سیتی، اورگن|اوریگون سٹی، اوریگون|オレゴンシティ|俄勒冈城
Pendleton,city,OR,45.67207,-118.7886,16881,PDT|Pehndlton|Pendlton|Pendultun|byndlyntwn|pndltn  awrgn|Пендлтон|Пендълтън|Пэндлтон|بيندلينتون|پندلتن، اورگن|پینڈلٹن، اوریگون
Portland,city,OR,45.52345,-122.67621,652503,Bridgetown|P-town|PDX|Portland i Oregon|Portlandas|Portlandia|Portlando|Portlant|Portlend|Portlenda|Puddletown|Rip City|River City|Stumptown|The City of Roses|bo te lan|bwrtland  awryghwn|port land|portalainda|portalanda|portlant|portlendi|poteullaendeu|potorando|pwrtlnd|pwrtlnd  awrgn|Πόρτλαντ|Портланд|Портленд|Պորտլենդ|פורטלנד|بورتلاند، أوريغون|پورتلند، اورگن|पोर्टलंड|पोर्टलैंड|போர்ட்லன்ட்|పోర్ట్ లాండ్|ಪೋರ್ಟ್‌ಲ್ಯಾಂಡ್‌|พอร์ตแลนด์|პორტლენდი|ფორთლენდი|ポートランド|波特蘭|포틀랜드
Redmond,city,OR,44.27262,-121.17392,28654,RDM|Redmund|Rehdmond|lei de meng de|lei de meng de (e lei gang zhou)|rdmnd  awrgn|rdmnd  awrqn|rdmwnd|redomondo|rydmwnd|Редмонд|Редмънд|Рэдмонд|רדמונד|ردمند، اورقن|ردمند، اورگن|ريدموند|ریڈمنڈ، اوریگون|レドモンド|雷德蒙德|雷德蒙德（俄勒冈州）|雷德蒙德（俄勒岡州）
Roseburg,city,OR,43.2165,-123.34174,22114,RBG|Rosberg|Rousburg|Rouzburg|lojeubeogeu|luo si bao|rozubagu|rsbwrg  awrgn|rwzbrg  awrygwn|rwzbyrgh|Росберг|Роузбърг|Роусбург|رسبورگ، اورگن|روزبرگ، اوریگون|روزبيرغ|ローズバーグ|罗斯堡|로즈버그
Saint Helens,city,OR,45.864,-122.80649,12883,Casenau|Houlton|Kasenau|Milton|Plymouth|St. Helens
Salem,city,OR,44.9429,-123.0351,175535,Chemeketa|SLE|Salem (Oregon)|Salemas|Salems|Seilema|Sejlem|Sejlum|celam|sai lei mu|salema|salm|saylm|se lem|seilleom|seiramu|selama|selem|sylm  awrgan|sylm  awrygwn|syylm|Σάλεμ|Салем|Сейлем|Сейлъм|Сејлем|Սալեմ|סיילם|سالم|سايلم|سیلم، اورگان|سیلم، اوریگون|सालेम|सेलम|सेलेम्|சேலம்|เซเลม|セイラム|塞勒姆|세일럼
Sandy,city,OR,45.39734,-122.26148,10644,Sandi|Sehndi|Sendi|sandi|shan di shi|sndy  awrgn|sndy  awrqn|Санди|Санді|Сенди|Сэнди|ساندي|سندی، اورقن|سندی، اورگن|سینڈی، اوریگون|サンディ|杉迪市
Sherwood,city,OR,45.35651,-122.8401,19283,Shehrvud|Shervud|Shurud|she wu de|shrwwd  awrgn|shrwwd  awrqn|shyrwwd|Шервуд|Шъруд|Шэрвуд|شروود، اورقن|شروود، اورگن|شيروود|舍伍德
Springfield,city,OR,44.04624,-123.02203,60870,Springfijld|Springfild|aspyryng fyld  awrgn|sbrynghfyld|seupeulingpildeu|si pu lin fei er de|supuringufirudo|Спрингфийлд|Спрингфилд|Спрінгфілд|اسپیرینگ فیلد، اورگن|سبرينغفيلد|سپرنگفیلڈ، اوریگون|スプリングフィールド|斯普林菲尔德|스프링필드
The Dalles,city,OR,45.59456,-121.17868,15340,City of The Dalles|City of the Dalles|DLS|Dalles|Dalles City|Dals|Dalz|Rockfort Camp|Wascopum|Win-quatt|Zeh Dallehs|dha dalys|dls  awrgn|Далз|Далс|Зэ Даллэс|دلس، اورگن|دی ڈالیز، اوریگون|ذا داليس
Tigard,city,OR,45.43123,-122.77149,51253,Tajgard|Tigurd|tai ge de|taigado|taigeodeu|taygrd  awrgn|tayqrd  awrqn|thi kard|tyghard|Тайгард|Тигард|Тигърд|تایقرد، اورقن|تایگرد، اورگن|تيغارد|ٹائگرڈ، اوریگون|ไทการ์ด|タイガード|泰格德|타이거드
Troutdale,city,OR,45.53929,-122.38731,16631,Sandy|TTD|Trautdejl|trawtdl|trwtdl  awrgn|Траутдейл|Траутдејл|تراوتدل|تروتدل، اورگن
Tualatin,city,OR,45.38401,-122.76399,27154,Bridgeport|Tualatun|Tualitin|Tualtin|teyuaratin|twalatyn|twaltyn  awrgn|Туалатин|Туалатън|توالاتين|توالتین، اورگن|ٹوالاٹن، اوریگون|テュアラティン
West Linn,city,OR,45.36568,-122.61231,26593,Linn City|Robins Nest|Vehst Linn|Vest Lin|Zapaden Lin|uesutorin|wst lyn  awrgn|wyst lyn|Вест Лин|Вэст Линн|Западен Лин|وست لین، اورگن|ويست لين|ویسٹ لین، اوریگون|ウェストリン
Wilsonville,city,OR,45.29984,-122.77371,22729,Uilsunvil|Vilsonvil|Vilsonvill|wylsnwyl  awrgn|wylsnwyl  awrygwn|wylswnfyl|Вилсонвил|Вилсонвилл|Уилсънвил|ويلسونفيل|ویلسنویل، اورگن|ویلسنویل، اوریگون
Woodburn,city,OR,45.14373,-122.85537,25173,Udburn|Vudbern|Vudbjorn|Vudburn|uddoban|wu de ben|wwdbwrn|wwdbwrn  awrgn|wwdbwrn  awrqn|Вудберн|Вудбурн|Вудбёрн|Удбърн|وودبورن|وودبورن، اورقن|وودبورن، اورگن|ووڈبرن، اوریگون|ウッドバーン|伍德本
Pierre,city,SD,44.36832,-100.35097,14091,Mato|PIR|Pier|Pir|Pira|Piras|Pirr|Pirs|Pjer|Pīra|byyr|pi er|pia|pieo|piyara|piyer|piyera|piyere|pyr|pyr  dakwtay jnwby|Πιερ|Пиер|Пир|Пирр|Пір|Пірр|Пјер|Պիեռ|פיר|بيير|پیر، داکوتای جنوبی|پیر،ساؤتھ ڈیکوٹا|پیری، جنوبی ڈکوٹا|पियर|पियेर|पियेरे|पियेर्|பியேர்|ピア|皮尔|피어
Rapid City,city,SD,44.08054,-103.23101,73569,Haeohemahpe|Hay Camp|Háeohémahpe|RAP|Rapid|Rapid Siti|Rapid-Siti|la pi de cheng|laepideusiti|rabyd syty|raipida siti|rapiddoshiti|rpyd syty  dakwtay jnwby|Рапид Сити|Рапид-Сити|Рапід-Сіті|رابيد سيتي|رپید سیتی، داکوتای جنوبی|ریپڈ سٹی، جنوبی ڈکوٹا|रैपिड सिटी|แรพิดซิตี|ラピッドシティ|拉皮德城|래피드시티
Spearfish,city,SD,44.49082,-103.85937,11283,SPF|Sperfisas|Sperfišas|Spesrfish|Spiarfis|Spirfisa|Spirfish|Spīrfiša|aspyrfysh  dakwtay jnwby|aspyrfysh  gwnyy dakwta|s pheiyr fich|sausudakota zhou|sbyrfysh|seupeeopisi|si pi er fei shen|spi'araphisa|spiyar phis|spiyarafisa|spiyaraphisa|spiyarphis|spiyarpis|Σπίαρφις|Спирфиш|Спірфіш|اسپیرفیش، داکوتای جنوبی|اسپیرفیش، گونئی داکوتا|سبيرفيش|سپئیرفش، جنوبی ڈکوٹا|स्पियरफ़िश|स्पीअरफिश|স্পিয়ারফিস|સ્પિયરફિશ|ஸ்பியர்பிஷ்|స్పియర్ ఫిష్|ಸ್ಪಿಯರ್ಫಿಶ್|ස්පියර්ෆිෂ්|สเพียร์ฟิช|サウスダコタ州|斯皮尔菲什|斯皮爾菲什|스페어피시
Alpine,city,UT,40.45328,-111.77799,10235,Alpajn|Alpine City|Mountainville|a er pai|albayn|alpayn  ywta|alpyn  ywta|arupain|Алпайн|Алпајн|آلپاین، یوتا|آلپین، یوتا|ألباين|الباين|アルパイン|阿尔派|阿爾派
Bluffdale,city,UT,40.48967,-111.93882,10931,Blafdejl|Blufdejl|blafdl  ywta|blwfdyl|bu la fu dai er|Блафдејл|Блъфдейл|بلافدل، یوتا|بلوفديل|布拉夫戴尔
Bountiful,city,UT,40.88939,-111.88077,43784,BTF|Bauntiful|Sessions Settlement|bang di fu er|bwntyfwl|bwntyfwl  ywta|Баунтифул|Баунтифъл|بونتيفول|بونتیفول، یوتا|بونٹیفل، یوٹاہ|邦蒂富尔
Brigham City,city,UT,41.51021,-112.0155,18752,BMC|Box Elder|Brigam Siti|Brigham|bryghham syty|bryghm syty  ywta|bu li ge mu cheng|Бригам Сити|بريغهام سيتي|بریگهم سیتی، یوتا|布里格姆城
Canyon Rim,city,UT,40.70661,-111.82188,10062,
Cedar Hills,city,UT,40.41412,-111.75854,10265,Gad Dah Daaskʼid|Sidar-Gills|Sider Khils|Sidur Khils|sdar hyls  ywta|sdarhylz  ywta|sydar hylz|xi da xi er si|Сидар-Гиллс|Сидер Хилс|Сидър Хилс|Сідар-Гіллс|سدار هیلس، یوتا|سدارهیلز، یوتا|سيدار هيلز|シーダー・ヒルズ|錫達希爾斯|锡达希尔斯
Centerville,city,UT,40.918,-111.87216,16877,Sentervil|Senturvil|sen te wei er|sntrfyl|sntrwyl  ywta|Сентервил|Сентървил|سنترفيل|سنترویل، یوتا|سینٹرویل، یوٹاہ|森特维尔
Clearfield,city,UT,41.11078,-112.02605,30653,Klirfild|Kliurfijld|ke li er fei er|klyrfyld|klyrfyld  ywta|kuriafirudo|Клирфилд|Клиърфийлд|Клірфілд|كليرفيلد|کلیئرفیلڈ، یوٹاہ|کلیرفیلد، یوتا|クリアフィールド|克利尔菲尔|克利爾菲爾
Clinton,city,UT,41.13967,-112.0505,21399,Klinton|Klintun|Summit|ke lin dun|klyntwn|klyntwn  ywta|kurinton|Клинтон|Клинтън|Клінтон|كلينتون|کلنٹن، یوٹاہ|کلینتون، یوتا|ക്ലിന്റൺ|クリントン|克林頓|克林顿
Cottonwood Heights,city,UT,40.61967,-111.81021,34343,Butlerville|Konutnud Khajts|Kotonarbaj Altajoj|Kotonarbaj Altaĵoj|Kotonvud Khajts|Kottonvud-Gajts|ka dun gao de|katn wwd haytz  ywta|kwtnwwd hayts|Конътнуд Хайтс|Котонвуд Хајтс|Коттонвуд-Гайтс|كوتنوود هايتس|کاتن وود هایتز، یوتا|کاٹنووڈ ہائٹس، یوٹاہ|卡頓高地|卡顿高地
Draper,city,UT,40.52467,-111.86382,46774,Drejper|Drejpur|South Willow Creek|de lei po|deuleipeo|drabr|drapr  ywta|Дрейпър|Дрејпер|درابر|دراپر، یوتا|ڈریپر، یوٹاہ|德雷珀|드레이퍼
Eagle Mountain,city,UT,40.31412,-112.00688,27332,Atsa Bidziil|Atsá Bidziil|Igl Mauntin|Igl-Maunten|ayghl mawntn|aygl mawntyn  ywta|ayjl mawntn|ayql mwntayn  ywta|igeulmauntin|lao ying shan|Ігл-Маунтен|Игл Маунтин|Игл-Маунтен|إيغل ماونتن|ايجل ماونتن|ایقل مونتاین، یوتا|ایگل ماونتین، یوتا|老鷹山|老鹰山|이글마운틴
East Millcreek,city,UT,40.69995,-111.81049,20816,
Farmington,city,UT,40.9805,-111.88744,22566,Farmingtun|Millers Settlement|fa ming dun|farmnghtwn|farmyngtwn  ywta|Фармингтон|Фармингтън|فارمنغتون|فارمنگٹن، یوٹاہ|فارمینگتون، یوتا|法明顿
Grantsville,city,UT,40.59994,-112.4644,10027,Grantsvil|Grantsvill|Grantsville City|Grantville|Kʼaitah Nílį́|Twenty Wells|Willow Creek|ge lan ci wei er|ghrantsfyl|grntswyl  ywta|jrantsfyl|qrantswyl  ywta|Грантсвил|Грантсвилл|Грантсвілл|جرانتسفيل|غرانتسفيل|قرانتسویل، یوتا|گرنتسویل، یوتا|格兰茨维尔|格蘭茨維爾
Herriman,city,UT,40.51411,-112.03299,30835,Gerrimen|Heriman|Kheriman|he er rui mu an|helimeon|heriman|hryman  ywta|hrymn  ywta|hyryman|Герримен|Геррімен|Хериман|هریمان، یوتا|هریمن، یوتا|هيريمان|ヘリマン|赫尔瑞姆安|赫爾瑞姆安|헤리먼
Highland,city,UT,40.42548,-111.79447,17989,Gajlend|Khajland|hai lan|hairando|hayland|haylnd  ywta|hyqland  ywta|Гайленд|Хайланд|Хајланд|هايلاند|هایلند، یوتا|هیقلاند، یوتا|ハイランド|海兰|海蘭
Holladay,city,UT,40.66884,-111.82466,30864,Kholadej|huo la di|hwladay|Холадей|Холадеј|هال‌لیدی|هولاداي|ہولاڈے، یوٹاہ|霍拉迪
Kaysville,city,UT,41.03522,-111.93855,30472,Kays Creek|Kejsvil|Kejsvill|Maysville|kai si wei er|kaysfyl|kayswyl  ywta|kayzwyl  ywta|keizubiru|qyyswwyl|Кейсвил|Кейсвилл|Кейсвілл|Кејсвил|קייסוויל|كايسفيل|کایزویل، یوتا|کایسویل، یوتا|کیئزویل، یوٹاہ|ケイズビル|凯斯维尔|凱斯維爾
Kearns,city,UT,40.65995,-111.99633,35731,Kerns|Кернс
Layton,city,UT,41.06022,-111.97105,74143,Lejton|Lejtun|laytwn|lei dun|leiteon|lytwn  ywta|Лейтон|Лейтън|Лејтон|لايتون|لیتون، یوتا|لیٹن، یوٹاہ|雷顿|레이턴
Lehi,city,UT,40.39162,-111.85077,58486,Lehi City|Lehi Junction|Lekhe|Likhaj|lhy  ywta|li hai|lyhy|Лехе|Лихай|لحی، یوتا|ليهي|لیہائی، یوٹاہ|李海
Lindon,city,UT,40.34329,-111.72076,10810,Lindun|lin dun|lyndwn|lyndwn  ywta|rindon|Линдон|Линдън|Ліндон|ليندون|لیندون، یوتا|リンドン|林頓|林顿
Logan,city,UT,41.73549,-111.83439,50371,LGU|Lougan|luo gen|lwgan  ywta|lwghan|rogan|Логан|Лоуган|لوغان|لوگان، یوتا|لوگن، یوٹاہ|ローガン|洛根
Magna,city,UT,40.70911,-112.10161,26505,Магна
Midvale,city,UT,40.61106,-111.89994,32613,Bingham Junction|East Jordan|Midvejl|mi de wa er|mydfal|mydwyl  ywta|Мидвейл|Мидвејл|ميدفال|مڈویل، یوٹاہ|میدویل، یوتا|米德瓦尔
Millcreek,city,UT,40.68689,-111.87549,62139,Milkrik|Millkrik|mirukuriku|mylkryk|mylkryk  ywta|mylrqryq|Милкрик|Миллкрик|Міллкрік|מילרקריק|ميلكريك|میلکریک، یوتا|میل‌کریک، یوتا|ミルクリーク
Murray,city,UT,40.66689,-111.88799,49250,Mari|Mjurrej|Muri|mu lei|mwray|mwray  ywta|Мари|Мъри|Мюррей|مرے، یوٹاہ|موراي|مورای، یوتا|穆雷
North Logan,city,UT,41.76937,-111.80467,10181,
North Ogden,city,UT,41.30716,-111.96022,18446,Nort Ogden|Nort-Ogden|Severen Ogdun|Severnyj Ogden|awjn shmaly  ywta|nwrt awqdn  ywta|nwrth awghdn|nwrth awjdn|Норт Огден|Норт-Огден|Северен Огдън|Северный Огден|اوجن شمالی، یوتا|نورت اوقدن، یوتا|نورث أوغدن|نورث اوجدن
North Salt Lake,city,UT,40.84856,-111.90688,19796,Nort Solt Lejk|Nort-Solt-Lejk|North|Severen Solt Lejk|bei yan hu cheng|nwrt salt lyyk  ywta|nwrth swlt lyk|salt lyk shmaly  ywta|Норт Солт Лејк|Норт-Солт-Лейк|Северен Солт Лейк|سالت لیک شمالی، یوتا|نورت سالت لئیک، یوتا|نورث سولت ليك|ノース・ソルト・レイク|北盐湖城|北鹽湖城
Ogden,city,UT,41.223,-111.97383,85444,Brownsville|Fort Buenaventura|Lynne|OGD|Ogden City|Ogdun|ao ge deng|awdn  ywta|awghdn|ogeudeon|oguden|Огден|Огдън|Оґден|آگڈین، یوٹاہ|أوغدن|اودن، یوتا|オグデン|奥格登|오그던
Oquirrh,city,UT,40.6305,-112.03383,11668,
Orem,city,UT,40.2969,-111.69465,94457,Oremas|Orum|Tsetis Deezlini Biyaazh|Tsétis Deezlíní Biyáázh|ao lei mu|awrm  ywta|awrym|awrym  ywta|oremu|Орем|Оръм|אורם|أوريم|اورم، یوتا|اورم، یوٹاہ|اوريم|اوریم، یوتا|オレム|奥勒姆|奧勒姆
Payson,city,UT,40.0444,-111.73215,19548,Hadahiiliiniikooh|Hadahiilíiniikooh|Pejson|Pejsun|bayswn|cha mao sheng|payswn  ywta|peiseun|pyswn  ywta|pyyswn|Пейсон|Пейсън|Пејсон|פייסון|بايسون|پئیسن، یوٹاہ|پایسون، یوتا|پیسون، یوتا|查懋声|查懋聲|페이슨
Pleasant Grove,city,UT,40.36412,-111.73854,38052,Battle Creek|Pleasant Grv|Pleasantgrove|Plezant Grouv|Plezant-Grouv|Tʼiistah Hózhóonii|blyzant ghrwf|blyzant jrwf|plysant qrww  ywta|plznt grww  ywta|pu lai sen te ge luo fu|purezantoguroubu|Плезант Гроув|Плезант-Гроув|بليزانت جروف|بليزانت غروف|پلزنت گروو، یوتا|پلیزینٹ گروو، یوٹاہ|پلیسانت قروو، یوتا|プレザントグロウブ|普莱森特格罗夫|普萊森特格羅夫
Provo,city,UT,40.23384,-111.65853,115162,Fort Utah|PVU|Provas|Provo City|Provou|brwfw|peulobo|prwbw|prwww|prwww  ywta|pu ruo fu|purobo|Прово|Провоу|פרובו|بروفو|پرووو|پرووو، یوتا|پرووو، یوٹاہ|プロボ|普若佛|프로보
Riverton,city,UT,40.52189,-111.9391,41900,Rivurtun|li fu dun|ryfrtwn|rywrtwn  ywta|Ривертон|Ривъртън|ريفرتون|ریورتون، یوتا|ریورٹن، یوٹاہ|里弗顿
Roy,city,UT,41.16161,-112.02633,37964,Roj|luo yi|rwy|rwy  ywta|Рой|Рој|روئے، یوٹاہ|روي|روی، یوتا|罗伊
Salt Lake City,city,UT,40.76078,-111.89105,215548,Cathair Salt Lake|Civitas Lacus Salsi|Kota Salt Lake|Lungsod ng Salt Lake|SLC|Sallaga Urbo|Salt Lake|Salt Lake Ceety|Sol Lek Siti|Solt Leik Sites|Solt Leik Siti|Solt Leik Sitis|Solt Leik Sitės|Solt Lejk Siti|Solt Leyk Siti|Solt-Lehjk-Sici|Solt-Lejk-Siti|Soltleiksitija|Thanh pho Salt Lake|Thành phố Salt Lake|calt lek nakaram|salata leka siti|salt lek siti|salt lyk|salt lyk syty|salta leka siti|solta leka siti|solteuleikeusiti|sorutoreikushiti|swlt lyyq syty|sxltleksiti|yan hu cheng|Σολτ Λέικ Σίτι|Солт Лейк Сити|Солт Лејк Сити|Солт-Лейк-Сити|Солт-Лейк-Сіті|Солт-Лэйк-Сіці|Սոլթ Լեյք Սիթի|סולט לייק סיטי|سالت ليك|سالت لیک سیتی|سالت‌لیک‌سیتی|سالٹ لیک سٹی|سالٹ لیک سٹی، یوٹاہ|साल्ट लेक सिटी|साल्ट् लेक् सिटी|सॉल्ट लेक सिटी|ਸਾਲਟ ਲੇਕ ਸਿਟੀ|சால்ட் லேக் நகரம்|ಸಾಲ್ಟ್ ಲೇಕ್ ಸಿಟಿ|ซอลต์เลกซิตี|ཚྭ་མཚོའི་གྲོང་ཁྱེར།|სოლტ-ლეიკ-სიტი|ソルトレイクシティ|盐湖城|鹽湖城|솔트레이크시티
Sandy,city,UT,40.59161,-111.8841,87461,Sandy City
Sandy Hills,city,UT,40.58106,-111.85077,89575,
Saratoga Springs,city,UT,40.34912,-111.90466,25407,Saratoga-Springs|sa la tuo jia wen quan|saratwga aspryngz  ywta|saratwgha sbrynghz|Саратога Спрингс|Саратога-Спрингс|ساراتوغا سبرينغز|ساراتوگا اسپرینگز، یوتا|萨拉托加温泉
Smithfield,city,UT,41.83826,-111.83272,10782,Smitfijld|Smitfild|aysmytfyld  ywta|shi mi si fei er de|smythfyld|Смитфийлд|Смитфилд|Смітфілд|اسمیت‌فیلد، یوتا|ایسمیتفیلد، یوتا|سمتھفیلڈ، یوٹاہ|سميثفيلد|史密斯菲尔德|史密斯菲爾德
South Jordan Heights,city,UT,40.56384,-111.94938,37141,
South Jordan,city,UT,40.56217,-111.92966,66648,Juzhen Dzhordan|Saut DZordan|Saut-Dzhordan|jwrdn aljnwbyt|nan qiao dan|sawt jrdn  ywta|Саут Џордан|Саут-Джордан|Южен Джордан|جوردن الجنوبية|ساوت جردن، یوتا|ساوتھ جورڈن، یوٹاہ|南乔丹
South Ogden,city,UT,41.19189,-111.97133,16955,Saut Ogden|Saut Ogdun|Saut-Ogden|burch creek|jnwb awghdn|nan ao ge deng|sawt awdn  ywta|Саут Огден|Саут Огдън|Саут-Огден|Саут-Оґден|جنوب أوغدن|ساوت اودن، یوتا|南奥格登
South Salt Lake,city,UT,40.71884,-111.88827,24788,Centrral Park|Juzhen Solt Lejk|Saut Solt Lejk|nan yan hu cheng|sawt salt lyk  ywta|Саут Солт Лејк|Южен Солт Лейк|ساوت سالت لیک، یوتا|ساوتھ سالٹ لیک، یوٹاہ|南盐湖城
Spanish Fork,city,UT,40.11496,-111.65492,37935,Spanish Fork City|aspnysh fwrk  ywta|sbanysh fwrk|xi ban ya fu ke|Спаниш Форк|اسپنیش فورک، یوتا|سبانيش فورك|سپینش فورک، یوٹاہ|西班牙福克
Springville,city,UT,40.16523,-111.61075,32286,Springvil|Springvill|To Lani Hatsoh|Tó Łání Hatsoh|aspryngwyl  ywta|aysprynqwyl  ywta|sbrynghfyl|sbrynjfyl|seupeulingbil|shi pu lin wei er|supuringubiru shi|Спрингвил|Спрингвилл|Спрінгвілл|اسپرینگویل، یوتا|ایسپرینقویل، یوتا|سبرينجفيل|سبرينغفيل|سپرنگزویل، یوٹاہ|スプリングビル市|史普林維爾|史普林维尔|스프링빌
Syracuse,city,UT,41.08939,-112.06467,27395,Sirak'jus|Sirakjus|Sirakjuz|Syracusae|shirakyusu|syrakws  ywta|syrakywz|syrakywz  ywta|xi lei jiu si|Сиракьюс|Сиракюз|Сиракјус|Сірак'юс|سيراكيوز|سیراکوس، یوتا|سیراکیوز، یوتا|シラキュース|西勒鳩斯|西勒鸠斯
Taylorsville,city,UT,40.66772,-111.93883,60514,Tejlorsvil|Tejlorsvil'|Tejlorsvill|Tejlursvil|tai lei si wei er|taylwrzfyl|teilleoseubil|tylwrzwyl  ywta|Тейлорсвилл|Тейлорсвіль|Тейлърсвил|Тејлорсвил|تايلورزفيل|تیلورزویل، یوتا|ٹیلرزویل، یوٹاہ|泰勒斯维尔|테일러스빌
Tooele,city,UT,40.53078,-112.29828,33157,Tooelle|Tuele|Tuilu|tu ai lei|twyl  ywta|twyly|Туеле|Туилъ|توئل، یوتا|تويلي|ٹوئل، یوٹاہ|图埃勒
Vernal,city,UT,40.45552,-109.52875,11200,Ashley|Ashley Center|VEL|Vurnal|beoneol|fyrnal|wei na er|wrnal  ywta|Вернал|Върнал|فيرنال|ورنال، یوتا|韦纳尔|버널
West Haven,city,UT,41.203,-112.05105,11921,Vest Khejven|Vest-Gejven|wst hywn  ywta|wysant hafn|wyst hafn|wzt hawn  ywta|xi ha fen|Вест Хејвен|Вест-Гейвен|وزت هاون، یوتا|وست هیون، یوتا|ويسانت هافن|ويست هافن|ウェスト・ヘイヴン|西哈芬
West Jordan,city,UT,40.60967,-111.9391,111946,Okcidenta Jordan|Uehst-Dzhordan|Vest DZordan|Vest-Dzhordan|Zapaden Dzhordan|uesutojodan|weseuteujodeon|wst gwrdn|wst jrdn  ywta|wyst jwrdan|xi qiao dan|Вест Џордан|Вест-Джордан|Западен Джордан|Уэст-Джордан|וסט גורדן|وست جردن، یوتا|ويست جوردان|ویسٹ جورڈن، یوٹاہ|ウェストジョーダン|西喬丹|웨스트조던
West Point,city,UT,41.11828,-112.08411,10345,Uest Pojnt|Vest Pojnt|Vest-Pojnt|wst pwynt  ywta|wysant bwynt|wyst bwynt|wzt pwynt  ywta|xi dian|Вест Појнт|Вест-Пойнт|Уест Пойнт|وزت پوینت، یوتا|وست پوینت، یوتا|ويسانت بوينت|ويست بوينت|ویسٹ پوائنٹ، یوٹاہ|ウェスト・ポイント|西点|西點
West Valley City,city,UT,40.69161,-112.00105,136208,Granger-Hunter|Uehst-Valli-Siti|Uest Vali Siti|Vest Vali Siti|Vest-Velli-Siti|Wast Valley Ceety|West Valley|uesutobareshiti|wst wly syty  ywta|wyst faly syty|xi wa li cheng|Вест Вали Сити|Вест-Веллі-Сіті|Уест Вали Сити|Уэст-Валли-Сити|وست ولی سیتی، یوتا|ويست فالي سيتي|چیسٹرفیلڈ، یوٹاہ|ウェストバレーシティ|西瓦利城
Woods Cross,city,UT,40.87161,-111.89216,11284,Uds Kros|Vuds Kros|wu ci ke luo si|wwdz kras  ywta|wwdz krws|Вудс Крос|Удс Крос|وودز كروس|وودز کراس، یوتا|伍兹克洛斯
Aberdeen,city,WA,46.97537,-123.81572,16276,Abardeen|Aberdin|Aberdina|Aberdynas|Aberdzin|Aberdīna|Aburdijn|Amperntin|Wishkah|a bo ding|abadin|abardin|aberdini|abrdyn|abrdyn  washynqtwn|abyrdyn|aebeodin|apertin|ebaradina|eberdin|Αμπερντήν|Абердзін|Абердин|Абърдийн|Աբերդին|אברדין|أبردين|ابردین|ابردین، واشینقتون|ابيردين|ایبرڈین، واشنگٹن|ऍबरडीन|एबरडीन|অ্যাবেডিন|એબરડિન|அபெர்டீன்|ఎబెర్డీన్|ಅಬರ್ಡೀನ್|ඇබර්ඩීන්|แอเบอร์ดีน|აბერდინი|アバディーン|阿伯丁|애버딘|𐌰𐌹𐌱𐌰𐌹𐍂𐌳𐌴𐌹𐌽
Anacortes,city,WA,48.5126,-122.61267,18103,Anakortes|Anakortus|Magic City|OTS|Ship Harbor|Squaw Harbor|a na ke te si|anakorutesu|anakotiseu|anakwrts|anakwrtz  washyngtn|Анакортес|Анакортъс|أناكورتس|اناکورتز، واشینگتن|アナコルテス|阿纳科特斯|아나코티스
Arlington,city,WA,48.19871,-122.12514,18949,Arlingtun|Haller|Haller City|a ling dun|allingteon|arinton|arlynghtwn|arlyngtwn  washyngtn|Арлингтон|Арлингтън|آرلنگٹن، واشنگٹن|آرلینگتون، واشینگتن|أرلينغتون|アーリントン|阿灵顿|알링턴
Artondale,city,WA,47.29954,-122.62069,12653,Artondejl|artwndal|artwndyl|artwndyl  washynqtwn|Артондейл|Артондејл|آرتوندیل|آرتوندیل، واشینقتون|أرتوندال
Auburn,city,WA,47.30732,-122.22845,77006,Obern|Slaughter|ao ben|awbrn  washyngtn|awbwrn|oban|obeon|Оберн|آبرن، واشنگٹن|أوبورن|اوبرن، واشینگتن|オーバーン|奥本|오번
Battle Ground,city,WA,45.78095,-122.53343,19407,Batala Grundo|Battl-Graund|Battleground|Batul Graund|Betl Graund|ba te er ge lang de|baeteulgeulaundeu|batoruguraundo|batyl ghrawnd|batyl jrawnd|btl grand  washyngtn|btl qrand  washynqtwn|Баттл-Граунд|Батъл Граунд|Бетл Граунд|باتيل جراوند|باتيل غراوند|بتل قراند، واشینقتون|بتل گراند، واشینگتن|バトルグラウンド|巴特尔格朗德|巴特爾格朗德|배틀그라운드
Bellevue,city,WA,47.61038,-122.20068,139820,Belv'ju|Belvju|balfyw|bei er wei you|belavhyu|belbyu|berubyu|blwyw  washyngtn|Белвью|Белвю|Белвју|بالفيو|بلویو، واشنگٹن|بلویو، واشینگتن|बेलव्ह्यू|ベルビュー|貝爾維尤|贝尔维尤|벨뷰
Bellingham,city,WA,48.75955,-122.48822,85146,BLI|Belingam|Belinghem|Belingkham|Bellingkhem|Bellinqham|bei ling e mu|bellinghaem|berinhamu|blyngham  washyngtn|bylyngham|Белингам|Белингхам|Беллингхем|Беллінгхем|Բելինգհեմ|בלינגהאם|بلینگهام، واشینگتن|بيلينغام|بیلنگہام|ベリンハム|贝灵厄姆|벨링햄
Bonney Lake,city,WA,47.17705,-122.18651,19903,
Bothell,city,WA,47.76232,-122.2054,42939,Bodul|Botel|Brackett's Landing|Sothell|ba sa er|bosel|boseru|bwthl  washyngtn|bwthyl|Бодъл|Ботел|بوتهل، واشینگتن|بوثيل|ボセル|巴薩爾|보셀
Bremerton,city,WA,47.56732,-122.63264,39520,Bremurtun|PWT|beulemeoteun|brmrtwn|brmrtwn  washyngtn|brymyrtwn|bu lei mo dun|burematon|Бремертон|Бремъртън|Բրեմերթոն|ברמרטון|برمرتون، واشینگتن|بريميرتون|ブレマートン|布雷默顿|브레머튼
Burien,city,WA,47.47038,-122.34679,50467,Berin|Bjurijen|Bjuriun|baryn  washyngtn|berian|bu li en|bwryn|bwryn  washynqtwn|byeolieon|Берин|Берін|Бюриън|Бјуријен|بارین، واشینگتن|بورين|بورین، واشینقتون|ベリアン|布里恩|벼리언
Camano,city,WA,48.17399,-122.52821,14202,Camano CDP|Camano City
Camas,city,WA,45.58706,-122.39954,21846,Kamas|La Camas|ka mo si|kamas|kamas  washyngtn|kyamasu|Камас|كاماس|کاماس، واشینگتن|キャマス|卡默斯
Centralia,city,WA,46.71621,-122.9543,16753,Centerville|Sentralija|Sentrejlija|Skookumchuck|sen te lei li ya|senteuleillia|sentoraria|sntralya|sntralya  washyngtn|sntralya  washynqtwn|sntrlyh|Сентралия|Сентрейлия|Сентрейлія|Сентрејлија|סנטרליה|سنتراليا|سنترالیا، واشینقتون|سنترالیا، واشینگتن|سینٹریلیا، واشنگٹن|セントラリア|森特勒利亚|森特勒利亞|센트레일리아
Cheney,city,WA,47.48739,-117.57576,11534,Billings|Chijni|Chini|Depot Springs|Section 13|Sile'|Willow Springs|Yts'piyits'p|cheni|chini|chny  washyngtn|chny  washynqtwn|qie ni|tshyny|Чийни|Чини|Чіні|تشينى|تشيني|چنی، واشینقتون|چنی، واشینگتن|チーニー|切尼|체니
Cottage Lake,city,WA,47.74427,-122.07735,22494,Kotidz Lejk|Kottedzh-Lejk|katyj lyk|katyj lyk  washynqtwn|morutobi|Котиџ Лејк|Коттедж-Лейк|کاتیج لیک|کاتیج لیک، واشینقتون|モルトビー
Covington,city,WA,47.35818,-122.12216,19197,Kavington|Kuvingtun|ka wen dun|kawyngtwn  washyngtn|keobingteon|kobinton|kwfynghtwn|Кавингтон|Къвингтън|كوفينغتون|کاوینگتون، واشینگتن|کوونگٹن، واشنگٹن|コビントン|卡温顿|커빙턴
Des Moines,city,WA,47.40177,-122.32429,31221,De Mojn|De Mojns|De-Mojn|Des Moines (Washington)|DesMoines|de mei yin|ds mwynz  washyngtn|dys mwyns|dz mwynz  washynqtwn|Де Мойн|Де Мојнс|Де-Мойн|دز موینز، واشینقتون|دس موینز، واشینگتن|ديس موينس|デ・モイン|得梅因
East Renton Highlands,city,WA,47.48482,-122.11234,11140,Ist Renton Khajlands|Ist-Renton-Gajlends|ayst rntwn haylndz|ayst rntwn haylndz  washynqtwn|ayst ryntwn haylands|Іст-Рентон-Гайлендс|Ист Рентон Хајландс|Ист-Рентон-Гайлендс|إيست رينتون هايلاندس|ایست رنتون هایلندز|ایست رنتون هایلندز، واشینقتون
East Wenatchee,city,WA,47.41568,-120.29313,13659,Ist Uinachi|Ist Venachi|Ist-Venatchi|ast wnatchy  washyngtn|aysant wanatshy|ayst wanatshy|ayst wnatchy  washynqtwn|dong wei na qi|isutowanatchi|Іст-Венатчі|Ист Веначи|Ист Уиначи|Ист-Венатчи|إيست واناتشي|است وناتچی، واشینگتن|ايسانت واناتشى|ایست وناتچی، واشینقتون|イーストワナッチー|东韦纳奇|東韋納奇
Edmonds,city,WA,47.81065,-122.37736,41375,Edmunds|Ehdmonds|admwndz|admwndz  washyngtn|ai de meng ci|edeumeonjeu|edomonzu|Едмондс|Едмъндс|Эдмондс|إدموندز|ادموندز، واشینگتن|エドモンズ|埃德蒙兹|에드먼즈
Elk Plain,city,WA,47.05316,-122.39762,14205,
Ellensburg,city,WA,46.99651,-120.54785,19001,ELN|Elensburg|Ellen's Burgh|Elunsburg|Robbers Roost|ai lun si bao|alns bwrg  washyngtn|alynsbwrgh|ellenseubeogeu|erenzubagu|Еленсбург|Елънсбърг|إلينسبورغ|النس بورگ، واشینگتن|エレンズバーグ|埃伦斯堡|엘렌스버그
Enumclaw,city,WA,47.20427,-121.9915,11609,Inamklo|Inumklo|anamk law  washyngtn|anamk law  washynqtwn|anwmklaw|inamukuro|yi na mu ke luo|Інамкло|Инамкло|Инумкло|Инъмкло|إنومكلاو|انامک لاو، واشینقتون|انامک لاو، واشینگتن|انومكلاو|اینیمکلو، واشنگٹن|イーナムクロー|伊納姆克洛|伊纳姆克洛
Everett,city,WA,47.97898,-122.20208,108010,Ehverett|Everet|Evuret|PAE|ai fu li te|awrt  washyngtn|ayfryt|ebaretto|ebeoles|Еверет|Еверетт|Евърет|Эверетт|אוורט|إيفريت|اورت، واشینگتن|ایورٹ|ایوریٹ، واشنگٹن|エバレット|埃弗里特|에버렛
Fairwood,city,WA,47.44843,-122.15734,19102,Cascade-Fairwood
Federal Way,city,WA,47.32232,-122.31262,95171,Federal Vej|Fedural Uej|fdral wy  washyngtn|federaruuei|fei de lei er wei|fydral way|pedeoleol-wei|Федерал Веј|Федърал Уей|فدرال وی، واشینگتن|فيدرال واي|فیڈرل وئے، واشنگٹن|فیڈرل وے|フェデラルウェイ|费德勒尔韦|페더럴웨이
Ferndale,city,WA,48.8465,-122.59101,13010,Ferndejl|Ferndeyl|Furndejl|Jam|fandeiru|fen dai er|frndal  washyngtn|frndal  washynqtwn|fyrndyl|peleundeil|Ферндейл|Ферндејл|Фърндейл|فرندال، واشینقتون|فرندال، واشینگتن|فرنڈیل، واشنگٹن|فيرنديل|ファーンデイル|芬代尔|芬代爾|페른데일
Five Corners,city,WA,45.68456,-122.5751,18159,Fajv Korners|Fajv-Korners|fayf kwrnyrs|fayw kwrnrz|fayw kwrnrz  washynqtwn|wu jiao|Файв-Корнерс|Фајв Корнерс|فايف كورنيرس|فایو کورنرز|فایو کورنرز، واشینقتون|五角
Frederickson,city,WA,47.09621,-122.35873,18719,
Graham,city,WA,47.05288,-122.29428,23491,
Grandview,city,WA,46.25097,-119.9017,11176,Grandv'ju|Grandvju|ge lan de wei you|geulaendeubyu|ghrandfyw|grndwyw  washyngtn|gurandobyu|jrandfyw|qrndwyw  washynqtwn|Грандв'ю|Грандвью|Грандвю|Грандвју|جراندفيو|غراندفيو|قرندویو، واشینقتون|گرندویو، واشینگتن|グランドビュー|格兰德维尤|格蘭德維尤|그랜드뷰
Greenwood,city,WA,47.69428,-122.35491,12378,
Hazel Dell,city,WA,45.67151,-122.66288,19435,Gejzel-Dell|Khejzel Del|hyzl dl|hyzl dl  washynqtwn|zhen gu|Гейзел-Делл|Хејзел Дел|هیزل دل|هیزل دل، واشینقتون|ہیزل ڈیل، واشنگٹن|榛谷
Issaquah,city,WA,47.5301,-122.03262,36081,Englewood|Gilman|Isakua|Isakva|Isquah|Isquowh|Issquah|Squak|Squawk|Squowh|asakwh|ayskwa  washyngtn|isakua|isakwa|yi se kuo|Исаква|Исакуа|إساكوه|ایسکوا، واشینگتن|イサクア|伊瑟闊|伊瑟阔|이사콰
Kelso,city,WA,46.14678,-122.90844,11901,KLS|Kelsou|Wallace's|kai er suo|keruso|klsw  washyngtn|kylsw|Келсо|Келсоу|كيلسو|کلسو، واشینگتن|ケルソー|凱爾索|켈소
Kenmore,city,WA,47.75732,-122.24401,22030,KEH|Kenmor|ken mo er|kenmoa|knmwr  washyngtn|knmwr  washynqtwn|kynmwr|Кенмор|كينمور|کنمور، واشینقتون|کنمور، واشینگتن|کینمور، واشنگٹن|ケンモア|肯莫尔
Kennewick,city,WA,46.21125,-119.13723,78896,Dell Haven|Kenevik|Keniuik|Kennevik|VSK|ken na wei ke|keneowig|keniuikku|kn wyk  washyngtn|kynwk|kynwyk|Кеневик|Кениуик|Кенневик|Кенневік|كينويك|کن ویک، واشینگتن|کیناویک، واشنگٹن|کینوک|ケニウィック|肯纳威克|케너윅
Kent,city,WA,47.38093,-122.23484,126952,Titusville|ken te|kenteu|kento|knt  washyngtn|knt  washynqtwn|kynt|qnt|Кент|קנט|كينت|کنت، واشینقتون|کنت، واشینگتن|کینٹ، واشنگٹن|ケント|肯特|켄트
Kingsgate,city,WA,47.72704,-122.17957,13065,
Kirkland,city,WA,47.68149,-122.20874,87281,Kerkland|Kirklandas|Kurkland|kakurando|ke ke lan|keokeullaendeu|krklnd  washyngtn|kyrkland|Керкланд|Къркланд|كيركلاند|کرکلند، واشینگتن|کرکلینڈ، واشنگٹن|カークランド|柯克兰|커클랜드
Lacey,city,WA,47.03426,-122.82319,46409,Lejsi|Woodland|lai xi|laky  washyngtn|lasy|reishi|Лейси|Лејси|لاسي|لاسے، واشنگٹن|لاکی، واشینگتن|レイシー|莱西
Lake Forest Park,city,WA,47.75676,-122.28096,13243,Lejk Forest Park|Lejk-Forest-Park|hu sen lin gong yuan|lyk fwrsant bark|lyk fwrst bark|lyk fwrt park  washyngtn|reikuforesutopaku|Лейк Форест Парк|Лейк-Форест-Парк|Лејк Форест Парк|ليك فورسانت بارك|ليك فورست بارك|لیک فورت پارک، واشینگتن|لیک فوریسٹ پارک، واشنگٹن|レイクフォレストパーク|湖森林公园|湖森林公園
Lake Stevens,city,WA,48.0151,-122.06374,30886,Lejk Stivens|Lejk Stivuns|Stevens Lake|leikeuseutibeunseu|lyk astywns  washyngtn|lyk styfnz|reikusutibunsu|shi di wen si hu|Лейк Стивънс|Лејк Стивенс|ليك ستيفنز|لیک استیونس، واشینگتن|لیک سٹیونز، واشنگٹن|レイクスティーブンス|史帝文斯湖|레이크스티븐스
Lakewood,city,WA,47.17176,-122.51846,59829,Lakewood Center|Lejkud|Lejkvud|lai ke wu de|leikeuudeu|lyk wwd  washyngtn|lyk wwd  washynqtwn|lykwwd|reikuuddo|Лейквуд|Лейкуд|Лејквуд|ليكوود|لیک وود، واشینقتون|لیک وود، واشینگتن|لیک ووڈ، واشنگٹن|レイクウッド|莱克伍德|萊克伍德|레이크우드
Longview,city,WA,46.13817,-122.93817,36848,KLS|Longvju|lang wyw  washyngtn|lwnghfyw|rongubyu|zhang jing shi|Лонгвю|Лонгвју|لانگ ویو، واشینگتن|لونغفيو|لونگویئو، واشنگٹن|ロングビュー|長景市
Lynden,city,WA,48.9465,-122.45211,13517,Linden|Lindun|Squ-o-hal-itch|lin deng|lin ding|lindeon|lyndn  washyngtn|lyndn  washynqtwn|lyndyn|rinden|Линден|Линдън|Лінден|ليندين|لیندن، واشینقتون|لیندن، واشینگتن|リンデン|林丁|林登|린던
Lynnwood,city,WA,47.82093,-122.31513,36997,Linud|Linvud|lin wu de|lin-udeu|lyn wwd  washyngtn|lynwwd|rin'uddo|Линвуд|Линуд|Лінвуд|لينوود|لین وود، واشینگتن|لینووڈ، واشنگٹن|リンウッド|林伍德|린우드
Maltby,city,WA,47.8051,-122.11318,10830,Maltbi|Maltvi|Yew|kotejireiku|maltby  washynqtwn|Малтби|Малтбі|Малтви|مالتبی|مالتبی، واشینقتون|مالطبي|コテージレイク
Maple Valley,city,WA,47.39272,-122.04641,25686,Maplevalley|Mejpl Vali|Mejpul Vali|feng shu gu|mabl faly|meipurubare|mpl wly  washyngtn|Мейпъл Вали|Мејпл Вали|مابل فالي|مپل ولی، واشینگتن|メイプルバレー|楓樹谷
Martha Lake,city,WA,47.85093,-122.2393,15473,Marta Lejk|Marta-Lejk|marta lyk|marta lyk  washynqtwn|martha lak|Марта Лејк|Марта-Лейк|مارتا لیک|مارتا لیک، واشینقتون|مارثا لاك
Marysville,city,WA,48.05176,-122.17708,66773,Merisvil|ma li si wei er|marys wyl  washyngtn|marysfyly|mearizubiru|melijeubil|myryzwl|Мерисвил|ماريسفيلي|ماریس ویل، واشینگتن|میریزول|میریزویل، واشنگٹن|メアリーズビル|马里斯维尔|메리즈빌
Mercer Island,city,WA,47.57065,-122.22207,25042,Merser Ajland|Mursur Ajland|masaairando|mo se dao|mrsraylnd  washyngtn|myrsyr ayland|Мерсер Ајланд|Мърсър Айланд|مرسرآیلند، واشینگتن|ميرسير آيلاند|マーサーアイランド|默瑟島
Mill Creek,city,WA,47.8601,-122.2043,20043,Mil Krijk|Mil Krik|mi er ke li ke|mirukuriku|myl kryk|myl kryk  washyngtn|Мил Крийк|Мил Крик|ميل كريك|میل کریک، واشینگتن|ミルクリーク|米尔克里克
Monroe,city,WA,47.85538,-121.97096,18090,Monro|Monroe (Washington)|Park Place|men luo|meonlo|monro|mwnrw|mwnrw  washyngtn|Монро|مونرو|مونرو، واشینگتن|モンロー|门罗|먼로
Moses Lake,city,WA,47.13014,-119.27808,22082,MWH|Mouzus Lejk|Moziz Lejk|Neppel|mo xi hu shi|mojiseuleikeu|mozesureiku|mwss lyk  washyngtn|mwsys lyk|Мозиз Лејк|Моузъс Лейк|مؤسس لیک، واشینگتن|موسيس ليك|モーゼスレイク|摩西湖市|모지스레이크
Mount Vernon,city,WA,48.42122,-122.33405,34053,Maunt Vernon|Maunt Vurnun|Maunt-Vernon|fu nong shan|maunteubeoneon|mauntobanon|mwnt fyrnwn|mwnt wrnwn  washyngtn|Маунт Вернон|Маунт Върнън|Маунт-Вернон|ماؤنٹ ورنن، واشنگٹن|مونت فيرنون|مونت ورنون، واشینگتن|マウントバーノン|弗农山|마운트버넌
Mountlake Terrace,city,WA,47.78815,-122.30874,20989,Mauntlejk Teras|mang te lai ke tai lei si|mauntoreikuterasu|mwntlyk tras  washyngtn|mwntlyk tyras|Маунтлейк Терас|Маунтлејк Терас|مونتليك تيراس|مونتلیک تراس، واشینگتن|マウントレイクテラス|芒特莱克泰勒斯
Mukilteo,city,WA,47.94454,-122.30458,21226,Makiltio|Muckilteo|Muckiltoe|Muckiltoo|Muckleteo|Mukultio|ma ke er di ao|mukiruteo|mwkyltw|mwkyltyw  washyngtn|Макилтио|Мъкълтио|موكيلتو|موکیلتئو، واشینگتن|ムキルテオ|马科尔蒂奥
Newcastle,city,WA,47.53899,-122.15568,11370,Njukasl|Njukasul|niu ka si er|nywkasl  washyngtn|Њукасл|Нюкасъл|نیوکاسل، واشینگتن|纽卡斯尔
North Creek,city,WA,47.81954,-122.17624,26410,
Oak Harbor,city,WA,48.29316,-122.64322,22693,ODW|Oakharbor|Ouk Kharbor|Ouk Kharbur|awk harbwr|awk harbwr  washyngtn|okuhaba|xiang gang shi|Оук Харбор|Оук Харбър|أوك هاربور|اوک هاربور، واشینگتن|オークハーバー|橡港市
Olympia,city,WA,47.04491,-122.90169,55733,Alimpija|Marshville|OLM|Olimpeje|Olimpi|Olimpia|Olimpija|Olimpėjė|ao lin pi ya|awlmbya|awlmpya|awlmpya  washyngtn|olampiya|olimpiya|ollimpia|orinpia|Ολύμπια|Алімпія|Олимпи|Олимпия|Олимпија|Олімпія|Օլիմպիա|אולימפיה|أولمبيا|اولمپیا|اولمپیا، واشنگٹن|اولمپیا، واشینگتن|ऑलिंपिया|ओलम्पिया|ஒலிம்பியா|オリンピア|奧林匹亞|올림피아
Opportunity,city,WA,47.64995,-117.23991,25877,
Orchards,city,WA,45.66651,-122.56093,19556,
Parkland,city,WA,47.15538,-122.43401,35803,
Pasco,city,WA,46.23958,-119.10057,69451,PSC|Pasko|Paskou|Pesko|baskw|pa si ke|paskw  washyngtn|pasuko|Паско|Паскоу|Песко|باسكو|پاسکو، واشنگٹن|پاسکو، واشینگتن|پاسکو،واشنگٹن|パスコ|帕斯科
Port Angeles,city,WA,48.11815,-123.43074,19448,CLM|Cherbourg|Port Andzeles|Port Andzhelis|an ji li si gang|bwrt anjlws|poteuaenjelleseu|potoenjerusu|pwrt anjls  washyngtn|Порт Анджелис|Порт Анџелес|بورت أنجلوس|پورت آنجلس، واشینگتن|ポートエンジェルス|安吉利斯港|포트앤젤레스
Port Orchard,city,WA,47.54037,-122.63625,13607,Sidney|Ter-cha-duk|ao cha de gang|bwrt bstan|potoochado|pwrt awrchard  washyngtn|Порт Орчард|بورت بستان|پورت اورچارد، واشینگتن|ポートオーチャード|奥查德港
Poulsbo,city,WA,47.73593,-122.64654,10041,PUL|Polsbo|Polzbo|Polzbou|bo er si bo|bwlsbw|porusubo|pwlsbw  washyngtn|pwlsbw  washynqtwn|Ползбо|Ползбоу|Полсбо|بولسبو|پولسبو، واشینقتون|پولسبو، واشینگتن|ポールスボー|波尔斯波|波爾斯波
Prairie Ridge,city,WA,47.1376,-122.14873,11464,Preri Ridz|Preri-Ridzh|brayry rydj|pryry ryj|pryry ryj  washynqtwn|Прери Риџ|Прери-Ридж|Прері-Ридж|برايرى ريدج|برايري ريدج|پریری ریج|پریری ریج، واشینقتون
Pullman,city,WA,46.73127,-117.17962,32816,PUW|Pulman|Three Forks|bwlman|pu er man|puruman|pwlmn  washyngtn|Пулман|بولمان|پولمن، واشینگتن|プルマン|普尔曼
Puyallup,city,WA,47.18538,-122.2929,39659,Franklin|Meekersville|Pjualup|Pujallap|bwyalwb|pi a la pu|pwyalap  washyngtn|pyuaelleob|pyuarappu|Пуйаллап|Пюалъп|Пјуалуп|بويالوب|پویالاپ، واشینگتن|ピュアラップ|皮阿拉普|퓨앨럽
Redmond,city,WA,47.67399,-122.12151,60598,Melrose|Redmondas|Redmund|Salmonberg|ledeumeondeu|lei de meng de|rdmwnd|rdmwnd  washynqtwn|redomondo|retmant|rydmwnd|Редмонд|Редмънд|רדמונד|ردموند|ردموند، واشینقتون|ريدموند|ریڈمنڈ، واشنگٹن|ریڈمونڈ|ரெட்மாண்ட்|レドモンド|雷德蒙德|레드먼드
Renton,city,WA,47.48288,-122.21707,100242,Black River Bridge|RNT|Rentun|lenteon|lun dun|rntwn  washyngtn|ryntwn|Рентон|Рентън|Ռենտոն|رنتون، واشینگتن|رينتون|رینٹن، واشنگٹن|レントン|伦顿|렌턴
Richland,city,WA,46.28569,-119.28446,54248,RLD|Richlend|Riclanda|Riclandas|Ritslant|Ričlanda|Ričlandas|li qi lan|lichilaendeu|ric lyand|ricalainda|ricalamda|ricalenda|ricalyanda|riclent|riclyand|ritchirando|rych lnd  washyngtn|rychlnd  washynqtwn|rytshland|ryz'lnd|Ρίτσλαντ|Ричланд|Ричленд|Ռիչլենդ|ריצ'לנד|ريتشلاند|رچلینڈ، واشنگٹن|ریچ لند، واشینگتن|ریچلند، واشینقتون|रिचलँड|रिचलैंड|রিচল্যান্ড|રિચલેન્ડ|ரிச்லேண்ட்|రిచ్ ల్యాండ్|ರಿಚ್ಲ್ಯಾಂಡ್|රිච්ලන්ඩ්|ริชแลนด์|リッチランド|里奇兰|리치랜드
Salmon Creek,city,WA,45.71067,-122.64899,19686,
Sammamish,city,WA,47.64177,-122.0804,52253,Samamish|sam mamysh  washyngtn|samamisshu|samamysh|se ma mi shen|Самамиш|سام مامیش، واشینگتن|ساماميش|サマミッシュ|瑟马米什
SeaTac,city,WA,47.44846,-122.29217,28215,Sea Tac|Si-Tak|Siatak|Sitak|shitakku|sitaeg|sy tk  washyngtn|sytak|sytak  washynqtwn|xi ta ke|Си-Так|Сиатак|Ситак|Сі-Так|سيتاك|سی تک، واشینگتن|سی ٹیک، واشنگٹن|سیتاک، واشینقتون|シータック|西塔科|시택
Seattle,city,WA,47.60621,-122.33207,780995,SEA|Seatl|Seatlo|Seattlum|Siatl|Siatul|Siehtl|Sietl|Sietla|Sietlas|Sijetl|Siyaatil|Séatl|ciyattil|shiatoru|si'aitala|siaeteul|sietʼli|siyatal|siyatala|syatl|xi ya tu|Σιάτλ|Сиатъл|Сиетл|Сиэтл|Сијетл|Сіэтл|Сієтл|Սիեթլ|סיאטל|سياتل|سیئٹل|سیاتل|سیاٹل|सिअ‍ॅटल|सीऐटल|সিয়াটল|சியாட்டில்|ಸಿಯಾಟಲ್|ซีแอตเทิล|სიეტლი|ስያትል|ស៊ីតថល|シアトル|西雅圖|시애틀
Sedro-Woolley,city,WA,48.50389,-122.23611,10815,Sedro Woolley|Sedro Wooly|Sedro-Vulli|Sedro-Wooley|Sedro–Woolley|Sidro-Vuli|Sidrou-Uli|sdrw-wwly  washyngtn|sdrw-wwly  washynqtwn|sedeuloulli|sedorouri|shi de luo-wu li|sydrw waly|sydrw-waly|Седро-Вулли|Седро-Вуллі|Сидро-Вули|Сидроу-Ули|سدرو-وولی، واشینقتون|سدرو-وولی، واشینگتن|سيدرو والى|سيدرو-والي|セドロウーリー|世德罗-伍利|世德羅-伍利|세드로울리
Shoreline,city,WA,47.75565,-122.34152,55439,Shorlajn|an xian shi|shoarain|shwrlayn  washyngtn|shwrlayn  washynqtwn|shwrlyn|syolain|Шорлайн|Шорлајн|شورلائن، واشنگٹن|شورلاین، واشینقتون|شورلاین، واشینگتن|شورلين|ショアライン|岸線市|岸线市|쇼라인
Silverdale,city,WA,47.64454,-122.69487,19204,Goldendale|Silverdejl|Силвердејл
Snoqualmie,city,WA,47.52871,-121.82539,13169,Sno-qual-mie|Snokvolmi|Snoqualme|Snoukuolmi|asnakwalmy  washyngtn|si nuo kua er mi|snwqwwlmy|Снокволми|Сноукуолми|סנוקוולמי|اسناکوالمی، واشینگتن|斯诺夸尔米
South Hill,city,WA,47.14121,-122.27012,52431,
Spanaway,city,WA,47.10399,-122.43457,27227,Lake Park|Lakepark
Spokane,city,WA,47.65966,-117.42908,229447,GEG|Spakan|Spocanum|Spokan|Spokane Falls|Spokein|Spoken|aspwkn|sbwkyn|seupokaen|si bo kan|spwkyn|spwqyyn|supoken|Σποκέιν|Спакан|Спокан|Спокен|Սպոքեն|ספוקיין|اسپوکن|سبوكين|سپوکین|سپوکین، واشنگٹن|スポケーン|スポーケン|斯波坎|스포캔
Spokane Valley,city,WA,47.67323,-117.23937,94919,Spokan Vali|Spokan-Valli|Spoken Vali|Spoken-Velli|aspwkyn wly  washyngtn|aspwkyn wly  washynqtwn|sbwkan faly|seupokaenbaelli|si bo kan gu|spwkyn wyly|Спокан Вали|Спокан-Валли|Спокен Вали|Спокен-Велли|Спокен-Веллі|ספוקיין ואלי|اسپوکین ولی، واشینقتون|اسپوکین ولی، واشینگتن|سبوكان فالى|سبوكان فالي|سپوکین ویلی|سپوکین ویلی، واشنگٹن|スポケーン・ヴァレー|斯波坎谷|스포캔밸리
Sunnyside,city,WA,46.32374,-120.00865,16325,Holy City|Sanisajd|Sannisajd|Sunisajd|sang ni sai de|sanisaido|sany sayd  washyngtn|sany sayd  washynqtwn|sanysayd|seonisaideu|Санисајд|Саннисайд|Саннісайд|Сънисайд|סאניסייד|سانيسايد|سانی ساید، واشینقتون|سانی ساید، واشینگتن|サニーサイド|桑尼賽德|桑尼赛德|서니사이드
Tacoma,city,WA,47.25288,-122.44429,222906,Chebaulip|Commencement City|Puyallup|T'kope|T'kopt|TIW|Takoma|Takouma|da jin ma|ta ke ma|takoma|takwma|takwma  washyngtn|teokoma|tqwmh|Τακόμα|Такома|Такоума|טקומה|تاكوما|تاکوما، واشینگتن|ٹاکوما|ٹاکوما، واشنگٹن|タコマ|塔科马|打金麻|터코마
Tukwila,city,WA,47.47399,-122.26096,20018,Takvila|Tukuila|ta ke wei la|takkuuira|takwyla  washyngtn|twkwyla|Таквила|Тъкуила|تاکویلا، واشینگتن|توكويلا|タックウィラ|塔克維拉
Tumwater,city,WA,47.00732,-122.90931,19190,Des Chutes|Falls River|New Market|Spa-kwatl|Tamvoter|Tumuoter|Tumuotur|Tumvoter|Tumwater Falls|ta mu wo te|tam watr  washyngtn|tam watr  washynqtwn|tamuuota|twmwatyr|Тамвотер|Тумвотер|Тумуотер|Тъмуотър|تام واتر، واشینقتون|تام واتر، واشینگتن|تومواتير|タムウォーター|塔姆沃特
University Place,city,WA,47.23565,-122.5504,32842,Belmarlow|Juniversiti Plejs|Junivursiti Plejs|da xue cheng|yunibashitipuresu|ywnyfyrsyty blys|ywnywrsyty plys  washyngtn|Јуниверсити Плејс|Юнивърсити Плейс|يونيفيرسيتي بليس|یونیورسیتی پلیس، واشینگتن|ユニバーシティプレース|大學城
Vancouver,city,WA,45.63873,-122.66149,196442,Alashikash|Camp Vancouver|Columbia Barracks|Columbia City|Fort Vancouver|Template:Vandalism|Van'kouver|Vancouver Barracks|Vancouver City|Vankuver|Vankuveris|Vankuvur|baenkubeo|bankuba|fankwfr|wen ge hua|wnkwwr  washyngtn|wnqwbr|Βανκούβερ|Ванкувер|Ванкувър|ונקובר|فانكوفر|ونکوور، واشینگتن|وینکوور، واشنگٹن|แวนคูเวอร์|バンクーバー|溫哥華|밴쿠버
Vashon,city,WA,47.44732,-122.45985,10624,Vashon Island|Vashonuv ostrov|Vashonův ostrov|wshn  washyngtn|Вашон|وشن، واشینگتن
Walla Walla,city,WA,46.06458,-118.34302,32237,ALW|Steptoe City|Steptoeville|Uola Uola|Uolla Uolla|Vola Vola|Walla Walla City|wa la wa la|wala wala|wala wala  washyngtn|wallawalla|warawara|Вола Вола|Уола Уола|Уолла Уолла|والا والا|والا والا، واشینگتن|ワラワラ|瓦拉瓦拉|왈라왈라
Washougal,city,WA,45.58262,-122.35342,15288,Parker's Landing|Point Vancouver|Uoshugal|Voshugal|Voshugel|Washoughally Camp|wa xiu ge|washugaru|washwgal  washyngtn|washwghal|washwjal|washwqal  washynqtwn|Вошугал|Вошугел|Уошугал|واشوجال|واشوغال|واشوقال، واشینقتون|واشوگال، واشینگتن|ワシューガル|瓦休戈
Wenatchee,city,WA,47.42346,-120.31035,33636,EAT|Uehnatchi|Uenachi|Venachi|Wenache|Wenatche|wanatchi|wei na qi|wnatchy  washyngtn|wyntatshy|Веначи|Уеначи|Уэнатчи|وناتچی، واشینگتن|وينتاتشي|ワナッチー|韦纳奇
West Lake Sammamish,city,WA,47.5776,-122.10123,33929,Vest Lejk Samamish|wst lyk smamysh|wst lyk smamysh  blwyw  washynqtwn|Вест Лејк Самамиш|وست لیک سمامیش|وست لیک سمامیش، بلویو، واشینقتون
West Lake Stevens,city,WA,47.99343,-122.1018,21047,Vest Lejk Stivens|Вест Лејк Стивенс
West Richland,city,WA,46.3043,-119.36141,13746,Enterprise|Heminger City|Uest Richland|Vest Richland|uesutoritchirando|weseuteulichillaendeu|wst rychlnd  washyngtn|wyst rytshland|xi li qi lan|Вест Ричланд|Уест Ричланд|مغربی رچلینڈ، واشنگٹن|وست ریچلند، واشینگتن|ويست ريتشلاند|ウェストリッチランド|西里奇兰|웨스트리칠랜드
West Valley,city,WA,46.59207,-120.60507,12655,Vest Vali|wst wly|wst wly  washynqtwn|Вест Вали|وست ولی|وست ولی، واشینقتون
White Center,city,WA,47.51732,-122.35485,13495,
Bainbridge Island,city,WA,47.62621,-122.52124,23840,Bainbridge|Bejnbridz Ajland|Bejnbridzh Ajland|City of Bainbridge Island|Ile de Bainbridge|Ostriv Bejnbridzh|Ostrov Bejnbridzh|Winslow|ban bu li zhi dao|bayn brydj ayslnd  washyngtn|beinburijjiairando|bynbryj ayland|Île de Bainbridge|Бейнбридж Айланд|Бејнбриџ Ајланд|Остров Бейнбридж|Острів Бейнбрідж|باین بریدج ایسلند، واشینگتن|بينبريج آيلاند|ベインブリッジアイランド|班布里治島
Woodinville,city,WA,47.75427,-122.16346,11782,Udinvil|Vudinvil|Vudinvill|uddinbiru|wu ding wei er|wwdanfyl|wwdyn wyl  washyngtn|wwdynwyl  washynqtwn|Вудинвил|Вудинвилл|Вудінвілл|Удинвил|وودإنفيل|وودانفيل|وودین ویل، واشینگتن|وودینویل، واشینقتون|ウッディンビル|伍丁維爾|伍丁维尔
Yakima,city,WA,46.60207,-120.5059,93701,Jakima|Jakimo|North Yakima|YKM|ya ji ma|yakyma|yakyma  washyngtn|Јакимо|Якима|Якіма|יאקימה|ياكيما|یاکیما|یاکیما، واشینگتن|یکما، واشنگٹن|ヤキマ|雅基馬|야키마
Casper,city,WY,42.86663,-106.31308,60285,CPR|Kasper|Kaspur|ka si po|kaeseupeo|kasbr|kspr  waywmyng|kyasupa|kyspr  wayywmng|qspr|Каспер|Каспър|קספר|كاسبر|کسپر، وایومینگ|کیسپر، وائیومنگ|キャスパー|卡斯珀|캐스퍼
Cheyenne,city,WY,41.13998,-104.82025,65132,CYS|Cheyenna|Hell on Wheels|Saien|Saiena|Sajenas|Sajeno|Sajens|Sayen|Shaen|Shaenn|Shajen|Shajenn|ce'ini|ceyen|sayana|seyen|shaian|shayan|shayn|shayn  waywmyng|shayn  wayywmng|syaien|xia yan|Ŝajeno|Šaiena|Šajenas|Šajens|Σαϊέν|Шаен|Шайен|Шайенн|Шаєнн|Шајен|Շայեն|שאיין|شايان|شاین|شاین، وائیومنگ|شاین، وایومینگ|चेइनी|शायान|शेयेन्|செயென்|シャイアン|夏延|샤이엔
Evanston,city,WY,41.26828,-110.96324,12133,EVW|Ehvanston|Evanstun|ai wen si dun|awnstwn  waywmyng|ayfanstwn|ebansuton|ebeonseuteon|Еванстон|Еванстън|Эванстон|إيفانستون|اونستون، وایومینگ|ایوانزٹن، وائیومنگ|エバンストン|埃文斯顿|에번스턴
Gillette,city,WY,44.29109,-105.50222,32649,Donkey Town|Dzhilet|Dzhillett|Dzilet|GCC|Rocky Pile|gylt|ji lie|jiretto|jylt  waywmyng|jylyt|Џилет|Джилет|Джиллетт|Джіллетт|גילט|جيليت|جیلت، وایومینگ|جیلیٹ، وائیومنگ|ジレット|吉列
Green River,city,WY,41.52858,-109.46625,12465,Greenriver|Grijn Rivur|Grin River|Grin-River|ghryn ryfr|gryn rywr  waywmyng|gryn rywr  wayywmng|lu he|Грийн Ривър|Грин Ривер|Грин-Ривер|Ґрін-Рівер|غرين ريفر|گرین ریور، وائیومنگ|گرین ریور، وایومینگ|グリーン・リバー|绿河
Jackson,city,WY,43.47993,-110.76243,10523,Dzekson|Dzhekson|JAC|Jackson Hole|Teton|jaegseun|jakswn|jie ke xun|jkswn  waywmyng|jyksn  wywmng|Џексон|Джексон|جاكسون|جکسون، وایومینگ|جیکسن، ویومنگ|杰克逊|잭슨
Laramie,city,WY,41.31137,-105.5911,32158,Gem City|LAR|Larami|la lei mi|laeleomi|laramy|laramy  waywmng|laramy  waywmyng|rarami|Ларами|Ларамі|לאראמי|لارامي|لارامی، وایومنگ|لارامی، وایومینگ|ララミー|拉勒米|래러미
Riverton,city,WY,43.02496,-108.3801,10873,RIW|Rivurtun|li fu dun|ryfrtwn|rywrtwn  waywmyng|Ривертон|Ривъртън|Рівертон|ريفرتون|ریورتون، وایومینگ|ریورٹن، وائیومنگ|里弗顿
Rock Springs,city,WY,41.58746,-109.2029,23962,RKS|Rok Springs|Rok-Springs|luo ke si pu lin|rak aspryngz  waywmyng|rak sprngz  wayywmng|rokkusupuringusu|Рок Спрингс|Рок-Спрингс|Рок-Спрінґс|راک اسپرینگز، وایومینگ|راک سپرنگز، وائیومنگ|ロックスプリングス|罗克斯普林
Sheridan,city,WY,44.79719,-106.95618,17873,Hoxomahoevehoeno|Hoxómâhoévehoéno|SHR|shrydn  waywmyng|shyrydan|xie li deng|Шеридан|شریدن، وایومینگ|شيريدان|شیئرڈن، وائیومنگ|谢里登
American Fork,city,UT,40.3769,-111.79576,28326,Amerikan Fork|Amerikan-Fork|Ameriken-Fork|Beʼekʼid Bibąąh Hatsoh|Lake City|McArthurville|amrykan fwrk|amrykan fwrk  ywta|amrykn fwrk  ywta|ya mei li jia fu ke|ya mei li jia qi|Американ Форк|Американ-Форк|Америкен-Форк|Амерікан Форк|אמריקן פורק|آمریکان فورک، یوتا|آمریکن فورک، یوتا|أمريكان فورك|امريكان فورك|امیریکن فورک، یوٹاہ|アメリカン・フォーク|亞美利加岐|亞美利加福克
Kahului,city,HI,20.88953,-156.47432,26337,Kakhului|Kakhuluj|OGG|kafurui|kahullu-i|kahulu'i|Кахулуи|Кахулуї|Кахулуј|קאהולואי|کاہولوی، ہوائی|कहुलुइ|カフルイ|카훌루이
Kailua,city,HI,21.40241,-157.74054,38635,Kailoua|Kajlua|Lanikai|kai lu a|kaillua|kailluva|kailu'a|kailuhuva|kailuva|kairua|kalaoya|kaylw|kaylwa|khi raw|Καϊλούα|Кайлуа|Кајлуа|كايلو|کائلوا، ہونولولو کاؤنٹی، ہوائی|کایلوا|कैलुआ|कैलुहुवा|কালাোয়া|કૈલુઆ|கைல்லுவா|కైలుఆ|ಕೈಲುವ|කයිලුවා|ไครัว|カイルア|凯卢阿|凱盧阿|카일루아
Kailua-Kona,city,HI,19.64016,-155.99912,11975,KOA|Kailua Kona|Kairua|Kajlua|Kajlua-Kona|Kayakakoua|kaillua kona|kailuva|kairua・kona|Каилуа-Кона|Кайлуа-Кона|Кајлуа|कैलुवा|カイルア・コナ|카일루아 코나
Kaimukī,city,HI,21.27914,-157.80135,20878,Kaimuki
Kalihi-Palama,city,HI,21.32608,-157.87594,43805,Kalihi
Kaneohe,city,HI,21.39994,-157.79895,34597,Kane'ohe|Kāne‘ohe|NGF|kane-ohe|카네오헤
Kapa‘a,city,HI,22.07521,-159.31895,10699,Kapa'a|Kapaa|kapa|카파
Diamond Head / Kapahulu / Saint Louis Heights,city,HI,21.27697,-157.81127,19769,Diamond Head / Kapahulu / St. Louis Heights
Kīhei,city,HI,20.76462,-156.44578,20881,Kihei|kihei|키헤이
Lahaina,city,HI,20.87526,-156.67982,11704,Lakhajna|Lele|Lāhainā|Rahaina|laha'ina|rahaina|Лахајна|لاہاینا، ہوائی|लाहाइना|ラハイナ|라하이나
Makakilo City,city,HI,21.34694,-158.08583,15383,Makakilo
Mililani Town,city,HI,21.4504,-158.01503,27629,Mililani
Mō‘ili‘ili,city,HI,21.29467,-157.83002,24778,Mo'ili'ili|Moiliili
Nānākuli,city,HI,21.39362,-158.15429,12666,Nanaikapono|Nanakuli|Nanakuli Station|Nonokuli|na na ku li|nanakuli|nanakuri|nanakwly|nanakwly  hawayy|nnqwly|nwnakwly|Нанакули|Нанакулі|Нонокулӣ|ננקולי|ناناکولی|ناناکولی، هاوایی|نوناكولي|नानाकुली|ナナクリ|納納庫利|纳纳库利
Niu Valley,city,HI,21.2843,-157.73706,19250,Niu|Niu Village
Palolo,city,HI,21.3128,-157.78041,12620,
Pearl City,city,HI,21.39734,-157.97516,47698,Purl Siti|Пърл Сити
Village Park,city,HI,21.39806,-158.03028,11099,Vilidz Park|Villidzh-Park|bhileja parka|wylyj park|wylyj park  hawayy|Вилиџ Парк|Виллидж-Парк|ویلیج پارک|ویلیج پارک، هاوایی|भिलेज पार्क
Wahiawā,city,HI,21.50279,-158.02464,17821,Vagujava|Vakhiava|Vakhijava|Wahiawa|vahaiva|wa xi a wa|wa xi wa|wahaiwa|wahiawa|wahyawa|wahyawa  hawayy|Вагъява|Вахијава|Вахіава|واهیاوا|واهیاوا، هاوایی|واہیاوا، ہوائی|वहैवा|ワヒアワ|瓦希阿瓦|瓦西瓦|와하이와
Waianae,city,HI,21.43785,-158.18555,13177,Waeanae|Wai'anae|Waianai|Wainae|Wai‘anae|waiana|와이아나
Waikīkī,city,HI,21.2855,-157.83594,19862,Vaititi|Waikiki|Waititi|Waititi Be|Whyteete|Wytiti
Wailuku,city,HI,20.89133,-156.50604,15313,Vajluku|huai lu ku|vailuku|wailluku|Вајлуку|وائلوکو، ہوائی|वैलुकु|怀卢库|와일루쿠
Waimalu,city,HI,21.38955,-157.93882,13730,Vaimalu|Vajmalu|huai ma lu|vaimalu|waimaru|waymalw|waymalw  hawayy|Ваималу|Ваймалу|Вајмалу|وایمالو|وایمالو، هاوایی|वैमालु|ワイマル|怀马鲁|懷馬盧|懷馬魯
Waipahu,city,HI,21.38667,-158.00917,38216,Gouaipachou|Vaipachu|Vaipahu|Vajpakhu|huai pa hu|oya'ipahu|va'ipahu|vaipahu|vaypahu|vyaipahu|waipafu|waybahw|waypahw|waypahw  hawayy|wi pahu|Γουαϊπάχου|Вайпаху|Вајпаху|ואיפאהו|وائپاہو، ہوائی|وايباهو|وایپاهو|وایپاهو، هاوایی|वाइपाहू|वैपाहु|ওয়াইপাহু|વૈપાહુ|வ்யைபாஹு|వైపాహు|ವಾಯ್ಪಹು|වයිපාහු|ไวปาฮู|ワイパフ|怀帕胡|懷帕湖|懷帕胡|와이파후
Waipio,city,HI,21.41823,-157.99906,11674,Vajpio|huai pi ao|huai pi ao gu|vaipiyo|waypyw|waypyw  hawayy|Вайпио|Вайпіо|Вајпио|وایپیو|وایپیو، هاوایی|वैपियो|ワイピオ|怀皮奥谷|懷皮奧|懷皮奧谷
‘Ewa Beach,city,HI,21.31556,-158.00722,16415,'Ewa Beach|Ewa Beach
‘Ewa Gentry,city,HI,21.33999,-158.03039,22690,'Ewa Gentry|Ewa Gentry
Hālawa,city,HI,21.37944,-157.92167,14014,Galava|Halawa|Khalava|ha la wa|halava|halawa|halawa  hawayy|harawa|Галава|Халава|هالاوا|هالاوا، هاوایی|ہالاوا، ہوائی|हलवा|ハラワ|哈拉瓦
Hālawa Heights,city,HI,21.37848,-157.91388,13408,Halawa Heights
Hawai‘i Kai,city,HI,21.29637,-157.70175,30620,Hawai'i Kai|Hawaii Kai
Hawaiian Paradise Park,city,HI,19.59333,-154.97306,11404,Gavajan-Paradajz-Park|Gavajjan-Paradajz-Park|Havaja Paradiza Parko|Khavajan Paradajs Park|Khavajian-Paradajs-Park|hava'iyana pyarada'ija parka|hawaianparadaisupaku|hwayyyn prdays park|hwayyyn prdays park  hawayy|xia wei yi tian tang gong yuan|Гавайян-Парадайз-Парк|Гаваян-Парадайз-Парк|Хавайиан-Парадайс-Парк|Хавајан Парадајс Парк|هوائیین پردایس پارک|هوائیین پردایس پارک، هاوایی|हवाइयन प्याराडाइज पार्क|ハワイアンパラダイスパーク|夏威夷天堂公園
Hilo,city,HI,19.72991,-155.09073,43263,Baie de Hilo|Chilo|Hido|Hilas|ITO|Khilo|hillo|hiro|hylw|xi lu|xi luo|Χίλο|Хило|Хіло|הילו|ہیلو، ہوائی|हिलो|ヒロ|希洛|希路|힐로
Honolulu,city,HI,21.30694,-157.85833,350964,Anorourou|Big Pineapple|Chonoloulou|Gana-Rura|Gana-ruru|Ganalulu|Ganaruro|Ganaruru|Gonolulu|HNL|Hana-Rura|Hana-ruru|Honoloulou|Honolulo|Honolulú|Honolúlú|Honoruru|Khonolulu|Than-hiong-san|The Big Pineapple|Thàn-hiông-sân|hanalulu|hanululu|honalulu|honollullu|honoruru|hwnwlwlw|tan xiang shan|Χονολουλού|Ганалулу|Гонолулу|Хонолулу|Һонолулу|Հոնոլուլու|האנאלולו|הונולולו|هونولولو|ہwnwlwlw  ہwayy|ہونولولو|ہونولولو، ہوائی|हानलूलू|होनालुलु|होनोलुलु|होनोलूलू|হনলুলু|হনুলুলু|ହନଲୁଲୁ|ஹொனலுலு|ಹೊನೊಲುಲು|โฮโนลูลู|ཧོ་ནོ་ལུ་ལུ།|ဟိုနိုလူလူမြို့|ჰონოლულუ|ሆኖሉሉ|ホノルル|檀香山|호놀룰루
College,city,AK,64.85694,-147.80278,12964,
Eagle River,city,AK,61.32139,-149.56778,24793,Igl-River|igeul libeo|igururiba|yi ge er he|Ігл-Рівер|Игл-Ривер|イーグルリバー|伊格尔河|伊格爾河|이글 리버
Fairbanks,city,AK,64.83778,-147.71639,32325,Barnettes Cache|FAI|Fehrbanks|Fehrbenks|Ferbanks|Ferbenks|Ferbenksa|Feurbanks|Feyrbanks|Fērbenksa|feabankusu|fei er ban ke si|frbnks|fyrbanks|fyyr bynks  alaska|peeobaengkeuseu|pherabamksa|pheyarabyanksa|pyyrbnqs|Фербанкс|Фербенкс|Феърбанкс|Фэрбанкс|Фэрбенкс|פיירבנקס|فربنکس|فيربانكس|فیئر بینکس، الاسکا|फेयरब्याङ्क्स|फेरबँक्स|ფერბენკსი|フェアバンクス|費爾班克斯|페어뱅크스
Anchorage,city,AK,61.21806,-149.90028,289600,ANC|Alaska City|An'koreitz|Ancoraria|Angits|Ankoric|Ankoridz|Ankoridza|Ankoridzas|Ankoridzh|Ankoridž|Ankoridža|Ankoridžas|Ankorigo|Ankorij|Ankoriĝo|Ankorydzh|Ankuridzh|Brownville|Dgheyay Kaq'|Enkoridz|Kisagvik|Kisaġvik|Port Woodrow|Qatuk'e'usht|Ship Creek|Tan|Ves Dnaghildeqt|Woodrow|aengkeoliji|amkareja|an ke la zhi|ancorage byuro|ankarej|ankarejji|ankwryj|aynkrayj  alaska|enkarej|enkoreja|ʼnqwrg|Ανκορέιτζ|Анкоридж|Анкорыдж|Анкъридж|Енкориџ|Անքորեջ շրջան|אנקורג|أنكوريج|انکوریج|اینکرایج، الاسکا|अँकरेज|एंकोरेज|অ্যাংকারিজ|আন্চোরগে ব্যুরো|ஏங்கரெஜ்|ആങ്കറേജ്|ანკორიჯი|アンカレッジ|安克拉治|앵커리지
Badger,city,AK,64.8,-147.53333,19482,
Milton,city,GA,34.13216,-84.30067,37547,City of Milton
Johns Creek,city,GA,34.02893,-84.19858,83335,City of Johns Creek|Dzons Krik|janz kryk  jarjya|janz kryk  jwrjya|jonseukeulig|jwnz kryk|Џонс Крик|جانز کریک، جارجیا|جانز کریک، جورجیا|جونز كريك|존스크릭
Helena-West Helena,city,AR,34.5291,-90.59,11109,Gelena-Vest-Gelena|Helena|Khelena-Vest Khelena|Khelena-Zapadna Khelena|West Helena|hai lun na-xi hai lun na|herena=uesutoherena|hlna wst hlna|hylyna wysant hylana|hylyna wyst hylana|Гелена-Вест-Гелена|Хелена-Вест Хелена|Хелена-Западна Хелена|هلنا وست هلنا|هيلينا ويسانت هيلانا|هيلينا ويست هيلانا|ヘレナ＝ウェストへレナ|海倫娜-西海倫娜
Cutler Bay,city,FL,25.5783,-80.3377,45425,Cutler Ridge|Katler Bej|Katler-Bej|Lakes by the Bay|Town of Cutler Bay|ka te lei wan|katlara rija|katlr by  flwryda|kwtlr bay|Катлер Беј|Катлер-Бей|كوتلر باي|کاتلر بی، فلوریدا|कट्लर रीज|卡特勒湾
Manhattan Valley,city,NY,40.79389,-73.965,38500,
Morningside Heights,city,NY,40.81,-73.9625,55929,
East Harlem,city,NY,40.79472,-73.9425,115921,Anatoliko Italiko-Ispaniko Charlem|Arevelyan Harlem|Ekialdeko Harlem|Harlem del Este|Otterspoor|Spanish Harlem|Vostochnyj Garlem|dong ha lai mu|harlm alshrqyt|harlm shrqy|iseuteuhallem|Ανατολικό Ιταλικό-Ισπανικό Χάρλεμ|Восточный Гарлем|Ҳарлэми Шарқӣ|Արևելյան Հառլեմ|מזרח הארלם|هارلم الشرقية|هارلم شرقی|スパニッシュ・ハーレム|东哈莱姆|東哈萊姆|이스트할렘
Alafaya,city,FL,28.5641,-81.2114,78113,
Little Havana,city,FL,25.76806,-80.23306,53430,La Pequena Habana|La Pequeña Habana
Millburn,city,NJ,40.72482,-74.30404,20149,Croton|Milburn|Millville|Riverhead|Rum Brook|Vauxhall
Briarwood,city,NY,40.70935,-73.81529,53877,bu li ya wu de|buraiauddo|برئیروڈ، کوئینز|ブライアーウッド|布里亚伍德|布里亞伍德
Stevenson Ranch,city,CA,34.39048,-118.57372,17557,
Times Square,city,NY,40.75636,-73.98644,17749,
Village of Campton Hills,city,IL,41.9366,-88.3975,13483,Campton Hills
Fort Bragg,city,NC,35.139,-79.00603,29183,FBG|Fort Bregg|Fort Brehgg|Fort Liberty|Fort-Bragg|Fort-Bregg|Fort-Brehgg|Ft. Bragg|Fuorto Bragg|Phao gai Bragg|Pháo đài Bragg|bu la ge bao|bu lei ge bao|foto buraggu|fwrt bragh|fwrt brg|phorta bryaga|poteu beulaegeu|Форт Брегг|Форт Брэгг|Форт-Брегг|Форт-Брэгг|פורט בראג|فورت براغ|فورت برگ|فورٹ بریگ|ফোর্ট ব্র্যাগ|フォート ブラッグ|佈雷格堡|布拉格堡|布雷格堡|포트 브래그
North Brunswick,city,NJ,40.454,-74.482,43905,
Kapolei,city,HI,21.33555,-158.0582,15186,JRF|Kapolej|kapollei|kaporei|Каполей|Каполеј|کاپولئی، ہوائی|カポレイ|카폴레이
East Mount Airy,city,PA,40.0645,-75.1875,18516,
City of Milford (balance),city,CT,41.22374,-73.06164,51271,
City of Sammamish,city,WA,47.60444,-122.03768,45780,
Silver Firs,city,WA,47.86602,-122.1551,20891,
Verde Village,city,AZ,34.7105,-112.01152,11605,Cottonwood-Verde Village
Vineyard,city,CA,38.46449,-121.34692,24836,Chʼil Naʼatłʼoʼii Yilʼáii Hatsoh|Vajnjard|Vinjard|bha'inayarda|waynyard|waynyard  kalyfwrnya|wei en ya de|Вайнярд|Винјард|واینیارد|واینیارد، کالیفورنیا|भाइनयार्ड|韋恩亞德
Gramercy Park,city,NY,40.7375,-73.98611,27988,Krom Moerasje
North Castle,city,NY,41.14,-73.68389,12304,
Saddlebrooke,city,AZ,32.53945,-110.90057,12574,
Kew Gardens Hills,city,NY,40.73002,-73.8234,37479,Kew Garden Hills
Wallingford Center,city,CT,41.44987,-72.81892,18209,Wallingford Center CDP|walynghfwrd sntr|والينغفورد سنتر
Braintree,city,MA,42.20384,-71.00215,37297,Braintree CDP|Brehjntri|Brejntri|bryntry|bryntry  masachwst|bu lun te li|bureintsuri|Брејнтри|Брэйнтри|برينتري|برینتری، ماساچوست|برینٹری، میساچوسٹس|ブレインツリー|布伦特里
Newport East,city,RI,41.51579,-71.28752,11769,N'juport-Ist|Newport East CDP|Njuport Ist|nywbwrt ayst|nywpwrt ayst  rwd aylnd|Њупорт Ист|Ньюпорт-Іст|Ньюпорт-Ист|نيوبورت إيست|نیوپورت ایست، رود آیلند
North Attleborough Center,city,MA,41.97263,-71.32474,16796,Nort Atleboro Senter|North Attleborough Center CDP|bei a te er bo lei sen te|nwrt atlbwrw sntr|nwrt atlbwrw sntr  masachwst|Норт Атлеборо Сентер|نورت آتلبورو سنتر|نورت آتلبورو سنتر، ماساچوست|北阿特爾伯勒森特
Fort Drum,city,NY,44.05843,-75.76189,12955,Fort Dram|Fort Drum CDP|de la mu bao|Форт Драм|德拉姆堡
Bel Air North,city,MD,39.55429,-76.37309,30568,Bel Air North CDP
Bel Air South,city,MD,39.50506,-76.31977,47709,Behl Ehjr Sous|Bel Air South CDP|Bel Er Saut|Bel'-Er-Saut|bl ayr jnwb  mrylnd|bl ayr sawth|bl ayr swt  mrylnd|nan bei lai er|Бел Ер Саут|Бель-Ер-Саут|Бэл Эйр Соус|بل آیر سوت، مریلند|بل أير ساوث|بل ایر جنوب، مریلند|南貝萊爾
Carnot-Moon,city,PA,40.51856,-80.21736,11372,Carnot-Moon CDP|Karno-Mun|Karnot-Mun|karnat-mwn|karnat-mwn  pnsylwanya|Карно-Мун|Карнот-Мун|کارنات-مون|کارنات-مون، پنسیلوانیا
Chesapeake Ranch Estates-Drum Point,city,MD,38.35022,-76.41889,11503,Chesapeake Ranch Estates-Drum Point CDP|dram pwynt  mrylnd|درام پوینت، مریلند
East Norriton,city,PA,40.15043,-75.33637,13590,East Norriton CDP
Mercerville-Hamilton Square,city,NJ,40.23126,-74.67223,26419,Hamilton Square|Mehrservill-Khehmilton|Mercerville-Hamilton Square CDP|Merservil-Khamilton Skver|mrsrwyl-hamyltwn askwyr|mrsrwyl-hamyltwn askwyr  nywjrsy|Мерсервил-Хамилтон Сквер|Мэрсервилл-Хэмилтон|مرسرویل-هامیلتون اسکوئر|مرسرویل-هامیلتون اسکوئر، نیوجرسی
Moorestown-Lenola,city,NJ,39.96591,-74.96441,14217,Moorestown-Lenola CDP|Morehstaun-Lenola|Murstaun-Lenola|mwrstawn lnwla|mwrstawn lnwla  nywjrsy|mwrstawn lynwla|Морэстаун-Ленола|Мурстаун-Ленола|مورستاون لنولا|مورستاون لنولا، نیوجرسی|مورستاون لينولا
Mount Vernon,city,VA,38.71412,-77.10082,12416,Maunt Vernon|Mount Vernon CDP|Маунт Вернон|ماؤنٹ ورنن، ورجینیا
Oxon Hill-Glassmanor,city,MD,38.79615,-76.97499,35355,Okson Khil-Glasmejnor|Okson Khill-Glassmanor|Oxon Hill-Glassmanor CDP|akswn hyl glasmnwr|akswn hyl qlasmnwr  mrylnd|Оксон Хил-Гласмејнор|Оксон Хилл-Глассманор|آکسون هیل قلاسمنور، مریلند|آکسون هیل گلاسمنور
Gates-North Gates,city,NY,43.16547,-77.70066,15138,Gates-North Gates CDP|Gejts-Nort Gejts|gyts-nwrt gys|qyts-nwrt qys  nywywrk|Гејтс-Норт Гејтс|قیتس-نورت قیس، نیویورک|گیتس-نورت گیس
Greater Upper Marlboro,city,MD,38.83142,-76.74827,18720,Greater Upper Marlboro CDP|Grejter Aper Marlboro|Griteh Appeh Marlboro|grytr apr marlbwrw|qrytr apr marlbwrw  mrylnd|Грејтер Апер Марлборо|Гритэ Аппэ Марлборо|قریتر آپر مارلبورو، مریلند|گریتر آپر مارلبورو
Holiday City-Berkeley,city,NJ,39.9638,-74.27803,12831,Golidej-Siti-Berkli|Holiday City-Berkeley CDP|Khldidehj Siti-Berkelehj|Kholidehj Siti-Berkelehj|Kholidej Siti-Berkli|halydy syty brkly|halydy syty brkly  nywjrsy|hwlyday syty byrkly|Голидей-Сити-Беркли|Голідей-Сіті-Берклі|Хлдидэй Сити-Беркелэй|Холидеј Сити-Беркли|Холидэй Сити-Беркелэй|هالیدی سیتی برکلی|هالیدی سیتی برکلی، نیوجرسی|هوليداى سيتى بيركلى|هوليداي سيتي بيركلي
West Falls Church,city,VA,38.86484,-77.18787,29207,Dzhefferson|Jefferson|Jefferson CDP|Jefferson Census Designated Place|Джефферсон
Jefferson Valley-Yorktown,city,NY,41.31797,-73.80066,14142,Jefferson Valley-Yorktown CDP
Lanham-Seabrook,city,MD,38.96835,-76.85108,18190,Lanham|Lanham-Seabrook CDP|Lankhehm-Sibruk|lnam-sybrwk|lnam-sybrwk  mrylnd|Ланхэм-Сибрук|لنام-سیبروک|لنام-سیبروک، مریلند
Lutherville-Timonium,city,MD,39.43997,-76.61099,15814,Ljuservill-Timonium|Lutervil-Timonijum|Lutherville-Timonium CDP|ruzavuiru=timoniumu|tymwnywm  mrylnd|Лутервил-Тимонијум|Люсервилл-Тимониум|تیمونیوم، مریلند|ルーザーヴィル＝ティモニウム
Setauket-East Setauket,city,NY,40.93064,-73.10179,15477,Setauket-East Setauket CDP
South Park Township,city,PA,40.29864,-79.99405,13416,South Park|South Park TWP|South Park Township CDP
St. Charles,city,MD,38.60728,-76.92478,33379,Sehjnt Charl's|Sent Charls|St. Charles CDP|sheng cha er si|snt charlz|snt charlz  mrylnd|Сент Чарлс|Сэйнт Чарльс|سنت چارلز|سنت چارلز، مریلند|سینٹ چارلس، میری لینڈ|聖查爾斯
Suitland-Silver Hill,city,MD,38.84685,-76.92591,33515,Silver Hill|Suitland-Silver Hill CDP|Suitlehnd-Silvehr Khill|Sutland-Silver Khil|sylwr hyl  mrylnd|Суитлэнд-Силвэр Хилл|Сутланд-Силвер Хил|سیلور هیل، مریلند
Fort Leonard Wood,city,MO,37.70573,-92.15717,15061,Fort Leonard Wood CDP|TBN|フォート・レオナード・ウッド
Saginaw Township North,city,MI,43.46004,-84.00674,24994,Sagano Taunship Nort|Saginaw Township North CDP|bei sa ji nuo zhen qu|Сагано Тауншип Норт|ساقیناو تاون‌شیپ نورت، میشیقان|ساگیناو تاون‌شیپ نورت|سگینؤ ٹاؤنشپ شمالی، مشی گن|北薩吉諾鎮區
West Bloomfield Township,city,MI,42.56891,-83.38356,64690,Municipio de West Bloomfield|West Bloomfield|West Bloomfield Township CDP|Xa West Bloomfield|Xã West Bloomfield|bldt wyst blwmfyld|بلدة ويست بلومفيلد|ویسٹ بلوم فیلڈ ٹاؤن شپ، مشی گن|ウェスト・ブルームフィールド
East Lake-Orient Park,city,FL,27.98269,-82.37878,22753,East Lake-Orient Park CDP|Ist Lejk-Orijent Park|Ist-Lejk-Orient-Park|ayst lyk awrynt park|ayst lyk awrynt park  flwryda|dong hu-ao li en te gong yuan|ista leka oriyanta parka|Іст-Лейк-Оріент-Парк|Ист Лејк-Оријент Парк|Ист-Лейк-Ориент-Парк|ایست لیک اورینت پارک|ایست لیک اورینت پارک، فلوریدا|इस्ट लेक ओरियन्ट पार्क|東湖-奧里恩特公園
Fort Campbell North,city,KY,36.65429,-87.46056,13685,Camp Campbell|Fort Campbell North CDP|Fort Kampbel Nort|Fort-Kempbell-Nort|Ft Campbell|bei kan bei er bao|fwrt kambl nwrth|fwrt kmpbl nwrt|fwrt kmpbl nwrt  kntaky|Форт Кампбел Норт|Форт-Кемпбелл-Норт|فورت كامبل نورث|فورت کمپبل نورت|فورت کمپبل نورت، کنتاکی|北坎貝爾堡
Fort Knox,city,KY,37.89113,-85.96363,10124,FTK|Fort Knox CDP|Ft. Knox
Four Corners,city,FL,28.33287,-81.64738,26116,Four Corners CDP
Greater Northdale,city,FL,28.10545,-82.52594,22079,Greater Northdale CDP|Greater Northdale Census Designated Place
Bellair-Meadowbrook Terrace,city,FL,30.17881,-81.74341,13343,Beler-Medoubruk Teras|Bellair-Meadowbrook Terrace CDP|Bellehjr-Medoubruk-Terrejs|Beller-Medoubruk-Terras|bei lai er-mei duo bu lu ke tai|belaimidobruka teresa|blyr mdwbrwk tras  flwryda|blyr mydwbrwk trs|Белер-Медоубрук Терас|Беллер-Медоубрук-Террас|Беллэйр-Медоубрук-Террейс|Беллєр-Медоубрук-Террас|بلیر مدوبروک تراس، فلوریدا|بلیر میدوبروک ترس|बेलैमीडोब्रूक टेरेस|貝萊爾-梅多布魯克台
Candler-McAfee,city,GA,33.72672,-84.27246,23025,Candler-McAfee CDP
Sandalfoot Cove,city,FL,26.33863,-80.1869,16582,Sandalfoot Cove CDP|Sandalfut Kov|Sandalfut-Kov|sndalfwt kww|sndalfwt kww  flwryda|syandalaphuta kobha|Сандалфут Ков|Сандалфут-Ков|سندالفوت کوو|سندالفوت کوو، فلوریدا|स्यांडलफूट कोभ
University,city,FL,28.07389,-82.43902,41163,Juniversiti|University CDP|University i Hillsborough County|you ni fu si di|yunibharsiti|ywnywrsyty hylzbwrw kanty  flwryda|Јуниверсити|Юниверсити|Юніверсіті|یونیورسیتی هیلزبورو کانتی، فلوریدا|युनिभर्सिटी|尤尼弗斯蒂
Vero Beach South,city,FL,27.61638,-80.41308,23092,Vero Beach South CDP|Vero Bich Saut|Viro-Bich-Saut|bhero bica sa'utha|wyrw bych sawt|wyrw bych sawt  flwryda|Веро Бич Саут|Виро-Бич-Саут|Віро-Біч-Саут|ویرو بیچ ساوت|ویرو بیچ ساوت، فلوریدا|भेरो बीच साउथ
Kendall West,city,FL,25.7065,-80.4388,36154,Kendal Vest|Kendall West CDP|Kendall-Uehst|Kendall-Vest|kendala vesta|xi ken de er|Кендал Вест|Кендалл-Вест|Кендалл-Уэст|کندال‌وست|کندال‌وست، فلوریدا|کینڈل ویسٹ، فلوریڈا|केन्डल वेस्ट|西肯德爾
New Port Richey East,city,FL,28.26027,-82.69261,10036,N'ju-Pojnt-Richi-Ist|New Port Richey East CDP|Nju Port Richi Ist|dong xin li qi gang|n'yu porta rici ista|nywpwrt ryky ayst|nywpwrt ryky ayst  flwryda|Њу Порт Ричи Ист|Нью-Пойнт-Ричи-Ист|Нью-Пойнт-Ричі-Іст|نیوپورت ریکی ایست|نیوپورت ریکی ایست، فلوریدا|न्यु पोर्ट रिची इस्ट|東新里奇港
Oak Grove,city,SC,33.9809,-81.14286,10291,Oak Grove CDP|Ouk Grouv|Ouk-Grouv|awk ghrwf|awk jrwf|awwk grww  karwlynay jnwby|Оук Гроув|Оук-Гроув|أوك غروف|اوك جروف|اووک گروو، کارولینای جنوبی
Palm River-Clair Mel,city,FL,27.92386,-82.37939,21024,Palm River-Clair Mel CDP|Palm-River-Klehr-Mel|Palm-River-Kler-Mel|Pam River-Kler Mel|palmrywr klrml  flwryda|pama ribharaklera mela|zong lu he-ke lai er mei er|Палм-Ривер-Клер-Мел|Палм-Ривер-Клэр-Мел|Палм-Рівер-Клер-Мел|Пам Ривер-Клер Мел|پالمریور کلرمل، فلوریدا|पाम रिभरक्लेर मेल|棕櫚河-克萊爾梅爾
Arden-Arcade,city,CA,38.6025,-121.37854,92186,Arden-Arcade CDP|Arden-Arkejd|Chéchʼil Adahííláhí|a deng-a kai de|aden'akedo|ardena'arkeda|ardn arkyd|ardn arkyd  kalyfwrnya|Арден-Аркейд|Арден-Аркејд|آردن آرکید|آردن آرکید، کالیفورنیا|آرڈین-آرکیڈ، کیلیفورنیا|आर्डेनआर्केड|アーデンアーケード|阿登-阿凱德
Bryn Mawr-Skyway,city,WA,47.4943,-122.24092,15645,Brin-Maur-Skajvej|Bryn Mawr|Bryn Mawr-Skyway CDP|Bryn Mawr–Skyway|bryn mawr-askaywy|bryn mawr-askaywy  washynqtwn|Брин-Маур-Скайвей|برین ماور-اسکایوی|برین ماور-اسکایوی، واشینقتون
Camp Pendleton South,city,CA,33.22844,-117.37929,10616,Camp Pendleton South CDP
Casa de Oro-Mount Helix,city,CA,32.76397,-116.96877,18762,Casa de Oro-Mount Helix CDP
Florence-Graham,city,CA,33.96772,-118.24438,63387,Florence-Graham CDP|Florens-Grejam|Florens-Grem|flwrans graham|flwrans qraham  kalyfwrnya|fu luo lun sa-ge lei e mu|furorensu=gureamu|phlorensagrahyama|Флоренс-Грем|Флоренс-Грејам|فلورانس قراهام، کالیفورنیا|فلورانس گراهام|फ्लोरेन्सग्राह्याम|フローレンス＝グレアム|佛羅倫薩-格雷厄姆
Fort Cavazos,city,TX,31.13489,-97.77561,29589,Fort Hood CDP
Joint Base Lewis McChord,city,WA,47.10787,-122.57694,11046,Base de la Fuerza Aerea McChord|Base de la Fuerza Aérea McChord|Fort L'juis|Fort Lewis|Fort Lewis CDP|Fort Luis|Fuorto Lewis|JBLM|Joint Base Lewis-McChord|Lewis McChord|McChord Air Force Base|fwrt lwys  washntn|Форт Луис|Форт Льюїс|فورت لويس، واشنطن
Gold Canyon,city,AZ,33.37145,-111.43691,10159,Gold Camp CDP|Gold Camp Census Designated Place
Inglewood-Finn Hill,city,WA,47.72049,-122.23167,22707,Finn Hill|Inglevud-Fin Khil|Inglewood-Finn Hill CDP|aynglwwd fyn hyl|aynqlwwd fyn hyl  washynqtwn|Инглевуд-Фин Хил|اینقلوود فین هیل، واشینقتون|اینگلوود فین هیل
La Crescenta-Montrose,city,CA,34.23216,-118.23529,19653,La Crescenta-Montrose CDP|La Kresenta-Montrouz|La-Kresenta-Montrouz|Lacrescenta|la ke lei sen ta-meng te luo si|la kres'senta montaroja|lakrsnta-mwntrwz|lakrsnta-mwntrwz  kalyfwrnya|Ла Кресента-Монтроуз|Ла-Кресента-Монтроуз|لاکرسنتا-مونتروز|لاکرسنتا-مونتروز، کالیفورنیا|ला क्रेस्सेन्टा मोन्टरोज|ラ・クレセンタ＝モントローズ|拉克雷森塔-蒙特羅斯
Lake Morton-Berrydale,city,WA,47.33251,-122.10286,10160,Lake Morton-Berrydale CDP|Lake Morton–Berrydale|Lejk Morton-Beridejl|Lejk-Morton-Berridejl|lak mwrtwn brydal|lyk mwrtwn-brrydl|lyk mwrtwn-brrydl  washynqtwn|Лейк-Мортон-Берридейл|Лейк-Мортон-Беррідейл|Лејк Мортон-Беридејл|لاك مورتون بريدال|لیک مورتون-برریدل|لیک مورتون-برریدل، واشینقتون|لیک مورٹون-بیریڈالی، واشنگٹن
Lakeland North,city,WA,47.33343,-122.27695,12942,Lakeland North CDP|Lejkland Nort|Lejklend-Nort|lykland nwrth|lyklnd nwrt|lyklnd nwrt  washynqtwn|Лейкленд-Норт|Лејкланд Норт|ليكلاند نورث|لیک لینڈ شمالی، واشنگٹن|لیکلند نورت|لیکلند نورت، واشینقتون
Lakeland South,city,WA,47.27843,-122.28326,11574,Lakeland South CDP|Lejkland Saut|Lejklend-Saut|lykland sawth|lyklnd sat|lyklnd sat  washynqtwn|Лейкленд-Саут|Лејкланд Саут|ليكلاند ساوث|لیک لینڈ ساؤتھ، واشنگٹن|لیکلند سات|لیکلند سات، واشینقتون
East Hill-Meridian,city,WA,47.41052,-122.17369,29878,East Hill-Meridian CDP|East Hill–Meridian|Ist Khil-Meridijan|Ist-Gill-Meridian|ayst hyl-mrydyn|ayst hyl-mrydyn  washynqtwn|Іст-Гілл-Меридіан|Ист Хил-Меридијан|Ист-Гилл-Меридиан|ایست هیل-مریدین|ایست هیل-مریدین، واشینقتون
Sierra Vista Southeast,city,AZ,31.45385,-110.21637,14797,Sierra Vista Southeast CDP
New Kingman-Butler,city,AZ,35.26504,-114.03226,12134,New Kingman-Butler CDP
Oatfield,city,OR,45.41418,-122.60007,13415,Oatfield CDP|Outfild|awtfyld|awtfyld  awrqn|Оутфилд|Оутфілд|اوتفیلد|اوتفیلد، اورقن
Picnic Point-North Lynnwood,city,WA,47.86278,-122.29497,22953,Picnic Point|Picnic Point-Lynnwood|Picnic Point-North Lynnwood CDP|Picnic Point–North Lynnwood|pyknyk pwynt-nwrt lynwwd|pyknyk pwynt-nwrt lynwwd  washynqtwn|پیکنیک پوینت-نورت لینوود|پیکنیک پوینت-نورت لینوود، واشینقتون
Security-Widefield,city,CO,38.74728,-104.71439,32882,Halgaiinteeli|Halgaiinteelí|Security-Widefield CDP|Sek'juriti-Vajdfild|Sekujuriti-Vajdfild|Sikjuriti-Vajdfild|sai ji you li di-huai de fei er de|sekyuriti va'ida philda|skywryty-waydfyld|skywryty-waydfyld  kwlwradw|waidofirudo|Сек'юріті-Вайдфілд|Секъюрити-Вайдфилд|Сикјурити-Вајдфилд|سکیوریتی-وایدفیلد|سکیوریتی-وایدفیلد، کولورادو|सेक्युरिटी वाइड फिल्ड|ワイドフィールド|塞基尤里蒂-懷德菲爾德
Union Hill-Novelty Hill,city,WA,47.67887,-122.02833,18805,Union Hill-Novelty Hill CDP
View Park-Windsor Hills,city,CA,33.99551,-118.34835,11075,View Park-Windsor Hills CDP
Vincent,city,CA,34.09836,-117.92383,15922,Vincent CDP|Vinsent|bhinsenta|fnsnt|wen sen te|wynsnt|wynsnt  kalyfwrnya|Винсент|Вінсент|فنسنت|وینسنت|وینسنت، کالیفورنیا|भिन्सेन्ट|വിൻസെന്റ്|文森特
West Whittier-Los Nietos,city,CA,33.976,-118.06909,25540,Vest-Vittier-Los-N'etos|West Whittier-Los Nietos CDP|vesta vhitiyaralasa niyetoja|wstwytyr lwsnytws|wstwytyr lwsnytws  kalyfwrnya|xi hui te er-luo si nie tuo si|Вест-Виттиер-Лос-Ньетос|Вест-Віттієр-Лос-Ньєтос|وستویتیر لوسنیتوس|وستویتیر لوسنیتوس، کالیفورنیا|वेस्ट व्हिटियरलस नियेतोज|西惠特爾-洛斯涅托斯
Summerlin South,city,NV,36.11708,-115.33001,24085,Summerlin|Summerlin South CDP
Tamalpais-Homestead Valley,city,CA,37.87834,-122.53625,10735,Tamalpais-Homestead Valley CDP
Makakilo,city,HI,21.35237,-158.08655,18248,Makakilo City|Makakilo City CDP|Makakilo City Census Designated Place|Makakilo Siti|ma ka ji luo|makakilo siti|makakiro|makakylw|makakylw  hawayy|Макакило|Макакило Сити|Макакіло|ماکاکیلو|ماکاکیلو، هاوایی|ماکاکیلو، ہوائی|मकाकिलो सिटी|マカキロ|馬卡基洛|马卡基洛
Schofield Barracks,city,HI,21.49837,-158.06515,16370,Schofield Barracks CDP|Shofild Barraks|Skofild Baraks|ayshwfyld baraks|shi kao fei jun ying|shwfyld|si ke fei er de bing ying|skophilda byaraksa|Скофилд Баракс|Шофілд Барракс|ایشوفیلد باراکس|سکوفیلڈ بیرکس|شوفیلد|स्कोफिल्ड ब्याराक्स|スコーフィールド・バラックス|史考菲军营|史考菲軍營|斯科菲爾德兵營
Royal Kunia,city,HI,21.39392,-158.0267,14525,Village Park CDP|Village Park Census Designated Place
Knik-Fairview,city,AK,61.51262,-149.60012,14923,Knik-Fairview CDP|Knik-Fehjrv'ju|Nik-Fejrv'ju|Nik-Fejrvuju|Nik-Fervju|ke ni ke-fei er wei you|knyk fyrwyw  alaska|knyk-fayrwyyw  alaska|nikapheyarabhyu|qynq-pyyrwwyw|Кник-Фэйрвью|Ник-Фейрвъю|Ник-Фервју|Нік-Фейрв'ю|קינק-פיירוויו|کنیک فیرویو، آلاسکا|کنیک-فایروییو، آلاسکا|निकफेयरभ्यू|克尼克-費爾維尤
Tri-Cities,city,WA,46.2454,-119.19617,244036,Trije Steden|Trije Stêden|san cheng|torishitizu|ٹرائی-سیٹیز، واشنگٹن|トリシティズ|三城
San Tan Valley,city,AZ,33.1911,-111.528,81321,
Sun Village,city,CA,34.55952,-117.95676,11565,San Vilidz|San-Villedzh|san wylj|san wylj  kalyfwrnya|tai yang cun|Сан Вилиџ|Сан-Вилледж|Сан-Вілледж|سان ویلج|سان ویلج، کالیفورنیا|太陽村
Horizon West,city,FL,28.43383,-81.6227,14000,Gorajzon-Vest|Khorajzon Vest|Khorizon-Uehst|hwrayzn wst|hwrayzn wst  flwryda|xi huo li sang|Горайзон-Вест|Хорајзон Вест|Хоризон-Уэст|هورایزن وست|هورایزن وست، فلوریدا|ホライズン・ウェスト|西霍里桑
Midway,city,FL,30.40648,-87.00553,16115,
Oakleaf Plantation,city,FL,30.17083,-81.83549,20315,
Viera East,city,FL,28.26234,-80.71449,10757,V'era-Ist|Vira Ist|dong wei ai la|wyyra ayst|wyyra ayst  flwryda|В'єра-Іст|Вира Ист|Вьера-Ист|وییرا ایست|وییرا ایست، فلوریدا|東維埃拉
East Honolulu,city,HI,21.28906,-157.71734,49914,Ist Khonolulu|Ist-Gonolulu|Orienta Honoluluo|ayst hwnwlwlw  hawayy|dong tan xiang shan|dong tan xiang shan/dong huo nu lu lu|hwnwlwlw shrqy|isutohonoruru|purba hanalulu|Іст-Гонолулу|Ист Хонолулу|Ист-Гонолулу|ایست هونولولو، هاوایی|مشرقی ہونولولو، ہوائی|هونولولو شرقی|পূর্ব হনলুলু|イーストホノルル|东檀香山／东火奴鲁鲁|東檀香山|東檀香山／東火奴魯魯
Summerfield,city,MD,38.90454,-76.8683,10898,Samerfild|Sammerfild|sa mo fei er de|samafirudo|samrfyld  mrylnd|swmrfyld  mrylnd|Самерфилд|Саммерфилд|Саммерфілд|سامرفیلد، مریلند|سومرفیلد، مریلند|サマーフィールド|薩默菲爾德
Old Jamestown,city,MO,38.83494,-90.28511,19184,
Kings Park West,city,VA,38.81443,-77.29582,13390,King Park Vest|Kings-Park-Vest|kyngz park wst|kynqz park wst  wyrjynya|Кинг Парк Вест|Кингс-Парк-Вест|Кінгс-Парк-Вест|کینقز پارک وست، ویرجینیا|کینگز پارک وست
Bothell West,city,WA,47.80527,-122.24064,16607,Botel Vest|Botell-Vest|batl wst|batl wst  washynqtwn|Ботел Вест|Ботелл-Вест|باتل وست|باتل وست، واشینقتون
Eastmont,city,WA,47.8974,-122.18154,20101,Istmont|aystmawnt|aystmwnt  washynqtwn|Істмонт|Истмонт|ایستماونت|ایستمونت، واشینقتون
Klahanie,city,WA,47.57097,-122.00839,10674,
Mill Creek East,city,WA,47.83602,-122.18766,15709,
Grand Bayou Mobile Home Park,city,LA,29.90802,-90.77711,14195,
Enchanted Hills,city,NM,35.33676,-106.59296,87521,
West Hills,city,CA,34.19731,-118.64398,41426,
Detroit-Shoreway,city,OH,41.47772,-81.72991,17382,
Clark-Fulton,city,OH,41.46402,-81.70979,18185,
The Acreage,city,FL,26.79404,-80.26749,38704,
Eastvale,city,CA,33.96358,-117.56418,59039,Haʼaʼaahjí Tééh|Istveil|Istvejl|Istvela|Ystvalis|ayst wyl  kalyfrnya|ayst wyl  kalyfwrnya|aystfal|dentana|dong gu|iseuteubeil|ist vale|istavale|istvel|isutoberu|xi swa rl|yastwaly|Īstvela|Ίστβεϊλ|Еаствале|Иствейл|Иствејл|إيستفال|ايستفال|ایست ویل، کالیفرنیا|ایست ویل، کالیفورنیا|یاستوالی|ईस्टवले|ডেন্টন|ઇસ્ટવલે|ஈஸ்டவளே|ఈస్ట్ వాలే|ಈಸ್ಟ್ವೆಲ್|ഈസ്റ്റ്‍വെയിൽ|ඊස්ට්වලේ|อีสวาร์ล|イーストベール|东谷|이스트베일
Oak Hill,city,VA,38.9258,-77.40156,33811,
Bridgewater,city,NJ,40.60079,-74.64815,44464,
Warren Township,city,NJ,40.60822,-74.51803,15311,Warren
Castle Pines North,city,CO,39.47174,-104.89482,10360,
Fairfield Heights,city,IN,39.82861,-86.38224,21285,
Chicago Loop,city,IL,41.88407,-87.6333,33442,Chikago-Lup|Loop|The Loop|hlwp|lu pu qu|shykagw lwp|sikago lupeu|Чикаго-Луп|הלופ|شیکاگو لوپ|卢普区|시카고 루프
Greater Grand Crossing,city,IL,41.76113,-87.61485,32346,
Auburn Gresham,city,IL,41.74179,-87.65322,45842,
Financial District,city,NY,40.70789,-74.00857,60976,
Sunset Park,city,NY,40.64548,-74.01241,126000,ri luo gong yuan|日落公园
South Kingstown,city,RI,41.44718,-71.52494,30826,sausukingusutaun|sawth kynghstawn|جنوبی کنگز ٹاؤن، روڈ آئلینڈ|ساوث كينغستاون|サウスキングスタウン
Parkside,city,CA,37.74197,-122.4863,16874,
Noe Valley,city,CA,37.75018,-122.43369,22893,
Visitacion Valley,city,CA,37.71715,-122.40433,22534,
La Porte,city,IN,41.60774,-86.71389,21916,LPO|La Port|LaPorte|Ла Порт
Randolph,city,NJ,40.84829,-74.58148,25734,Randol'f Taunship|Randolph Township|randwlf  nywjrsy|Рандольф Тауншип|راندولف، نیوجرسی|رینڈولف ٹاؤن شپ، نیو جرسی
Mount Pleasant,city,WI,42.69743,-87.85577,26272,
Northdale,city,FL,28.0939,-82.50561,22079,
Roma,city,TX,26.40526,-99.01581,10223,rma  tgzas|rwma|Рома|رما، تگزاس|روما
Waterford,city,CT,41.3417,-72.13597,19281,Central Waterford|Vaterford|Voterford|sentrala vatarapharda|Ватерфорд|Вотерфорд|واٹرفورڈ، کنیکٹیکٹ|सेन्ट्रल वाटरफर्ड
Cherry Creek,city,CO,39.611,-104.861,11120,
Meadowbrook,city,VA,37.44882,-77.47353,18312,
Lincoln,city,RI,41.92111,-71.435,21670,Linkol'n|lynkwln|rinkan|Лінкольн|لنکن، رہوڈ آئی لینڈ|لينكولن|リンカーン
Fenway/Kenmore,city,MA,42.34491,-71.10017,37733,
Mission Hill,city,MA,42.33437,-71.10845,18722,chuan jiao shan|传教山
Johnston,city,RI,41.82186,-71.50675,29247,Dzhonston|jonsuton|jwnstwn|Джонстон|جانسٹن، روڈ آئلینڈ|جونستون|ジョンストン
Dixiana,city,AL,33.74021,-86.64938,22940,
Cranberry Township,city,PA,40.68496,-80.10714,28098,
Kuliouou - Kalani Iki,city,HI,21.29713,-157.745,16195,
Manoa,city,HI,21.31608,-157.80423,23343,
Makiki / Lower Punchbowl / Tantalus,city,HI,21.31756,-157.83122,31434,Makiki
Kalihi Valley,city,HI,21.36373,-157.84294,20647,
Center City,city,PA,39.9512,-75.15923,57239,Centro de Filadelfia
Washington Square,city,PA,39.95002,-75.16206,13438,
Silver Lake,city,CA,34.08668,-118.27023,32890,
Echo Park,city,CA,34.07808,-118.26066,43832,
Ala Moana - Kakaako,city,HI,21.29649,-157.85671,18957,
Joint Base Pearl Harbor Hickam,city,HI,21.34906,-157.94713,42184,HNL|JBPHH
McCully - Moiliili,city,HI,21.29461,-157.83118,28249,
Nuuanu - Punchbowl,city,HI,21.34215,-157.82852,16205,
Liliha - Kapalama,city,HI,21.33735,-157.85418,24953,
St. Johns,city,FL,30.0815,-81.54774,40000,
Stonecrest,city,GA,33.70849,-84.13485,50000,
Cortlandt Manor,city,NY,41.28,-73.87164,19929,
Valley Glen,city,CA,34.18568,-118.42032,60000,
Encanto,city,AZ,33.47937,-112.07823,54614,Encanto Village
Central City,city,AZ,33.44001,-112.05805,58161,Central City Village
Frankford,city,MD,39.32928,-76.54463,17135,
Communications Hill,city,CA,37.289,-121.8551,11267,
South Fulton,city,GA,33.59259,-84.67294,107436,
Turtle Rock,city,CA,33.64335,-117.81015,12288,
Woodbridge,city,CA,33.67724,-117.79442,24966,
Westpark,city,CA,33.68527,-117.81371,22993,
UC Irvine,city,CA,33.63967,-117.84164,15807,
Oak Creek,city,CA,33.67398,-117.77123,10018,
El Camino Real,city,CA,33.69662,-117.77668,15999,
Stonegate,city,CA,33.70534,-117.74009,18938,
Northwood,city,CA,33.71372,-117.76091,22218,
Tustin Legacy,city,CA,33.70006,-117.82588,21428,
Downtown (Honolulu),city,HI,21.30249,-157.85837,12381,DoHo|Downtown|Downtown Honolulu
Aliamanu / Salt Lakes / Foster Village,city,HI,21.36022,-157.91838,38833,
Mililani Mauka / Launani Valley,city,HI,21.47885,-157.98799,18072,
Koolauloa,city,HI,21.60579,-157.9265,15697,
Makakilo / Kapolei / Honokai Hale,city,HI,21.3374,-158.09676,46389,
Vermont Square,city,CA,34.00204,-118.29896,47555,
Mid-City,city,CA,34.04126,-118.36058,83000,
Mid-Cambridge,city,MA,42.37205,-71.10598,12988,
Union Square,city,MA,42.37972,-71.09653,14459,
Logan Square,city,PA,39.95569,-75.17054,11213,
Lower Moyamensing,city,PA,39.91956,-75.16475,16481,
On Top of the World,city,FL,29.11516,-82.29129,12668,
