,id,name,text,embeddings
0,1bf81df3-efc0-44f3-937f-8d19e12e1530,Nightlife,nearby things do nightlife,"[ 1.07192613e-01 -9.87331662e-03 -2.88610905e-03  4.01638895e-02
  2.57434808e-02 -5.53904474e-02  4.75523695e-02 -9.20685306e-02
  4.11218368e-02 -2.43874621e-02  6.07287064e-02 -4.86953557e-02
 -1.29105635e-02  4.55808006e-02  1.07071236e-01  9.99627635e-03
  1.62371293e-01 -9.30524431e-03  1.82180237e-02 -2.37144530e-02
 -4.10275534e-02 -2.93943174e-02  6.16116747e-02  2.10715865e-04
 -1.97843486e-03  7.77566526e-03  1.33750625e-02 -1.80295128e-02
  4.42837998e-02 -6.93590194e-02  3.06009930e-02  1.45262614e-01
 -6.52091131e-02 -1.11274747e-02  4.02706452e-02  1.01991236e-01
  7.02406187e-03 -4.80391495e-02 -3.56101915e-02  8.49973336e-02
  2.92165354e-02 -3.41252200e-02  5.83638065e-02 -1.88165084e-02
 -9.46213081e-02  1.10900318e-02 -7.19875377e-03 -7.20846280e-03
  1.14095490e-03 -4.31259386e-02  5.78371994e-02 -3.30451541e-02
 -5.02331257e-02  4.73878831e-02 -9.41971689e-03  2.58192010e-02
 -6.79353625e-02 -2.85266321e-02  8.25786889e-02 -2.82995161e-02
  1.09581009e-01  5.00202700e-02  4.00068983e-02 -3.00447308e-02
 -1.52547732e-02  1.67378429e-02 -1.15414120e-01  7.19180629e-02
  3.69446613e-02 -6.35008812e-02 -2.49891356e-02  5.99178346e-03
 -1.70514416e-02  2.80946251e-02 -3.84479500e-02  1.71132889e-02
  8.31056666e-03 -1.19099110e-01  3.73267732e-03 -2.48678140e-02
  1.37091465e-02 -2.26151515e-02  4.54802327e-02 -1.06442915e-02
  2.08588690e-02 -5.28116478e-03 -4.45448374e-03  4.71502952e-02
 -3.26759927e-02  3.06130685e-02 -4.55647483e-02 -2.17673257e-02
 -1.08850040e-01 -7.43355751e-02 -3.43366079e-02 -6.85627460e-02
 -2.80371234e-02 -6.30163625e-02  2.43963581e-03  1.99846365e-02
 -2.48142295e-02  2.02124342e-02  5.77907301e-02  5.92548549e-02
 -8.02791584e-03 -1.45124709e-02 -7.12270513e-02 -8.49880744e-03
  5.88787496e-02  2.69922670e-02 -7.26967752e-02  4.91243117e-02
 -1.13468049e-02  8.22800770e-02 -1.11240549e-02 -1.78813990e-02
  6.04458302e-02  1.03773121e-02 -1.90594718e-02  1.31947054e-02
  7.15771690e-02  3.65465432e-02  6.31460622e-02 -4.21166122e-02
  5.35734333e-02  1.69551186e-03 -4.16120738e-02 -2.13016088e-33
  6.61428273e-02 -2.65795756e-02 -3.16302665e-02  4.79199318e-03
  1.43468469e-01 -2.53772959e-02 -4.59719449e-02  2.26129172e-03
 -4.41692211e-02  4.56594080e-02 -3.57170105e-02  1.06970267e-02
  3.91130820e-02 -1.50981471e-02  1.59422785e-01 -2.06571445e-02
  4.01608646e-03 -2.90874802e-02 -6.29744455e-02 -4.58723679e-02
 -1.05188571e-01  2.65966845e-03  2.62219016e-03 -2.11823441e-04
 -3.78413387e-02  5.82692400e-03  3.41139324e-02 -2.81883571e-02
  5.84699661e-02  1.14136646e-02  5.09785414e-02  5.35288011e-04
  1.15782081e-03  2.01726463e-02  8.37005675e-02  1.18919909e-01
 -2.99927667e-02 -3.21825519e-02 -3.60884257e-02 -6.09153509e-02
 -8.37656409e-02  4.14468087e-02 -8.77822414e-02 -3.80074196e-02
 -1.08945435e-02  5.22163771e-02  8.34677443e-02 -2.99639516e-02
 -2.02161483e-02  2.43438379e-04  2.45253742e-03 -9.47449263e-03
 -7.75293410e-02 -1.08282991e-01  3.57912853e-03  1.39532164e-02
 -4.46534306e-02  1.81541545e-04  5.09312302e-02 -1.63768069e-03
  4.63099852e-02 -3.90488505e-02  1.71781965e-02 -1.19835228e-01
  1.07847109e-01 -3.24642584e-02  6.44386560e-02  1.41583234e-02
 -1.48066320e-02 -2.16727145e-02  3.33871767e-02  8.05524271e-03
  8.11510086e-02 -4.29821834e-02  3.02924868e-02  1.11444350e-02
  2.21925825e-02 -4.67929132e-02 -5.60984835e-02  2.96947956e-02
  2.49629989e-02 -1.34132020e-02 -1.51183922e-02 -7.22456574e-02
  4.27820012e-02 -7.38057820e-03  7.95431063e-03 -6.92086592e-02
 -1.26105472e-01  2.88664587e-02 -2.05603205e-02 -1.93687193e-02
  2.13506278e-02 -7.98422098e-02 -9.28765386e-02  8.57216123e-34
  2.04393324e-02 -1.01993449e-01 -6.17663981e-03 -4.55623195e-02
  6.41743615e-02 -6.07049093e-02 -8.34242329e-02 -1.10067993e-01
 -5.74045703e-02  8.67349207e-02 -5.54552265e-02  4.60990295e-02
  2.37763152e-02 -7.81733729e-03  7.74285793e-02 -4.98829670e-02
  8.40577707e-02  4.30685058e-02 -3.11750099e-02  3.92397977e-02
 -2.79107075e-02  6.74694544e-03 -5.38837053e-02 -7.27572478e-03
 -4.33936268e-02  1.02353849e-01 -3.38397212e-02 -3.51468027e-02
 -9.57741141e-02 -2.94670425e-02 -6.36579543e-02 -2.61967089e-02
  1.56865418e-02 -2.40932815e-02  3.46782506e-02  7.76448771e-02
 -1.39200147e-02 -6.94177151e-02 -6.93934485e-02 -9.38730389e-02
  3.28565724e-02 -3.45506966e-02  1.34965414e-02 -1.95814762e-02
 -2.69005504e-02  3.01127452e-02 -1.19145595e-01  4.80912402e-02
 -4.32049111e-02 -2.44238283e-02  7.90494233e-02  1.57971997e-02
 -1.02582537e-01  6.26896275e-03 -3.49506997e-02  3.09975185e-02
  3.48646715e-02  5.26629128e-02  1.04393791e-02 -7.28308316e-03
  7.09726587e-02  9.74590238e-03 -2.23574843e-02  6.59131780e-02
  1.36246523e-02 -1.76760950e-05 -6.27876148e-02  1.24558443e-02
  1.64464265e-02  6.96407584e-03  2.19249502e-02  2.19420660e-02
 -2.59698071e-02  1.43733257e-02 -6.29542246e-02 -7.19188293e-03
  1.79212112e-02 -7.39230076e-03  1.40271336e-02 -7.65744643e-03
 -3.81071791e-02 -6.18308969e-02 -4.11315411e-02  3.97313088e-02
  7.47651840e-03 -6.97310194e-02  1.00537082e-02 -1.25983534e-02
 -2.08974630e-02  5.53894378e-02 -1.92770362e-02  8.60545337e-02
 -6.04729056e-02 -3.36787142e-02 -6.20905356e-03 -1.42107881e-08
 -1.47440778e-02 -4.27806452e-02  1.03840348e-03  8.54426529e-03
 -1.98615752e-02 -1.23751666e-02  1.25707731e-01  5.74970990e-02
  2.50940695e-02  8.93879682e-02  1.87269729e-02  1.23942824e-04
  1.21366210e-01  5.23179257e-03  5.08101769e-02  4.56348434e-03
  2.96024308e-02 -7.37171471e-02 -4.14166488e-02  6.79993033e-02
  4.85033402e-03  3.27910297e-02  3.52011584e-02  2.06191353e-02
  9.64413024e-03  4.39944044e-02 -2.22206600e-02  4.20871824e-02
  5.83578683e-02  2.70759333e-02  1.03894666e-01 -2.19172891e-03
  6.89619631e-02 -1.12797897e-02  1.07476590e-02 -9.41410139e-02
  3.55088688e-03  4.02159020e-02 -2.72198431e-02  3.93617675e-02
 -5.01508862e-02 -1.10190719e-01 -5.10903895e-02  6.39280751e-02
 -7.34651228e-03  9.20092240e-02  2.95350198e-02 -4.76695299e-02
 -1.78798679e-02  1.00593820e-01 -4.99822646e-02 -3.76198813e-02
  5.98403765e-03 -2.14987770e-02  1.96280107e-02 -8.50922838e-02
  1.53913358e-02  1.92963090e-02  4.60884273e-02 -1.44743873e-02
 -3.31306234e-02  1.93297714e-02 -5.00892624e-02  3.66188288e-02]"
1,2afb5ba6-75bc-497e-a53a-be118d00f59a,Sightseeing & Tours,nearby things do sightseeing & tours,"[ 1.10048324e-01 -3.33003812e-02  5.40776886e-02  4.71450971e-04
  2.56829038e-02 -5.41796423e-02  5.68621345e-02 -3.23600359e-02
 -5.59443943e-02  6.83162874e-03  5.82174994e-02  1.61767993e-02
 -1.08695757e-02  1.02758311e-01  7.75592700e-02  1.96765439e-04
  1.39374629e-01 -1.90012939e-02  2.67028864e-02 -3.31134237e-02
 -3.07927858e-02  9.25055891e-03  3.52107026e-02 -3.30947409e-03
 -7.95267373e-02 -2.01572571e-02 -2.45682821e-02 -1.63043309e-02
  4.62033376e-02 -6.34461321e-05  2.22111046e-02  1.25045776e-01
 -9.15652514e-02  1.37784090e-02  1.14845519e-03  1.17051087e-01
 -6.09863503e-03 -4.17041257e-02 -1.21363241e-03  3.72250937e-02
  1.30851874e-02  2.22346419e-03  3.69350053e-02 -2.59293485e-02
 -4.39163670e-02 -4.10170630e-02  1.93225499e-02 -1.20559977e-02
  4.91921417e-02 -5.28767752e-03  5.11485152e-02 -1.23932101e-02
 -4.76600565e-02 -4.52538207e-02 -6.71173856e-02 -3.50981541e-02
 -5.22475280e-02 -4.86087836e-02  1.55774951e-02 -5.14360853e-02
  7.17265531e-02 -5.78910075e-02 -3.55315320e-02 -3.75542715e-02
 -3.19477990e-02 -1.60682928e-02 -9.56495926e-02  9.48599726e-03
  9.02288556e-02 -1.58985674e-01  5.94019331e-02  7.78694637e-03
 -2.69567724e-02  4.69445363e-02 -1.21947713e-02  8.10340978e-03
 -4.26879246e-03 -1.92704350e-02 -1.89026520e-02 -1.09404564e-01
 -4.62612770e-02 -1.74365789e-02  4.20577042e-02 -1.12144963e-03
  4.75688986e-02 -2.68290956e-02 -3.86952870e-02 -1.52828754e-03
  2.85517052e-02 -4.20794934e-02  4.08579893e-02 -4.55978513e-02
 -1.20678045e-01 -8.76937881e-02 -5.09136133e-02 -4.61403467e-02
  4.31217905e-03 -1.12902476e-02  3.21061234e-03  1.89006161e-02
  4.61311713e-02  4.13582325e-02  6.56844974e-02  9.33882874e-03
 -3.75949554e-02 -1.53979482e-02  3.84438434e-03  5.35882860e-02
  4.38226163e-02  5.17507941e-02 -2.74760108e-02  1.11996178e-02
 -4.09568250e-02  5.91896754e-03 -8.08528587e-02 -3.53851654e-02
  9.18034371e-03 -3.04976199e-02 -5.93776396e-03 -5.37324846e-02
  8.44724383e-03 -6.80911774e-03  6.23887070e-02 -1.65467039e-02
  2.06672158e-02 -3.27193625e-02 -1.91393271e-02 -2.28323174e-33
  3.68714556e-02  1.59738436e-02 -5.49801178e-02 -1.12478714e-02
  8.72986838e-02  1.43255561e-03 -6.61511868e-02 -5.26239611e-02
 -2.34728660e-02  3.72332707e-02  3.23541313e-02  3.86388376e-02
  3.30286920e-02 -2.33230237e-02  8.71131867e-02 -4.72766533e-02
  5.36256097e-02 -1.36454962e-02 -1.64614152e-02 -5.84644638e-02
 -7.83442706e-02 -8.26350525e-02 -9.27026500e-04  5.61346747e-02
  5.68637922e-02  3.12012658e-02  3.24990600e-02 -2.15094839e-03
 -8.35390016e-03  1.43970214e-02  6.35579079e-02  2.45464873e-02
 -3.61600779e-02  1.79453827e-02  2.07014903e-02  6.16252124e-02
 -3.21542658e-02 -4.49031182e-02  7.63436407e-02 -2.56865490e-02
 -3.87296937e-02  7.75067508e-03 -7.71454647e-02 -3.79913114e-02
 -1.11556880e-03  1.86338834e-02  6.03402145e-02  1.40152238e-02
 -3.28192860e-02  7.65858078e-03 -1.22945220e-03 -4.95329350e-02
 -5.67793287e-02 -2.18512211e-02  2.12999620e-02  5.21793403e-02
  1.79882385e-02 -1.16204508e-02  9.08729807e-02 -4.66904305e-02
  1.26755372e-01  7.57216364e-02  1.35024106e-02 -3.38468216e-02
  3.83469090e-02 -9.41744670e-02  9.27428976e-02  2.28269622e-02
  5.80593459e-02  7.08921254e-02  1.99010558e-02  4.03647497e-02
  7.55759403e-02  1.24118496e-02  6.96180388e-02  1.09710898e-02
 -7.72612989e-02  1.93861239e-02  1.34939738e-02  7.59887099e-02
 -5.75862788e-02 -3.36920284e-02 -2.94594951e-02  6.09049164e-02
 -5.50151244e-03 -3.26173417e-02 -1.79619882e-02 -8.33669603e-02
 -1.31812587e-01 -6.98799640e-03  2.83152331e-02  4.42111157e-02
 -9.12886038e-02  9.22926934e-04 -4.35383879e-02 -4.86026461e-34
  5.42659424e-02 -4.13391180e-02  1.19487576e-01 -6.86279386e-02
 -4.40021269e-02 -3.67847979e-02  3.69340368e-02 -8.93866792e-02
 -3.87395285e-02  2.27585249e-02 -1.53048411e-01  6.17362186e-02
  5.52322902e-03 -4.33573648e-02  1.75072346e-02  1.47086466e-02
  1.18191846e-01  3.41892317e-02  1.63942091e-02  4.62018475e-02
 -2.82399226e-02  1.23438751e-03 -4.78400812e-02 -4.68620136e-02
 -6.64752871e-02  2.17059311e-02 -6.27142191e-02 -1.03849046e-01
 -7.77084529e-02 -5.97895719e-02 -2.95935329e-02 -3.68855521e-02
  7.05233216e-02 -2.17740741e-02 -3.54527272e-02  4.43903059e-02
  6.13285974e-02 -1.88316554e-02 -5.99486940e-02 -4.26465943e-02
  4.68867011e-02 -2.99572628e-02  1.09686241e-01  4.78820167e-02
 -2.58059260e-02 -3.04233097e-02 -1.11339584e-01  6.81105703e-02
 -6.81039542e-02 -6.20414205e-02  3.97411585e-02  1.79372467e-02
 -8.18806440e-02 -1.86064504e-02  8.54401675e-04  6.95729852e-02
  3.68535332e-03  3.90704721e-02 -2.56571509e-02 -1.79726891e-02
  2.60221660e-02 -4.69329059e-02 -1.49964904e-02  7.66965821e-02
 -4.99090254e-02  1.66125018e-02 -2.91611366e-02  3.40733454e-02
 -1.43056847e-02  9.33276303e-03 -4.43515740e-02 -2.64638406e-03
  4.52039950e-02 -8.06181803e-02 -6.75875917e-02 -8.52894783e-03
  1.12348758e-01  1.79751936e-04  8.35830346e-02  2.35175230e-02
 -1.06184455e-02 -6.43286947e-03 -8.79066661e-02  8.25040136e-03
  4.05456759e-02  2.13039517e-02 -3.56215015e-02 -1.35491760e-02
 -1.92610901e-02 -4.39026803e-02 -2.83158030e-02  4.24728133e-02
 -1.21720377e-02 -4.70779762e-02 -5.08147851e-02 -1.88925320e-08
 -2.83657387e-02  4.25825603e-02  2.33198982e-02  1.49736097e-02
 -2.43488140e-02 -7.56257996e-02  4.32934724e-02  1.61224872e-01
  5.92923444e-03  5.17492443e-02 -1.71254426e-02 -2.59801038e-02
  1.09269638e-02  4.89048101e-02  9.25907940e-02 -5.89290634e-03
  4.02211919e-02 -3.69546711e-02 -3.25358324e-02  4.42917198e-02
 -2.69612521e-02 -6.02756580e-03  8.12574849e-02  5.96591569e-02
 -7.77216349e-03  9.73353069e-03 -5.45667335e-02 -3.58144604e-02
  8.39976370e-02  3.59677500e-03  3.34696211e-02 -6.30687550e-03
  2.55458965e-03  3.53420340e-02  8.75509679e-02 -7.35404640e-02
 -3.77632529e-02 -2.62570754e-02  1.71097964e-02  2.21789093e-03
  6.97519397e-04 -9.80076641e-02  3.42565216e-02  1.32727295e-01
  2.11143661e-02  9.06469598e-02  3.16412374e-02 -4.19883579e-02
 -1.57892816e-02 -4.25057299e-03 -6.60610497e-02 -3.13646980e-02
  8.63941573e-03 -4.79798019e-02  3.07688136e-02  5.97919244e-03
  6.55863062e-02 -1.03614964e-01  4.56885584e-02  5.85017838e-02
  5.75073157e-03  1.41924787e-02 -9.93660912e-02 -1.47927580e-02]"
2,634fe6f0-7ac5-4ca0-96d5-7f63f97f9cd2,Bus Tours & Rentals,nearby things do sightseeing & tours bus tours & rentals,"[ 1.06449850e-01 -4.90595289e-02  5.48526756e-02  1.66971814e-02
 -3.55795920e-02  6.46934193e-03  7.57783055e-02 -2.54036281e-02
 -2.28257328e-02 -2.42003910e-02  4.71926183e-02  5.34196235e-02
  2.45734695e-02  9.20739323e-02  8.98053497e-02 -5.87964244e-03
  1.29754201e-01  4.55898978e-03  5.68314120e-02 -7.04603195e-02
 -1.75472926e-02  4.00242023e-03 -2.85516530e-02 -3.36834006e-02
 -6.64358661e-02 -3.29680159e-03 -8.63408949e-03 -2.68538911e-02
  4.61270250e-02  3.01859695e-02  5.08941663e-03  9.76247638e-02
 -9.03568864e-02  3.56686711e-02  1.22212097e-02  9.82117504e-02
  2.15013861e-03 -6.25335947e-02  2.43096594e-02  3.18664350e-02
  2.92383116e-02  1.28045371e-02 -7.22530857e-03 -2.37174295e-02
 -5.06074540e-03 -2.28748303e-02  3.46478820e-02 -2.55660973e-02
  5.64159714e-02 -7.51026673e-03  4.52571325e-02  4.52100858e-03
 -6.10395055e-03 -2.66758129e-02 -9.14585590e-02 -8.35631788e-02
 -7.72409365e-02  7.01617962e-03  3.55280749e-02 -3.90606150e-02
  8.20967481e-02 -4.08928543e-02 -2.90680095e-03 -2.16818862e-02
 -7.02586621e-02  4.46159318e-02 -9.23171639e-02  4.44840156e-02
  6.68407828e-02 -1.64711252e-01  3.05441618e-02  6.81749452e-03
 -4.02558371e-02  1.13846995e-02  1.14770690e-02  2.75104796e-03
 -2.51775258e-03 -1.22315241e-02  3.99623439e-03 -1.12181179e-01
 -9.37708691e-02 -3.42039093e-02  1.37612177e-03  3.72429267e-02
 -3.36053455e-03 -2.90787928e-02 -2.01043822e-02 -2.64076833e-02
  3.59719954e-02  2.68805306e-02  3.16241197e-02 -2.08453108e-02
 -1.04840554e-01 -8.55524540e-02 -3.50848101e-02 -2.51467302e-02
 -4.35674340e-02 -3.39242071e-02  1.31297465e-02  9.61828604e-03
  2.38432158e-02  8.87294039e-02  8.95591751e-02  6.14807522e-03
 -6.59717172e-02  4.30777622e-03  3.38217355e-02  8.69613700e-03
  7.92398397e-03  5.29516190e-02  1.40339136e-02 -7.40903243e-03
 -6.66939013e-04 -1.83691084e-02 -7.55230263e-02 -5.49619906e-02
 -1.14703495e-02 -1.63243562e-02  1.66920889e-02 -7.14744022e-03
 -7.96312280e-03 -2.02894751e-02  6.57603741e-02 -4.20048349e-02
 -8.82098544e-03 -5.43387560e-03 -3.80301140e-02 -1.67572579e-33
 -1.36651620e-02  1.96405295e-02 -3.79006229e-02  4.24022414e-02
  9.96703133e-02  6.82461262e-03 -5.55041060e-02 -4.87424992e-02
 -9.10540810e-04  3.28516439e-02  5.31333312e-02  4.92581576e-02
  2.88330410e-02 -3.16438861e-02  6.39919713e-02 -4.49413667e-03
  4.23224419e-02 -1.61656912e-03  2.75056181e-03 -4.76143584e-02
 -6.42148703e-02 -5.66899031e-02  3.24332826e-02  2.65376046e-02
  4.28800695e-02 -1.38773797e-02  3.70456055e-02  2.10206304e-02
  6.29894808e-02  1.89782660e-02  3.43958922e-02  1.20534645e-02
 -1.47607671e-02  3.67418416e-02 -6.05379464e-03  7.39539191e-02
 -6.31496087e-02 -2.98864748e-02  6.17850907e-02 -1.56431552e-02
 -3.89650874e-02 -1.48992362e-02 -1.09416083e-01 -7.26825034e-04
 -2.29912736e-02  3.37004475e-02  6.86481446e-02  3.45300999e-03
 -1.21024679e-02 -1.65681969e-02 -2.92856665e-03 -5.19928858e-02
 -8.28747749e-02 -1.36099486e-02  8.07291456e-03  1.98206380e-02
 -3.41809029e-03  1.68451164e-02  9.20171291e-02 -4.12220731e-02
  1.13682352e-01  1.08231992e-01  3.24633010e-02 -4.87196296e-02
  3.99258509e-02 -9.61394086e-02  7.36815110e-02  1.13802785e-02
  7.63651580e-02  3.55859697e-02  4.10474390e-02  2.68988106e-02
  6.48405328e-02  4.59645235e-05  1.04217127e-01 -5.21977956e-04
 -1.32760003e-01 -2.22774548e-03  7.94742256e-03  6.65617734e-02
 -2.78452896e-02 -5.28792441e-02 -3.43167074e-02  7.63328820e-02
  1.99371167e-02 -1.01167997e-02  1.97833939e-03 -4.80867215e-02
 -1.15912944e-01 -2.22415719e-02  3.61317396e-03  6.97615147e-02
 -8.83883014e-02  2.77600661e-02 -2.77182981e-02 -7.88893544e-34
  3.05370055e-02 -7.58040100e-02  1.00649685e-01 -5.71826883e-02
 -3.11445426e-02 -1.55052505e-02  1.62867289e-02 -1.11231796e-01
 -1.39157521e-02  2.77035255e-02 -1.44504473e-01  1.37895737e-02
 -3.96925174e-02 -1.73141658e-02  3.58971418e-04  9.05701518e-03
  9.53820348e-02  1.51208108e-02 -5.18721296e-03  5.34438379e-02
 -7.08147660e-02  6.56907484e-02 -1.54460697e-02  5.83796157e-03
 -7.97314867e-02  3.25954407e-02 -1.12629727e-01 -3.16586271e-02
 -3.91163155e-02 -2.40903329e-02 -2.81037334e-02 -3.57867926e-02
  8.11301544e-02 -2.84159984e-02 -6.41393885e-02  6.26659319e-02
  7.40194842e-02 -9.42043029e-03 -2.05709059e-02 -2.73727439e-02
  4.37784269e-02 -9.28540006e-02  8.69209915e-02 -1.92366354e-03
  1.47968736e-02 -3.02869640e-02 -5.75990230e-02  3.61199956e-03
 -2.08273567e-02 -8.98298100e-02  5.30003272e-02  9.48160188e-04
 -1.15161866e-01  1.61751639e-02 -5.22547110e-04  8.75684097e-02
  3.30960415e-02  3.98806110e-02 -1.67976338e-02 -1.90457925e-02
  2.77059525e-02 -6.93531707e-02  3.94478329e-02  6.57694712e-02
 -6.30232170e-02 -3.83402599e-04  1.80547871e-02 -2.05334648e-02
  1.30441668e-03 -4.40720730e-02 -4.09811847e-02  3.51797454e-02
  2.23652646e-02 -6.36463538e-02 -8.95939767e-02  2.61446517e-02
  1.48531720e-01  8.72728880e-03  7.82166198e-02 -1.96783822e-02
 -6.83217049e-02 -2.08119042e-02 -8.98788869e-02  2.81301495e-02
 -1.62863806e-02 -1.93099510e-02 -3.04278266e-02 -4.34982553e-02
 -4.87450417e-03 -4.12590019e-02 -6.55913576e-02  2.20885780e-02
 -4.97233383e-02 -2.66530663e-02 -2.87596695e-02 -2.13341256e-08
 -3.88843976e-02  1.34724081e-02  1.85878354e-03  1.00029642e-02
 -3.89702134e-02 -9.52593163e-02  1.46901114e-02  1.77844182e-01
 -2.09941100e-02  5.47211468e-02  2.94353347e-02 -4.86620106e-02
 -1.90464687e-02  2.98582669e-02  4.65311855e-02  1.80948228e-02
  6.74840733e-02  1.03756860e-02 -1.22254044e-02  9.31269862e-03
 -1.62841205e-03 -2.06116773e-02  6.60691932e-02  7.48023912e-02
  8.57242476e-03 -2.98325382e-02 -7.23780543e-02 -4.62871753e-02
  5.58540635e-02 -6.66278899e-02  2.65012439e-02 -1.49347652e-02
  3.80298160e-02 -8.21623765e-03  8.97670016e-02 -9.96621773e-02
 -4.50735018e-02  1.95023278e-03  2.45550144e-02  5.76405339e-02
 -1.91497579e-02 -8.05561170e-02  2.00437531e-02  1.04076877e-01
  2.61970493e-03  1.14074461e-01  3.46995555e-02 -5.50930714e-03
 -3.64309810e-02 -8.51255085e-04 -6.34012893e-02 -2.41364408e-02
  8.50924198e-03 -4.51661497e-02 -4.64558369e-03 -1.36359548e-02
  2.01127678e-02 -5.37828021e-02  1.81243028e-02  6.99344873e-02
 -5.17617678e-03  4.75186445e-02 -7.04947636e-02 -4.07732986e-02]"
3,8fce0ab5-5a6a-480d-ac35-f1586b66f857,Brows & Lashes,nearby beauty & spas brows & lashes,"[ 1.05979256e-02 -5.26631176e-02  6.49092942e-02  6.04034364e-02
 -4.91617620e-02 -1.35314111e-02  1.18945055e-02 -6.26036674e-02
 -1.07999802e-01 -2.89626978e-02  1.26179487e-01 -6.57221973e-02
 -4.66976278e-02  4.71578464e-02  4.52496111e-02  2.26749899e-03
  5.80259562e-02 -3.76144201e-02  3.47605906e-02 -1.34964604e-02
  2.48542894e-02 -2.27847826e-02 -1.83039624e-02  2.14230809e-02
 -6.08708672e-02 -3.54611315e-02 -4.38038707e-02 -6.04244298e-04
  6.25015562e-03 -5.15527353e-02  1.30633367e-02  1.46191707e-02
 -9.48868617e-02  4.16842289e-03  1.26987742e-02  5.08110598e-02
 -5.71078248e-03 -4.75605726e-02  1.55294193e-02  3.09352949e-02
 -5.71114831e-02 -2.10677572e-02 -7.43929148e-02  2.31976304e-02
  4.61995415e-02 -7.40162050e-03  8.05238038e-02  3.30696069e-02
  2.38458812e-02 -2.37356313e-03 -7.09994733e-02 -3.29856016e-02
 -4.85357940e-02  2.32560318e-02  3.14443260e-02  9.05592926e-03
 -7.12135732e-02 -8.52357969e-02  5.30748777e-02 -2.87818015e-02
  5.26567101e-02  1.01777492e-02 -4.80605327e-02  7.33382031e-02
 -8.61528441e-02 -2.98666190e-02 -4.90302965e-02  7.24122748e-02
  8.57913271e-02 -1.13958500e-01 -1.15420632e-02 -2.41705570e-02
 -5.00871427e-02  1.03289314e-01 -1.44082271e-02  4.71306406e-02
  2.66328789e-02 -6.61188290e-02  2.01539639e-02  1.20749336e-03
  3.11740935e-02 -1.44525794e-02  4.86603826e-02  7.58718401e-02
 -8.72363598e-05 -1.14116911e-02  2.31807008e-02 -1.15527205e-01
  4.07886319e-02  2.32683420e-02  2.55760103e-02  4.53902073e-02
 -8.58165845e-02 -3.75028290e-02 -2.40080766e-02 -3.40551995e-02
 -4.16731164e-02 -1.28316889e-02 -7.08673056e-03  1.09063640e-01
 -4.72766943e-02 -2.65819690e-04  2.61053033e-02  9.73101929e-02
 -7.85496756e-02 -1.23087522e-02 -8.80825054e-03  5.79266362e-02
  2.60966215e-02  4.72247675e-02 -2.04111170e-02  1.94326229e-02
 -7.67336562e-02 -8.10264796e-02 -2.78344024e-02 -9.16932002e-02
  9.42746252e-02 -6.66982234e-02  1.40429914e-01 -1.10084340e-02
 -2.73581855e-02  4.31394391e-02  4.43445938e-03 -8.00478235e-02
  4.60505160e-03  9.51391365e-03 -2.79803853e-02 -2.36080004e-33
  7.74090812e-02  5.46652004e-02  6.27957210e-02  6.83675408e-02
 -6.04741052e-02  9.38014016e-02 -2.77201049e-02  2.05687657e-02
 -9.45819840e-02 -2.19350569e-02 -5.47198765e-02 -2.68257726e-02
 -7.64664216e-03 -9.82012600e-03  1.84717886e-02  1.74590535e-02
  9.30392593e-02  3.83496359e-02 -2.08764486e-02 -3.85855623e-02
 -7.38505945e-02 -5.41145988e-02 -3.30219343e-02  2.32456834e-04
 -4.68281657e-02  1.28833475e-02  4.22644578e-02 -3.65113951e-02
 -4.10748227e-03  5.18835299e-02  3.81465964e-02  4.18956317e-02
  6.73919171e-02  1.27345789e-02 -1.43606691e-02  9.04574469e-02
  1.32734294e-03 -9.68752727e-02  3.93724293e-02  6.17516786e-03
 -7.12090656e-02  2.37403698e-02  3.70722786e-02 -2.21323483e-02
 -3.60919982e-02  1.02858514e-01 -3.01251691e-02  2.14683134e-02
 -2.02404633e-02  2.21633129e-02  2.10394035e-03  4.91473936e-02
 -1.90934651e-02  7.50129074e-02  5.44899190e-03 -2.09992062e-02
 -4.54954840e-02 -2.40307786e-02  7.08271414e-02  1.41995242e-02
  4.06910367e-02  8.99198558e-03 -3.66087481e-02 -7.63910115e-02
  1.05231963e-01 -5.52262180e-02  5.13800196e-02  4.88182344e-02
 -3.97283435e-02  2.18071304e-02 -4.58876416e-02  5.66912182e-02
  5.22891134e-02 -6.21517003e-02 -1.13358707e-04 -1.70409642e-02
 -1.53297046e-03  2.02727355e-02  3.10785044e-02  4.91086803e-02
  1.36943161e-02 -2.92204227e-02 -2.68937144e-02  6.41948208e-02
  6.13079444e-02 -1.60490535e-02 -1.24462387e-02 -5.99632077e-02
 -3.38507630e-02 -7.64229335e-03  1.88824423e-02  7.40997642e-02
 -2.34535877e-02 -2.61425432e-02 -7.17547312e-02  1.45410362e-34
 -1.55654252e-02 -7.63697699e-02  1.06248325e-02  1.38096921e-02
 -4.96648811e-03  8.07635561e-02  4.22089221e-03  2.29506399e-02
  3.49444635e-02  1.10207193e-01 -5.79972081e-02 -2.95158233e-02
  3.98952104e-02 -6.03296645e-02 -3.10989246e-02  1.10005185e-01
  9.38828588e-02 -4.57650945e-02 -2.17373874e-02  1.26032103e-02
 -1.33230090e-02  9.54639465e-02 -2.17020698e-02 -5.45954816e-02
 -4.05169576e-02  2.33843457e-02  3.37943733e-02 -4.60461378e-02
 -7.74672851e-02  2.68550366e-02  1.89123396e-02 -4.88690659e-02
 -1.12592503e-02  7.40979537e-02 -4.47644815e-02  6.74769804e-02
 -6.84491619e-02 -4.63848934e-03 -4.06012591e-03  2.20555384e-02
  5.81447221e-02 -5.40890805e-02  6.14702813e-02  4.63816337e-02
  6.57367259e-02 -8.79529119e-02 -9.00765359e-02 -1.41485240e-02
 -2.65056500e-03 -8.77455994e-03 -3.07337325e-02  4.83152941e-02
 -3.23604867e-02  8.02942440e-02 -1.14681050e-01 -2.02172734e-02
  2.31851302e-02  1.68103985e-02 -2.86428500e-02 -8.42046179e-03
 -2.10771132e-02  3.72045534e-03 -7.78361484e-02  4.87300940e-02
  1.34283677e-02 -6.94922591e-03  1.60356220e-02 -5.22920191e-02
 -2.36208662e-02 -6.67284131e-02  3.06514965e-04 -1.76934376e-02
 -2.94857044e-02 -9.48258862e-02 -3.54299769e-02 -8.37269612e-03
  9.31921080e-02  4.66759466e-02 -3.29051055e-02  5.67378625e-02
  5.16455099e-02  1.86727308e-02  5.91843277e-02  3.83787695e-03
  1.96535997e-02 -6.29551616e-03 -2.57404707e-02  1.82545558e-02
  4.43684962e-03 -3.44526432e-02 -9.49282125e-02  6.04635775e-02
 -1.06353045e-01 -1.04734853e-01  8.01834837e-03 -1.58926401e-08
  4.58379189e-04 -1.83759797e-02  1.67824496e-02  2.64628716e-02
  2.73541100e-02 -5.52984711e-04 -3.86415832e-02  1.24343790e-01
 -5.36067598e-02  3.45550254e-02  3.19013558e-02  1.39029413e-01
  1.45765878e-02  4.21410277e-02  2.93776114e-02 -6.16776310e-02
  8.09951127e-02  6.47382885e-02 -5.91596700e-02  2.80786101e-02
 -4.95266020e-02  2.32575908e-02  5.98741286e-02  5.94295897e-02
 -2.55541652e-02 -4.44156118e-02 -2.24967897e-02 -2.39494089e-02
 -9.24618263e-03  9.05159023e-03  6.05320893e-02  1.62583124e-02
  4.87203039e-02 -3.55847664e-02 -7.09154382e-02 -2.14239396e-02
 -2.19302867e-02 -4.15989310e-02 -7.72719309e-02 -1.68969203e-03
 -5.13124987e-02 -1.48255929e-01  5.21125309e-02  6.24912120e-02
 -1.16453487e-02  2.85482057e-03  5.08927107e-02 -5.90961389e-02
  6.58106152e-03  7.76903704e-02 -1.01593092e-01 -3.55047472e-02
 -1.66808236e-02 -3.99943534e-03 -3.49612832e-02 -1.03609115e-01
  1.76890604e-02 -1.42626911e-02 -1.74594857e-02  7.83744678e-02
  9.58521739e-02 -3.62911373e-02 -3.82447941e-03  1.90741047e-02]"
4,91e47ef0-776d-4eaf-9acb-acd360036b94,Eyelash Extensions,nearby beauty & spas brows & lashes eyelash extensions,"[-1.07983407e-02 -3.82597446e-02  7.06646964e-02  6.03646897e-02
 -1.70276091e-02 -3.38443220e-02  6.43949769e-03 -3.36185656e-02
 -9.27543864e-02 -3.74461450e-02  1.51900470e-01 -3.37461904e-02
 -3.80769596e-02  4.16302234e-02  6.62800893e-02  2.28599180e-02
  6.30789017e-03 -2.44558938e-02  1.45011838e-03 -1.44069893e-02
  3.21089886e-02 -2.64225062e-02 -3.50015685e-02  4.11000103e-03
 -2.61774603e-02 -2.62086261e-02 -3.82295251e-02 -2.59924470e-03
  1.91955622e-02 -4.45376150e-02  4.80880123e-03  2.27475278e-02
 -7.70571008e-02 -1.51368941e-03  3.74407768e-02  4.20644656e-02
  6.68735430e-03 -3.17161456e-02 -1.39203407e-02  1.84066296e-02
 -4.33328003e-02 -3.04758009e-02 -5.96175827e-02  8.83536600e-03
  4.90958579e-02  6.31473027e-03  8.58822465e-02  2.68830941e-03
 -3.47168669e-02  1.12274615e-02 -4.34830487e-02 -2.13090647e-02
 -3.64402756e-02  4.11209911e-02  4.26703691e-02 -1.82152968e-02
 -1.00002758e-01 -5.24070151e-02  6.87479451e-02 -6.36032128e-05
  5.06122746e-02 -1.80018526e-02 -8.59930366e-02  7.08304122e-02
 -1.08897343e-01 -1.36107635e-02 -2.32430175e-02  5.69733866e-02
  7.27890730e-02 -1.18540041e-01 -3.09919957e-02 -2.53049210e-02
 -8.86892453e-02  1.22471452e-01 -2.42118686e-02  7.25082010e-02
  2.89367214e-02 -6.60923049e-02  2.88332589e-02  9.54913907e-03
  3.46293151e-02 -4.48266044e-02  6.24992810e-02  9.66262892e-02
  1.49355605e-02 -7.47687742e-03  9.96425748e-04 -1.15703531e-01
  8.61150865e-03  2.76660994e-02  6.11267500e-02 -9.68278560e-04
 -4.13657613e-02 -4.55004051e-02 -1.97599344e-02 -1.69778988e-02
 -6.10627383e-02 -2.09515505e-02 -2.02979222e-02  8.03091601e-02
 -4.31485772e-02 -1.99178234e-02  1.71532501e-02  9.25664380e-02
 -5.56493513e-02  2.96458392e-03 -9.29202326e-03  3.26774977e-02
  3.72721888e-02  3.29550691e-02 -2.26988010e-02 -8.80095467e-04
 -5.69739267e-02 -1.13050051e-01 -4.02841717e-02 -6.51514083e-02
  7.75617883e-02 -7.15565011e-02  1.16669357e-01 -6.16107276e-03
 -3.62422615e-02  5.50878681e-02  3.31058614e-02 -7.68192410e-02
  1.48661491e-02  2.31683385e-02 -6.65415302e-02  3.95771729e-34
  4.07670699e-02  6.51478916e-02  3.68151851e-02  4.62743379e-02
 -5.36213554e-02  6.69931471e-02 -4.22655158e-02  2.71265507e-02
 -9.49943066e-02 -3.09319980e-02 -5.88916875e-02 -1.91192366e-02
 -7.31583498e-03 -2.32458059e-02  2.08793115e-02  3.14802527e-02
  9.36550498e-02  5.10912463e-02  1.01068309e-02 -1.95145346e-02
 -6.73422590e-02 -2.34632026e-02 -1.72751751e-02  1.39582399e-02
 -2.46498771e-02 -6.96184579e-03  3.48987021e-02 -3.79621014e-02
  7.46807037e-03  5.80012091e-02  4.33144867e-02  4.28071432e-02
  5.25587313e-02  1.53752603e-02 -2.22222097e-02  1.28579617e-01
  3.78296226e-02 -9.06255618e-02  1.34056518e-02  1.08354166e-02
 -4.83814143e-02  1.95362885e-02  2.48707142e-02 -1.00116730e-02
 -1.20874243e-02  6.13683984e-02 -2.86773480e-02  4.19008695e-02
 -1.33273900e-02  3.57059762e-02  1.36432610e-03  6.96279258e-02
  1.68809202e-02  5.99558875e-02 -1.17670400e-02 -3.24946046e-02
 -5.74318133e-02 -3.82598005e-02  5.49247265e-02  3.58166955e-02
 -6.52029458e-03 -1.19417510e-03 -6.14178292e-02 -3.69324163e-02
  1.12238251e-01 -3.86361778e-02  6.18025996e-02  6.38553873e-02
 -4.38655242e-02  3.07112765e-02 -4.93274555e-02  3.73477452e-02
  4.62957658e-02 -3.16384733e-02 -1.94935426e-02 -6.42811656e-02
 -4.51270454e-02  1.48351891e-02  3.68391871e-02  3.36641110e-02
 -1.01797171e-02 -3.91230322e-02  1.76914372e-02  6.08513020e-02
  9.16294232e-02 -5.44064073e-03 -4.14902568e-02 -5.36524840e-02
 -1.57175157e-02 -4.11304347e-02  3.78631018e-02  6.64276183e-02
 -5.50080761e-02 -4.44290414e-03 -5.49026430e-02 -1.55495403e-33
 -9.16121807e-03 -5.97696379e-02 -9.14833415e-03  2.05964539e-02
  1.33848544e-02  9.96727124e-02 -1.89377423e-02  4.56827693e-02
  4.51026075e-02  7.26956055e-02 -5.63918017e-02 -2.12289616e-02
  2.15315148e-02 -8.57677013e-02 -4.92400341e-02  7.86180496e-02
  6.89826161e-02 -4.29788493e-02 -1.88884530e-02  1.07543252e-03
 -1.84660006e-04  7.43907914e-02  2.20923275e-02 -4.71636020e-02
 -3.50677371e-02  3.90596874e-02  6.88003888e-03 -3.64456214e-02
 -3.43065076e-02  5.08259870e-02  3.50112393e-02 -5.02917506e-02
 -4.56180163e-02  5.00869676e-02 -1.16910292e-02  7.48006776e-02
 -8.63799527e-02  4.40878011e-02  3.92679721e-02 -1.31631065e-02
  5.21317348e-02 -6.36271536e-02  7.23231882e-02  3.62729542e-02
  6.15239032e-02 -9.63692442e-02 -8.32111165e-02 -2.34760977e-02
 -3.76906730e-02 -2.61172671e-02 -7.28228390e-02  3.99808548e-02
 -3.32482681e-02  1.16718739e-01 -1.15439475e-01 -5.50660565e-02
  1.89933926e-02  2.03973576e-02 -5.03826141e-02  9.71667375e-03
 -1.85619097e-03  1.59796737e-02 -5.07133119e-02 -7.28391693e-04
  2.33659092e-02  1.04444800e-02  3.21938209e-02 -3.74720208e-02
 -3.07785738e-02 -6.63843974e-02  1.28092943e-02 -2.35945508e-02
 -3.53687927e-02 -5.99547103e-02 -2.94338111e-02 -9.97407828e-04
  8.90046582e-02  6.78771362e-02 -4.16738577e-02  4.83777151e-02
  2.62187924e-02 -3.22613046e-02  5.65940440e-02 -5.53827360e-03
  1.38306487e-02  8.34458508e-03 -3.87246534e-03  4.09171805e-02
  2.18952969e-02 -2.56199390e-02 -9.69704911e-02  8.77815261e-02
 -1.31762758e-01 -3.91747244e-02  1.41699323e-02 -1.81203870e-08
 -2.13083923e-02 -2.58575063e-02  9.69697535e-03  4.33441848e-02
  4.81865741e-02  1.14848437e-02 -4.17086929e-02  1.38636082e-01
 -6.73193410e-02 -1.25125311e-02  4.12325263e-02  1.58317924e-01
  2.74553690e-02  3.17008048e-02  4.65138443e-03 -6.54612705e-02
  7.80848116e-02  8.26694965e-02 -6.43521473e-02  2.34412756e-02
 -7.46310577e-02  2.75479648e-02  7.94791132e-02  3.09621822e-02
 -1.82160977e-02 -6.56488761e-02 -4.46204692e-02 -3.02059613e-02
  1.13634777e-03  3.57491262e-02  5.98396659e-02  1.07989376e-02
  4.62148525e-02 -4.14039418e-02 -9.14376974e-02 -8.74861609e-03
  2.00226940e-02 -3.71968970e-02 -8.38895664e-02  3.14597934e-02
 -4.37342860e-02 -1.65976867e-01  3.49449515e-02  6.51416481e-02
 -3.06213717e-03 -2.41346676e-02  6.65676147e-02 -5.28776720e-02
  4.68511600e-03  8.49194154e-02 -7.16885924e-02 -3.97227816e-02
 -4.01191004e-02 -8.08937941e-03 -3.60591486e-02 -8.82572085e-02
  1.10366521e-02  3.28098983e-02 -3.39288427e-03  6.01625070e-02
  5.16404919e-02 -7.49866813e-02  1.67767126e-02  4.62069847e-02]"
5,8e89c6d5-bc8a-48ad-8cf0-3a675f651009,Massage,nearby beauty & spas massage,"[-1.39636651e-03 -2.77704839e-02  5.85631691e-02  9.03089941e-02
 -5.32057062e-02 -1.74877327e-02  3.55278105e-02 -7.81294480e-02
 -4.53715362e-02 -5.10760956e-02  9.38953459e-02 -3.18842120e-02
 -2.91162785e-02  8.54627043e-02  9.90618393e-02 -1.28953867e-02
  1.34164870e-01 -4.70040217e-02  6.65030777e-02 -2.36357586e-03
 -4.85748351e-02 -7.17601273e-03  3.56118940e-03  1.49086770e-02
 -7.37851784e-02 -3.08456384e-02 -3.02952081e-02  2.48003509e-02
  3.26990412e-04 -3.85100506e-02  3.84883489e-03  3.11875660e-02
 -7.32176155e-02 -1.69624388e-02  4.84853126e-02  1.50349706e-01
 -4.96139750e-02 -6.23554215e-02  3.46294045e-02  5.43604717e-02
 -7.91361406e-02 -2.89327949e-02 -3.34548131e-02  2.43475866e-02
  5.21441102e-02 -7.76650617e-04  6.20042235e-02  1.89070273e-02
  5.27979396e-02  2.22857739e-03 -1.90593954e-02 -6.35976940e-02
  2.14231806e-03  2.42778864e-02  1.87206808e-02 -3.26643214e-02
 -1.02977008e-01 -4.04768027e-02 -3.59500609e-02  5.08954115e-02
  7.08751902e-02  2.75497120e-02 -1.39641371e-02  2.20524408e-02
 -3.82581390e-02 -4.83044088e-02 -6.87126368e-02  7.35630020e-02
  4.64429595e-02 -1.39492974e-01  5.29070105e-03 -2.09171772e-02
 -5.63006178e-02  7.80629739e-02  6.05615787e-02  4.81299609e-02
  1.50981583e-02 -1.19697477e-03  1.38442609e-02 -4.27676737e-02
  5.24772331e-03 -2.27504764e-02  3.10259555e-02  6.67321160e-02
 -5.42005934e-02 -2.18237266e-02  6.96740896e-02 -4.93274964e-02
  7.00935647e-02 -5.52435173e-03  3.25803310e-02  3.07265874e-02
 -1.88115075e-01 -3.10644023e-02 -2.11294880e-03 -1.33002196e-02
 -4.72317077e-02  5.49988896e-02 -4.27582264e-02  1.09698221e-01
  6.84191938e-03  2.89189946e-02 -3.62985879e-02  7.90046901e-02
 -6.24804683e-02 -3.73421283e-03 -4.12442088e-02  6.09632656e-02
  3.76834050e-02  2.87893750e-02 -7.50372931e-03  1.39183542e-02
 -8.84033889e-02 -1.54189616e-02 -2.47456040e-02 -3.98514941e-02
  1.07520968e-01 -3.53895985e-02  5.50651439e-02 -3.46598737e-02
  3.07428148e-02 -3.57847773e-02  1.27832508e-02 -4.73249704e-02
 -1.02866568e-01  1.36400862e-02  4.55779396e-03 -2.25523661e-33
  3.02300248e-02  5.98858744e-02  9.01709870e-02  4.09739353e-02
 -6.03901260e-02  9.75292847e-02 -3.92146222e-02 -2.55111046e-02
 -4.89041023e-02 -1.91926844e-02 -7.06397519e-02  4.71029170e-02
  5.83539121e-02 -9.72853322e-03 -1.30863152e-02 -5.85119501e-02
  5.97703494e-02  4.94576693e-02 -2.81060394e-03 -7.07349107e-02
 -4.69331592e-02 -3.01361363e-03 -5.30136116e-02  1.98480431e-02
 -7.85500407e-02  5.52288927e-02  3.63472961e-02 -5.71389422e-02
  4.80990596e-02  1.51977537e-03 -3.70213966e-04 -1.77426953e-02
  6.92192987e-02 -5.19514456e-03  3.57972924e-04  3.63705978e-02
 -2.89871860e-02 -8.89794677e-02  5.99281378e-02 -2.86521576e-02
 -2.35853195e-02  5.26519455e-02  1.40088266e-02 -8.29058047e-03
 -1.15418267e-02  9.93266255e-02  3.24082524e-02 -1.68513916e-02
  1.97356269e-02 -5.77828921e-02 -8.54760334e-02  4.39787656e-02
 -1.14517780e-02  1.07526742e-01 -2.41146646e-02 -6.61249366e-03
 -1.14618316e-02  3.27870529e-03  4.37263325e-02  1.22727472e-02
  5.06082252e-02  2.04976159e-03 -2.47885399e-02 -1.46928281e-01
  2.13264171e-02 -6.79377094e-02  2.47767027e-02  1.29795382e-02
  5.33955581e-02  4.51871939e-02 -2.03437433e-02  9.08344910e-02
  3.51992883e-02  1.40192388e-02 -7.93450139e-03 -1.28827244e-02
  3.36261280e-02  2.85624266e-02 -4.61746678e-02  4.09903415e-02
 -1.84945129e-02 -6.15145359e-03 -3.89328524e-02  1.44837454e-01
  7.52612054e-02 -2.19297595e-02 -8.10726210e-02 -1.44996783e-02
 -4.42319661e-02  1.08801825e-02 -6.05522431e-02  8.42955410e-02
  3.63911726e-02 -3.04571446e-02 -6.50867522e-02 -2.13650274e-35
  1.86352991e-03 -8.57734010e-02  4.37655635e-02 -5.76684112e-03
  2.42066532e-02  5.30571342e-02 -2.07393691e-02  1.85252856e-02
 -8.27274546e-02  1.16840258e-01 -7.55059421e-02 -5.21446727e-02
  5.12120873e-02 -1.46384425e-02 -5.44509776e-02  1.19100325e-01
 -9.40792635e-03 -1.23589169e-02 -3.39285284e-02  9.61365253e-02
 -6.27205381e-03  1.52594745e-01  5.11008641e-03  1.42712202e-02
 -4.34256159e-02  6.37343228e-02 -2.07079630e-02 -5.17968126e-02
 -6.08263277e-02  4.48741205e-03 -3.30916494e-02 -2.83045936e-02
  1.93599388e-02  1.79968867e-02 -3.98717485e-02  5.89140691e-02
 -2.37578377e-02  1.97946932e-02 -4.22060676e-02  9.13983360e-02
  1.08346574e-01 -6.87441751e-02 -9.39274579e-03  3.02612111e-02
  4.50991951e-02 -6.62141666e-02 -1.27218276e-01 -5.40272379e-03
 -1.06503395e-02  6.44564908e-03 -4.09967871e-03 -4.34007049e-02
 -6.41262755e-02  3.26611921e-02 -5.33929393e-02 -3.89906876e-02
  3.02182734e-02 -8.08629394e-03 -9.33773443e-02  1.38527425e-02
  5.57597447e-03 -1.44990804e-02  9.90458205e-03  3.05987671e-02
  3.08406111e-02  5.60601018e-02  1.50785716e-02 -3.09083387e-02
 -9.75463912e-02 -1.37843369e-02 -3.27673443e-02  7.21240714e-02
 -1.55447777e-02 -4.62607779e-02 -3.22723240e-02  1.15442369e-02
  6.04373664e-02 -3.20180431e-02  1.80572271e-02  1.34396600e-02
 -1.78787019e-02 -1.73073094e-02  3.32593806e-02 -2.24058758e-02
  1.33110816e-02  1.23858005e-02  2.25073192e-02 -1.76671389e-02
 -3.79081704e-02 -2.65397560e-02 -5.94169050e-02  6.23177066e-02
 -1.71997454e-02 -6.68402985e-02  4.89582075e-03 -1.53108708e-08
 -2.39449814e-02  2.55570351e-03  1.15955528e-02 -3.63226421e-02
 -2.43412685e-02 -1.44226830e-02 -1.33298142e-02  4.50481437e-02
  1.45940669e-02  3.89909148e-02 -3.22404169e-02  4.46906127e-02
  6.36953339e-02  2.62345280e-03  3.13067758e-05 -1.89291537e-02
  7.13100061e-02  6.09344244e-02 -4.43817787e-02 -3.45888436e-02
  7.36824423e-03  5.02074370e-03  5.07989302e-02  5.80645246e-05
  1.46139897e-02 -5.06364405e-02  7.71728926e-04  5.27324453e-02
 -2.53825488e-06 -1.22471482e-01  2.19629016e-02 -2.27099657e-02
  7.28240386e-02 -3.55459638e-02 -3.20096649e-02 -1.30129177e-02
 -7.05561042e-02 -7.08750933e-02 -9.87354815e-02  8.02831026e-04
 -1.00137956e-01 -6.16983660e-02  8.84351693e-03  2.02740468e-02
  2.07899995e-02 -2.25610915e-03  4.74481434e-02 -4.20376286e-02
  2.40962580e-02  1.03558935e-01 -6.66554123e-02 -5.68805523e-02
  4.79573868e-02 -5.91078326e-02  2.48272568e-02 -3.11389547e-02
 -4.72053438e-02 -1.63755678e-02 -4.91089746e-03  8.72669742e-02
  2.60367189e-02 -4.07705866e-02 -7.25142099e-03  7.48502836e-03]"
6,4d418591-076d-4755-ac78-018e7c7403d5,House Cleaning,nearby home services cleaning services house cleaning,"[-2.65733115e-02 -2.71429997e-02  3.11850812e-02 -6.92780837e-02
  1.60602981e-03 -2.98956521e-02 -3.26221518e-04 -9.63751823e-02
 -7.51873106e-02 -4.02777307e-02  5.19472500e-03  5.52186295e-02
  6.14046585e-03  3.61293033e-02  5.14055975e-02 -7.54114762e-02
  3.23547274e-02 -3.93382721e-02  4.24738042e-03 -6.21693917e-02
 -4.36706692e-02  5.62454499e-02  1.12279775e-02 -5.16754389e-03
 -7.83273205e-03  4.53820415e-02  5.67205288e-02 -3.83927077e-02
 -2.87582409e-02  6.49705250e-03  7.56626949e-02 -2.76340288e-03
  1.25393244e-02 -3.45501788e-02  5.64392135e-02  8.30042139e-02
 -9.01509775e-04  2.37841289e-02  7.12739378e-02  4.81646769e-02
  2.71703061e-02 -3.57987694e-02 -2.07128227e-02 -1.70205515e-02
 -3.30508314e-02  1.93494484e-02 -6.53396174e-02 -5.25708357e-03
  3.28554548e-02 -4.86871302e-02  1.42656965e-02  1.96651206e-04
  1.51851447e-03  6.27288222e-02 -1.81630291e-02 -8.80742259e-03
  2.31845770e-02 -4.37217690e-02 -2.81112711e-03 -4.68781777e-03
  5.22411950e-02 -3.20275291e-03 -3.39655168e-02  2.80852746e-02
  4.88964468e-02 -8.52460321e-03 -9.42727458e-03  2.12942734e-02
  6.40135026e-03 -1.12842470e-01 -6.33397326e-02  3.38280341e-03
 -6.82462519e-03  7.36008883e-02  7.05010593e-02  5.68902530e-02
  1.69638209e-02 -3.96538377e-02  1.00261001e-02 -9.78616402e-02
 -4.74731773e-02 -3.27944346e-02  1.45441527e-02  8.75706449e-02
 -3.94704863e-02  8.48333389e-02 -4.16152216e-02 -8.72248933e-02
  1.11756288e-01 -3.95395011e-02  1.24323070e-02  1.92821324e-02
 -2.66275257e-02 -1.15864351e-01 -3.28729637e-02 -1.90541074e-02
  3.00827436e-02 -2.30978299e-02 -8.65580223e-04  7.95927346e-02
 -2.50549819e-02 -3.92393675e-04  1.02815982e-02 -2.21845526e-02
  3.04446723e-02  2.55983546e-02 -3.22328229e-03  3.57890129e-02
 -1.06497332e-02  4.80074920e-02 -1.59447063e-02 -6.09406736e-03
 -9.45719257e-02  1.17458170e-02  1.58914980e-02 -3.61501090e-02
  1.40386388e-01 -4.33342308e-02 -1.99673511e-03 -1.02047026e-02
 -1.22178448e-02 -3.53484564e-02 -9.61045995e-02 -9.28322524e-02
  4.69910204e-02  3.87105234e-02  4.44476642e-02  6.61618914e-34
  9.73950140e-03  8.36428031e-02  1.99635308e-02 -1.76070984e-02
  2.10537054e-02  2.72676907e-02 -2.38224007e-02  2.48653255e-02
  1.00918397e-01  1.12676010e-01 -6.49867696e-04  7.53338486e-02
 -6.17500162e-03 -7.74359033e-02  5.53634092e-02  1.94938574e-02
  1.51192537e-02 -1.68296683e-05 -8.50100350e-03  2.14545764e-02
 -1.38308201e-02  2.51338556e-02 -7.42295310e-02  5.74248210e-02
 -1.56005397e-02 -8.68566036e-02  6.09818548e-02  4.49353419e-02
  1.06484599e-01 -2.02577887e-03  1.08873568e-01 -7.14634592e-03
  1.85686816e-02  5.27618825e-02 -1.43729657e-01  7.97060058e-02
 -8.96044970e-02 -7.44012967e-02 -3.76903638e-02 -7.73573443e-02
 -7.57734776e-02  4.59444784e-02 -2.57298611e-02 -4.08535115e-02
 -9.76328272e-03 -5.73424511e-02  1.24506177e-02  7.03311618e-03
 -2.11163256e-02  6.62824437e-02  5.84838763e-02  9.11850715e-04
 -6.75513074e-02  5.50824888e-02  8.38042330e-03  5.50116710e-02
  8.35269466e-02 -6.71473369e-02  4.96314354e-02  3.46990265e-02
  7.20914602e-02 -2.83056181e-02 -4.41265814e-02 -4.28959318e-02
  8.30402672e-02 -1.16504654e-01  1.31703421e-01  5.20749949e-02
  5.62676042e-02  6.18193531e-03 -2.04094667e-02  4.42188494e-02
 -5.04718453e-04  2.85207946e-02  9.26037319e-03 -8.72766227e-03
 -3.43061984e-02 -4.12356108e-02 -2.82107713e-03  7.65373558e-02
 -1.46700663e-03 -4.76104356e-02 -3.93306091e-02  4.45882566e-02
  5.40497676e-02 -3.57850897e-03 -3.55894901e-02 -1.96481980e-02
 -7.22880736e-02  2.70268787e-02  2.69166231e-02  6.39869124e-02
 -1.54261747e-02  5.05106449e-02 -5.81017584e-02 -2.18693818e-33
  1.58335008e-02 -8.79505500e-02  5.90554113e-03  4.91485409e-02
 -7.86530226e-03  4.20404971e-02  1.03494944e-02  8.41295812e-03
 -4.16695476e-02  2.39036605e-02 -4.21992838e-02  4.60472330e-03
  4.20413017e-02 -2.56028902e-02  3.35064903e-02  6.48265705e-02
 -6.53309328e-03 -2.22879611e-02 -1.36900898e-02  3.83636840e-02
  2.20958609e-02  1.07507549e-01  8.49537700e-02  1.31768575e-02
 -6.16511256e-02  1.52197434e-02 -7.66620860e-02  2.11008824e-02
 -5.84761910e-02 -2.84781754e-02 -7.41882473e-02 -7.33716786e-02
  9.59019065e-02  2.89046671e-02 -2.94972342e-02 -4.15857928e-03
  5.12630260e-03  3.06416638e-02 -7.05972537e-02 -3.20932642e-02
  5.89184910e-02 -8.00691843e-02 -4.33180621e-03  9.91847180e-03
 -8.98972377e-02 -2.38953121e-02 -9.62180123e-02 -9.91858449e-03
 -1.14067025e-01  3.47558744e-02  1.57289747e-02  2.07640789e-02
 -1.03051335e-01  2.96289772e-02 -4.31375019e-02  1.10751987e-01
  3.18753347e-02 -4.63556163e-02 -7.52600878e-02  9.14898738e-02
  7.82335997e-02  7.57650286e-02 -7.82177597e-02  1.07845008e-01
  1.41612785e-02 -2.70397030e-02  4.04418036e-02  1.46552743e-02
  1.68766342e-02 -2.33731531e-02 -1.01406224e-01  1.61403231e-02
  3.71528715e-02 -7.66423047e-02 -9.18275267e-02 -7.59903565e-02
 -3.11878491e-02 -9.35616344e-02  5.18021593e-03 -4.39496525e-03
 -1.49525590e-02  8.73193890e-03 -1.61070451e-02  5.96886203e-02
 -1.25333769e-02 -1.19081162e-01  1.26699414e-02 -2.64797620e-02
  8.18119422e-02  1.76822357e-02 -3.50965820e-02  5.14376163e-02
 -1.68910474e-02 -4.03003879e-02  2.39730496e-02 -1.62990830e-08
  3.98691632e-02  3.63372490e-02  5.63548617e-02  5.95812239e-02
 -1.66278537e-02 -5.33851683e-02 -3.55913453e-02  1.57702610e-01
 -3.43867415e-03  7.32188001e-02  5.60872443e-03 -4.78514982e-03
 -4.10563685e-02 -3.10380161e-02 -3.37016173e-02 -7.63496011e-02
  6.65720180e-02 -1.58569571e-02 -7.29913116e-02  3.55976969e-02
 -2.42210343e-03 -7.46527128e-03  6.91964105e-02  6.18528761e-02
 -3.20507661e-02 -5.63385636e-02 -8.52943212e-02  6.06881306e-02
  1.20071517e-02 -4.99624126e-02 -2.74995863e-02 -4.66813985e-03
  2.39937995e-02 -1.63347535e-02 -3.16758305e-02 -2.93538198e-02
 -2.85795350e-02 -6.76789060e-02 -5.95983826e-02 -1.99297313e-02
 -1.79035962e-02 -2.20129304e-02 -1.05745867e-01  6.50421437e-03
  4.01858352e-02  2.56591607e-02  3.21924803e-03 -6.25687912e-02
  4.25847918e-02 -4.49018776e-02 -2.64472887e-02 -7.50875333e-03
  1.79115981e-02 -3.42654344e-03 -2.91265943e-03  4.04923456e-03
  1.33873979e-02 -8.18989128e-02  3.82085331e-02  9.60620418e-02
 -2.08113994e-02  2.32781190e-02  4.24168333e-02  3.44402227e-03]"
7,09b02335-2891-4ab5-9950-0ae27b8b6c53,Golf,nearby health & fitness sports golf,"[ 1.3575260e-01  1.8139070e-02 -3.9808724e-02  5.3187471e-02
  4.9769346e-02  4.4324245e-02 -3.1298142e-02 -9.8467907e-03
 -2.8018450e-02  1.9327598e-02  3.0756833e-02 -1.8921126e-02
 -9.5796950e-02  3.0154666e-02  9.9874772e-02 -1.8803028e-02
  9.3739189e-02 -6.4868368e-02  1.4698035e-02 -2.2415815e-02
 -9.0270609e-02  7.3286019e-02  6.9975525e-02  1.2016958e-02
 -9.2627324e-02 -3.3604905e-02  7.7809113e-05  1.1899523e-01
 -5.4879811e-02  9.7759115e-03 -3.4732822e-02 -1.6916136e-03
  1.7603109e-02  3.1589787e-02  1.2299246e-02  2.4333006e-02
  2.5540894e-02 -7.8043133e-02 -5.2598506e-02 -2.5288463e-02
 -5.4128591e-02 -7.0573628e-02  1.7303031e-02  3.2230552e-02
 -4.4297515e-03  5.7931945e-02 -4.5533452e-02  3.6402717e-02
  6.8289734e-02  3.4852803e-02  9.4787078e-03 -3.6341906e-02
  4.5066610e-02 -4.2209525e-02  1.0964002e-01 -5.9073810e-03
 -4.0439509e-02 -1.1858473e-02 -8.2167514e-02 -2.4583707e-02
  9.2168510e-02 -2.4890728e-02 -8.7377526e-02  4.7555439e-02
 -7.8689873e-02 -4.0216092e-02 -3.4521889e-02  7.2589539e-02
  6.8685301e-02 -1.0702180e-01  3.7755206e-02  9.3394076e-04
 -5.9514489e-02 -1.0199729e-02  7.4834794e-02  1.0412218e-01
 -1.1994711e-02  3.6892503e-02  7.2557226e-02 -3.4918219e-02
 -3.9351028e-03 -2.1074731e-02  6.1624818e-02  5.8279239e-02
 -2.3185672e-02 -1.4149545e-02  3.9121810e-02  1.9852938e-03
  7.6202646e-02  5.8598235e-02 -5.1831115e-02  1.6316572e-02
 -9.6017465e-02  1.1765835e-02 -7.6652266e-02  7.2228536e-02
 -6.7121439e-02 -5.6436952e-02 -1.5537973e-02  5.7145007e-02
 -1.3342453e-02  7.3103867e-02  4.3725289e-02  4.7234014e-02
 -1.9631639e-02  3.7138809e-02 -5.1934015e-02  8.8224500e-02
  8.0780953e-02  4.2169597e-02  4.9147878e-02 -4.0373490e-03
  2.6772140e-02  1.9567696e-02 -5.0613221e-02  4.2053517e-02
  7.5165480e-02  1.4917327e-02 -2.9711584e-02  4.0081911e-02
 -3.2999713e-02  2.3820154e-02 -9.0887230e-03 -9.9154571e-03
 -8.9262584e-03 -1.0812861e-02 -3.2590605e-02 -2.6854438e-33
 -1.9791534e-02 -5.3676654e-02  3.4810845e-02  4.3756336e-02
  2.0227892e-02 -5.9682250e-02 -3.7278581e-02 -9.3869075e-02
 -2.2704298e-02 -4.2042755e-02 -1.6107658e-02  1.3629131e-02
  8.1496939e-02 -5.6547996e-02  6.7713417e-02 -5.9445340e-02
 -4.8846146e-03 -6.1114072e-03 -7.1850814e-02  6.5476388e-02
 -2.3936573e-02 -1.0870405e-01  1.7580690e-02  2.2609939e-03
 -3.9183438e-02  7.0922203e-02  9.2686854e-02 -3.6709417e-02
  6.9872789e-02  2.1175563e-02 -1.4800861e-02 -3.7101146e-02
 -3.3871286e-02 -8.3360948e-02  9.4367288e-02  4.0708482e-02
 -1.5542289e-02 -3.4374945e-02 -1.9752907e-02  2.0195920e-02
  2.0388145e-02 -6.6580386e-03 -2.0808790e-02 -5.5018760e-02
  5.3244182e-03 -2.3451718e-02  2.4611842e-02  1.9635033e-02
 -2.1550402e-02 -3.9570775e-02 -2.7681002e-02  4.6865661e-02
  5.3594179e-02 -4.3364104e-02  4.7563212e-03 -8.7666610e-04
  2.3611659e-02  2.3065161e-02 -1.8231532e-03  7.7183652e-03
  9.2196301e-02  5.5433765e-02 -1.4374061e-02 -7.0719905e-02
 -1.8359678e-02 -1.8547714e-02  1.4653345e-02 -7.4843980e-02
 -1.7728522e-02  6.1194353e-02  6.4810388e-02  7.6175191e-02
 -6.2471111e-03  1.0930940e-02 -1.4456455e-02  3.0855633e-02
 -7.0602328e-02  1.7170046e-02 -3.8197709e-04  3.7996069e-02
 -3.9344723e-03  5.1538013e-02 -8.2016572e-02  6.4416133e-02
 -1.0917405e-02 -2.9326791e-03 -8.5272685e-02 -6.7364238e-02
 -6.4594395e-02 -3.6773596e-02 -1.4086811e-01  3.6388032e-02
  3.9815005e-02  4.1318280e-03  1.5179560e-02  1.7102039e-34
 -6.2989414e-02 -7.1126178e-02  5.5001441e-02 -1.5691122e-02
  1.4965306e-02  3.7864067e-02  1.8451970e-02 -4.2001162e-02
  1.5975457e-02  7.4924700e-02 -5.9565704e-02 -2.7637584e-02
 -3.4744575e-04 -3.4761954e-02  2.5502078e-02  8.1452802e-02
 -1.2074032e-02 -7.4777086e-03 -2.6290111e-02  3.4704603e-02
  6.1220944e-02  4.9180567e-02  3.5096750e-02 -2.0966543e-02
  1.9026669e-02  3.1916391e-02 -2.9772982e-02  2.3942342e-02
 -7.1447581e-02 -8.4309876e-03 -1.3008363e-02  6.3151784e-02
  8.1656612e-02  1.3359127e-02  1.5303626e-03  3.5332106e-02
  4.5439765e-02 -2.6181890e-03 -2.7933786e-02  1.1478677e-02
  1.3384263e-01 -2.0976219e-02 -3.6632694e-02  2.5685523e-02
  2.0573333e-02 -3.8819455e-02 -3.1781018e-02 -4.1350260e-02
 -2.5611470e-02  3.2565169e-02  4.6693489e-02 -4.1996099e-02
 -1.0009044e-01  7.3122285e-02 -1.0862629e-02  3.0707346e-02
 -3.4959648e-02 -2.7653940e-02 -1.1923628e-01 -6.3160434e-02
 -5.7148635e-02  3.4266017e-02 -4.3102361e-02  9.4205096e-02
  2.4835685e-02  6.6574298e-02 -9.8415976e-03 -1.9993193e-02
 -8.9532159e-02 -3.8789347e-02 -1.8352883e-01  2.4850357e-02
 -8.7788012e-03 -2.9790530e-02 -5.5988509e-02  1.0123282e-02
  6.6793263e-02  2.0246996e-02 -4.6118706e-02  6.0412534e-02
  4.6049301e-02 -2.9201323e-02  1.0406107e-02  1.5046315e-02
  6.9212943e-02  1.9661041e-02 -4.8948349e-03 -1.3967884e-02
 -3.4902796e-02  1.9624610e-02  3.5616215e-02  1.3991785e-01
 -3.1835228e-02 -7.5478122e-02 -5.6960676e-02 -1.5415132e-08
 -3.9340563e-02  3.7833776e-02 -3.4687884e-02 -1.7337354e-03
 -2.1766789e-02  5.1419702e-03  2.2142022e-03  2.3549350e-02
 -4.0076204e-02  4.6154644e-02 -3.7801970e-02  1.3707654e-02
  6.6260859e-02 -5.8698785e-02  1.1481108e-02  2.0705398e-02
 -7.5054742e-02  6.2560633e-02 -7.7798828e-02  8.6469010e-02
 -1.9694500e-02  1.1176042e-02  4.6516381e-02  7.5339057e-02
 -7.1806632e-02 -1.1107016e-01 -4.4430241e-02 -6.4292617e-02
  5.0329112e-02 -8.9812122e-02 -1.7960025e-03  4.5712911e-02
  9.5571904e-03  7.5185667e-03 -6.8682462e-02 -5.9491374e-02
  2.2671832e-02  6.7994273e-03 -1.0583089e-01  7.6872885e-02
 -9.2723347e-02 -5.3965151e-02 -4.1892745e-02  1.4625557e-02
  1.9018812e-02 -3.2157414e-02 -5.0432766e-03 -4.4957213e-03
 -3.4143656e-02  5.0078537e-02 -6.2428541e-02  3.7244111e-02
  1.4802094e-02 -3.5832990e-02 -2.5932295e-02  9.1327630e-02
 -4.1900959e-02 -4.7137327e-02 -5.3563818e-02  2.7791712e-02
  1.4124664e-02 -8.6162724e-02  5.6841016e-02  1.5887609e-02]"
8,b8eaf3c9-7bed-4167-baba-e563781e89f9,Medical,nearby health & fitness medical,"[ 5.65741435e-02  2.84065194e-02 -1.10088615e-02  5.22766076e-02
  5.90074202e-03  1.80156063e-02 -3.39857005e-02  2.35861000e-02
 -5.54862618e-02 -6.35025427e-02  4.85377572e-02 -2.69229412e-02
 -1.71949118e-02 -1.00791734e-02  6.75060451e-02 -7.12035224e-02
  9.46501046e-02 -6.26848117e-02  5.34694083e-03 -4.83368263e-02
 -9.97888669e-02  7.03319088e-02  8.85614902e-02  6.65920675e-02
 -6.93718418e-02  9.46918270e-04 -1.60475285e-03  2.98750196e-02
  2.45596785e-02  1.82246231e-02  1.92527939e-02  3.29965241e-02
  2.63234843e-02  6.95747789e-03  4.34007570e-02  5.90368696e-02
  1.88068002e-02 -2.23837569e-02 -6.87858537e-02  4.90811169e-02
 -3.48862782e-02 -4.46822122e-02  5.02187945e-03  3.08592767e-02
 -5.12242131e-03 -3.48554435e-03 -3.14912349e-02  1.92871466e-02
  6.14301823e-02  2.52720378e-02 -6.18129317e-03 -4.51954007e-02
  2.08420474e-02  5.02742492e-02  2.95000970e-02  5.34840627e-03
 -5.14560007e-02 -6.72133565e-02 -1.12739511e-01 -1.21441456e-02
  8.51607695e-02  3.76453213e-02 -1.02698551e-02  5.18158078e-02
 -2.61900630e-02 -1.43229682e-02 -3.10334656e-02  6.37400746e-02
  8.20984244e-02 -1.28011122e-01  3.90792824e-02 -8.80754516e-02
 -3.29081491e-02  7.37931207e-02  6.09945320e-02  1.13847971e-01
  5.18900296e-03 -1.99619140e-02  7.18108639e-02 -6.74507171e-02
  8.40124488e-03 -4.38044593e-02  3.10454350e-02  3.45492624e-02
 -1.52236968e-02  3.53378318e-02  3.03338114e-02  2.67931893e-02
  3.06638461e-02 -4.95520011e-02  1.00594135e-02  3.25787216e-02
 -1.21679284e-01 -2.51194313e-02 -2.47172620e-02  2.14609466e-02
 -6.94063380e-02 -2.74124965e-02 -2.00961772e-02  3.93507518e-02
  3.22962329e-02  6.71307072e-02  4.97238822e-02  8.57772008e-02
 -3.47441286e-02 -7.38200992e-02 -1.22591842e-03  3.74553613e-02
  8.25910270e-02  6.36343285e-02  1.58883389e-02  1.70596167e-02
  3.55324970e-04  3.63219567e-02 -1.51978591e-02  9.29397345e-02
  6.14418201e-02 -2.19488963e-02 -2.05606036e-02  3.87775116e-02
 -7.20534623e-02 -2.00353656e-02 -5.48846312e-02 -9.13456604e-02
 -3.62279564e-02 -8.34522769e-02 -1.12080500e-01 -3.09945791e-33
 -1.41095771e-02 -3.15492041e-02  1.05618507e-01 -4.99742804e-03
  4.43220399e-02 -1.37328322e-03 -2.52060555e-02 -1.00387178e-01
  4.29535285e-02 -1.78722832e-02 -6.39849603e-02  3.78881618e-02
  9.38163996e-02 -2.84270570e-02 -2.36409940e-02 -5.34717590e-02
 -2.76566315e-02  4.84877229e-02 -7.17412457e-02  6.87340051e-02
 -3.22838910e-02 -7.23710656e-02 -5.68253547e-02  4.71042618e-02
 -3.52667533e-02  6.34413734e-02  2.37396434e-02  8.42697825e-03
  1.10641442e-01  1.61477979e-02 -4.36524302e-02  3.06592900e-02
 -3.36220860e-02 -8.49450529e-02  5.20621799e-03  1.70937795e-02
 -3.11493874e-02 -4.24037874e-02 -1.19006159e-02  1.58362631e-02
  4.82349051e-03  2.19323784e-02  2.00321078e-02  1.35761248e-02
  6.45355955e-02  5.19188680e-02  4.49013822e-02 -1.86206237e-03
  1.94048509e-02 -8.78887773e-02 -6.44756481e-02 -3.56958364e-03
 -1.48509797e-02 -8.09106678e-02  5.31757660e-02  1.11460919e-02
 -1.03445556e-02  1.70868188e-02  2.82494910e-02  7.53915980e-02
  8.00888389e-02  9.72859263e-02 -3.77135426e-02 -8.07313770e-02
 -9.80145670e-03 -7.91889131e-02 -6.10020477e-03 -1.11453682e-01
  9.39380669e-04  6.42175674e-02  1.98523924e-02  6.88019395e-02
  1.37791745e-02  4.93192971e-02  3.94034237e-02 -6.73518842e-03
 -9.07823220e-02  3.46129872e-02 -4.47552055e-02  5.51303057e-03
 -4.68911184e-03  3.12858634e-02 -4.54229675e-02  1.42989099e-01
  6.51636869e-02 -2.73625758e-02 -7.79040754e-02 -6.05268171e-03
 -7.07286298e-02 -3.96434043e-04 -1.02013811e-01  5.04728965e-02
  2.67701205e-02  5.69316894e-02 -2.89154109e-02  1.13080233e-33
  2.28529163e-02 -4.27456722e-02  6.21129796e-02 -1.72149781e-02
  8.45295638e-02 -1.51746208e-02  5.29343821e-02 -2.59609781e-02
  3.97806577e-02  7.03964010e-02  6.74400665e-03 -4.89516072e-02
  1.87188312e-02 -2.88094208e-02  3.13781016e-02  1.26060829e-01
  3.53443101e-02  6.56297337e-03 -3.80041301e-02  6.57334253e-02
  3.64833064e-02  3.49562950e-02 -4.13288828e-03 -3.60333659e-02
 -1.80508047e-02  8.31833035e-02 -2.35159546e-02  5.43875284e-02
 -4.47163694e-02 -9.90447626e-02 -9.28718075e-02  4.52707931e-02
  1.01825278e-02  7.17370189e-04 -3.69727015e-02  2.15281285e-02
  3.83614632e-03 -3.48314457e-02 -4.93957549e-02 -1.65380556e-02
  1.24036677e-01 -7.25321472e-02  4.14755614e-03  6.77844808e-02
  1.61764733e-02 -8.17618519e-02 -2.97916681e-02 -4.49432246e-02
 -3.72055620e-02 -2.86586732e-02  4.71801609e-02 -5.73169701e-02
 -4.73028123e-02  5.68937212e-02 -1.21168764e-02  7.34050199e-02
 -4.12541889e-02 -2.17654873e-02 -1.14919476e-01 -1.02564573e-01
  2.05074754e-02 -1.14792353e-02 -5.95096909e-02  5.55677861e-02
 -1.25812059e-02  5.42431027e-02  6.25649840e-02  7.42186327e-03
 -3.81684937e-02  7.97766633e-03 -1.01889201e-01  1.53928949e-03
  3.19218300e-02 -1.99160613e-02 -5.14186956e-02 -2.23056506e-02
  1.81607176e-02 -4.63543683e-02 -2.54092049e-02  6.95749698e-03
  7.00572832e-03 -8.02289546e-02 -2.82722097e-02  1.23596163e-02
 -1.43682642e-03  5.39583042e-02  1.30220102e-02 -4.46108766e-02
 -9.57008079e-03  4.34271147e-04 -1.92219764e-02  9.09152403e-02
 -7.21652806e-02 -5.00677489e-02 -2.63934024e-03 -1.50827209e-08
  6.09729346e-03 -2.26380490e-02 -1.40698394e-02  1.00011015e-02
 -5.85092790e-03 -2.90874895e-02 -5.41233085e-02  5.94363809e-02
  2.77530067e-02  9.87354666e-02 -6.12764359e-02  7.38395974e-02
  9.31858420e-02 -2.73211692e-02 -2.19063591e-02 -1.76573601e-02
 -6.80867732e-02  9.19698700e-02 -5.07123619e-02 -2.08202731e-02
 -4.73389514e-02  1.39350304e-02  6.55029714e-02  5.87186888e-02
 -4.73261289e-02 -5.43481708e-02  9.11543705e-03 -8.90185870e-03
  4.99516204e-02 -3.22447382e-02  1.07675558e-02  2.34185662e-02
  7.69812334e-03 -1.07539324e-02 -2.52761245e-02 -1.02194510e-01
  3.35489362e-02 -4.62888777e-02 -5.01550213e-02 -2.09857803e-02
 -3.17849554e-02 -3.25340331e-02 -4.17515682e-03  6.21731319e-02
  5.22798859e-02 -1.03618719e-01  1.59121361e-02 -2.01975927e-03
  3.73457149e-02 -3.58733274e-02 -7.19004776e-03 -4.77635413e-02
  3.22165452e-02 -5.33001684e-02 -5.27317710e-02  5.86668327e-02
 -4.93889488e-02 -7.07495362e-02 -9.93784666e-02  7.94660524e-02
 -5.71795332e-04 -3.52871977e-02  8.08969438e-02  1.38705932e-02]"
9,373d93cd-f886-4a84-8b14-174785bd4ce6,Chiropractor,nearby health & fitness medical chiropractor,"[ 3.49011831e-02 -1.99670009e-02  5.16401604e-03  2.86802333e-02
 -6.73426539e-02 -1.01070423e-02 -2.84653995e-02  2.06647832e-02
 -6.49790019e-02 -2.40593068e-02  1.09746270e-01 -2.45332699e-02
  1.19012464e-02  1.33245031e-03 -1.70669090e-02  4.60271351e-03
  4.57197726e-02 -5.05080670e-02  2.73588561e-02 -1.92666072e-02
 -1.44099563e-01  5.02928831e-02  8.23088810e-02  4.05706726e-02
 -1.03374839e-01  9.33459401e-03 -4.24507521e-02  4.40764278e-02
 -1.52163254e-02  3.08477599e-02  4.77572903e-02 -3.67791229e-03
 -1.80509165e-02 -2.43945164e-03  5.72069213e-02  6.97902516e-02
  7.48101971e-04  5.60930856e-02 -3.58216427e-02  6.72343150e-02
 -7.72834122e-02 -8.85024294e-02  8.78663734e-03 -1.00144045e-02
  6.40692785e-02  3.52470241e-02 -1.15215760e-02  8.26631114e-03
  5.77753261e-02  8.91291350e-03  1.59917828e-02  4.35268652e-04
  6.41914457e-02 -5.19990660e-02 -7.04768673e-03  6.81537166e-02
 -1.72790550e-02 -3.59073170e-02 -4.05863374e-02  7.03929588e-02
  8.25726986e-02  3.49998586e-02 -2.67050844e-02  1.70682836e-02
 -6.90677613e-02  8.28196760e-04 -5.78565784e-02 -3.47347558e-03
  7.45900050e-02 -6.94873631e-02  3.35098915e-02 -7.81979933e-02
 -8.06731135e-02  9.95367989e-02  9.93862152e-02  4.43886966e-02
  2.81019174e-02 -8.48245807e-03  5.60544319e-02 -2.89015826e-02
  1.77386552e-02 -8.02206472e-02 -6.32526912e-03  1.64066795e-02
  2.05831286e-02  4.76578809e-02  3.76690775e-02  3.23387906e-02
  7.99753517e-02 -2.46256050e-02  3.82136181e-02  9.80805606e-03
 -7.80104250e-02 -6.42443150e-02 -2.08649207e-02  1.51104666e-02
 -8.67381990e-02 -2.43166438e-03 -1.62755810e-02  3.94759811e-02
  4.30994332e-02 -4.43251468e-02  7.33058751e-02  1.11317843e-01
 -3.69091332e-02 -6.58357665e-02  3.94413583e-02  2.36428976e-02
  3.06627732e-02  2.80133430e-02  3.66764292e-02  3.26944031e-02
 -4.49133739e-02  4.20539454e-03  4.61551873e-03  1.13055080e-01
  1.42622991e-02 -2.92373542e-02  2.23093089e-02  1.89021528e-02
 -2.11195797e-02 -1.73552462e-03 -8.37066248e-02 -3.59170549e-02
 -4.67998199e-02 -4.64348830e-02 -9.73039046e-02  2.49111727e-34
  2.68977252e-03  1.56831816e-02  6.74077272e-02 -7.90003613e-02
  1.88154187e-02  3.47396359e-02  8.26337934e-03 -4.69943732e-02
  6.84350580e-02  5.34706470e-03 -5.86578250e-02  6.25203773e-02
  7.76790082e-02 -3.56610343e-02 -8.25325698e-02  9.82686225e-03
 -5.14029823e-02  9.16406065e-02 -1.40151486e-01  2.13029515e-03
 -2.34491304e-02  3.07750311e-02 -5.37947416e-02  4.17493731e-02
  4.49420651e-04  3.21917459e-02  1.90816857e-02 -2.92555280e-02
  1.54826015e-01 -6.93712197e-03 -6.24545887e-02  5.94668351e-02
  2.47334633e-02 -8.03483352e-02  5.76766115e-03  5.66628538e-02
 -6.52983487e-02 -6.55035898e-02  2.93397214e-02  5.51268533e-02
  1.96386334e-02  4.59670536e-02  2.71126609e-02 -5.90800913e-03
  5.51970862e-02  3.20760198e-02  1.12173073e-01 -1.33072389e-02
 -1.97861213e-02 -6.24133684e-02 -9.20903087e-02  6.74530165e-04
 -2.89057847e-04 -6.79929415e-03  5.49294055e-02  9.29209928e-04
  3.80217582e-02  3.63560207e-02  6.98542595e-02  5.71097732e-02
  2.27475297e-02  5.34032434e-02 -4.31366749e-02 -1.11480154e-01
 -1.98655836e-02 -1.14145882e-01  2.74473503e-02 -7.89433345e-02
  1.05938334e-02 -1.47334021e-03 -1.43616069e-02  6.93944767e-02
 -4.46408615e-02  5.72904535e-02  1.82243846e-02 -1.64300017e-02
 -1.01653449e-01  2.84605399e-02 -8.94153416e-02  8.23083986e-03
  2.69397553e-02  5.31738661e-02 -4.61275429e-02  1.04443721e-01
  1.01688534e-01  1.04490705e-02 -1.00245237e-01 -5.78656271e-02
 -3.72895300e-02 -9.68574313e-04 -7.68327564e-02  1.85996983e-02
 -1.00410385e-02  4.46060970e-02 -7.77203962e-03 -1.37229552e-33
 -8.05205852e-03 -4.84311618e-02  7.84042701e-02  5.02575487e-02
  9.70685557e-02 -2.39624456e-03  2.42766626e-02 -1.60375971e-03
 -1.42669035e-02 -1.47017343e-02  1.12402076e-02  2.23346259e-02
  1.74006373e-02 -6.76006749e-02  5.08033950e-03  1.09787755e-01
 -2.64572967e-02  4.55759056e-02 -4.59794998e-02  7.31822252e-02
  4.73104790e-02  4.80718762e-02  5.12302741e-02  1.11156823e-02
 -6.10101447e-02  4.44035046e-02  2.02072784e-02  1.09533397e-02
  5.70807643e-02 -3.02237850e-02 -1.11865707e-01 -1.73542295e-02
  1.12529788e-02 -4.70474660e-02 -4.45312262e-02  3.96985859e-02
 -5.06116226e-02 -6.17653714e-04 -4.21570353e-02  4.70895842e-02
  9.85037684e-02 -5.73024601e-02  3.18367779e-02  1.19535504e-02
  2.42136437e-02 -8.66959393e-02 -1.74660999e-02 -5.81897125e-02
 -5.40378690e-02 -3.25071141e-02  1.40273357e-02 -8.08543786e-02
 -2.96531171e-02  5.36111705e-02  2.01484468e-02  2.79729720e-02
 -8.58399319e-04 -5.15967347e-02 -1.03230506e-01 -6.99189305e-02
 -1.15467040e-02  5.18523622e-03 -1.44100403e-02  6.29386157e-02
  1.18112005e-02  1.03149749e-01  1.18609192e-02  2.32860707e-02
 -7.63869360e-02  3.08315875e-03 -1.13866337e-01  3.33366580e-02
  6.16279356e-02 -5.87641858e-02 -2.57779509e-02  1.37351211e-02
 -2.26239469e-02 -6.48035631e-02 -2.23788526e-02 -2.37606671e-02
 -4.02313918e-02 -7.32850209e-02  1.06386133e-02  3.01427371e-03
 -3.03603690e-02  3.52292173e-02 -7.39408582e-02 -1.66970852e-03
 -5.33451850e-04  1.02692074e-03  4.75994172e-03  7.96180218e-02
  6.07281597e-03  3.59641351e-02 -1.31235132e-02 -1.66089205e-08
 -3.44317630e-02  2.53850371e-02  5.56255318e-03 -1.67682823e-02
 -1.78692900e-02  1.30805587e-02 -3.05843130e-02 -1.08961063e-02
 -1.00197745e-02  5.16493358e-02 -1.90597363e-02  6.94440231e-02
  1.14284270e-01 -3.14799771e-02  2.52300350e-04 -4.35352512e-03
  1.05719436e-02  1.07525088e-01 -1.73199140e-02 -1.33838113e-02
 -1.79967508e-02  2.04095617e-02  1.00938238e-01  3.16061415e-02
 -3.72794680e-02 -4.73298728e-02 -3.44042219e-02  6.07999973e-02
 -1.43136624e-02 -4.15186398e-02 -3.11289215e-03  1.94339529e-02
  2.83733546e-03 -5.02443723e-02  7.41005503e-03 -7.61115998e-02
 -4.24266346e-02 -6.57733157e-02 -4.76005040e-02  2.69697793e-03
 -2.18790993e-02  7.47498348e-02 -3.71135734e-02  6.68865144e-02
  3.67250256e-02 -1.01989120e-01 -3.45500140e-03 -3.87825482e-02
  4.89533655e-02 -2.13674977e-02 -3.14763598e-02 -3.04240678e-02
  2.57325489e-02 -7.52910674e-02 -5.55285402e-02  6.51624128e-02
 -1.74326021e-02 -5.18535748e-02 -1.02988601e-01  3.67209241e-02
 -4.06937823e-02 -1.05925255e-01  4.77106869e-02  3.07333320e-02]"
10,93476ae3-a5b1-4a12-86d8-efab7ca83c03,Sports & Outdoors,nearby things do sports & outdoors,"[ 1.10012203e-01  2.45151818e-02  2.26232149e-02 -3.33049260e-02
  7.93827400e-02  7.20425276e-04  1.11354142e-02 -2.98440102e-02
  2.69611161e-02  7.11911321e-02  2.00716872e-02 -7.07228063e-03
 -4.59832735e-02  9.08555165e-02  1.22907870e-01 -5.17817400e-03
  8.79686624e-02  7.03724520e-03 -4.25422750e-02 -2.96249446e-02
 -5.43823615e-02  3.27834077e-02  4.35787402e-02 -1.26315849e-02
 -5.82384840e-02  1.33111607e-02 -3.15413475e-02  1.01316907e-01
 -2.68900152e-02 -1.26353139e-02 -1.36173330e-02  3.87890041e-02
 -5.28637227e-03  3.80984396e-02 -4.15503681e-02  7.97102898e-02
 -3.15731321e-03  3.29963267e-02 -7.28366710e-03  7.69429952e-02
 -9.28879902e-03 -6.60230815e-02  6.03031404e-02  2.34445855e-02
 -6.25734963e-03  5.21370843e-02  4.43009334e-03  7.55532458e-03
  5.32543622e-02 -2.97366139e-02  4.73506898e-02 -1.56890359e-02
  1.69921678e-03  2.67633214e-03  1.02645252e-02  1.90805979e-02
 -7.59335235e-02 -5.76960715e-03  2.98923180e-02 -1.07942354e-02
  1.72254845e-01  1.17415143e-03 -7.37434551e-02  1.58008169e-02
 -8.08219910e-02 -3.66356820e-02 -7.76629597e-02  6.79440796e-02
  2.59453729e-02 -1.06923245e-01  8.62587914e-02  7.20020325e-04
 -2.74487156e-02 -8.60574096e-03  9.57078300e-03  5.45253605e-02
 -5.20051941e-02 -3.17771696e-02 -3.44556533e-02 -5.66477850e-02
 -3.42688076e-02 -6.27658069e-02  3.95982154e-02  1.28163360e-02
  1.19176358e-02  9.85597074e-03  2.54578572e-02 -3.99707630e-03
  2.35691369e-02  4.09620665e-02 -8.75790715e-02 -2.88839452e-02
 -4.64560464e-02 -2.37163026e-02 -8.59694630e-02  1.35316709e-02
  1.42271665e-03 -7.05224276e-02 -2.05617258e-03  5.06366119e-02
  1.02422489e-02  2.25265417e-02  5.59815839e-02  5.51778488e-02
  2.45531332e-02 -2.66925171e-02 -7.25264326e-02  4.43322435e-02
  4.52141725e-02  9.49337333e-02 -6.94816280e-03  3.09824999e-02
 -7.55449757e-02  6.58713728e-02 -1.16628081e-01  2.86079617e-03
  2.34674327e-02 -3.82385552e-02 -5.22300303e-02 -3.91458441e-03
  5.92771452e-03  1.15937041e-03 -1.33931143e-02  2.39207502e-02
  7.19946623e-02 -1.63981710e-02 -2.58374214e-03 -4.27912049e-33
 -1.88144622e-03 -8.83023068e-02  1.05815409e-02  2.06684768e-02
  3.80042046e-02 -6.81281276e-03 -9.58590489e-03 -8.33830237e-02
 -9.83025040e-03  9.27551929e-03 -5.01113124e-02  7.79975131e-02
  3.74130942e-02  4.37750295e-03  1.51254207e-01 -7.63071105e-02
 -1.02013117e-02 -6.80165887e-02 -6.54549003e-02  6.94908202e-02
 -3.06937136e-02 -8.19531903e-02 -2.61043059e-03  2.48897336e-02
 -3.80828455e-02  2.72016842e-02  4.36631814e-02 -6.03282414e-02
  2.94784363e-02  2.10701730e-02  7.15658367e-02 -3.42511982e-02
 -4.22602594e-02  1.98276024e-02  6.12792261e-02  3.78679521e-02
 -1.27904420e-03 -6.26650453e-02  3.13302241e-02  6.30637445e-03
 -1.37491217e-02 -5.72712608e-02 -7.91950896e-02 -9.08154175e-02
  1.68883353e-02  1.23573979e-02  7.08307177e-02  2.22224724e-02
 -8.59259069e-02 -4.99093011e-02  3.15257758e-02 -2.01941744e-04
  2.79249828e-02 -7.43225515e-02  3.57846692e-02  1.71892568e-02
  2.26483829e-02 -8.98341928e-03 -7.81181967e-03 -3.36323828e-02
  6.39559403e-02  6.48842454e-02  1.32377981e-03 -1.01263434e-01
  3.04669514e-02 -1.58373471e-02  6.96939826e-02  3.18365693e-02
  1.10590672e-02  1.14227682e-02  5.62118888e-02  6.42769635e-02
  1.64839309e-02  1.67939384e-02  2.58387495e-02  8.48055407e-02
  1.83777772e-02  1.32519508e-05 -2.90714093e-02  3.08499113e-02
 -2.51161717e-02 -1.89240351e-02 -6.58071265e-02 -1.88828278e-02
 -3.28789614e-02 -6.96404139e-03 -2.79441327e-02 -6.90575168e-02
 -8.56202096e-02  2.09619310e-02 -7.84852952e-02  3.40583473e-02
 -1.21349096e-01 -7.71442661e-03 -5.52703589e-02  5.62835557e-34
 -2.34795995e-02 -7.83547908e-02  3.98421548e-02 -4.12641056e-02
  3.75950001e-02  2.26945453e-03  3.24740745e-02 -6.66635484e-02
 -3.57375517e-02  5.25528081e-02 -1.52333975e-01 -6.21675281e-03
  3.18906680e-02  4.42733569e-03  7.68041536e-02  1.57842338e-02
  1.16598597e-02  6.16485290e-02 -6.40278310e-03  2.47192550e-02
  3.90991792e-02  3.89457233e-02  4.82073165e-02  1.90784074e-02
 -6.95486739e-02  2.47006081e-02 -9.01906267e-02 -5.96794970e-02
 -1.29587650e-01  8.65981914e-03 -2.47172751e-02  7.76128424e-03
  1.01362556e-01 -1.49056083e-02 -6.15820587e-02  7.45695382e-02
  8.13224446e-03 -9.82346907e-02 -3.01595069e-02 -7.50452429e-02
  8.12756643e-02 -5.20216487e-02  5.44292852e-02  4.26774733e-02
  8.47876538e-03 -1.99473351e-02 -9.54995453e-02  2.68366225e-02
 -7.10603446e-02  1.20015359e-02  8.17971230e-02  3.61872092e-02
 -1.16237648e-01  7.22453929e-03  1.87796429e-02  3.54115106e-02
  6.02884218e-03 -4.05287044e-03 -7.56006613e-02 -5.25590889e-02
  8.83874763e-03  7.13217491e-03 -9.88690481e-02  1.23752967e-01
  6.55687368e-03  5.95741197e-02 -4.38039713e-02 -2.15926729e-02
 -4.14246991e-02  6.21669088e-03 -7.38827661e-02  5.34952432e-02
  1.17902597e-02 -7.42555410e-02 -7.46066421e-02  3.69148590e-02
  3.81536782e-02  3.52832600e-02  6.09779805e-02  9.57189947e-02
 -2.01447252e-02  1.48139773e-02 -6.70626666e-03  2.01892722e-02
  2.46126764e-02 -3.23708914e-02 -3.59349027e-02 -1.25198495e-02
 -3.88879143e-02  1.34677934e-02  5.90355359e-02  1.36415765e-01
  6.57141209e-04 -4.39703204e-02 -2.11691223e-02 -1.74478245e-08
  6.95678231e-04  2.71309745e-02 -1.50370412e-02  2.44734250e-02
 -5.46328351e-02 -3.82511178e-03  8.55489448e-02  2.32081488e-02
  6.12898357e-02 -2.57725716e-02 -5.99524677e-02 -8.63829814e-03
  4.45286743e-02  4.52682599e-02  6.87240884e-02  6.46975171e-03
 -4.02587801e-02 -3.12151313e-02 -5.12477867e-02  7.49894604e-02
 -9.48268920e-03 -2.40042489e-02  1.72229130e-02  9.97204334e-02
 -2.48970687e-02 -8.56610537e-02 -7.43620768e-02 -6.46723658e-02
  5.88057712e-02 -6.73891627e-05  2.72019189e-02 -3.20630334e-02
  4.52005444e-03 -4.12861928e-02  4.46739607e-02 -4.49151434e-02
  2.43730992e-02 -1.60530228e-02 -6.08731695e-02 -2.27853865e-03
 -5.37502468e-02 -1.29033446e-01 -5.52988388e-02  6.75432310e-02
  6.33933395e-02  4.72056866e-02 -7.78532261e-03 -6.40317798e-02
 -3.88888940e-02  2.08969358e-02 -5.75851984e-02 -1.12007102e-02
  4.24094386e-02 -6.65858015e-02 -1.59336701e-02  5.63843623e-02
 -4.13233265e-02 -6.24115467e-02  1.71288867e-02  1.75527036e-02
 -8.02694559e-02  1.29060110e-03 -1.50635503e-02  7.00115114e-02]"
11,a7897c5e-9c93-4f65-a730-f95a676970e0,Water Sports,nearby things do sports & outdoors water sports,"[ 6.93255216e-02  3.50529291e-02  3.21303569e-02 -2.95960475e-02
  6.96682334e-02 -8.33803974e-03  2.23570298e-02 -2.79819034e-02
  2.39537540e-03  3.41471061e-02 -2.46469751e-02 -3.05378679e-02
 -6.24430962e-02  1.02518171e-01  8.65284204e-02  5.34079410e-03
  1.54617373e-02  2.83634458e-02 -6.14176206e-02 -4.65151370e-02
 -5.34038804e-02  3.20151821e-02  2.80391462e-02 -3.51538509e-02
 -7.95002803e-02  5.06329574e-02 -6.96157943e-03  1.24528199e-01
 -3.84618379e-02 -8.84702371e-04 -2.90420353e-02  3.51056457e-02
  7.34182633e-03 -1.75135732e-02 -3.42706479e-02  7.23658055e-02
 -9.31851845e-03  1.49927363e-02 -4.07465873e-03  6.02329783e-02
 -5.48939919e-03 -6.87937811e-02  7.51850083e-02  4.81085368e-02
  8.47827736e-03  7.26785734e-02 -1.75227528e-03  1.68229342e-02
  1.10925790e-02  2.95674196e-03  5.40904664e-02 -4.22077663e-02
 -4.49457625e-03  2.88527850e-02 -3.38016590e-03 -7.51411868e-03
 -7.25737736e-02 -3.79229966e-03  2.73986906e-02  9.74389445e-03
  1.58829793e-01  1.91447008e-02 -8.80669579e-02  3.13556716e-02
 -6.18345961e-02 -3.68924513e-02 -9.28194448e-02  8.90126675e-02
  3.16065103e-02 -9.17844996e-02  6.43616915e-02  2.43301261e-02
 -1.50550494e-03 -2.78360490e-03 -2.67523043e-02  2.33101528e-02
 -3.23433764e-02  1.51843764e-03 -9.89077426e-03 -2.79652029e-02
 -3.60917188e-02 -9.15002897e-02  5.36959730e-02  1.84387621e-02
  3.20747159e-02  2.37073526e-02  4.11308892e-02 -5.07100187e-02
  2.74817832e-02  5.18850386e-02 -1.12165608e-01 -3.95671688e-02
 -2.21309084e-02 -3.69150788e-02 -8.56549963e-02  5.36070690e-02
 -2.30952185e-02 -5.59542552e-02  6.23660488e-03  2.84742527e-02
 -3.32340552e-03  9.62291751e-03  6.77385107e-02  6.61586747e-02
  6.32113740e-02 -4.02596295e-02 -3.23392749e-02  6.82585761e-02
  8.83746594e-02  4.87560332e-02 -2.08187588e-02  2.69479025e-03
 -5.70178404e-02  5.94959557e-02 -1.07113376e-01  1.75672397e-02
  1.72433082e-03 -4.09267098e-02 -4.10142727e-02  6.10341132e-03
 -4.28340537e-03 -9.85780824e-03 -2.26044413e-02  2.32036840e-02
  6.96305558e-02  4.13782103e-03 -3.82121839e-03 -2.76528507e-33
  6.14220649e-03 -1.19568944e-01  9.74688865e-03  1.11344066e-02
  1.61209870e-02 -1.95567738e-02 -1.04769813e-02 -9.79205444e-02
 -8.26317165e-03 -9.87508893e-03 -5.60294688e-02  1.13542899e-01
 -4.40172211e-04  4.34123632e-03  1.36842608e-01 -7.36635774e-02
  2.50061881e-03 -8.14907253e-02 -8.15015733e-02  5.91383539e-02
  1.46906823e-02 -6.15213141e-02 -1.03765018e-02  3.48885264e-03
  4.76612273e-04 -1.15801506e-02  3.00981998e-02 -4.61795367e-02
  3.03265397e-02  2.93914471e-02  6.72726259e-02 -5.21829017e-02
 -3.12256776e-02  2.34775916e-02  7.05132559e-02  3.78490426e-02
  3.67716104e-02 -6.54194579e-02  2.63029877e-02  2.56542470e-02
 -4.42347955e-03 -6.97989836e-02 -7.31234476e-02 -8.61382037e-02
  1.70810260e-02 -2.06770264e-02  7.32344463e-02  3.67925465e-02
 -5.28072864e-02 -7.99676105e-02  5.27194962e-02 -9.85865947e-03
  2.36149132e-02 -4.78002205e-02  4.02318761e-02 -1.19814863e-02
  4.56153080e-02  1.28237493e-02 -3.93976457e-02 -6.92203781e-03
  8.41487199e-03  7.39691332e-02  6.21987134e-03 -9.90031883e-02
  1.93765666e-02  2.21195724e-02  9.30581465e-02  6.03187038e-03
  2.30569914e-02 -3.26958522e-02  4.90652304e-03  6.11146316e-02
 -1.09920837e-02  3.70794870e-02  7.10549951e-03  9.88141522e-02
  5.11044301e-02 -3.96313481e-02 -3.52227278e-02  7.06669688e-02
 -2.07462516e-02  7.68172601e-03 -3.68000418e-02  2.50665192e-02
 -5.42160347e-02 -2.71602673e-03 -3.28682689e-03 -8.11630785e-02
 -4.48464751e-02  3.65654081e-02 -8.03627148e-02  3.41027305e-02
 -8.11493620e-02 -2.92332247e-02 -2.65398044e-02 -5.23822782e-34
 -2.30795275e-02 -8.16807896e-02  5.65470336e-03 -2.02348940e-02
  8.32586884e-02  1.23804137e-02  7.69392103e-02 -5.29267862e-02
 -9.90216620e-04  3.05634234e-02 -1.31056577e-01 -1.00017004e-02
 -1.31739909e-02  1.75022066e-03  6.16280437e-02  1.53575307e-02
 -1.83149278e-02  6.36162460e-02  2.79840603e-02  9.06152464e-03
  5.76772504e-02  5.31017855e-02  7.68306032e-02  2.07072366e-02
 -8.78006965e-02  1.54561196e-02 -5.57455420e-02 -5.64064682e-02
 -1.11242428e-01  2.56274566e-02 -3.28392833e-02  3.86352576e-02
  1.04493313e-01 -9.47150961e-03 -5.57955764e-02  8.80698934e-02
  1.39774764e-02 -8.26114193e-02 -2.12472826e-02 -7.71669447e-02
  7.56146461e-02 -9.42430273e-02  8.10342133e-02  1.20821791e-02
 -1.47310095e-02  3.85136791e-02 -3.63150947e-02  1.84136312e-02
 -7.28273392e-02  2.34108288e-02  5.82665093e-02 -4.12555272e-03
 -9.17173177e-02  2.39562746e-02  2.92381998e-02 -1.50814466e-03
  2.55726036e-02 -1.98592339e-02 -1.09009340e-01 -1.69349872e-02
  2.38176100e-02  2.43512876e-02 -9.35803428e-02  1.12738721e-01
 -5.44250989e-03  7.27772564e-02 -4.26043347e-02  1.26403198e-03
 -5.05077951e-02 -4.10992131e-02 -7.92713836e-02  6.45474996e-03
  3.85120092e-03 -6.23648465e-02 -5.68165779e-02  1.07391281e-02
 -1.70450993e-02  7.55549148e-02  9.43673402e-03  1.08919494e-01
  1.62589119e-03  9.15396959e-02 -2.74535511e-02  2.27389913e-02
  2.89389417e-02 -2.98963394e-02 -3.62034924e-02 -4.19181474e-02
 -2.21463852e-02  1.93386227e-02  7.37850592e-02  1.01091117e-01
 -3.26431915e-02 -3.88476886e-02  1.60775159e-03 -1.66960934e-08
 -3.87588073e-03  2.32319776e-02 -1.05906700e-04  1.61572341e-02
 -4.65237312e-02 -1.01823444e-02  6.90805167e-02  4.50850837e-02
  6.25459105e-02 -5.90326451e-02 -7.61768445e-02 -2.87954845e-02
  4.37865853e-02  8.26373510e-03  5.58867715e-02 -2.10564048e-03
 -1.56107564e-02 -4.73859869e-02 -5.96690178e-02  3.84937786e-02
 -1.39228227e-02 -3.80290486e-02 -2.91983364e-03  1.03088543e-01
 -5.53017333e-02 -7.72701353e-02 -8.10059682e-02 -9.00294632e-02
  7.53959566e-02 -1.75813586e-02  5.71536608e-02 -3.18130776e-02
  5.86258713e-03 -4.21001576e-03  4.73886430e-02 -2.11217124e-02
  1.64242983e-02 -2.36262027e-02 -1.05433069e-01 -4.76816576e-03
 -6.95834756e-02 -6.50264993e-02 -3.79263498e-02  4.80307080e-02
  8.71597156e-02  4.36412618e-02 -1.16204573e-02 -6.37884289e-02
 -2.24426519e-02  1.95641126e-02 -4.56458852e-02 -1.48511573e-03
  5.09556830e-02 -4.02499773e-02 -2.60751741e-03  9.78258401e-02
 -5.47209270e-02 -8.50535408e-02 -2.66945846e-02  1.70948356e-02
 -7.45755732e-02 -5.63588459e-03  2.22364459e-02  9.47560444e-02]"
12,8ba5105b-867d-4ba4-9b89-07d8d5432d1d,Repair Services,nearby automotive auto repair & maintenance repair services,"[-6.27405941e-02 -4.11899015e-02  3.38238440e-02 -3.38362865e-02
 -1.50403176e-02  3.51082459e-02 -3.12210452e-02 -9.45456699e-03
 -5.63001335e-02 -3.94012220e-02 -1.44813610e-02  2.77388990e-02
 -2.95486376e-02  1.52606107e-02 -2.33790986e-02 -6.49893805e-02
  9.37357768e-02 -3.40240188e-02 -2.29754695e-03 -1.10567771e-01
 -1.20439999e-01  8.21814090e-02 -6.70734048e-03  1.52946915e-02
 -6.39303103e-02 -5.21923788e-03 -2.85903476e-02  5.64005002e-02
 -2.75895074e-02 -2.63188519e-02 -4.12445590e-02  2.31362078e-02
 -2.29730848e-02  2.88384617e-03  7.17966110e-02  6.21538870e-02
 -5.30493408e-02  1.02647033e-03  1.45288659e-02 -6.67049587e-02
  2.32250374e-02 -2.79369690e-02 -6.76450729e-02 -3.43493298e-02
  2.80669481e-02 -8.78137944e-04  1.43341469e-02  9.09835566e-03
  8.08295459e-02 -3.44276167e-02  4.62606698e-02 -7.09511479e-03
 -4.13475884e-03 -5.16588916e-04  1.30727198e-02  6.69458881e-02
 -1.58934519e-02  2.33040797e-03 -6.05498292e-02 -2.83739883e-02
  1.39132723e-01  1.13173472e-02 -1.26135936e-02  1.18385926e-02
 -3.11380439e-02 -1.60478130e-02  1.23190330e-02 -3.84114520e-03
  8.89977813e-03 -1.19014047e-01 -6.74913451e-02 -1.62706133e-02
  6.80597220e-03  1.02888219e-01  1.06562294e-01  6.28287867e-02
  4.07740399e-02 -4.10900712e-02  5.71706779e-02 -1.03338219e-01
 -2.71421373e-02 -3.37183033e-03  3.55096459e-02  4.85613421e-02
 -5.46570681e-02  8.70294124e-03 -6.09938195e-03 -5.04473224e-02
  9.79373604e-02  1.72772761e-02 -1.14420317e-02 -1.83209740e-02
 -5.63685894e-02 -9.87189338e-02 -2.54724547e-02  1.99375264e-02
  6.74735978e-02 -2.02044826e-02  1.84185971e-02  3.66965309e-02
  8.32207054e-02  3.02087683e-02  3.06194928e-02 -5.74355945e-02
 -7.57979527e-02  6.41694665e-02 -5.02697378e-02  1.00390352e-01
  2.15655845e-02  1.62636898e-02  3.07328701e-02  1.79006122e-02
 -5.80830202e-02 -3.05763185e-02 -5.76605387e-02 -2.76632048e-03
  5.47461808e-02 -1.97561067e-02  3.62029225e-02  4.02853712e-02
 -1.62192788e-02  2.60366965e-03 -3.97706144e-02 -2.72995178e-02
  7.13972226e-02  1.00659691e-02  1.44309714e-03 -1.45233558e-33
 -2.53700709e-04  3.08510866e-02  2.05795541e-02  3.06523051e-02
  6.14959709e-02  2.94864140e-02 -1.30659547e-02 -9.56996623e-03
  3.06490939e-02 -3.41338776e-02 -3.78757231e-02  1.39969245e-01
  4.03689891e-02 -9.73528922e-02 -3.95015478e-02  1.36259161e-02
  2.18834653e-02  1.32742999e-02 -9.69292670e-02 -6.71927631e-03
 -9.47291702e-02 -2.45599840e-02  7.93932937e-03  5.04734591e-02
  7.09968507e-02  3.00199687e-02  5.37449233e-02  6.31910488e-02
  1.41054660e-01  1.72286946e-02  9.88345779e-03  6.23950846e-02
 -1.85757559e-02  3.45845148e-02 -3.60088088e-02  4.47816178e-02
 -8.62662792e-02 -1.04351945e-01 -8.63720849e-02 -7.23412931e-02
 -2.95189004e-02  3.95174585e-02 -8.41602236e-02 -2.38020346e-02
  7.34387059e-03 -2.46779583e-02  3.02265491e-02  2.49261502e-02
  2.05949321e-02 -1.46683939e-02  1.34251628e-03 -3.12714539e-02
 -2.52522677e-02 -1.49011267e-02  2.54594311e-02  1.28623530e-01
  3.83105353e-02 -2.67778877e-02  4.33881208e-02 -3.14689502e-02
  1.30730122e-02  6.10267045e-03 -2.60015652e-02 -6.84638545e-02
  5.00161946e-02 -3.81323993e-02  1.81091744e-02  5.93194459e-03
  5.59794120e-02  3.18323337e-02 -2.48449179e-03  7.18391128e-03
  8.06235895e-02  1.17316715e-01 -2.68860869e-02  9.24417078e-02
 -2.52106488e-02 -1.41137028e-02 -8.22946522e-03  4.83517274e-02
 -5.06140739e-02 -3.03843040e-02 -2.77097821e-02  3.54434624e-02
  1.16800085e-01 -1.09802475e-02 -7.06197992e-02 -1.36627927e-02
 -4.08985429e-02 -2.62073521e-02 -3.06671504e-02  3.48862782e-02
 -3.78266349e-02  2.24621743e-02 -3.33171114e-02 -1.38462242e-33
  2.20748391e-02 -9.78048518e-02  5.12925535e-02  8.19663405e-02
 -1.83995850e-02  1.58689525e-02 -6.90108165e-02 -1.63525641e-02
 -1.45943863e-02  2.99997665e-02 -2.10702792e-02  2.77549829e-02
 -3.91278826e-02 -4.43748012e-02 -2.71914229e-02  1.19427200e-02
  1.28028458e-02 -2.91445758e-02 -3.75444889e-02  3.71320508e-02
  4.24713604e-02  1.91533137e-02  1.84553266e-02  3.42473835e-02
 -4.50778306e-02  2.19159033e-02 -9.48511884e-02 -3.21271382e-02
 -5.03552854e-02 -4.67215199e-03  2.42607333e-02 -4.82183769e-02
  3.43865566e-02  1.62678491e-02  1.49042718e-03  3.92424874e-02
  2.11304519e-02  3.86271663e-02 -4.25135233e-02 -1.66793391e-02
  5.46331108e-02 -1.13675453e-01  5.47312526e-03  1.84689872e-02
 -4.48241942e-02 -8.60757902e-02 -2.22789515e-02 -4.55001034e-02
 -1.66972708e-02 -1.61793996e-02  7.27669075e-02 -8.43398124e-02
  5.73583227e-03  6.76834732e-02 -4.28938344e-02  1.32469639e-01
  4.67618555e-02  4.12384979e-02 -9.94211808e-02  5.72992079e-02
  1.91141330e-02  1.36249941e-02  4.71403003e-02  5.66738546e-02
  1.03003951e-02 -5.24153411e-02  3.72329168e-02  1.75536738e-03
 -3.77561674e-02 -1.56170307e-02 -3.66657827e-04  6.01956472e-02
 -6.02317508e-03 -4.12763618e-02 -5.32095246e-02 -4.62511927e-02
 -6.52423687e-03 -1.12227701e-01  6.54099090e-03  8.63117538e-03
  9.75911797e-04 -6.48044348e-02 -1.34407915e-02  1.56797558e-01
 -4.42151390e-02 -2.31270995e-02  3.89325432e-02  2.08256003e-02
  1.10485174e-01 -2.04891469e-02 -5.09906635e-02  7.78792053e-02
 -6.58094212e-02 -8.51492360e-02 -1.06749669e-01 -1.66486682e-08
  1.40723865e-02  8.24451074e-02 -5.17526865e-02  2.25897413e-02
 -4.55296226e-02 -2.13357341e-02 -9.39711370e-03  1.47526130e-01
 -7.40132257e-02  7.33431280e-02 -3.75956111e-02 -4.15465049e-02
  2.58219056e-02 -1.42127592e-02 -4.51998599e-02 -6.29041791e-02
  3.57112959e-02  4.61665168e-02 -4.72404659e-02 -1.01997042e-02
 -5.75486477e-03  1.21003352e-02  8.39438885e-02  6.14551157e-02
  1.27946278e-02 -6.50046095e-02 -2.82327756e-02  5.13779745e-02
  5.17847054e-02 -6.10017218e-02 -3.65083180e-02  1.03858719e-02
  1.21298417e-01 -3.16817919e-03  1.75720379e-02 -1.15036786e-01
  3.74760926e-02 -1.84707996e-02 -9.91524160e-02 -6.79289028e-02
  1.29685877e-02 -6.88182749e-03 -2.61887927e-02  1.24223102e-02
  3.95851471e-02  4.39842157e-02 -1.01224333e-02 -3.62648070e-02
 -4.86437418e-02 -7.04830512e-02 -3.88982263e-03  1.51072210e-02
  6.62529469e-03  5.79891838e-02 -2.11948901e-02 -4.45326865e-02
  2.85395645e-02 -8.71388614e-02  7.24759996e-02  7.22185895e-02
 -9.07588676e-02  3.11380234e-02  4.38392721e-02  9.33062565e-03]"
13,e7e12837-d02a-4a36-b47c-79cd3be0a9cb,Permanent Makeup,nearby beauty & spas cosmetic procedures permanent makeup,"[-2.51310989e-02  2.30278093e-02  4.72319275e-02  8.00066292e-02
 -2.65835132e-02 -5.14038419e-03 -1.36819752e-02 -6.36927933e-02
 -8.48870799e-02 -6.37980625e-02  8.56346861e-02 -4.19880673e-02
 -3.26650739e-02  2.83605754e-02  5.33210896e-02 -9.81041882e-03
  1.05014563e-01 -3.46270651e-02  9.44443569e-02  1.60394814e-02
 -1.09020192e-02 -4.64032218e-02 -9.56138596e-03 -8.30071606e-03
 -1.21808434e-02 -4.65019681e-02 -2.49554999e-02  3.23187448e-02
  4.37578261e-02 -8.03447813e-02  1.53850652e-02  5.85845448e-02
 -7.18310773e-02 -5.00430986e-02  5.25699630e-02  6.38641715e-02
 -1.86383277e-02  3.39655131e-02  7.62395188e-03  5.28771989e-02
 -4.98359427e-02 -7.31452629e-02 -1.15452722e-01  9.22394171e-03
  6.04099222e-02 -3.51345614e-02  1.07818991e-01  1.90725178e-02
  2.81602349e-02 -2.01085154e-02  6.00056024e-03 -8.90081823e-02
  1.30616603e-02 -2.51919450e-03 -1.47868758e-02 -9.61052254e-03
 -2.54154447e-02 -8.86835456e-02 -4.23570462e-02 -5.56508731e-03
  4.67841467e-03 -1.11480951e-02 -3.06744277e-02  6.86713755e-02
 -2.22295728e-02 -1.52696446e-02 -6.23564795e-03  6.56578038e-03
  9.75354910e-02 -8.64765123e-02  3.12086046e-02 -4.83045913e-02
 -5.37022911e-02  2.73012146e-02  3.56345847e-02  1.08166032e-01
 -1.33179845e-02 -2.04963908e-02  9.99595597e-03 -2.13748752e-03
  2.78852060e-02  3.79677974e-02  8.40467289e-02  3.80752347e-02
 -6.10403195e-02 -2.83437259e-02  1.62688689e-03 -1.16726480e-01
  4.42069508e-02 -5.90682589e-03  3.74791138e-02  6.72394782e-02
 -1.13547757e-01 -6.47358075e-02 -9.22776982e-02 -1.87762417e-02
 -5.47664464e-02 -2.61213239e-02  8.91127214e-02  9.33847725e-02
 -7.95161277e-02 -5.22032715e-02 -8.19097385e-02  6.24170005e-02
 -4.92128693e-02 -6.67383224e-02 -5.98624023e-03  2.52177268e-02
  4.02982458e-02  5.01934104e-02 -2.01668814e-02 -2.85925511e-02
 -7.35187158e-02  1.99011881e-02 -1.83779821e-02 -6.40857033e-03
  6.97689578e-02 -3.22725400e-02  1.02365725e-01 -7.82238841e-02
 -2.59629842e-02  1.16715617e-02  4.43076752e-02 -8.34864527e-02
 -3.37061808e-02  3.67482603e-02  4.24439088e-02 -9.63581923e-34
  4.38350029e-02  5.17345145e-02  3.80589776e-02  7.06412643e-02
 -2.73690578e-02  8.01507905e-02 -1.36555266e-02 -1.24885049e-02
 -4.47578989e-02  8.63638334e-03 -8.97897966e-03  1.19128032e-02
 -2.25445442e-02  2.55935900e-02 -2.13168934e-02  8.62760935e-03
  1.26408815e-01  5.30041009e-02 -7.35238241e-03 -6.85698763e-02
 -3.28998938e-02  2.03838497e-02 -2.33695880e-02 -8.51509534e-03
 -3.67742218e-02  3.70379463e-02 -1.88882910e-02  3.27188298e-02
 -2.58140508e-02  1.78945605e-02  4.39574532e-02  8.03713053e-02
  7.87973478e-02  2.16139457e-03 -2.86126323e-02  7.44500384e-02
  4.07439843e-03 -9.41913649e-02  9.78380516e-02 -9.82962828e-03
 -1.19082127e-02  2.45770626e-02  5.11300676e-02  1.07381465e-02
 -2.88864039e-02  9.92718861e-02 -3.30981612e-02  6.74650371e-02
 -2.55801063e-02 -1.22827329e-02 -2.84324735e-02  1.13915488e-01
 -1.75538491e-02  6.27124980e-02 -1.83839095e-03  3.18945246e-03
 -9.31606591e-02 -6.94584772e-02  7.60986507e-02  5.69955483e-02
  1.21536609e-02  6.70545325e-02 -9.57155228e-02  2.05221809e-02
  4.84473184e-02 -6.09587617e-02  3.09637412e-02  1.20176813e-02
 -2.95910798e-02 -8.55456397e-04  6.44267863e-03  1.09151557e-01
  1.95675083e-02 -4.82481122e-02  6.63497532e-03 -7.68892542e-02
  3.27355489e-02  3.41855958e-02 -3.18160020e-02  7.66016245e-02
 -3.16845812e-02  2.33767871e-02 -9.36232507e-02  1.80529375e-02
  7.45860785e-02 -1.61703806e-02  1.54192315e-03  2.94394568e-02
  4.17874455e-02 -2.09354423e-02  2.42969561e-02  1.71413645e-02
  1.45677123e-02 -3.57080549e-02 -6.92254677e-02 -8.64594554e-34
  5.97554259e-03 -9.63070244e-02 -8.65830015e-03  1.18996464e-02
  4.92918789e-02  7.89844319e-02 -7.23196641e-02  5.85274249e-02
  6.62006950e-03  1.13864541e-01 -8.75082687e-02 -9.56545584e-03
  3.76540497e-02 -9.25505459e-02 -1.15441516e-01  7.82453045e-02
  4.78274152e-02 -3.49542312e-02 -6.44211918e-02  2.41728146e-02
  4.24777344e-03  8.40179399e-02 -4.27288227e-02 -2.97982059e-02
 -8.14101174e-02  2.11907662e-02  1.48860393e-02 -9.23540909e-03
 -9.20405909e-02  3.73384245e-02 -4.20047492e-02 -8.15675594e-03
  1.42258555e-02  2.61307471e-02 -2.96907481e-02 -3.85576002e-02
 -3.83083746e-02 -1.31560648e-02  4.38664714e-03  2.35382989e-02
  5.21649234e-02 -1.05142713e-01 -4.40268740e-02  5.90286404e-02
  7.90031925e-02 -8.97255465e-02 -1.05903789e-01 -6.67186081e-02
  2.79391874e-02 -2.56359093e-02 -1.28151746e-02  1.39095178e-02
 -5.60676083e-02  3.89365926e-02 -7.53252804e-02 -4.45207544e-02
 -1.59467082e-03  2.49158498e-02  1.04827657e-02  8.50377455e-02
  8.53011608e-02 -1.28345313e-02 -4.36779298e-02  3.08065936e-02
  7.45195001e-02  4.28869426e-02  6.23800084e-02 -3.33347823e-03
 -6.17085630e-03 -2.01511923e-02  2.67218109e-02  3.69359404e-02
 -6.49231449e-02 -1.17649697e-02 -2.87968740e-02 -1.48882726e-02
  5.10447286e-02 -6.23910036e-03 -7.89628327e-02  7.76697844e-02
  1.44089367e-02 -3.57157886e-02  2.38335971e-03  1.95667204e-02
  6.97891042e-02  1.91618931e-02 -2.78581008e-02  4.26484412e-03
 -2.55515575e-02  3.16920690e-02 -4.56961170e-02  4.59262580e-02
 -1.79723110e-02 -7.47819319e-02 -1.92391351e-02 -1.77199322e-08
  2.66438518e-02 -3.31301130e-02  3.33788544e-02  2.27354169e-02
 -5.11213727e-02 -3.01192105e-02 -3.59090371e-03  2.00265795e-02
 -1.90319363e-02 -1.33245960e-02 -5.33652417e-02  1.05412483e-01
  3.74888368e-02  3.01688444e-03 -3.67872790e-02 -3.41531038e-02
  4.94704545e-02  5.51498681e-02 -1.03959620e-01 -1.61317363e-02
 -1.06716380e-01  1.80322696e-02  4.41368334e-02 -4.90296632e-03
 -3.34575213e-02  1.76173039e-02  6.78332597e-02  3.29648517e-02
 -3.15431729e-02 -8.04512948e-03  3.59615125e-02 -3.75477336e-02
  4.19391021e-02 -4.39707609e-03 -6.43117130e-02 -5.46892062e-02
  3.93812247e-02 -5.29062822e-02 -5.82034886e-02  3.31013314e-02
 -8.28117505e-02 -7.57369325e-02  2.67322361e-02  2.18289569e-02
 -4.17171493e-02 -3.48672345e-02  2.34379855e-04 -6.88598827e-02
  2.66686436e-02  7.01280758e-02 -1.55126480e-02 -6.38920367e-02
 -8.47400650e-02  3.96237038e-02 -3.46053876e-02 -2.62711272e-02
  1.12883495e-02  3.50476317e-02  2.47554313e-02  8.81498605e-02
  4.81428169e-02 -3.67703848e-02  1.10362574e-01  1.43646905e-02]"
14,05c41219-e7c2-4e72-afea-b9ec7dad0a83,Face & Skin Care,nearby beauty & spas face & skin care,"[ 2.62108427e-02 -1.26693689e-03  6.70576543e-02  9.06527564e-02
  1.72930136e-02  1.13920495e-02  1.73074566e-02 -6.07588850e-02
 -1.20023943e-01 -6.05219081e-02  8.80671218e-02 -1.09131254e-01
 -3.56837697e-02  5.69283552e-02  7.81388059e-02 -6.83514327e-02
  1.02743141e-01 -4.38244045e-02  7.96301141e-02 -3.04880887e-02
 -1.78565755e-02 -8.71236844e-04  2.20668372e-02 -3.03288344e-02
 -5.52839227e-02 -2.72771548e-02 -3.50890085e-02  4.02311496e-02
  1.43326530e-02 -4.38654162e-02  4.32907268e-02  2.41319407e-02
 -6.56398982e-02 -2.94772387e-02  2.40432229e-02  1.18593574e-01
 -3.29086222e-02 -2.00424697e-02  4.95857047e-03  5.07001318e-02
 -1.09955609e-01 -2.68490501e-02 -7.28817284e-02  3.91902365e-02
  6.89930394e-02 -1.77113898e-02  3.56169716e-02  1.91259086e-02
  3.84592488e-02 -4.52287868e-02 -2.49088798e-02 -4.46454249e-02
 -1.10616805e-02  8.87381285e-03 -2.37329174e-02  2.44814679e-02
 -7.73142576e-02 -1.07126519e-01 -2.88860630e-02 -8.10635102e-04
  3.53522375e-02 -3.37707512e-02 -1.29696494e-02  2.79715266e-02
 -8.41865763e-02 -7.97277391e-02 -3.01155839e-02  3.44426930e-02
  3.57907452e-02 -1.18587710e-01  4.83211316e-03 -3.84146459e-02
 -4.10826541e-02  5.72302192e-02  3.69416401e-02  7.15499669e-02
 -9.50140227e-03 -4.43063565e-02  1.26319798e-02 -2.80748531e-02
  5.50214835e-02  2.46578958e-02  4.46863286e-02  3.92057300e-02
 -6.22323640e-02 -5.02983816e-02  6.29623281e-03 -9.78043750e-02
  3.10416985e-02  8.33069440e-03  2.62559727e-02  6.27930164e-02
 -1.19779214e-01 -3.35202403e-02 -2.05695871e-02 -6.01942744e-03
 -1.26265818e-02  1.83502734e-02 -1.07426802e-02  9.95173231e-02
 -5.74623458e-02 -5.89440390e-02 -6.83168769e-02  9.19949412e-02
 -2.26368457e-02 -5.48235103e-02 -4.04366776e-02  6.36107549e-02
  3.82093973e-02  2.92572435e-02  7.42686307e-03  2.49628592e-02
 -1.01071753e-01 -8.03910289e-03 -1.96540765e-02 -1.97971482e-02
  1.08756296e-01 -8.14288333e-02  8.33027288e-02 -4.46218513e-02
 -1.68791581e-02 -1.09904278e-02  1.49885891e-02 -8.03505853e-02
 -2.84369346e-02  2.55919248e-03  2.42182650e-02 -1.94341506e-33
  1.51981618e-02  9.20725763e-02  4.59593497e-02  8.14447105e-02
 -3.26365940e-02  6.43526912e-02 -3.37924697e-02 -2.13730559e-02
 -6.55424595e-02  5.87053597e-03 -6.84326068e-02  3.39700654e-02
  8.35619215e-03  2.06287056e-02 -1.61948074e-02 -2.85449647e-03
  1.16748791e-02  2.23561432e-02 -2.58743837e-02 -5.66172563e-02
 -4.57950011e-02 -1.25677055e-02 -3.69813889e-02  4.26124856e-02
 -5.08318208e-02  6.78744912e-02  2.57703587e-02 -1.62041038e-02
  6.13203533e-02  9.50350054e-03  1.46918874e-02  5.88898025e-02
  9.88524333e-02 -4.00501005e-02  1.52817657e-02  7.96969756e-02
 -2.62822863e-02 -1.18163772e-01  4.23285067e-02 -9.30962712e-02
 -7.63825476e-02  5.97139709e-02  2.17699613e-02 -1.46186389e-02
  4.26421734e-03  1.25383198e-01 -2.58377697e-02 -8.33894871e-03
  1.72323138e-02 -2.95687485e-02 -4.59002294e-02  7.26013035e-02
 -3.99829745e-02  1.43024772e-01  2.59931572e-02  2.50694924e-04
 -4.74119335e-02  4.60351910e-03  7.60982931e-02  4.12298664e-02
  6.42938018e-02 -2.91518611e-03 -3.28691751e-02 -7.66283199e-02
  3.67951728e-02 -3.50888148e-02  3.92216668e-02  3.75868529e-02
 -2.43392996e-02  1.67313982e-02 -1.98671017e-02  1.08557612e-01
  3.08098421e-02  1.00027574e-02 -3.99671681e-02 -1.01415226e-02
  5.66471554e-02  8.45219642e-02 -5.29330671e-02  5.03604151e-02
  1.99602805e-02  4.30195630e-02 -4.81271036e-02  5.81273325e-02
  7.97000900e-02 -2.08189134e-02 -2.49824598e-02  1.23862932e-02
  1.90640166e-02 -4.81684282e-02 -1.23914266e-02  6.44434020e-02
  3.32953446e-02 -1.15087489e-02 -1.04742840e-01  1.74768896e-34
 -1.46080479e-02 -9.41796675e-02 -2.42707809e-03  1.41626419e-02
  2.57394090e-02  2.44115554e-02 -1.18940929e-02  9.71190073e-03
  3.14894877e-02  1.13309696e-01 -1.12950079e-01 -4.54049408e-02
  6.45161793e-02 -6.03483170e-02 -4.94228303e-02  9.45752114e-02
  5.18684611e-02 -5.33512272e-02 -6.30557835e-02  5.96214570e-02
 -5.23001030e-02  1.10835537e-01 -3.88483815e-02 -2.11111363e-02
 -2.14686841e-02  4.35499884e-02 -3.80298309e-02 -1.84238441e-02
 -6.33697808e-02 -3.26545127e-02 -1.87522434e-02 -2.43465845e-02
  4.02133726e-02  5.03804758e-02 -2.45910622e-02  1.21893622e-02
 -2.21930034e-02  7.03907246e-03 -4.42690849e-02  7.73703009e-02
  9.51704755e-02 -1.09423444e-01 -2.80315951e-02  8.98855776e-02
  9.31291953e-02 -2.89420281e-02 -1.11195728e-01 -3.59504633e-02
 -3.55477110e-02 -2.65013035e-02 -4.93238633e-03 -1.10074608e-02
 -5.57953641e-02  3.18085067e-02 -5.65848053e-02 -2.71761324e-02
  6.18954077e-02  1.80488210e-02 -4.09485623e-02  3.12531181e-02
  9.15803015e-02 -2.68485881e-02 -4.43573557e-02  4.41483669e-02
  2.54635289e-02  4.58614342e-02  3.44671570e-02 -4.06119600e-02
 -1.67386103e-02 -2.17076242e-02 -2.29951143e-02  1.39177023e-02
 -6.24812990e-02 -7.37540796e-02 -4.44357917e-02 -3.00018722e-03
  4.34620343e-02  1.96265429e-02 -4.96831425e-02  6.56813011e-02
 -2.79424638e-02 -3.41649204e-02  4.89907041e-02  2.09172815e-02
  4.89419922e-02  2.06408203e-02 -1.39614036e-02 -1.89395361e-02
 -4.78988737e-02 -1.72491428e-02 -1.05557218e-01  6.30491227e-02
 -3.72410342e-02 -9.14781019e-02  3.92081914e-03 -1.66525336e-08
  2.91328486e-02 -2.41885707e-02  3.96327265e-02 -2.10484359e-02
 -2.08605733e-02 -9.56699345e-03  2.88917795e-02  8.10259506e-02
 -3.90934758e-03  8.19884986e-02 -6.76968396e-02  1.04633912e-01
  4.05526608e-02  9.37809329e-03 -2.54070340e-03 -1.59748308e-02
  3.26059870e-02  7.85325021e-02 -4.60735336e-02 -1.59693602e-02
 -4.59029675e-02  4.48612906e-02  5.81045263e-02  3.45816161e-03
 -1.83412284e-02 -2.87940428e-02  2.16804165e-02  6.55069649e-02
 -2.18137261e-02 -8.90878737e-02  1.30724330e-02 -2.22404394e-02
  6.98972642e-02  4.73888172e-03  1.75913109e-03 -1.65839382e-02
  7.19615258e-03 -6.38027415e-02 -5.18718064e-02 -1.44464374e-02
 -6.89881817e-02 -4.60123792e-02 -3.61336581e-03  2.32166611e-02
 -5.85458241e-04  3.13599221e-02  8.50946549e-03 -2.28185616e-02
  4.97079976e-02  5.76992258e-02 -6.09207042e-02 -5.40853254e-02
 -2.12012324e-02  1.35663236e-02 -2.10566875e-02 -1.58192404e-02
 -2.28060130e-02 -4.85842712e-02  1.86129380e-02  8.41743499e-02
  3.88919376e-02 -6.82293251e-02  3.43145989e-02  5.29092327e-02]"
15,5ce9c2d8-6b1d-49db-aff7-364b3cd5cd16,Facial,nearby beauty & spas face & skin care facial,"[ 2.21742783e-02 -9.15729720e-03  5.17248511e-02  6.45551234e-02
  1.02209114e-02  4.50902618e-03 -1.04261236e-02 -5.31898811e-02
 -1.12047508e-01 -5.86447492e-02  9.93595868e-02 -1.14371821e-01
 -3.44424322e-02  7.73020089e-02  9.89312679e-02 -6.96841553e-02
  9.48761627e-02 -5.05986139e-02  8.73904005e-02  2.11968203e-04
  1.67375291e-03  1.06594237e-02  1.17624803e-02 -4.24617641e-02
 -5.09404764e-02 -1.63727347e-02 -3.48908156e-02  5.31907193e-02
  2.00385768e-02 -6.04866967e-02  2.77647618e-02  1.73010379e-02
 -6.85666054e-02 -2.81758830e-02  3.14647555e-02  1.00084968e-01
 -4.71419655e-02  1.46785462e-02  2.14836746e-02  3.83875556e-02
 -1.17387652e-01 -1.46049364e-02 -6.63443208e-02  3.85326147e-02
  7.66481981e-02 -9.43924394e-03  1.84840839e-02  1.75721676e-03
  3.07699982e-02 -5.12020774e-02 -5.42236045e-02 -7.67772645e-02
 -1.50993476e-02  5.68286888e-03 -2.03116853e-02  3.18019725e-02
 -6.84471950e-02 -1.10006824e-01 -2.21191216e-02  2.51233354e-02
  3.73220257e-02 -4.70149443e-02 -1.44677386e-02  2.89675649e-02
 -9.62181017e-02 -6.11107126e-02 -2.21091323e-02  2.68654968e-03
  3.48037593e-02 -1.17106035e-01  1.01094153e-02 -3.75018306e-02
 -4.14623953e-02  5.81628941e-02  2.40943916e-02  6.04259744e-02
  1.24689741e-02 -4.78011481e-02  9.77261923e-03 -3.38131823e-02
  3.56740728e-02  5.01470864e-02  4.59383987e-02  5.90950251e-03
 -6.18770905e-02 -5.13666458e-02  2.86989054e-03 -9.90593582e-02
  1.05807446e-02  7.19137583e-03  9.39717330e-03  7.49593005e-02
 -1.20629430e-01 -3.87448743e-02 -3.90280634e-02 -3.52976169e-03
 -2.94430945e-02  2.78073363e-02 -1.08630899e-02  9.55898762e-02
 -4.99800257e-02 -5.70194609e-02 -8.49072188e-02  1.01603650e-01
 -1.47368023e-02 -6.18718565e-02 -3.60862054e-02  6.69691786e-02
  4.83607054e-02  1.61882415e-02 -3.68627690e-04  3.72388102e-02
 -1.01234399e-01 -2.55066976e-02 -3.41924392e-02 -2.68620495e-02
  9.07139704e-02 -7.39752948e-02  7.78471678e-02 -4.85816300e-02
 -2.48832274e-02 -3.95937040e-02  3.70616764e-02 -8.17125589e-02
 -3.07442341e-02 -1.35564534e-02  1.70267019e-02 -1.84827569e-33
  1.72473453e-02  9.59499925e-02  4.49123234e-02  6.66824877e-02
 -3.25224213e-02  6.62409738e-02 -2.06457917e-02  4.99728741e-03
 -7.69480318e-02  1.49790673e-02 -8.09286311e-02  3.61133032e-02
 -6.10857736e-03  4.44664471e-02 -2.93815825e-02 -5.37406141e-03
  2.23420262e-02  2.16369126e-02 -3.83357815e-02 -5.86932041e-02
 -4.07871790e-02 -3.43719055e-03 -1.67205352e-02  4.24697213e-02
 -5.08126356e-02  5.68529256e-02  3.52050550e-02 -2.20244695e-02
  3.68808508e-02  1.41576054e-02  1.66232977e-02  5.97251132e-02
  9.54660103e-02 -3.25709060e-02  2.93970592e-02  6.92838803e-02
 -2.46850327e-02 -1.19129792e-01  3.72016393e-02 -7.94567466e-02
 -5.13854027e-02  6.20799847e-02  3.47418175e-03 -3.91417928e-03
  1.64128200e-03  1.17457405e-01 -3.10448203e-02 -9.25838854e-03
  2.36598030e-02 -2.86283754e-02 -2.86803842e-02  6.66106194e-02
 -3.27822827e-02  1.55740544e-01  2.27849055e-02  2.19280068e-02
 -4.44719344e-02  1.76364160e-03  6.98175207e-02  4.59546670e-02
  5.71664609e-02 -1.41996155e-02 -2.76999678e-02 -8.22189599e-02
  2.58676019e-02 -2.58207768e-02  2.61837840e-02  3.64539623e-02
 -4.37972695e-02  2.64871474e-02 -2.94138491e-03  9.83265936e-02
  1.24950809e-02  8.81135743e-03 -3.30138020e-02 -2.72652265e-02
  6.72123954e-02  1.00697376e-01 -5.60854860e-02  5.25157265e-02
  5.42525994e-03  4.07999791e-02 -4.83611934e-02  3.76731344e-02
  5.42515218e-02 -2.74417456e-02 -1.67632625e-02 -3.77313583e-03
  3.44258584e-02 -2.38692649e-02 -1.60021894e-02  6.01815619e-02
  9.13075823e-03  8.03945959e-03 -1.02708347e-01 -2.16816719e-34
 -1.04555227e-02 -7.63745829e-02 -1.41975889e-02  7.23233167e-03
  3.20490301e-02  3.98533270e-02  5.92671847e-03  2.24951729e-02
  2.10216921e-02  1.17283955e-01 -9.74655151e-02 -5.73583655e-02
  5.89664020e-02 -7.13451803e-02 -4.32380475e-02  1.01292677e-01
  5.09743281e-02 -5.64648174e-02 -7.29693472e-02  8.08209926e-02
 -4.41948511e-02  1.26124173e-01 -4.80959378e-02 -2.73077451e-02
 -1.67026240e-02  5.03452159e-02 -2.77668331e-02 -3.34058888e-02
 -6.56059608e-02 -1.67427734e-02 -1.30014699e-02 -3.11662406e-02
  3.53147499e-02  5.20301573e-02 -2.67519504e-02  2.91044768e-02
 -3.42891105e-02 -1.65797863e-02 -4.75910157e-02  6.62706643e-02
  8.34981054e-02 -8.94372389e-02 -1.58829857e-02  1.16000555e-01
  9.86165926e-02 -4.48601805e-02 -1.06453799e-01 -5.26673719e-02
 -4.58635837e-02 -5.61109884e-03 -1.71349738e-02 -1.68875512e-02
 -5.87738045e-02  3.74808945e-02 -7.05255792e-02 -3.93947177e-02
  5.65377399e-02  3.53854597e-02 -2.97283009e-02  3.98089029e-02
  8.03438127e-02 -4.85943258e-02 -5.67060150e-02  4.36916538e-02
  2.36370675e-02  4.82337922e-02  4.57068793e-02 -3.29376869e-02
 -5.11012971e-03 -1.17441937e-02 -1.63219031e-02  1.69071201e-02
 -6.95658028e-02 -7.27067143e-02 -3.33718807e-02 -1.46204396e-03
  4.27993126e-02  3.65950614e-02 -4.38816547e-02  5.68508916e-02
 -2.41552107e-02 -9.98369977e-03  5.10392375e-02  3.34577039e-02
  3.97024043e-02  1.30001912e-02 -2.05663568e-03 -1.50477188e-02
 -4.72527929e-02 -2.03571413e-02 -8.31112713e-02  5.96708693e-02
 -3.81602161e-02 -9.27108452e-02  1.26230093e-02 -1.78089614e-08
  2.38037482e-02 -1.77073721e-02  3.65226902e-02 -3.24094631e-02
 -2.55761645e-03 -1.15280300e-02  3.34588401e-02  6.71093091e-02
 -1.77089479e-02  6.77368939e-02 -5.13929725e-02  1.00693919e-01
  2.84227692e-02  6.39835745e-03 -1.74855813e-02 -2.26507112e-02
  9.79935564e-03  8.63711312e-02 -3.17570418e-02 -9.41664726e-03
 -6.05369657e-02  3.91151458e-02  7.17061907e-02  1.50487516e-02
 -6.05971599e-03 -3.84307764e-02  2.10130168e-03  7.06374720e-02
 -1.28257135e-02 -8.07216242e-02  2.76763886e-02 -1.64616499e-02
  6.86448887e-02 -7.37318187e-04  1.78614594e-02 -7.42833922e-03
 -5.33110928e-03 -6.88260868e-02 -4.85776141e-02 -6.08820980e-03
 -3.92105095e-02 -7.26352334e-02  5.38395625e-03  2.89198365e-02
 -4.54935897e-03  5.70661612e-02  1.82203799e-02 -3.94612476e-02
  6.48092404e-02  8.00086036e-02 -5.98463491e-02 -6.19245023e-02
 -3.69265117e-02  1.86491795e-02 -1.73384938e-02 -7.27231055e-03
 -2.25436203e-02 -5.94078451e-02  2.75756214e-02  8.93361345e-02
  4.31098640e-02 -4.03327718e-02  3.07194050e-02  3.39090154e-02]"
16,a4581f6c-6174-4840-b7d5-e5a4250da5c6,Skills & Hobbies,nearby personal services classes skills & hobbies,"[-6.91113248e-03 -5.75267039e-02  1.94128547e-02 -1.69406403e-02
 -4.79980372e-02 -6.60184829e-04  5.41004315e-02 -2.46827938e-02
 -6.27596378e-02 -6.30257418e-03  4.99155335e-02  7.27043524e-02
 -3.50111872e-02  6.07779883e-02  1.01593882e-01 -2.95840073e-02
  8.15428123e-02 -6.82279840e-02  1.42119098e-02 -4.93556075e-02
 -3.66383083e-02  3.21122147e-02 -3.24800387e-02  2.82365307e-02
 -3.88710648e-02 -1.44458236e-02  4.93717268e-02 -3.35272364e-02
  2.10399572e-02 -1.22005481e-03 -7.04043196e-04  9.62150991e-02
 -7.18379468e-02  4.34788801e-02  4.13635522e-02  1.56806692e-01
  7.32686222e-02  3.48380804e-02  3.20142880e-02  4.99490201e-02
 -5.95774278e-02 -3.36589478e-02  2.00671647e-02 -1.71172973e-02
 -5.06728375e-03 -5.46130948e-02 -5.95438294e-03 -4.82175685e-02
  7.79264467e-03 -1.59395523e-02  1.84192532e-03  1.36134597e-02
 -8.45545996e-03 -7.55650597e-03 -2.55564731e-02 -1.60652846e-02
 -2.74673458e-02  5.95286973e-02 -6.26409650e-02  1.92898139e-02
 -3.54876160e-03  1.92546342e-02 -3.60844694e-02 -1.24622285e-02
 -6.22476414e-02  3.11562177e-02 -6.36835471e-02  7.29210600e-02
  3.08471508e-02 -8.48380923e-02 -4.84353341e-02 -1.43863754e-02
 -5.44591174e-02  6.48127794e-02  1.03427269e-01  6.31975336e-03
 -6.27321482e-04 -2.73897611e-02  3.42915654e-02 -5.57201058e-02
 -6.21420294e-02  8.04854382e-04 -2.32001278e-03  6.20174259e-02
 -6.31486699e-02 -4.11891267e-02 -1.55689679e-02 -2.87397839e-02
  7.50587955e-02 -5.21307020e-03  9.61966254e-03  1.71704777e-03
 -8.57536271e-02 -5.26216328e-02 -6.44854829e-02 -1.39777623e-02
 -2.49246811e-03 -8.58362112e-03 -2.47277822e-02  9.11536720e-03
 -1.68537013e-02  4.26578447e-02 -4.72967792e-03  4.38564233e-02
 -4.96148467e-02  5.30245192e-02 -5.30092381e-02  6.88507259e-02
  2.96713673e-02  7.66983926e-02 -1.13545191e-02 -4.13288875e-03
 -1.32848874e-01  1.47799551e-02  2.31035668e-02 -1.48993381e-03
  8.00916329e-02 -2.33583041e-02  2.35251188e-02  4.53733616e-02
 -3.38759497e-02  1.18688188e-01 -5.22771664e-02 -6.74491003e-02
 -6.13826979e-03 -2.41838694e-02 -9.00124013e-02 -2.62381222e-34
  7.38057718e-02  3.57546657e-02  1.42305922e-02  1.42914519e-01
  2.55668769e-03 -5.18172886e-03  3.29536311e-02  3.18815634e-02
  2.83796918e-02  4.90815155e-02  5.42774536e-02  1.32092446e-01
  6.39465302e-02 -7.14799017e-03  7.79246464e-02  5.17153926e-03
 -7.97138661e-02 -3.35369119e-03 -4.82222205e-03 -1.05224352e-03
 -6.13726601e-02 -1.43076926e-02  1.07034463e-02  5.72611531e-03
 -2.96193492e-02  2.99961232e-02  7.45018721e-02 -8.93334858e-03
  1.53348982e-01  5.18194214e-03  2.80879848e-02 -3.93270478e-02
 -4.74164914e-03 -4.34938408e-02  4.38314639e-02  1.53897807e-01
 -3.25592197e-02 -6.84901401e-02  6.63646832e-02 -2.82163303e-02
 -3.87340225e-02  2.90919449e-02  3.85947675e-02  4.44032401e-02
 -1.24356372e-03  3.00135445e-02  8.27859044e-02 -9.59963351e-03
 -6.89474866e-02  5.29831238e-02 -5.06989695e-02 -4.50503491e-02
 -3.51244584e-02  4.21658531e-03 -4.40840945e-02  2.98235542e-03
  9.19053629e-02  2.13554036e-02 -4.91862418e-03 -4.01528031e-02
  1.22630134e-01 -1.55906111e-03 -1.77538022e-02 -2.01921519e-02
  1.53231260e-03 -5.81995808e-02  3.02220341e-02 -2.55358443e-02
  1.10311687e-01 -3.67126651e-02  3.64677683e-02  4.73242849e-02
  5.49704023e-02  1.00885089e-02  6.73095137e-03  4.12153713e-02
 -3.88157889e-02 -8.36121365e-02 -1.35812657e-02  2.95785666e-02
  7.81934485e-02 -4.00696695e-02 -3.84012684e-02  7.99417272e-02
  2.54279338e-02  2.26635802e-05  1.81862339e-02 -1.27717316e-01
 -3.76062170e-02  5.85113578e-02 -2.97063980e-02  7.10513163e-03
 -1.01050837e-02  4.12609950e-02 -7.07624853e-02 -1.27740448e-33
  1.74969975e-02 -6.50337115e-02  1.02566425e-02 -2.88152904e-03
  5.42175248e-02  1.29412469e-02  3.40321437e-02 -2.10717078e-02
 -3.01379263e-02  3.85344625e-02 -8.11803043e-02 -8.64536781e-03
 -3.95823680e-02  6.28902093e-02 -3.90674584e-02 -2.42208247e-03
 -5.56649975e-02  8.28629732e-02  4.26146984e-02  2.29964983e-02
  6.07999414e-03  8.40030834e-02  9.57783833e-02  6.58042282e-02
  6.28455728e-03 -3.38012283e-03 -1.07077472e-01 -3.14774252e-02
 -3.86684872e-02 -1.80824092e-04  9.28491354e-03 -2.67750006e-02
  7.13930279e-02 -2.89900023e-02 -1.00075409e-01  4.89348508e-02
 -2.09282599e-02  3.06135882e-03 -4.41365466e-02 -5.56514133e-03
  3.06764618e-02 -1.17496118e-01 -2.61453707e-02 -6.92705065e-02
 -1.69886891e-02 -3.92335355e-02 -2.59847417e-02 -6.60818443e-03
  9.40235425e-03  2.87488732e-03  1.89612769e-02 -1.01658842e-02
 -3.28505337e-02  2.09434424e-02 -2.22480167e-02  4.91102487e-02
  9.05151293e-02 -7.82617480e-02 -8.58275071e-02  9.51649528e-03
  2.57548429e-02  4.92221639e-02 -6.86490862e-03  6.52235299e-02
  3.58584300e-02 -8.61861259e-02 -1.30085545e-02  4.74908240e-02
 -5.85556664e-02 -2.65531689e-02 -4.20296900e-02  5.39256111e-02
  2.38811560e-02 -9.66748148e-02 -1.19824953e-01 -3.04397587e-02
  1.49582699e-02 -4.07313965e-02  2.51857191e-02  3.22780125e-02
 -3.83913890e-02 -1.21804766e-01 -3.02754175e-02  3.07207592e-02
 -5.64573370e-02  5.28134464e-04  8.24992061e-02  2.32185721e-02
  2.04534765e-04 -4.68423292e-02 -5.54122739e-02  1.21222019e-01
 -3.41047160e-02 -3.33070531e-02 -3.21247987e-02 -1.59116684e-08
  1.29628042e-02 -6.88256370e-03 -2.57375557e-02  5.22569641e-02
 -7.99930617e-02  1.50139127e-02 -5.51322587e-02  8.04632455e-02
  3.70014384e-02  1.12854540e-01 -1.96254738e-02 -3.28535214e-02
  4.51433770e-02 -6.28430471e-02  5.88321185e-04  1.70321502e-02
  5.67005314e-02 -3.93621475e-02 -1.47354892e-02  3.98064144e-02
  7.76010677e-02 -4.83481549e-02 -2.68917624e-02  4.64914739e-02
 -5.66941798e-02 -1.65753309e-02 -7.63897821e-02  1.03938906e-02
  1.66541431e-02  1.74644229e-03 -4.22338359e-02  3.95937124e-03
  1.11418273e-02 -9.38735828e-02  1.26974676e-02 -8.13349485e-02
 -1.38018988e-02 -3.04892510e-02 -5.08131236e-02  2.29069851e-02
 -4.73294482e-02 -1.06697582e-01 -8.09617061e-03  4.28168923e-02
  7.06429258e-02  8.82985741e-02  9.32387821e-03 -4.25768867e-02
  2.51907539e-02  6.14452288e-02 -4.02167812e-02  2.01279428e-02
 -1.41864344e-02 -1.05208144e-01  1.08426455e-02 -7.43434764e-03
 -1.03876851e-02 -1.93452705e-02 -1.01243891e-02  8.09186175e-02
 -4.76918556e-02  5.06365523e-02 -9.57499295e-02  4.61338311e-02]"
17,4353b74c-48dd-4ac8-a8e5-22b2dd5b0b72,Hair Salons,nearby beauty & spas salons hair salons,"[ 6.40341714e-02 -6.30294681e-02  1.09171616e-02  4.82057370e-02
 -5.41865081e-02  5.37496097e-02  3.19239357e-03 -6.85596317e-02
 -4.74956781e-02 -6.48628771e-02  1.13039970e-01 -8.82321689e-03
 -5.38010197e-03  1.20713189e-02  2.61784978e-02 -3.90077778e-03
  7.77758509e-02  1.47207798e-02  2.82859895e-02 -4.20624316e-02
 -2.09292062e-02 -1.40084233e-02 -1.69283450e-02  2.97251735e-02
 -3.09563112e-02 -6.32987469e-02 -2.20400002e-02  3.29714343e-02
 -9.20331199e-03 -3.20240483e-02  3.53581421e-02  5.04894704e-02
 -3.70880589e-02 -5.27330115e-03  4.77191173e-02  8.73739794e-02
 -1.15597378e-02 -9.97082144e-03  3.18535939e-02  3.34757417e-02
 -7.21120089e-02 -3.71623635e-02 -8.92082080e-02  5.61841484e-03
  7.28662759e-02 -4.67591360e-02  2.27842405e-02  1.13454247e-02
  1.29480660e-03  3.12978253e-02 -1.26542319e-02 -6.77406564e-02
  6.95829932e-03  4.44944575e-03  5.81916480e-04  8.63158237e-03
 -2.60542743e-02 -5.11132786e-03 -1.38916932e-02  1.65551323e-02
  9.07788873e-02 -4.23259698e-02 -4.51927967e-02  2.41958760e-02
 -4.00803760e-02 -3.10559813e-02 -3.58221903e-02  1.05938159e-01
  5.81637025e-02 -2.28748366e-01 -1.37344133e-02 -6.22985065e-02
 -1.12534933e-01  4.30342630e-02  5.66594601e-02  8.75600427e-02
  7.01224850e-03 -1.57639571e-02  1.07345637e-02 -4.99732234e-02
  2.64835749e-02 -6.48454651e-02  5.83745986e-02  5.85723445e-02
 -1.51066147e-02  3.46082170e-03  2.90036630e-02 -1.99943073e-02
  6.55343533e-02  1.76993757e-02 -4.12005931e-02  4.96427268e-02
 -1.10076383e-01 -2.99450923e-02  2.84697954e-02 -3.12738232e-02
 -4.43532877e-02  3.08542028e-02  4.42850366e-02  7.97273740e-02
 -1.33972745e-02 -1.66446865e-02 -2.57880893e-02  4.52120006e-02
 -1.01237424e-01 -3.74618806e-02 -2.81071793e-02  5.19173220e-02
 -7.82453362e-03  1.47788627e-02  3.25343460e-02 -3.11208051e-03
 -8.49589929e-02 -2.22230703e-02 -8.91445298e-03 -4.00639661e-02
  1.06391177e-01 -5.41280657e-02  4.83790152e-02 -4.62133475e-02
 -3.94060798e-02  5.31846285e-02 -2.53392830e-02 -6.71317950e-02
 -6.55817240e-02  1.40517009e-02 -3.28765064e-02 -8.98205519e-34
  7.19899982e-02  7.26497248e-02  6.24470338e-02  4.39516343e-02
 -6.40178025e-02  1.00289397e-01 -4.84396033e-02 -3.62607241e-02
 -8.47127289e-02 -2.24155206e-02 -6.67492747e-02  2.47963201e-02
  3.65157649e-02 -7.02851042e-02  1.15412697e-02 -5.87241119e-03
  8.57982263e-02  5.08592129e-02 -2.19075698e-02 -2.86935735e-02
 -6.20028712e-02  4.39859601e-03 -8.86482000e-02 -2.72132214e-02
 -5.47704361e-02  2.16808934e-02 -5.87156322e-03 -5.63834384e-02
  2.92415805e-02  1.88931059e-02  3.05657480e-02  2.51612011e-02
  5.35559841e-02 -9.99875460e-03 -2.69999150e-02  5.32378033e-02
  1.59141247e-03 -8.95930976e-02  5.18738553e-02 -3.91698591e-02
 -6.09804876e-02  3.53869051e-02  1.48666138e-02  4.90195900e-02
  7.50876497e-03  9.48284045e-02 -2.94729415e-02 -1.05676409e-02
  2.80160792e-02  2.63493862e-02 -7.25285113e-02  5.17280400e-02
 -1.77585445e-02  1.26864374e-01  6.49049357e-02 -1.69637837e-02
 -4.69702147e-02 -1.21645620e-02  1.06330596e-01  4.41257097e-02
  3.66598889e-02  1.02787547e-01 -6.92873001e-02 -9.78240445e-02
  3.32232341e-02 -7.87372217e-02  6.78123683e-02  7.43964911e-02
  3.44403163e-02  7.91525319e-02 -4.53688838e-02  6.82308897e-02
  3.88482437e-02 -6.61029294e-03  5.61530294e-04 -5.03092352e-03
 -2.76377089e-02  4.36655022e-02 -2.32367050e-02  7.12140501e-02
  3.92969921e-02 -5.03305419e-05 -5.18633500e-02  5.61237931e-02
  3.72092314e-02 -4.22698632e-02 -3.78328264e-02 -2.66941171e-03
 -7.44577423e-02  1.91832185e-02 -6.72686324e-02  8.88927951e-02
  8.86332057e-03  1.78378876e-02 -6.76017031e-02 -2.50908810e-33
  1.98148806e-02 -1.14292257e-01  1.08236615e-02  6.15409724e-02
  3.38462330e-02  7.26725683e-02 -1.55936899e-02 -6.65147677e-02
 -3.15481126e-02  5.41222319e-02 -5.35115227e-02 -4.08396684e-02
  8.85813683e-02 -6.11037528e-03 -5.59944101e-02  6.36392683e-02
  3.40201263e-03 -4.00981903e-02  1.06826853e-02  4.25020307e-02
  1.28889224e-02  8.73871446e-02 -3.31132226e-02  4.41589719e-03
 -1.15791559e-01  2.59419847e-02 -6.00369424e-02 -3.50592211e-02
 -4.17271033e-02  2.39820424e-02 -2.49822997e-02 -3.33667547e-02
  2.75032353e-02  9.97834429e-02 -4.60017808e-02  7.85197094e-02
 -4.19092290e-02  3.69888321e-02 -2.00106530e-03  4.02128398e-02
  4.89248745e-02 -8.64786804e-02 -1.15139494e-02  2.31093392e-02
  2.86194822e-03 -8.87342840e-02 -5.57308756e-02 -3.56363989e-02
  8.47617071e-03 -3.80860791e-02  8.44893861e-04  2.64950935e-02
 -5.25165461e-02  5.32040149e-02 -4.37530428e-02  1.41006836e-03
 -9.98045434e-04 -7.62089912e-04 -7.99887851e-02  4.86252569e-02
  1.62572004e-02 -2.96819396e-02  5.61082456e-03  7.15390071e-02
  2.52723717e-03  2.59511471e-02  2.53944304e-02 -3.48881185e-02
 -1.05602602e-02 -9.82187316e-02 -1.42225018e-02  6.60071969e-02
  1.07885879e-02 -4.92171571e-02 -3.90252806e-02 -1.62280817e-02
  3.22474837e-02  2.15800889e-02  9.67599545e-03  1.81527119e-02
 -2.70147938e-02  2.00433154e-02  7.19561614e-03 -1.01195518e-02
  7.41840899e-02 -1.29678557e-02 -1.00616189e-02 -1.62561759e-02
  2.01144889e-02 -4.49909233e-02 -9.52133536e-02  9.47761908e-02
 -7.73059158e-03 -1.43159553e-01 -1.12210661e-02 -1.86443749e-08
  2.98118331e-02  5.21694347e-02  7.93220028e-02  1.24416072e-02
  3.00061926e-02 -2.39365734e-02  4.18740325e-03  7.10795596e-02
 -6.50442988e-02  6.74705058e-02 -2.04667402e-03  5.76393977e-02
  1.55169051e-02  2.18435116e-02 -4.69834637e-03 -5.26384823e-02
  4.46167886e-02  5.99927530e-02  8.39132629e-03 -1.25933215e-02
 -6.81403130e-02  4.72987257e-02  4.78484333e-02 -4.55447212e-02
 -2.92794984e-02 -4.58753146e-02 -3.47373746e-02 -1.21661788e-02
  2.57078651e-02 -7.70102292e-02  3.70321376e-03 -2.49137003e-02
  2.26777066e-02 -6.15795031e-02 -6.24172799e-02 -4.78057563e-02
 -7.37662315e-02 -4.23330516e-02 -9.27099735e-02 -6.64978251e-02
 -1.21175915e-01 -9.38750058e-02  4.82625253e-02  4.51255403e-02
  2.45256256e-02 -1.98415539e-04  1.14819251e-01 -3.18038687e-02
  7.90064805e-04  7.34176263e-02 -9.48545337e-02 -3.02704871e-02
  3.71577218e-02 -4.35158983e-02  2.64762156e-02 -1.57875177e-02
 -7.41473353e-03 -5.06172180e-02  9.15921479e-03  6.51408806e-02
 -1.01902038e-02 -5.85344620e-02  7.91092310e-03 -3.76908644e-03]"
18,7e33227b-cb07-43f9-b2e3-1c794eabf1c6,Eyelash Tinting,nearby beauty & spas brows & lashes eyelash tinting,"[-1.21891070e-02 -5.18676229e-02  1.08285040e-01  5.24192378e-02
 -4.87922356e-02 -3.44505049e-02  4.20518965e-02 -4.66460474e-02
 -9.14257690e-02 -1.68282241e-02  1.04414642e-01 -6.45897388e-02
 -5.03181778e-02  4.33522649e-02  3.85765731e-02  2.53441837e-02
 -8.20312276e-03 -6.68049604e-02  7.72197451e-03 -1.88545715e-02
  4.50111106e-02 -3.80335823e-02 -5.92659265e-02 -2.25961022e-02
 -2.14232393e-02 -1.11908671e-02 -5.95679926e-03 -1.43931964e-02
 -6.46802597e-03 -3.85857783e-02 -2.66273003e-02  7.94979706e-02
 -1.55901849e-01 -2.84054298e-02  2.26477310e-02 -1.22956941e-02
  8.53521691e-04 -3.25501747e-02  2.89044194e-02  3.04096323e-02
 -4.95607518e-02 -2.26224177e-02 -5.28809577e-02 -2.52700993e-03
  5.40616326e-02  2.39111129e-02  1.01421855e-01  1.91500280e-02
  5.55285579e-03  1.51225890e-03 -2.81044412e-02 -2.23136861e-02
 -4.75939550e-03 -2.55616475e-02  2.22257432e-02 -2.03336225e-04
  4.04720195e-03 -4.52733114e-02  6.14706464e-02 -1.12851122e-02
 -3.95450421e-04 -3.07332240e-02 -3.32914442e-02  5.34406900e-02
 -6.28423393e-02 -1.93933900e-02 -7.86725804e-03  4.48337123e-02
  1.07143641e-01 -9.62483585e-02  3.75270955e-02 -1.49561577e-02
 -8.92529339e-02  9.81867611e-02  1.05708474e-02  9.32499841e-02
  7.84099288e-03 -4.18414362e-02  2.85575241e-02  2.47527882e-02
  2.16310695e-02  3.47544737e-02  5.44449128e-02  6.91082478e-02
  1.36168618e-02 -3.59483622e-02  2.16337480e-02 -1.13980547e-01
  1.69923156e-02  4.93492596e-02  4.15088981e-02  7.44230971e-02
 -4.86427248e-02 -2.90451162e-02 -2.36539040e-02  1.37497876e-02
 -4.25889157e-02  2.50943191e-03 -1.09770782e-02  8.37009847e-02
 -4.33969460e-02 -3.93217243e-02  2.85361484e-02  1.19417302e-01
 -4.96641137e-02  1.09749101e-03  3.86870801e-02  2.88578179e-02
 -2.38419808e-02  1.64205804e-02  1.19307954e-02  5.99581655e-03
 -2.92753894e-02 -5.76809719e-02 -3.89253981e-02 -5.38122840e-02
  1.07879810e-01 -5.35346009e-02  9.87236872e-02  4.81517389e-02
 -5.61501235e-02  2.50977054e-02 -2.48619318e-02 -7.07470402e-02
  2.22108550e-02  3.46206240e-02 -1.24506289e-02  4.49926845e-34
  6.91966042e-02  5.79482764e-02  3.76954526e-02  2.80904584e-02
 -3.16940024e-02  8.11459795e-02 -4.47054729e-02  4.27589007e-02
 -4.41392250e-02 -2.64552664e-02 -5.82932420e-02 -3.56771611e-02
 -1.86354853e-02 -5.11854962e-02 -1.57546587e-02  3.02485526e-02
  7.08777755e-02  5.59806749e-02 -4.32118587e-02 -1.47811715e-02
 -7.83633664e-02 -4.35128361e-02 -2.32728384e-02 -3.14879641e-02
 -5.81035689e-02  2.15043016e-02  2.09302865e-02 -3.13126966e-02
 -2.52377205e-02  3.69342789e-02  5.93166389e-02  6.41532689e-02
  9.28256959e-02  1.97874382e-02 -2.91647036e-02  9.92491320e-02
  6.31241053e-02 -2.11654231e-02  1.63233727e-02 -4.43713274e-04
 -1.00720309e-01  1.44623462e-02  4.12829705e-02 -1.90513991e-02
 -3.52411270e-02  7.15742335e-02 -5.41185215e-02  1.45638902e-02
 -6.07642420e-02  5.54334372e-02 -2.01307051e-02  4.82200980e-02
  2.28001941e-02  6.43027350e-02  8.54435749e-03 -5.80957718e-03
 -4.28223275e-02 -1.03774078e-01  6.21199273e-02  4.35035452e-02
  5.14754504e-02  1.20209474e-02 -4.44235988e-02 -4.10743020e-02
  1.19187467e-01 -5.90438098e-02  4.99717854e-02  6.09616898e-02
 -6.97698817e-02  1.69483181e-02 -4.39671390e-02  6.15655147e-02
  3.86543274e-02 -3.66016924e-02 -1.96095230e-03 -6.61830530e-02
 -2.81398017e-02 -9.24096722e-03  1.73329879e-02  8.76892451e-03
  1.89355155e-03 -2.01671589e-02  3.81588526e-02  1.14595061e-02
  2.30023507e-02  3.46785635e-02 -3.84824760e-02 -3.13032828e-02
 -7.07943812e-02  4.29605972e-03  9.23867449e-02  8.33851844e-02
 -5.89056835e-02 -2.97147810e-04 -6.24776222e-02 -1.80044335e-33
 -7.59571791e-02 -2.93120854e-02 -2.10404173e-02 -1.57281049e-02
  4.23100684e-03  6.73748702e-02  2.18258258e-02  7.05700070e-02
  3.11082769e-02  1.00727625e-01  1.35866469e-02 -2.26278175e-02
 -5.18724613e-04 -5.45733683e-02 -7.39093795e-02  8.35768357e-02
  1.05895191e-01 -1.46225374e-02 -1.40960617e-02  1.18151922e-02
 -1.72956791e-02  4.87065203e-02  2.43838853e-03 -5.28929755e-02
 -6.60746172e-03  1.62555482e-02  3.15409303e-02 -7.86757693e-02
 -5.32813072e-02  4.47288193e-02  5.18846065e-02 -3.68150068e-03
 -5.67956595e-04  4.48975563e-02  8.65615346e-03  6.03856221e-02
 -5.30793741e-02 -1.53044369e-02 -2.29236893e-02  1.59658398e-02
  3.13843340e-02 -5.62015399e-02  6.47080243e-02  3.96974268e-04
  5.60273081e-02 -8.46513882e-02 -1.26868233e-01 -2.39964072e-02
 -3.79222482e-02  2.55016070e-02 -2.53519323e-02  3.02796960e-02
 -2.20849831e-02  1.02667689e-01 -1.39479011e-01 -5.46578504e-02
 -5.70499152e-03  3.39703895e-02 -5.68128861e-02  6.17054142e-02
  1.15927681e-02  4.80947783e-03 -8.68265629e-02 -1.19467322e-02
  3.38019393e-02  6.86239311e-03  3.98144051e-02 -3.45413722e-02
  6.13985956e-02 -2.17210855e-02  1.37830349e-02 -7.01103806e-02
 -4.35575023e-02 -9.79490057e-02  8.09481274e-03 -6.49297908e-02
  4.30602357e-02  1.04714327e-01 -6.90784231e-02  3.72259468e-02
  5.28376922e-02 -5.74520649e-03  9.39553455e-02  2.60137692e-02
 -1.61424726e-02 -1.26603479e-02 -1.35369254e-02  9.67867579e-03
 -2.66895251e-04 -1.79375634e-02 -9.61911380e-02  4.45721559e-02
 -1.22678988e-01 -6.36920184e-02 -1.39462613e-02 -1.91951379e-08
  1.17254686e-02 -4.74430099e-02  2.71708779e-02  7.07814097e-02
  4.48531657e-03 -2.67690718e-02 -2.43383683e-02  1.03981599e-01
 -6.65447935e-02 -1.98606998e-02 -1.13239011e-03  1.27971098e-01
 -1.08392639e-02 -1.48633700e-02  1.93884149e-02 -5.41501567e-02
  2.70774160e-02  5.47479019e-02 -6.43184483e-02  9.56629775e-03
 -1.13864273e-01  3.54601331e-02  6.24362938e-02  6.99279457e-02
 -4.80156317e-02 -3.47268209e-02 -2.21588667e-02  8.11753795e-03
  2.68987846e-02  2.51579490e-02  6.90074861e-02  1.15569839e-02
  5.32677434e-02 -5.39388917e-02 -1.33711532e-01 -2.45641787e-02
 -1.23416912e-02 -2.00267807e-02  1.04958017e-03  6.07508468e-03
 -8.08181018e-02 -1.14681445e-01 -7.45525537e-03  4.53194529e-02
  2.07441449e-02 -5.80785647e-02  7.23922849e-02 -4.41293679e-02
  2.65974570e-02  4.32496443e-02 -4.43550684e-02  1.00854374e-02
 -4.55814637e-02  3.47304642e-02 -1.58403870e-02 -9.79925171e-02
  4.40785810e-02  4.16418761e-02 -2.35189870e-02  3.82236578e-02
  6.64021820e-02 -1.18017934e-01  5.01434598e-03  3.76528874e-02]"
19,2157eb9c-f86a-4c7e-b672-5f350a6cda67,Weight Loss,nearby health & fitness weight loss,"[ 6.46448359e-02  5.96156381e-02  1.48827489e-02  8.58780444e-02
  3.95693928e-02  6.38473928e-02 -5.41521981e-02 -1.20914886e-02
 -4.69459705e-02 -8.16859901e-02  5.30749932e-02 -4.53986377e-02
  2.46292818e-03 -4.77646179e-02  7.68799633e-02 -9.65650454e-02
  1.04418650e-01 -7.91482534e-03 -4.33190763e-02 -3.50407995e-02
 -1.66554376e-02  2.96574123e-02  7.02092275e-02  1.04150936e-01
  1.82361377e-03 -2.96263285e-02  8.31254851e-03  3.67328897e-02
 -5.37492684e-04  4.44055535e-02  3.47348414e-02 -3.51891690e-03
 -4.92703263e-03 -1.68503132e-02 -4.03005769e-03  5.08911796e-02
  1.94721520e-02 -2.65685767e-02 -8.46613497e-02 -3.01773325e-02
 -7.26382062e-02 -2.24534348e-02 -1.38152512e-02  2.44890675e-02
 -2.19829436e-02 -2.15203520e-02 -7.25713521e-02  6.10209368e-02
  4.85895425e-02  3.09491511e-02  1.26988050e-02 -3.76095697e-02
  3.69746983e-02  3.53733227e-02  3.89062129e-02 -1.25692859e-02
 -3.52159999e-02 -7.62808323e-02 -8.93202424e-02  4.25673239e-02
  9.57331434e-02  2.32215389e-03 -1.72208231e-02  1.49205020e-02
 -1.95902213e-02  1.98090263e-02 -3.96072567e-02  3.79711986e-02
  5.75001910e-02 -1.11922033e-01  1.28810271e-03 -9.91703197e-02
 -3.87110114e-02  4.56794687e-02  2.48246435e-02  1.13717377e-01
 -7.17684766e-03 -1.89749617e-02  3.30773182e-02  1.27307815e-03
 -2.88007800e-02  1.60135087e-02  5.81797659e-02  4.41087112e-02
  1.50641128e-02  1.51435472e-02  1.13277193e-02  2.00171489e-02
  4.25537936e-02 -2.07439456e-02 -3.26119103e-02  1.01274513e-01
 -8.15930665e-02  1.78720839e-02 -5.27416915e-02 -1.54741583e-02
 -5.58092892e-02 -6.60577342e-02 -3.28569510e-03  3.68200839e-02
  2.44890060e-02  4.82888706e-02  6.88634217e-02  3.88993546e-02
  2.98075341e-02 -7.29849637e-02 -9.18853190e-03  4.75548282e-02
  9.83350351e-02  7.34886304e-02  2.70342231e-02  1.76879168e-02
  2.00982601e-03  8.32748115e-02 -1.25874355e-02  4.26577963e-02
  1.21828698e-01 -5.18668145e-02 -5.61144948e-02  4.86966744e-02
 -1.01015978e-01 -1.36551205e-02 -3.59298550e-02 -8.98227468e-02
  7.86497258e-03 -3.24007459e-02 -9.04497877e-02 -5.88501788e-34
 -8.12994596e-03 -5.20855002e-02  8.83248225e-02  6.26995228e-03
  3.73117067e-02 -3.97472233e-02 -6.67891651e-02 -7.39517137e-02
  2.97950972e-02 -4.35506031e-02 -1.82787850e-02 -1.75715275e-02
  1.14929289e-01 -5.90670854e-03  3.81690525e-02 -7.30485171e-02
  3.53663340e-02  4.40613516e-02  1.26559741e-03  3.40119489e-02
 -3.76403481e-02 -8.81547704e-02 -3.52317980e-03  1.24603445e-02
 -2.15389747e-02  5.04874103e-02  1.46432808e-02 -9.44378320e-03
  4.53936942e-02  8.26098491e-03 -1.78154260e-02 -2.62041092e-02
 -4.26131971e-02 -1.31518558e-01 -1.21118696e-02 -9.24564432e-03
 -3.56939845e-02 -3.95263685e-03 -1.89214330e-02 -6.05228869e-03
 -6.66321721e-03  1.33842952e-03  3.12119015e-02 -1.36664771e-02
  7.80268088e-02  4.06582206e-02  6.68305680e-02  1.09627629e-02
 -1.47936959e-02 -6.07454516e-02 -3.22516002e-02 -5.55771813e-02
 -1.99170467e-02 -2.97150314e-02  3.30691077e-02  7.95750599e-03
 -3.17522064e-02 -1.04806041e-02  7.88050070e-02  2.10592281e-02
  7.37448111e-02  7.85266086e-02 -4.91159409e-02 -8.17896277e-02
 -1.05520431e-02 -6.88345060e-02 -1.13900760e-02 -9.87782255e-02
 -8.48334134e-02  9.27855149e-02  7.14065358e-02  9.38042775e-02
  2.15800516e-02  2.12906413e-02  9.24687758e-02 -1.45891057e-02
 -1.00956820e-01 -2.31975298e-02 -1.62154809e-02  1.64104998e-02
  2.78659910e-02  8.26616436e-02 -3.56299281e-02  8.76649097e-02
  3.71726342e-02  2.52462644e-02 -6.20643497e-02 -3.27718556e-02
 -2.71483306e-02  1.41441895e-04 -6.20949529e-02  3.65844555e-02
 -6.24683546e-03  4.07863855e-02 -3.88465375e-02  2.55780959e-34
 -5.11976480e-02 -2.23929752e-02  2.93370485e-02 -4.16347608e-02
  4.93049510e-02 -4.76417243e-02  1.77694466e-02 -1.10850148e-02
  4.31318730e-02  6.25157803e-02  7.48576131e-04 -5.80876879e-02
 -2.03279071e-02 -2.92575322e-02  2.84025613e-02  1.47195980e-01
  8.51603076e-02 -3.17561068e-02 -2.98141185e-02  5.95070655e-03
  4.30918410e-02  2.81132180e-02 -2.69818883e-02 -1.78974532e-02
  1.18306708e-02  4.16467972e-02 -1.11735137e-02  1.20105647e-01
 -1.64303333e-02 -1.31872222e-01 -5.33606149e-02  5.19086979e-02
  2.86597144e-02  1.04988981e-02 -1.85640547e-02  5.69671839e-02
 -2.69067287e-02 -5.38780261e-03 -7.24633038e-02  1.40751209e-02
  1.18039690e-01 -4.21347395e-02 -1.03429174e-02  9.50786099e-03
 -2.45903898e-02 -5.05543984e-02  4.54706326e-03 -8.14051852e-02
 -3.63025628e-02  6.83259498e-03  8.60463008e-02 -5.65048382e-02
 -6.06707074e-02  1.01434208e-01  8.78408365e-03  4.99802679e-02
  1.39816524e-02 -2.59940773e-02 -1.09229900e-01 -1.13189936e-01
 -4.29218635e-02 -4.88822646e-02 -1.28903948e-02  8.96137282e-02
  2.26639472e-02  3.30303051e-02  8.19609836e-02  8.75865761e-03
 -9.20777023e-03  1.57682039e-02 -1.23559594e-01 -9.33250133e-03
  4.08506729e-02 -4.09247465e-02 -3.06549724e-02 -3.26587595e-02
  4.95139183e-03 -2.04276461e-02 -7.20446333e-02 -3.83493886e-03
  3.00159715e-02 -9.24798921e-02  2.73847487e-02 -7.02511668e-02
  2.21687444e-02  6.26516342e-02 -9.90998745e-02 -2.56462190e-02
 -6.61921548e-03  1.00657783e-01 -2.58615427e-02  6.40536547e-02
 -6.03349954e-02 -5.01299091e-02  2.92299651e-02 -1.48378234e-08
  4.21141684e-02 -2.95139756e-03  7.43343402e-03  3.50968763e-02
 -2.81015038e-02 -7.49900797e-03  2.13886891e-02  8.74314755e-02
  2.29020119e-02  1.18397951e-01 -1.23805813e-02  7.35282749e-02
  8.83834958e-02 -1.97556093e-02 -8.03858116e-02 -2.22678427e-02
  4.26393794e-03  6.22802079e-02 -8.96697398e-03  3.32063735e-02
 -9.13880020e-02  8.97710095e-04  2.63592806e-02  4.72532734e-02
 -5.31254523e-03 -7.41027594e-02  1.81547217e-02  4.10123691e-02
  6.55655488e-02 -4.71099392e-02  1.47588747e-02  2.33932827e-02
 -2.30527972e-03  4.82952110e-02 -2.95921862e-02 -8.57458487e-02
  1.80661101e-02  9.82166361e-03 -3.98891568e-02  6.31743446e-02
 -5.15626855e-02 -5.34147471e-02 -3.81918289e-02  5.92740923e-02
  7.01002479e-02 -6.62372336e-02  8.82809330e-03 -8.85673892e-03
  5.81142604e-02 -3.10413856e-02 -1.18129952e-02 -5.13018183e-02
 -1.27845332e-02  2.76288204e-03 -1.40570132e-02  1.12764146e-02
 -6.49662986e-02 -5.67678437e-02 -3.34823690e-02  2.75979303e-02
 -1.54756578e-02 -4.64882441e-02  4.17868793e-02  6.51125098e-03]"
20,f42abf1e-94ab-4d54-9962-94199ef65a14,Laser Hair Removal,nearby beauty & spas hair removal laser hair removal,"[-3.03201308e-03 -1.50130847e-02  9.31999609e-02  3.78504023e-02
 -7.05179796e-02 -3.01753376e-02  2.53307875e-02 -8.20778459e-02
 -6.05556332e-02 -4.74975966e-02  1.42268077e-01  6.98321909e-02
 -2.43330151e-02  6.35125162e-03  2.73869950e-02  5.83355967e-03
  5.17499559e-02  6.14366261e-04  6.62532225e-02  2.46580429e-02
  5.32591566e-02 -5.70789874e-02 -2.38926969e-02  2.28277650e-02
 -1.68152638e-02 -5.34492508e-02 -7.09509030e-02  4.68386784e-02
 -3.26502547e-02 -3.87976784e-03  7.61527568e-02  1.18535049e-02
 -6.55844882e-02 -4.55565974e-02  5.87860234e-02 -1.47363590e-02
 -4.60240915e-02 -2.96711409e-03 -2.38455366e-02  9.95292887e-03
 -1.19658802e-02 -6.23079166e-02 -7.41252899e-02  1.16234245e-02
  3.93401682e-02 -1.59423482e-02 -6.15835227e-02 -6.37259558e-02
 -2.12603752e-02  1.50829870e-02 -3.58579345e-02 -4.76685986e-02
 -3.16473208e-02  2.06800289e-02 -4.86520007e-02  3.92601006e-02
  1.86550897e-02 -3.80686927e-03  2.88596340e-02 -9.14747920e-03
  4.33940664e-02 -1.02594178e-02 -4.97535802e-02  4.56804894e-02
  4.60199043e-02 -4.21862788e-02  8.13306135e-04 -9.84736346e-03
  6.44561425e-02 -1.20575681e-01 -2.78268871e-03 -4.30363007e-02
 -7.78252631e-02  4.69916165e-02  4.56390530e-02  4.28142101e-02
 -1.04069728e-02 -1.01338709e-02  1.71649959e-02  2.95434464e-02
  7.72791207e-02  5.90034702e-04  8.55813995e-02  9.31549370e-02
 -6.99852780e-02  9.92488302e-03  4.43570502e-03 -7.74802566e-02
  2.74354406e-02 -2.39695497e-02 -4.28910032e-02  6.70906380e-02
 -7.42276460e-02 -3.18250842e-02  1.95800811e-02 -5.48200309e-02
 -7.04573765e-02 -5.74803632e-03  6.37330208e-03  7.37343654e-02
  2.50963308e-02 -3.03505454e-02 -5.54403849e-02 -1.13499667e-02
 -1.20409578e-01 -4.35368419e-02 -3.80431116e-02  5.02308272e-02
 -1.62092913e-02 -5.30433049e-03  7.91526306e-03 -5.61335944e-02
 -7.56872892e-02 -2.31087748e-02 -2.34616045e-02  5.65717891e-02
  1.40447050e-01 -9.77041572e-03  3.54997516e-02 -5.34212589e-02
 -7.03201741e-02  1.22011229e-02  3.75165269e-02 -8.90963525e-02
 -4.36666273e-02  1.77671164e-02  3.98516804e-02 -3.98642828e-34
  3.01817544e-02  7.19648972e-02  2.21472960e-02 -2.37484928e-02
 -7.72516301e-04  1.06813364e-01 -6.04972010e-03 -4.87821437e-02
 -6.49605542e-02 -5.65132648e-02 -6.72507063e-02  2.61551160e-02
 -6.14027120e-03 -5.94469309e-02  2.47426424e-03 -2.54451782e-02
  9.82939899e-02  6.61414489e-02 -1.84320158e-03 -1.16299698e-02
  9.32050403e-03  6.71267882e-02 -2.47200727e-02  3.34525923e-03
 -5.08670472e-02  3.33217643e-02 -7.72937834e-02 -4.44526412e-02
 -3.15414071e-02  2.57942267e-02  5.05420454e-02  7.65476748e-02
  1.03093041e-02 -4.11248505e-02 -4.14779875e-03  4.83077690e-02
  2.98269074e-02 -6.90270215e-02  5.76090030e-02 -2.13595033e-02
 -8.15509725e-03  2.62072962e-02  2.14252416e-02  1.18586551e-02
  1.80367213e-02  4.58295196e-02 -8.19435045e-02 -4.88940068e-03
 -9.44045465e-03  9.07728542e-03 -3.41945887e-02  7.56700188e-02
 -6.27134601e-03  3.17054093e-02 -2.05696840e-02  5.83935482e-03
 -7.53648626e-03 -2.66551264e-02  8.02519247e-02  4.04598229e-02
  8.53764415e-02  4.16356809e-02  1.19983498e-02 -9.07241181e-02
  8.15464556e-02 -4.31596078e-02  7.54149258e-02  8.02248195e-02
 -3.58286649e-02  1.98984873e-02 -1.08990647e-01  1.14239842e-01
  7.70765245e-02 -5.18251993e-02  7.15539157e-02 -5.17185591e-02
  1.79636423e-02  6.42016903e-02 -4.61531207e-02  5.89666478e-02
  2.73005553e-02  2.50878427e-02  1.82211306e-02  3.88457179e-02
  8.90241414e-02 -5.61217628e-02 -7.09357932e-02  1.31960139e-02
 -6.05361797e-02 -1.28908912e-02  4.27596979e-02  1.95974205e-02
 -5.40413521e-02  2.71868221e-02 -3.67777608e-02 -1.28502462e-33
  2.69342195e-02 -9.30740163e-02  2.94666439e-02  6.29468560e-02
  3.00339051e-02  8.61355290e-02  1.66121610e-02 -6.95651211e-03
 -2.34620590e-02  7.18295574e-02 -6.25803694e-02  3.44355823e-03
  7.36227483e-02 -5.16537167e-02 -4.82784472e-02  7.24382401e-02
  2.48166034e-03 -6.17285334e-02 -8.74578431e-02  3.03001441e-02
  1.41437482e-02  1.19453721e-01  7.99768546e-04 -5.98584628e-03
 -1.13238968e-01 -4.19844408e-03  2.60775574e-02 -1.99329741e-02
 -1.05677207e-03 -8.69004242e-03 -4.07306440e-02 -1.13514904e-02
  1.37897972e-02  1.98225696e-02 -5.90664409e-02  4.47021797e-02
 -2.42086947e-02  6.22538477e-02 -2.88641769e-02 -9.18916849e-05
  1.90513097e-02 -1.03579678e-01 -3.10207047e-02 -8.73480458e-03
  2.36449856e-02 -4.94324751e-02 -3.60689946e-02 -5.20115867e-02
 -2.66046897e-02  3.36240605e-02 -3.01578585e-02  4.54553887e-02
 -9.92369726e-02  7.80771971e-02 -2.65871845e-02 -5.59331179e-02
  2.53362134e-02 -3.80079262e-02 -1.03172399e-01  9.52427089e-02
  2.87003387e-02  2.39741392e-02 -4.83987816e-02  8.74499828e-02
  3.72739621e-02  5.61565943e-02  1.82218011e-02  3.53603140e-02
 -2.16140710e-02 -9.61436108e-02 -3.56809385e-02  6.41236976e-02
  2.59808917e-02 -2.63929889e-02  5.77490870e-03  2.03408320e-02
  5.16509712e-02  8.24888051e-03 -3.88245359e-02  3.09028290e-02
 -2.41459534e-02 -2.84141712e-02  4.74300496e-02  7.89276790e-03
  1.07146800e-01 -3.20587382e-02 -2.68154312e-02 -3.72395627e-02
 -7.38861337e-02 -3.28159817e-02 -6.22975901e-02  4.55728993e-02
  4.73946296e-02 -1.22565046e-01  2.38970108e-02 -1.71438241e-08
 -1.45446148e-03  6.68080663e-03  8.03156719e-02  1.80764832e-02
  6.32375702e-02  5.49449818e-03 -1.01668779e-02  1.30387232e-01
 -1.55238789e-02 -4.48611714e-02 -4.60792668e-02  7.31327981e-02
  3.31009626e-02  2.95332950e-02 -7.14591239e-03 -2.71392353e-02
  1.04250044e-01  9.69470814e-02 -3.99995595e-02 -7.48863211e-03
 -1.25398561e-01 -1.23752812e-02  8.29721838e-02 -2.66185291e-02
 -4.11206372e-02 -1.50422230e-02 -9.66115948e-03  5.34086376e-02
  8.24556593e-03 -5.75028360e-02  3.04912720e-02 -4.94755805e-02
  2.15326827e-02 -1.97675340e-02 -4.85562719e-02 -4.83040325e-02
 -1.14985807e-02 -3.90655687e-03 -6.74450994e-02 -5.79854101e-02
 -4.02874909e-02 -1.68361440e-02 -5.10760397e-03  4.05938961e-02
  1.31321717e-02  7.35682156e-03  8.07884559e-02 -1.17582582e-01
 -9.86368116e-03  1.18584029e-01 -2.57570185e-02  3.18729808e-03
 -5.32335639e-02 -1.09981769e-03 -2.96040587e-02  4.84385790e-04
  6.28574938e-02 -5.07011972e-02  1.40079914e-03  6.76476359e-02
  6.00093938e-02 -1.06465675e-01  6.49220049e-02 -3.82369664e-03]"
21,bf7c130b-3cba-4240-929d-0a8197037f1f,Couples Massage,nearby beauty & spas massage couples massage,"[-1.35559775e-02 -3.89717259e-02  3.88490707e-02  6.69334307e-02
 -7.07013309e-02  1.79231931e-02  1.12698199e-02 -9.50577036e-02
 -2.93638539e-02 -6.07733727e-02  1.00524448e-01 -1.76047646e-02
 -2.08193697e-02  7.41920993e-02  1.00383975e-01 -3.07229459e-02
  1.00377038e-01 -4.86255251e-02  7.27427900e-02  1.98345855e-02
 -4.99825366e-02 -2.47959010e-02 -2.14703362e-02 -1.46121113e-02
 -7.21383393e-02 -2.66761314e-02 -3.23360898e-02 -3.65758035e-03
 -1.35039883e-02 -1.36230141e-03  2.11747475e-02  3.58830243e-02
 -5.71504422e-02 -1.88405793e-02  2.95668542e-02  1.44436002e-01
 -6.22367710e-02 -5.20972200e-02  4.91096452e-02  2.43746433e-02
 -8.11377242e-02 -9.16981511e-03 -1.02975965e-02  1.73596181e-02
  3.56520303e-02  1.19812917e-02  4.82559055e-02  2.49809213e-03
  5.43566570e-02  2.32508276e-02 -9.72303189e-03 -6.25222921e-02
  1.65901482e-02  3.17432620e-02  3.23627293e-02 -3.45018990e-02
 -1.23392269e-01 -5.56972213e-02 -4.78610396e-02  6.60402551e-02
  7.00515062e-02  3.90556566e-02 -2.86233556e-02  1.41192824e-02
 -2.80209184e-02 -2.70908289e-02 -6.98614419e-02  1.20592386e-01
  5.22112623e-02 -1.52858868e-01 -3.10647488e-02 -1.03937462e-02
 -4.56024148e-02  7.88115859e-02  5.22581935e-02  7.13609233e-02
 -1.98945422e-02 -1.28859549e-03  3.03462544e-03 -1.01259008e-01
 -2.68569458e-02 -4.89104725e-02  3.13163884e-02  3.40052322e-02
 -3.90809439e-02  1.03837939e-03  5.05746976e-02 -1.86665449e-02
  6.82543963e-02 -1.41150653e-02 -2.14070990e-03  4.78576384e-02
 -1.53439045e-01 -4.46153022e-02 -1.37272868e-02  5.58423158e-03
 -4.69051115e-02  7.22163767e-02 -4.07379270e-02  1.11135826e-01
  4.89519024e-03  3.84226292e-02 -3.97219695e-02  5.23532480e-02
 -6.86651468e-02  1.31588476e-02 -4.43907417e-02  2.81105321e-02
  5.48479147e-02  2.65257433e-02  7.73102336e-04  1.08334022e-02
 -8.88038725e-02 -1.09086437e-02 -1.57582741e-02 -6.67515770e-02
  1.19399287e-01 -1.87927466e-02  7.89453760e-02 -3.52571867e-02
 -5.25072357e-03 -5.55228740e-02  1.87921170e-02 -6.74067736e-02
 -7.57599771e-02  1.37892775e-02 -9.47446842e-03 -6.93419296e-34
  3.12322434e-02  5.03721125e-02  7.87632018e-02  3.69185135e-02
 -8.17389935e-02  9.63803157e-02 -6.82431981e-02 -3.63836549e-02
 -5.28506935e-02 -2.32937206e-02 -7.21782595e-02  5.77325597e-02
  6.60646409e-02 -1.95587371e-02  1.38793942e-02 -7.52971023e-02
  5.65139614e-02  3.49516124e-02 -9.79238003e-03 -6.43312559e-02
 -3.97892818e-02  2.42255460e-02 -6.66984096e-02  4.88159396e-02
 -9.91253555e-02  2.94963606e-02  4.14046198e-02 -2.58497782e-02
  7.11409003e-02  3.91856441e-03 -1.01341843e-03 -4.71109431e-03
  7.83708692e-02 -1.09739266e-02  1.04682951e-03  5.22245429e-02
 -5.32412715e-03 -7.90453702e-02  4.50344793e-02 -9.11852531e-03
 -2.65306719e-02  2.45833099e-02 -5.81360655e-03 -8.89541209e-03
 -1.67839117e-02  7.79196396e-02  8.05781875e-03 -3.28766927e-03
  1.44000994e-02 -8.03560168e-02 -1.09412782e-01  4.64087762e-02
 -3.51785757e-02  1.11690074e-01 -1.19603928e-02  2.18524113e-02
 -1.48066077e-02  9.72923182e-04  4.35453653e-02  1.79547481e-02
  6.97361901e-02  5.54326922e-03 -1.44527135e-02 -1.59169704e-01
 -1.53814415e-02 -2.87496727e-02  4.23904099e-02  2.17260029e-02
  4.56368960e-02  6.75143227e-02 -2.43755355e-02  7.33589306e-02
  3.79568487e-02  1.40502658e-02  4.63922508e-03 -2.24597263e-03
  3.60189006e-02  3.86227779e-02 -1.92568675e-02  5.05873710e-02
 -3.16524953e-02 -1.18205585e-02  1.37216528e-03  1.32807150e-01
  2.81634275e-02 -2.75076535e-02 -8.62832218e-02 -1.06996326e-02
 -7.48140290e-02  4.93566506e-02 -6.19615577e-02  9.18261930e-02
  4.74287160e-02 -3.48406918e-02 -2.02946849e-02 -1.54375524e-33
 -8.54108110e-03 -4.11719866e-02  2.06403472e-02 -2.91951615e-02
  6.06231019e-02  5.79056218e-02 -8.78530089e-03 -2.71123350e-02
 -5.86278662e-02  1.38738111e-01 -7.91804194e-02 -6.89516738e-02
  7.86911398e-02  8.26584082e-03 -6.03439100e-02  7.87453949e-02
 -3.22801503e-03 -9.06741153e-03  1.22257425e-02  7.97862187e-02
  3.00823171e-02  1.18000738e-01  1.85927730e-02  5.23730405e-02
 -2.53595132e-02  7.10563287e-02 -2.02050824e-02 -5.35748899e-02
 -6.25321418e-02  2.93846037e-02 -5.04879169e-02 -2.61517148e-02
 -3.40357469e-03  8.63718614e-03  1.34563139e-02  5.39646856e-02
 -6.98933154e-02  1.78719778e-02 -4.70696166e-02  7.02711865e-02
  1.03577062e-01 -6.12424277e-02 -4.64442559e-02  4.15024981e-02
  1.60040483e-02 -4.89655696e-02 -1.06491216e-01 -1.78969558e-02
 -6.99343625e-03 -9.45359527e-04  2.91070458e-03 -4.87483628e-02
 -9.86713618e-02 -1.87998246e-02 -4.62332964e-02 -6.24842495e-02
  7.08400384e-02  1.99628491e-02 -9.81297046e-02  3.55637744e-02
 -1.79883800e-02 -1.28796455e-02 -3.00141913e-03  5.78199551e-02
  3.39236632e-02  5.39429747e-02  2.61557549e-02 -7.23802764e-03
 -8.10134262e-02  4.78537660e-03 -2.99750771e-02  2.68298183e-02
 -1.05062388e-02 -5.14996573e-02 -3.38966772e-02 -1.05146132e-02
  2.78133750e-02 -5.31490073e-02  1.96880177e-02  2.65725590e-02
 -5.99516416e-03  1.86982993e-02  4.31147739e-02  1.60420816e-02
 -6.22793613e-03  1.62512045e-02  4.16819602e-02 -1.49189085e-02
 -5.71204834e-02  1.52585153e-02 -4.78455536e-02  5.71010225e-02
  1.39922276e-02 -9.67003405e-02  8.87437444e-03 -1.65611986e-08
 -2.18869820e-02  4.59669083e-02  7.28459377e-03 -3.85272689e-02
 -3.88648510e-02 -2.12406684e-02  8.39932170e-03  5.40066473e-02
  7.09199999e-03  6.47241250e-02 -4.18452993e-02  4.87811491e-02
  7.20629767e-02 -1.51794711e-02  2.90976488e-03 -8.15907773e-03
  4.32076976e-02  3.80512960e-02 -5.69707230e-02 -3.26664560e-02
  3.02666565e-04 -1.17438771e-02  2.72624549e-02  2.04886347e-02
 -1.93938389e-02  6.18560473e-03  1.35810785e-02  2.46671122e-02
  3.27495672e-02 -1.21082485e-01  2.53956374e-02 -4.86596152e-02
  5.29728420e-02 -3.23316082e-02 -1.81718431e-02 -5.62397065e-03
 -9.20111015e-02 -4.66662012e-02 -5.49946800e-02  6.45424193e-03
 -1.16675742e-01 -6.48715869e-02 -2.23717047e-03  4.52336818e-02
  2.73603667e-02  1.90815125e-02  5.19731529e-02 -2.45458521e-02
 -1.11032389e-02  8.99678692e-02 -6.38765469e-02 -3.99768353e-02
  1.81404557e-02 -6.58464730e-02  1.72341410e-02 -4.76992577e-02
 -6.52484968e-02 -2.31109764e-02  3.70773375e-02  5.64943217e-02
  1.99945346e-02 -3.98320630e-02 -8.09649006e-03 -1.13524497e-03]"
22,3c695d88-a6d5-4eae-8acd-b8e4672b2916,Waxing,nearby beauty & spas hair removal waxing,"[-6.87904377e-03  1.41100143e-03  1.22497208e-01  2.90102623e-02
 -5.56716062e-02 -2.74210237e-02  4.26063091e-02 -7.26113841e-02
 -1.15241617e-01 -3.05544101e-02  1.36015326e-01  4.67110313e-02
 -5.54026775e-02  2.77831126e-02  1.96176171e-02  1.41477343e-02
  6.13345951e-02 -2.61721434e-03  2.44183615e-02 -1.71861500e-02
  5.93057014e-02 -2.59337462e-02 -1.99074000e-02  1.69819221e-02
  4.86146361e-02 -8.17211121e-02 -1.39002921e-02  2.31888387e-02
 -1.21741621e-02 -3.21552940e-02  6.50460348e-02  5.92268594e-02
 -3.70417349e-02 -8.54680911e-02  5.51868491e-02  1.23794097e-02
 -4.84938100e-02 -3.69319655e-02  4.27434109e-02  7.41296681e-03
 -3.43172215e-02 -3.61026786e-02 -7.75348619e-02 -2.14408878e-02
  8.96161348e-02 -4.87669930e-02  2.69253645e-02 -1.16727389e-02
  3.51649113e-02  2.61344109e-02  3.89313884e-02 -5.45851998e-02
  8.76795314e-03  3.84661742e-02 -5.50178140e-02  9.75302234e-03
  3.49861421e-02 -1.52031658e-02  1.34330876e-02  3.16925929e-03
  4.29403707e-02  1.32464804e-03  1.07799433e-02  3.15144919e-02
 -1.50725711e-02 -4.14308943e-02 -3.43803391e-02 -8.14750849e-04
  4.46874574e-02 -1.38177395e-01 -1.67625938e-02 -5.32428212e-02
 -6.99867159e-02  4.62443680e-02  4.84936535e-02  7.22985491e-02
 -1.32178543e-02 -1.79947726e-02  1.11817596e-02  2.65312707e-03
  8.15141201e-03 -6.03338741e-02  8.78693908e-02  5.33697642e-02
 -6.68768361e-02  9.04932560e-04  2.39435043e-02 -7.83914700e-02
  4.97185029e-02  3.23615335e-02 -2.82083508e-02  5.50139397e-02
 -1.03516065e-01  1.98315158e-02 -2.81252130e-03 -1.96425132e-02
 -7.76093677e-02  6.38914108e-02  5.22054136e-02  7.80473277e-02
 -2.86760405e-02 -2.79807467e-02 -5.50672598e-02 -2.35093180e-02
 -9.04705375e-02 -6.89303130e-02 -1.81952324e-02  2.10867245e-02
  1.10151758e-02 -2.48418991e-02 -3.67613919e-02 -1.76005848e-02
 -4.99180406e-02 -5.54280216e-03 -8.24272707e-02  1.30618587e-02
  1.70107961e-01 -2.50886157e-02  9.52035841e-03 -5.53014539e-02
 -2.26235352e-02  1.21099758e-03  2.02586353e-02 -8.52110013e-02
 -3.63416374e-02 -3.00660376e-02 -1.40293697e-02 -1.23942416e-33
  3.05121392e-02  1.01981752e-01  4.39881831e-02  1.31210731e-02
 -3.28002386e-02  1.01212598e-01 -2.79224031e-02 -5.23215532e-02
 -5.16175702e-02 -4.44725715e-02 -6.51712865e-02  1.61823854e-02
  2.31241249e-02 -6.22499660e-02  3.60348192e-03 -2.00562943e-02
  8.33911672e-02  3.27771232e-02  1.32498862e-02 -6.12082295e-02
 -1.01897037e-02  4.47016992e-02 -6.74438700e-02 -3.62110771e-02
 -2.19741911e-02  4.55236919e-02 -7.14396015e-02 -6.32873550e-02
 -2.30272841e-02  2.39394754e-02  7.96410292e-02  5.22484630e-02
  4.82648797e-02 -4.70070029e-03 -3.90560459e-03  6.74873143e-02
  3.77381518e-02 -6.62674382e-02  2.93567143e-02 -2.12319903e-02
 -4.85162660e-02  2.85126688e-03  4.19959277e-02  2.28774659e-02
 -4.15024497e-02  3.12833749e-02 -7.76431262e-02  5.32249454e-03
  4.47559170e-03  2.33482700e-02 -1.57856420e-02  9.90679041e-02
  4.03963029e-02  8.11006948e-02  1.89072732e-02 -3.35281938e-02
  1.02081511e-03 -8.35546032e-02  7.00633600e-02  3.97993475e-02
  6.23245351e-02  5.88436164e-02 -1.78311635e-02 -1.05167270e-01
  3.94349322e-02 -4.34270091e-02  4.73755747e-02  1.09370723e-01
 -6.84038773e-02 -3.84311154e-02 -7.60850385e-02  9.56360474e-02
  1.02453027e-03 -3.55580635e-02 -8.18999670e-03 -4.48479988e-02
  1.30996034e-02  4.51547541e-02 -2.94905696e-02  1.88809391e-02
  1.79652367e-02 -1.00528793e-02  5.78987831e-03  4.84387251e-03
  5.62704504e-02 -2.61189938e-02 -5.27328849e-02  2.30167229e-02
 -2.33023204e-02 -8.28381069e-03  5.87802986e-03  9.26445052e-02
 -4.35831398e-02  4.93538603e-02 -5.82406484e-02 -1.28385454e-33
  3.03525175e-03 -8.37674364e-02  3.35091725e-03  9.77116302e-02
  4.92792763e-02  5.56499436e-02  8.96088313e-03  9.85286571e-03
 -3.92493531e-02  4.32547033e-02 -5.06962314e-02 -5.55160977e-02
  9.41501036e-02 -2.98012197e-02 -4.35466394e-02  8.62263367e-02
  1.90121811e-02 -3.65134515e-02 -5.24874479e-02  4.44678813e-02
  2.14026999e-02  1.39691263e-01 -5.28691802e-03 -4.60240021e-02
 -1.69099346e-01  2.36609727e-02 -6.32869452e-03 -3.66733223e-02
  1.35567337e-02  3.29143777e-02 -2.69876029e-02 -8.25098250e-03
 -2.09238497e-03 -3.20119075e-02 -4.23854366e-02  7.32531622e-02
 -1.10221915e-02  2.16269325e-02 -2.70947274e-02  4.46605124e-03
  6.22768402e-02 -1.11854792e-01 -1.34938890e-02  1.45993261e-02
 -5.59314247e-03 -3.28055657e-02 -5.01870662e-02 -3.00582889e-02
  6.33430062e-03  5.91133870e-02  5.32443002e-02  3.34027410e-02
 -4.03901190e-02  1.03219494e-01 -4.90070023e-02 -9.42690019e-03
 -7.36742327e-03 -2.41227578e-02 -1.02090962e-01  7.66964555e-02
  3.48573625e-02  1.01001682e-02 -5.21139316e-02  6.97392374e-02
 -8.89382977e-03  2.34005712e-02  3.32138129e-02  2.05255058e-02
 -1.42186638e-02 -1.02155976e-01 -5.85168153e-02  3.34966555e-02
  1.58600020e-03 -3.25147435e-02 -2.45181415e-02 -9.92827467e-04
  4.96387705e-02 -5.70056541e-03  5.58680738e-04  1.07171508e-02
 -3.13272998e-02  2.41920515e-03  5.45109026e-02  2.23361030e-02
  1.07268073e-01 -5.26958331e-02 -1.11645915e-01 -2.99535505e-02
 -5.94925247e-02 -4.18624394e-02 -8.10005590e-02  6.31475225e-02
  3.38528608e-03 -8.91331881e-02 -8.69072787e-03 -1.76138624e-08
 -3.39749124e-04 -5.33622131e-03  7.44218677e-02 -1.21529140e-02
  4.25309837e-02 -2.00580545e-02  1.29845254e-02  9.31063667e-02
 -1.91992931e-02 -2.83044819e-02 -3.14048752e-02  1.23168930e-01
  2.08837837e-02  5.05644223e-03  1.36212970e-03 -5.63366637e-02
  6.38659671e-02  1.03113420e-01 -4.13099900e-02 -6.03798740e-02
 -1.14606686e-01  7.34287826e-03  5.53175397e-02 -2.16342527e-02
  1.52107440e-02 -2.04996411e-02  3.32077146e-02  6.08873852e-02
 -1.90172121e-02 -3.71004269e-02  3.63091640e-02 -5.71157364e-03
  6.25896687e-03 -3.99202406e-02 -4.67152521e-02 -2.61197835e-02
 -1.65877976e-02 -3.94404419e-02 -8.91848728e-02 -3.14915255e-02
 -8.10904950e-02 -3.41432430e-02 -6.40220067e-04  3.11154537e-02
  1.93340871e-02 -5.23383170e-02  8.78593996e-02 -5.25041260e-02
  9.95610654e-03  1.15099087e-01  1.16582215e-02 -2.94785574e-02
 -6.75775763e-03  5.23373485e-03  3.03844530e-02 -1.02646546e-02
  7.04661310e-02 -1.64947044e-02  8.91118869e-03  8.25337097e-02
  3.54209803e-02 -1.35625452e-01  4.67315838e-02 -6.50673592e-03]"
23,4e69848a-68ae-4661-bb9e-cd41c197c7e2,Photographers,nearby personal services photography photographers,"[ 1.64327938e-02 -2.62985323e-02  1.65899564e-02 -5.23259193e-02
  3.36589888e-02 -8.91387463e-03  4.29726020e-02  1.97429559e-03
 -2.14500017e-02 -4.59297374e-03  9.34356153e-02  2.26225015e-02
  3.26821133e-02  8.35763663e-02  8.46760720e-02 -7.74584562e-02
  1.10760577e-01 -8.97062644e-02 -6.66030403e-03 -4.04781429e-03
 -1.42143935e-01 -1.02065532e-02  1.16824387e-02 -2.15355698e-02
 -2.66469996e-02 -6.19075298e-02  3.41281146e-02 -2.13867202e-02
  1.01695945e-02 -9.56790335e-03  8.03800393e-03  5.07657379e-02
 -5.22387074e-03  2.90548187e-02  8.11750665e-02  9.56553817e-02
  2.08208207e-02  2.89123552e-03  3.85913905e-03  5.06720506e-02
 -4.78895046e-02 -6.85767177e-03  1.79162261e-03 -3.23569924e-02
  1.74819641e-02  4.15372383e-03  4.62152287e-02  3.88298780e-02
  4.13207198e-03 -1.81622170e-02 -2.27463245e-02 -4.56291549e-02
 -2.10188590e-02 -1.04259988e-02 -2.03633774e-02 -6.98827654e-02
 -6.13061823e-02 -7.82350916e-03 -2.12022122e-02 -7.05302972e-03
  3.16422656e-02 -3.32369879e-02 -7.32945427e-02  3.91817605e-03
  3.18823457e-02  1.16930179e-01 -1.10812420e-02  1.18370615e-02
  6.27275109e-02 -1.31140098e-01 -6.53292388e-02  1.56925190e-02
 -8.39433298e-02  8.59416500e-02  6.94041466e-03 -2.62887161e-02
  1.19715985e-02 -9.39585920e-03  2.00293567e-02 -7.61795342e-02
  6.74326122e-02 -4.28466536e-02  4.71406579e-02  4.54779156e-02
 -2.92430911e-02 -5.93506992e-02 -2.91309264e-02 -1.37164537e-02
  2.33759116e-02 -5.37473224e-02 -4.34389338e-02 -3.90476733e-02
 -8.43518898e-02 -1.04012571e-01 -5.90815283e-02 -3.86452973e-02
  1.04586063e-02 -2.64019221e-02 -1.58255398e-02  5.30545078e-02
  6.99998403e-04  2.75008474e-03  3.01895104e-02 -6.09323615e-03
 -1.69018507e-02  4.64678109e-02 -6.51659369e-02  3.65895145e-02
 -5.03559131e-03  5.95243797e-02 -4.51980438e-03  4.82479408e-02
 -1.35671079e-01 -8.89699347e-03  3.74802835e-02 -4.14656177e-02
  6.21812278e-03  1.48501461e-02  2.63031777e-02 -3.37528549e-02
 -3.96773666e-02  3.88615727e-02 -1.04224220e-01 -3.67100164e-02
 -4.40232158e-02 -7.14543741e-03  2.27518454e-02 -9.01911632e-34
 -6.91717630e-03  9.21993107e-02  3.38124931e-02  7.12458938e-02
  5.95999546e-02  5.17385686e-03 -6.50485456e-02  1.77779384e-02
 -3.91163342e-02 -3.74124013e-02  6.45605177e-02  6.55834824e-02
  6.60890564e-02 -2.15822109e-03  5.12856543e-02  3.10341790e-02
  3.80996689e-02 -1.86288767e-02 -9.77908634e-03  3.78167741e-02
 -1.11243159e-01 -5.98535649e-02 -2.63011362e-02  1.10520564e-01
 -1.69796881e-03  1.59035344e-02  9.58155617e-02  1.35788638e-02
  1.23640336e-01 -2.24180631e-02  9.40647256e-03  3.46510597e-02
  2.80834604e-02 -1.88858081e-02  5.81198074e-02  5.11925183e-02
 -2.76577994e-02 -1.07482560e-01  6.00811802e-02 -1.19639868e-02
 -8.45879987e-02  1.15101568e-01 -4.57493812e-02  4.37581446e-03
 -1.07727060e-02  8.30134377e-02  1.13050891e-02  4.54654805e-02
 -7.82821998e-02  2.06765272e-02 -1.38725657e-02  1.11295339e-02
 -8.79939124e-02  1.09663352e-01 -1.56623535e-02  3.54480073e-02
  3.97246704e-02 -5.75965829e-02  5.24147637e-02 -5.45249842e-02
  1.11278445e-01  2.63435468e-02 -2.71466654e-03 -2.26569716e-02
  3.26355807e-02 -8.35544914e-02  8.80642533e-02  2.98738778e-02
  7.15032294e-02  4.54295985e-02 -3.25830355e-02  3.02826837e-02
  6.26664832e-02 -1.70246977e-02  6.45421669e-02  4.74728383e-02
 -9.78069305e-02  1.05702342e-03  2.94569209e-02  1.39915109e-01
 -5.80002218e-02  5.91703430e-02 -4.97013405e-02  5.18082976e-02
 -1.73734676e-03 -1.51156075e-02 -2.36569159e-02 -5.89947356e-03
 -9.76046249e-02  7.27183372e-02 -5.54488637e-02  5.71967624e-02
  1.83396984e-03  5.68544939e-02 -5.93715906e-02 -5.25785123e-34
  6.21843105e-03 -1.47309434e-02  2.81567387e-02 -1.58655532e-02
  5.83010390e-02 -5.49934693e-02  7.30594024e-02 -2.47398149e-02
 -3.42184561e-03  3.78027409e-02 -7.80409276e-02 -3.18512172e-02
  1.37094210e-03  1.86182819e-02 -5.77522255e-02  5.79240993e-02
  5.09310002e-03  2.15711202e-02 -5.64253926e-02 -2.29535755e-02
  2.65551824e-02  2.58985274e-02  7.92896301e-02  4.19275761e-02
 -7.65374303e-03  7.67685473e-02 -2.99301334e-02 -2.44202893e-02
 -4.07330580e-02 -9.86110419e-02 -1.21676382e-02 -6.61069080e-02
  9.26087126e-02 -3.44900154e-02 -1.75127126e-02  5.89094982e-02
 -2.75414232e-02  5.07004522e-02 -3.27324420e-02 -3.23214335e-03
  6.63621305e-03 -7.26438388e-02 -7.43659632e-03 -4.41683009e-02
 -4.64784876e-02 -7.35292137e-02 -4.34344709e-02 -4.56356406e-02
 -5.65032028e-02 -4.64085117e-02 -5.51643521e-02  4.44530649e-03
 -5.22627197e-02  6.27114624e-02 -7.34320953e-02  2.19857097e-02
  3.23180929e-02 -1.82005893e-02 -1.28686344e-02  3.97423021e-02
  1.47611396e-02 -3.14278342e-02 -1.85565464e-02  5.85144199e-02
 -1.91127993e-02 -4.35796119e-02  1.51762012e-02  4.73677516e-02
  3.59767978e-03  3.91052403e-02 -3.72790135e-02  1.77651383e-02
  3.28765400e-02 -3.93598946e-03 -5.10488525e-02 -6.09399863e-02
  3.17547917e-02 -2.67390106e-02  5.46737798e-02  2.30048858e-02
 -1.64307356e-02 -6.54456541e-02 -8.46147016e-02  6.04692698e-02
  2.15722900e-02 -3.37650813e-02  1.07823916e-01 -7.38202557e-02
 -7.35006109e-03 -8.39055777e-02 -1.77051760e-02  5.08119203e-02
 -6.10731579e-02 -8.00284818e-02 -3.34165543e-02 -1.36227811e-08
 -5.49877137e-02  4.14999649e-02  1.61220599e-02  3.44027691e-02
 -2.62654759e-02 -4.81278561e-02  3.49835269e-02  8.29659551e-02
  2.60123909e-02  5.60711101e-02 -1.46636097e-02 -9.07372832e-02
  6.54994473e-02  5.73353795e-03 -6.83417823e-03 -3.19892424e-03
  7.23494217e-02  1.90574843e-02 -4.21805866e-02  2.93880533e-02
 -9.08537954e-03 -1.60851516e-02  4.59124446e-02  1.48954159e-02
 -5.31572364e-02 -7.45206466e-03 -3.06664314e-02 -2.50904988e-02
  5.36653697e-02 -6.95590954e-03 -2.36603711e-02  1.18987178e-02
  5.26869372e-02  3.14660929e-02 -3.79080251e-02 -9.07213390e-02
 -1.44034857e-02 -2.75438931e-02 -1.95731167e-02  2.35981289e-02
 -4.14083973e-02 -3.82822342e-02 -7.11420598e-03  1.00790799e-01
  7.45787397e-02  5.93228415e-02  1.47642732e-01 -1.77627578e-02
 -8.16013440e-02  5.93152195e-02 -4.95992117e-02 -3.65068801e-02
  5.66817783e-02  5.09308502e-02 -1.20909652e-02 -4.84788530e-02
  5.16729243e-02 -2.51639616e-02 -3.89478635e-03  1.27269953e-01
 -6.75133318e-02 -2.20984649e-02 -1.07396163e-01  2.88957618e-02]"
24,6cc900d8-2086-4fcf-b8aa-38f771a42335,Salon Packages,nearby beauty & spas salons salon packages,"[ 3.39568080e-03 -1.99975520e-02  1.19275842e-02  3.74756865e-02
 -2.68640257e-02  5.68572804e-02  2.91138403e-02 -7.04044774e-02
 -7.73438066e-02 -3.47640030e-02  8.00758749e-02 -1.96168609e-02
 -4.09635007e-02  5.82948560e-03  5.13193347e-02  1.32821486e-04
  1.11816689e-01  3.59094702e-03  7.94084452e-04 -3.04946471e-02
 -3.86733860e-02  1.24687180e-02 -1.24996565e-02  6.30499348e-02
 -6.31138906e-02 -1.64566040e-02 -6.88049719e-02 -3.10849100e-02
  1.17792441e-02 -3.40790674e-02  4.12555709e-02  6.66032955e-02
 -3.85395512e-02  3.77387949e-03  8.40208158e-02  1.11604095e-01
 -2.23415275e-03 -5.47616333e-02  4.19908948e-02  4.33465429e-02
 -7.19297379e-02 -4.81693335e-02 -1.27268672e-01  3.70379463e-02
  6.47039264e-02 -8.21345598e-02  4.51251715e-02  2.32224688e-02
  2.35552359e-02  4.15811203e-02  1.15844337e-02 -1.07558621e-02
 -4.07287031e-02 -2.00682394e-02 -5.36163431e-03 -1.00183440e-02
 -2.02356838e-02  2.86861934e-04 -3.37673612e-02  2.13949494e-02
  3.81280184e-02 -4.99197915e-02 -6.59785718e-02  3.70156839e-02
 -8.29893425e-02  8.25335737e-03 -2.34228037e-02  6.36148676e-02
  3.41910236e-02 -1.81507453e-01 -7.98882023e-02 -1.37255173e-02
 -6.36330321e-02  5.36403917e-02  7.92629644e-02  7.00626150e-02
  3.38292420e-02 -5.59098907e-02 -3.08750495e-02 -3.31736282e-02
  2.75141448e-02 -2.36692727e-02  6.74789399e-02  7.34840408e-02
 -3.18506323e-02 -2.60854270e-02  3.38254645e-02 -8.66267830e-03
  3.07961050e-02  1.62757665e-03 -3.50843929e-02  2.99940668e-02
 -9.00976881e-02 -3.01696509e-02 -5.31862816e-03 -4.36388180e-02
 -2.34372187e-02  1.65350568e-02  4.38918546e-02  8.98262784e-02
 -1.34321852e-02  2.12966390e-02  1.71266105e-02  5.19227795e-02
 -7.98392594e-02 -4.20674458e-02 -6.41807765e-02 -2.82017887e-03
 -1.04018711e-02  5.10671884e-02 -2.40004919e-02 -1.17141996e-02
 -4.68281396e-02 -5.84393330e-02 -4.02074642e-02 -3.96543592e-02
  1.08061105e-01 -3.88506390e-02  6.71572611e-02 -8.32181647e-02
 -1.14606358e-02  4.00806703e-02  5.25591299e-02 -6.57461509e-02
 -9.71383303e-02  5.33618033e-02  1.75893642e-02 -7.98361325e-34
  4.25226800e-02  6.57759532e-02  1.12312697e-02  7.66110346e-02
 -8.77607055e-03  6.64147362e-02 -1.60546172e-02 -4.94794622e-02
 -3.75009850e-02 -1.14489878e-02 -6.78654462e-02  1.07907904e-02
  3.93740870e-02  3.02496068e-02 -1.30087249e-02  2.12602783e-02
  5.83459474e-02  5.75354099e-02  3.12274657e-02 -4.12529260e-02
 -1.09750681e-01 -3.35659310e-02 -4.81886156e-02  6.91538677e-03
 -3.09024379e-02  5.85627630e-02  7.65600428e-03  4.02521826e-02
  4.09380831e-02 -1.37133023e-03  1.26237227e-02  1.40784355e-02
  8.52681696e-02 -1.49941016e-02 -6.19898178e-02  6.00446239e-02
 -4.04989421e-02 -8.14328790e-02  8.47120732e-02 -4.73187268e-02
 -1.88308377e-02  7.94851258e-02  3.08529455e-02  8.66879523e-02
  4.76421528e-02  1.02784075e-01  1.25772208e-02 -6.48386602e-04
  5.83943874e-02 -1.18989917e-02 -9.30331275e-02  4.85412665e-02
 -2.48132665e-02  1.26971215e-01 -5.49718458e-03 -7.50099793e-02
  2.48423498e-02  6.31259987e-04  9.30147395e-02 -9.92006995e-03
  2.73896512e-02  7.39289150e-02 -4.53626141e-02 -5.26570864e-02
  8.84550139e-02 -1.01272091e-01 -2.58485670e-03  4.27738279e-02
  1.18564712e-02  5.51263317e-02 -2.60987207e-02  1.13015227e-01
  5.47516048e-02 -5.19089587e-02  3.37275490e-02 -5.00717945e-03
  4.98899259e-03  6.59926534e-02 -1.72354821e-02  2.17178222e-02
  5.17093949e-03 -8.54162220e-03 -2.65040156e-03  3.38885300e-02
  1.51315182e-02 -1.12570347e-02 -1.84894912e-02  2.71123368e-02
 -4.26936746e-02 -2.26156898e-02 -4.40081581e-02  8.55128914e-02
  1.41977314e-02 -3.04078013e-02 -2.41617709e-02 -1.79946457e-33
  3.96615453e-02 -4.94294390e-02  3.57345655e-03  8.58332142e-02
  5.80552965e-02  1.11029513e-01 -3.07005234e-02 -5.30955642e-02
  1.18989386e-02  3.75843048e-02 -7.13221878e-02 -2.94636432e-02
  6.31301031e-02  6.88068336e-03 -3.11461259e-02  3.98779176e-02
 -1.42272352e-03 -3.70850377e-02  3.89104038e-02  4.35790978e-02
 -2.81282980e-03  1.00145757e-01 -5.25793470e-02 -3.03037446e-02
 -9.29152742e-02  5.40006254e-03 -1.10488394e-02 -4.86870967e-02
 -4.81908582e-02  2.17719749e-02  6.38084998e-03 -8.51803571e-02
 -2.43719711e-04  1.02562949e-01 -2.03662068e-02  8.01434219e-02
 -8.13992545e-02  7.46473223e-02  3.31309922e-02  7.95786828e-02
  2.94301081e-02 -9.00738165e-02 -2.62853596e-02  3.22638452e-02
  1.95979271e-02 -1.28674686e-01 -7.48378411e-02 -3.16015370e-02
  2.36814283e-02 -4.85983603e-02 -6.04232699e-02  5.51977642e-02
 -8.15031752e-02  2.88854893e-02 -6.09815978e-02  4.21705358e-02
 -2.19109599e-02  5.26785897e-03 -1.57446656e-02 -2.66853906e-03
  5.91709046e-03  8.61422345e-03  1.19681675e-02 -1.00656867e-03
  1.75950192e-02  5.56299798e-02  5.88500574e-02 -6.87040836e-02
 -2.63673849e-02 -1.60898641e-02  2.01845891e-03  7.48548657e-02
  3.22039537e-02 -2.74800006e-02 -2.42579598e-02 -1.93693209e-02
  5.24921417e-02  3.98978032e-02  2.80892886e-02  1.92392301e-02
 -1.74592715e-02 -1.18902128e-03  4.09229770e-02  8.82473029e-03
  2.69636754e-02 -2.85259243e-02 -3.27864811e-02 -5.08663245e-02
 -4.39564511e-03 -5.56100626e-03 -6.71105683e-02  9.44130272e-02
 -4.04591411e-02 -1.04585081e-01  9.17241070e-03 -1.76969746e-08
  3.99075113e-02  1.87017862e-02 -3.88374296e-03  1.42628457e-02
  2.87030023e-02 -3.54828872e-02  9.60745011e-03  7.43266344e-02
 -6.67394549e-02  6.16718642e-02 -2.13394146e-02  5.78819513e-02
 -5.66193387e-02  2.69646291e-02 -1.78853013e-02 -2.56543886e-02
  4.95657176e-02  5.65300733e-02 -3.75544205e-02 -5.86946867e-02
 -6.57369420e-02  5.35934940e-02  1.16339721e-01 -6.32309541e-02
 -5.49472608e-02  8.47424008e-03 -4.03979048e-03 -2.48359479e-02
  4.26654220e-02 -7.64950290e-02  4.28800238e-03 -4.32569645e-02
  4.23921272e-02 -5.93304262e-02 -1.92563105e-02 -6.46814406e-02
 -9.55251902e-02 -2.67622527e-02 -7.18722641e-02  1.72006583e-03
 -1.08601294e-01 -1.39896750e-01 -6.71464531e-03  2.08105035e-02
  2.90723518e-02  1.04168039e-02  8.22751131e-03 -3.10359690e-02
 -1.92764215e-02  9.28129628e-02 -7.42867589e-02 -3.85785177e-02
  2.81696506e-02 -2.78422479e-02 -1.61582157e-02 -4.26067561e-02
 -5.00693023e-02 -4.12826687e-02  5.57797961e-02  5.00975363e-02
 -9.57334638e-02 -3.49980295e-02  2.40844265e-02 -5.07463999e-02]"
25,a8185c53-2d3e-42f6-b5d4-3ab0a1e760d9,Swedish Massage,nearby beauty & spas massage swedish massage,"[ 1.89075284e-02 -1.96822155e-02  2.44846568e-02  3.22959460e-02
 -3.39670060e-03 -1.63668413e-02  3.17694359e-02 -3.35044526e-02
 -2.89786118e-03 -4.17662673e-02  1.04925431e-01 -4.73803608e-03
 -4.74007092e-02  5.43716177e-02  1.16395816e-01 -9.08657070e-03
  6.22095987e-02 -5.80717400e-02  6.81219622e-02  5.07092699e-02
 -1.50003210e-02 -4.18700092e-02  1.33381924e-02 -2.93946825e-02
 -1.39504997e-02  1.49401259e-02  1.04055693e-02 -3.26725803e-02
 -1.61297014e-03 -3.21841203e-02  3.41534498e-03  3.28577906e-02
 -8.17168951e-02 -1.67977232e-02  4.03287709e-02  1.49774313e-01
 -4.85329442e-02 -6.13852479e-02  9.28773254e-04  9.25098807e-02
 -1.30623758e-01 -3.65057439e-02 -1.94709897e-02 -3.42534855e-03
  3.36858593e-02  4.71621193e-02  9.33035742e-03 -1.73248500e-02
  2.04045270e-02  6.69471174e-02 -6.51446432e-02 -1.00961767e-01
  5.75975776e-02  2.43078871e-03  1.58867948e-02 -9.62834433e-02
 -8.98269862e-02 -2.53926916e-03 -5.50398370e-03  5.05518652e-02
  5.03326133e-02 -2.62720156e-02 -2.07555443e-02  3.22586484e-02
 -5.99840321e-02 -6.55311793e-02 -8.11936408e-02  6.67018741e-02
 -2.20422074e-02 -1.03542030e-01  3.74969281e-02 -2.34573502e-02
 -3.59262340e-02  8.45737085e-02  3.10845058e-02  5.83988316e-02
 -8.32953956e-03 -2.44706925e-02  2.24484000e-02 -3.60895507e-02
  3.93999703e-02  1.38621517e-02 -4.23517674e-02  6.73764050e-02
 -3.38456370e-02  2.60536894e-02  1.08136050e-01 -7.17225447e-02
  4.37136665e-02  3.40803945e-03  2.80564651e-02  3.13540436e-02
 -1.46298513e-01 -3.14873420e-02 -3.02195940e-02  4.51484555e-03
  1.98248401e-02  1.13044731e-01 -4.78111692e-02  1.09243073e-01
  1.19765084e-02  1.89777836e-02 -3.79332043e-02  6.38643652e-02
 -1.23209834e-01 -4.88829277e-02 -4.39572260e-02  3.56802456e-02
  5.60379736e-02 -4.09070024e-04 -1.73064359e-02 -2.38610543e-02
 -7.62743652e-02 -2.43738778e-02 -1.02345962e-02 -4.85371351e-02
  1.24368198e-01 -5.25700822e-02  4.07253616e-02 -5.66569231e-02
  5.26783466e-02 -4.94755059e-02  2.44186949e-02 -1.70278493e-02
 -5.69270961e-02  4.56749946e-02  1.91482361e-02 -9.48871805e-34
  2.71710521e-03  3.49840373e-02  3.90978418e-02  1.39748082e-02
 -7.59052932e-02  4.52870540e-02 -6.27121180e-02 -4.53489870e-02
 -4.43094820e-02 -5.48496656e-03 -8.54279697e-02  4.15338911e-02
  5.55314939e-04 -1.44243566e-02 -2.78697852e-02 -2.13773903e-02
  1.06425591e-01  3.37159038e-02  2.41533155e-03 -6.37855334e-03
  5.44638410e-02  1.56071233e-02  2.56689847e-04  2.98738182e-02
 -8.46370608e-02  2.30546091e-02  6.80907741e-02 -8.97986889e-02
  2.56794337e-02 -7.00057624e-03  1.13987448e-02 -2.44954266e-02
  4.72477600e-02  1.01840058e-02  6.15365710e-03  3.89632136e-02
 -4.32108678e-02 -6.72591627e-02  5.09856679e-02 -4.08293046e-02
  5.00818156e-03 -1.11910440e-02 -1.64764840e-02  2.60509178e-02
 -8.38046893e-03  5.30698001e-02  6.17790455e-03 -3.56752053e-02
  3.43540907e-02 -7.57023841e-02 -9.51607898e-02  8.62852558e-02
 -1.09352218e-02  8.53341669e-02 -1.88790523e-02  2.20588315e-02
  3.79011361e-03  1.97537411e-02  1.53370798e-02  4.70751105e-03
  2.11834740e-02 -2.18025614e-02  2.39725430e-02 -1.34738982e-01
  3.81246917e-02 -7.18893260e-02  4.97394986e-02 -3.82925011e-02
  6.40425831e-02  3.93172679e-03 -1.12805553e-02  2.12751124e-02
  3.52118686e-02  2.51548104e-02 -1.80688053e-02 -5.65216178e-04
  9.18566901e-03  5.75326197e-02 -1.48082012e-02  2.14740615e-02
 -5.49762547e-02  1.47435609e-02 -2.39529721e-02  1.41777351e-01
  5.96184582e-02 -2.43392698e-02 -2.01225467e-02 -4.02823240e-02
 -2.99057662e-02  2.47452408e-02 -6.33123517e-02  6.75979108e-02
  3.13711837e-02 -4.94931340e-02 -5.06948642e-02 -1.34004685e-33
  1.43295592e-02 -9.02095288e-02  3.46214324e-02  6.41885400e-03
  6.09899592e-03  1.04467563e-01 -2.72593535e-02  5.22980504e-02
 -9.67917889e-02  1.18323281e-01 -3.31704691e-02 -6.88361302e-02
  4.94396538e-02  2.36009546e-02 -2.62187812e-02  9.75059271e-02
  1.48785394e-02  3.79643366e-02 -4.19455357e-02  4.23836336e-02
  3.93439531e-02  1.45464271e-01  4.54135798e-02  5.96562400e-02
 -3.99188660e-02  5.46831191e-02  1.70031860e-02 -5.37056066e-02
 -7.74769858e-02 -1.08059384e-02 -5.57841323e-02 -2.66998336e-02
  3.30307968e-02  3.91569287e-02 -7.69301690e-03  5.92737682e-02
 -2.56276354e-02  3.42907645e-02 -4.71488908e-02  1.02063105e-01
  7.81826228e-02 -8.54751095e-02 -3.04625500e-02  2.11977549e-02
  1.61939841e-02 -1.67511165e-01 -1.25538275e-01  1.36875296e-02
 -2.49415706e-03 -4.42284346e-02  1.19997514e-02 -1.57832820e-02
 -5.55891208e-02 -4.83879494e-03 -5.42268623e-04 -2.94657052e-02
  1.04991626e-03 -4.76638302e-02 -7.49871656e-02  7.77947833e-04
 -2.20681354e-02 -3.24847624e-02  1.58087518e-02  4.45318483e-02
  4.63338420e-02  4.89314683e-02 -2.65341140e-02 -6.29926771e-02
 -7.35717416e-02  5.82172349e-03  7.51170082e-05  7.23799691e-02
 -4.79669310e-03 -3.97472642e-03  1.55065125e-02 -3.41477729e-02
  5.21020442e-02 -2.35551987e-02  4.07178663e-02 -9.37084295e-03
 -3.85560915e-02 -1.25328386e-02  2.15680189e-02 -8.05081055e-03
  2.52779145e-02  6.88217487e-03  4.13228385e-02 -5.93481436e-02
 -6.05505295e-02 -3.11759766e-02 -3.12118661e-02  5.67114577e-02
 -7.79967383e-03 -4.37573418e-02  2.84410212e-02 -1.59380615e-08
 -4.67623100e-02  8.04901123e-04  4.55215154e-03 -2.84386147e-02
  8.53366405e-03 -7.16783628e-02 -2.77222022e-02  3.36000621e-02
 -2.05239858e-02  4.88403104e-02 -4.93763722e-02  7.65210241e-02
  4.79581915e-02 -2.29550805e-02  1.74344275e-02 -1.23558389e-02
  8.52196515e-02  1.26607850e-01 -4.14508507e-02  2.67093871e-02
  4.05450091e-02 -7.95515347e-03  4.13359515e-02 -2.22814735e-03
 -1.11114224e-02 -1.82220843e-02  2.19594799e-02  4.21953052e-02
  6.79945499e-02 -1.44223854e-01 -9.67303012e-03 -2.02824827e-02
  5.86870722e-02 -4.16739173e-02 -3.88649292e-02  1.81620289e-02
 -1.03472650e-01 -3.11426949e-02 -1.03395976e-01  3.38596925e-02
 -9.10052285e-02 -5.41257486e-02  1.66989826e-02  2.97129601e-02
 -4.21726704e-02  2.01414587e-04 -3.11634899e-03 -5.12175485e-02
  3.21543007e-03  6.91591725e-02 -5.62634803e-02 -3.71075086e-02
  6.05685487e-02 -4.08556908e-02 -4.82284231e-03 -3.75693068e-02
 -4.18906063e-02  7.41639454e-03 -1.95852127e-02  7.98633099e-02
  1.11960089e-02 -1.60406344e-02  8.57243035e-03 -8.50404054e-03]"
26,6df6625e-3efb-4274-a975-f1876849df12,Hair Restoration,nearby beauty & spas cosmetic procedures hair restoration,"[-6.46068575e-03  1.27815455e-02  8.64109546e-02  2.31436528e-02
 -8.93939584e-02  1.23503348e-02 -1.17814485e-02 -6.12364523e-02
 -9.33876559e-02 -5.39932325e-02  1.23676941e-01  4.75956909e-02
 -1.87100004e-02 -8.94950796e-03  1.53841861e-02 -5.91444178e-03
  2.86363158e-02  2.14024391e-02  1.70696713e-02  1.90288369e-02
 -1.75756458e-02 -1.03553934e-02 -2.61660423e-02  6.07272144e-03
  3.77729628e-03 -7.01242387e-02 -2.28179619e-02  2.45842598e-02
 -2.77080061e-03 -7.54002556e-02  3.56319472e-02  4.73610014e-02
 -6.36682361e-02 -8.41140002e-02  4.82944548e-02  7.72789419e-02
 -3.68304625e-02 -2.71836314e-02  6.17889361e-03  1.86163709e-02
 -7.03777745e-02 -4.16869409e-02 -1.07456684e-01 -2.43884474e-02
  6.43364787e-02 -4.49248403e-02  4.03484255e-02 -1.17993669e-03
  1.25547955e-02 -3.04989633e-03  8.28955323e-03 -6.38813600e-02
  2.51481831e-02 -5.43250795e-03 -1.26088364e-02  5.57501540e-02
  6.35488704e-03 -1.28592951e-02 -3.07685323e-02  2.90714372e-02
  5.17109260e-02 -3.63208577e-02 -5.24242669e-02  6.58186376e-02
 -2.47365184e-04 -3.56251746e-02 -1.48356752e-03 -5.56805916e-02
  8.09126943e-02 -1.44800305e-01 -5.11236209e-03 -6.97034076e-02
 -6.78684190e-02  3.89222391e-02  3.20949405e-02  1.16676025e-01
 -5.26047219e-03  2.69309757e-03  2.73241643e-02  1.34420563e-02
  4.19595316e-02 -1.58876907e-02  8.31136405e-02  6.10475540e-02
 -3.11230570e-02  2.38788538e-02 -2.78415401e-02 -8.74666423e-02
  1.61842778e-02  3.09209116e-02  9.57568176e-03  5.99985979e-02
 -6.05318695e-02 -2.99435500e-02 -3.69506143e-02 -1.36832008e-02
 -4.84063923e-02  4.22344990e-02  1.03898220e-01  1.18434548e-01
 -2.39680838e-02 -6.83257729e-02 -4.86401506e-02 -3.09105180e-02
 -7.90938288e-02 -6.96645975e-02 -1.37966836e-03 -1.18311467e-02
  5.65696461e-03  5.99938491e-03 -2.00773589e-02 -3.25955413e-02
 -7.82966763e-02  1.73327141e-02 -1.22907581e-02  1.14094121e-02
  1.09806605e-01 -5.95202856e-02  3.35568488e-02 -5.70809767e-02
 -7.36190472e-03  5.43371923e-02  4.53098975e-02 -1.34858087e-01
 -4.91564795e-02  1.28461523e-02  4.66532186e-02 -1.62352484e-33
  4.08594646e-02  9.55238417e-02  3.55768166e-02  7.42932316e-04
 -4.13037315e-02  1.13888949e-01 -7.04200333e-03 -4.63600494e-02
 -6.00429922e-02 -5.21232784e-02 -2.60403790e-02  4.17212248e-02
 -7.32755754e-03 -5.62437475e-02 -5.42142168e-02  1.45754609e-02
  7.78393373e-02  8.20466727e-02  1.58338286e-02 -2.80674975e-02
 -3.75314169e-02  6.50927499e-02 -2.87905261e-02 -9.29079670e-03
 -2.61642169e-02 -6.24378771e-03  5.04921004e-03 -4.43210229e-02
 -4.57642153e-02  1.98057927e-02  1.95209142e-02  8.92704651e-02
  6.01377785e-02 -4.01364900e-02 -4.21096385e-02  8.16317871e-02
  4.93136793e-02 -1.02295913e-01  4.08216640e-02 -4.36038565e-04
 -2.95346137e-02  3.48045379e-02  3.37149203e-02  3.79466228e-02
 -2.46450063e-02  4.09322120e-02 -6.32139817e-02 -3.82878538e-03
 -2.24081650e-02  2.11715791e-02 -1.52783561e-02  9.17426497e-02
  2.05758847e-02  6.30575567e-02  2.06664968e-02  2.88176725e-05
 -8.19267780e-02 -3.57933752e-02  5.77232242e-02  9.32665467e-02
  8.17876905e-02  5.06770685e-02 -3.47475857e-02 -7.34287277e-02
  6.81398213e-02 -4.61764857e-02  7.96142146e-02  6.70023635e-02
 -5.09559661e-02 -1.71012860e-02 -4.69002016e-02  9.71392617e-02
 -6.70941081e-03 -1.59673952e-02  3.50717902e-02 -5.85005507e-02
  1.79202296e-02  4.26404513e-02 -4.62456755e-02  2.06141230e-02
  3.69568579e-02  4.27601784e-02 -5.45979217e-02  2.60888543e-02
  9.05364975e-02 -3.17716622e-03 -3.26803885e-02  1.65988486e-02
 -9.52338241e-03 -4.77660708e-02  1.85911683e-03  2.66969427e-02
 -1.20782526e-02  2.71624196e-02 -4.03970294e-02 -7.83755899e-34
  4.82060295e-03 -9.44918469e-02 -3.40988189e-02  7.20215738e-02
  9.86510236e-03  5.97007051e-02 -4.03761975e-02  6.09446550e-03
 -4.73236889e-02  3.34100425e-02 -3.67421433e-02  2.24421802e-03
  8.80411416e-02 -4.95490097e-02 -7.99925998e-02  7.59788677e-02
 -1.13694081e-02 -6.02204390e-02 -4.77848947e-02  2.03863550e-02
  5.64749725e-02  1.05872326e-01 -2.37954818e-02 -2.71803308e-02
 -1.45504013e-01  2.81937271e-02 -1.24593163e-02 -4.31985483e-02
  4.37402315e-02  2.38596946e-02  2.37279814e-02 -3.92280370e-02
 -7.31912768e-03  5.17541915e-02 -2.01446414e-02  2.04764158e-02
 -1.36308763e-02  1.14435353e-03 -1.54057164e-02  4.25179265e-02
  4.85871509e-02 -1.01396337e-01  1.23857111e-02  1.54619543e-02
  5.39418198e-02 -7.27337971e-02 -5.85701093e-02 -7.24588633e-02
  1.14132259e-02 -1.16245809e-03  2.54822038e-02  9.68728960e-03
 -5.41872717e-02  8.68371204e-02 -5.61164059e-02 -2.60445010e-02
  1.79685224e-02 -3.98467407e-02 -9.29620862e-02  1.22703888e-01
  1.73046812e-02 -4.32560593e-02 -2.27404349e-02  7.98707604e-02
  2.64347643e-02  3.33060063e-02  5.63659705e-02 -2.36244686e-02
 -3.94686945e-02 -9.27641094e-02 -4.05824035e-02  6.65876344e-02
 -1.19549939e-02 -2.58189142e-02  2.77735442e-02 -1.57372169e-02
  2.67338902e-02  3.10377814e-02 -3.19695100e-02  8.15761685e-02
 -1.86025817e-02 -2.03956366e-02  3.50950286e-02  2.03969460e-02
  1.31999835e-01 -1.04584154e-02 -6.37964681e-02 -4.28372435e-03
 -5.59302699e-03 -2.51573641e-02 -9.42808315e-02  6.67660385e-02
 -3.07943765e-02 -1.19014278e-01 -1.62176974e-02 -1.69433214e-08
 -1.59515478e-02  4.15163897e-02  7.12957233e-02  3.89858335e-02
  2.88594961e-02 -7.37604406e-03 -4.95650135e-02  6.73143119e-02
 -1.90682877e-02 -2.51618326e-02 -7.83684030e-02  1.43206894e-01
  1.66356023e-02  7.94714876e-03 -3.07427198e-02 -4.41392250e-02
  8.96612406e-02  7.60973394e-02 -3.68987508e-02 -3.07224561e-02
 -1.32618651e-01  2.56398134e-02  5.11072949e-02 -6.73383195e-03
  3.05235153e-03 -9.97503847e-03  2.65019666e-02  5.70649132e-02
 -2.27157492e-02 -2.32763644e-02  3.91941741e-02 -3.13911848e-02
  3.18976305e-02 -6.05096929e-02 -6.56138062e-02 -7.39075989e-02
  7.36343255e-03 -2.86684390e-02 -3.74619812e-02 -4.11320068e-02
 -8.70962366e-02 -5.32951131e-02  2.67361794e-02  2.76306029e-02
  1.50341783e-02 -5.80952466e-02  7.00327307e-02 -5.30162491e-02
  1.14278328e-02  4.34061065e-02 -2.94565335e-02 -2.71963552e-02
 -4.56288047e-02  3.17854285e-02 -1.44240810e-02 -3.99187068e-03
  4.47107106e-02 -2.79120565e-03  2.48753633e-02  6.53248355e-02
  3.35922949e-02 -1.02925144e-01  6.05882742e-02 -7.69618491e-04]"
27,6d59f71e-80b2-4888-8b80-17c957ace6d4,Teeth Whitening,nearby health & fitness dental teeth whitening,"[ 3.14535461e-02  4.02964093e-02 -1.86608583e-02  3.21152620e-02
 -5.03394008e-02 -7.62874354e-03 -7.51757845e-02  3.91396806e-02
 -1.22957088e-01  1.06947655e-02 -1.80233195e-02 -2.77002528e-02
  4.79959417e-03  5.43754697e-02  5.87970279e-02  2.42495574e-02
  3.88299637e-02  4.41338532e-02 -2.30430346e-02 -5.05462065e-02
 -1.64565966e-02  2.70967502e-02  7.34953582e-02  1.46384807e-02
 -5.09046204e-02  5.18905558e-02  8.96969158e-03 -2.36789454e-02
  5.20000085e-02  9.82580110e-02  3.34253861e-03  2.27491688e-02
  8.35272223e-02 -3.10761668e-02  2.52136332e-03 -5.14273643e-02
  2.16441439e-03 -2.77086273e-02 -2.46398877e-02  5.81935346e-02
  2.96617229e-03  9.67143942e-03  1.41838025e-02 -3.55279557e-02
  2.34655524e-03  2.33106650e-02 -1.13377236e-02 -6.07253006e-03
 -2.13880534e-03 -8.35795552e-02  8.24246854e-02 -9.18392986e-02
  1.02358800e-03 -1.51301250e-02 -4.54683863e-02 -3.65736801e-03
 -3.14361565e-02 -5.96540533e-02  5.22029074e-03  8.99361260e-03
  1.01450182e-01 -1.70358270e-02 -5.12451753e-02  6.32470027e-02
 -8.56651291e-02  1.01814613e-01  8.97199474e-03  3.58593352e-02
  2.83880793e-02 -1.09031878e-01 -1.33506684e-02 -4.99033332e-02
  7.28011802e-02  1.68956183e-02  7.02361241e-02  6.00534193e-02
  8.88931602e-02  1.87194031e-02  1.49569183e-03 -1.08001836e-01
 -2.88307783e-03 -1.79986693e-02  8.49204436e-02  1.76188610e-02
  5.19970991e-02  4.33328897e-02 -1.60418339e-02 -3.20685729e-02
  3.16750072e-02  1.07006487e-02 -6.13362454e-02  8.64096284e-02
 -1.24433167e-01 -4.56032204e-03 -2.70304028e-02  3.26474570e-02
 -4.69365418e-02  4.23840508e-02  2.81717964e-02  8.81364644e-02
 -5.55846803e-02 -6.12428784e-03  5.86097613e-02  9.89637002e-02
 -1.62820294e-02 -9.86092016e-02 -4.57916688e-03  3.74880955e-02
  6.58732504e-02  1.23587782e-02  7.42007717e-02  2.98676975e-02
  4.30138074e-02 -1.25982631e-02 -2.55498923e-02 -4.23976146e-02
  7.23771751e-02  1.54859023e-02  3.32203996e-03  9.83255580e-02
  4.93511604e-03 -6.79341778e-02  3.65402154e-03 -2.99438071e-02
 -6.17867845e-05 -6.80573434e-02  1.07178763e-02 -1.06520102e-33
  4.22549015e-03 -1.32313436e-02  3.77708636e-02 -2.76773907e-02
  5.45367114e-02  4.01968434e-02 -1.18342321e-02 -6.86109113e-03
 -3.96823511e-02 -3.92025448e-02  2.58357786e-02  4.30778451e-02
 -9.73089482e-04 -3.43778753e-03 -4.73405607e-02  1.69713292e-02
 -1.31607326e-02  4.95102033e-02 -1.08252391e-01  8.81997794e-02
  2.67328788e-02 -7.90735334e-02 -1.87203865e-02  1.43545568e-01
 -9.33990404e-02  3.47428862e-03 -8.65220185e-03 -6.08966202e-02
  3.93657908e-02  3.74004897e-03  2.96922424e-03  4.47033346e-03
  4.07350361e-02 -8.81081596e-02 -6.96536601e-02  4.13090251e-02
 -2.32361853e-02 -5.20958863e-02 -7.19609112e-02 -3.44829559e-02
 -1.81795917e-02  1.50914025e-02 -1.31800594e-02  7.79203977e-03
  3.69187593e-02 -3.58940735e-02  4.50613685e-02  6.02700971e-02
  1.29021355e-03  1.60377361e-02 -5.39270975e-02 -1.06278900e-02
 -5.02202548e-02  2.24203616e-02 -3.16901281e-02 -1.03638973e-02
  1.10161072e-02 -5.86197004e-02 -7.85440765e-03  5.93021773e-02
 -1.01175662e-02  5.45111001e-02 -8.73593986e-02 -2.14070883e-02
  2.04149680e-03 -1.61348376e-02  4.31593182e-03  2.79081333e-03
 -4.01929244e-02 -3.43229808e-02  3.82535420e-02  3.82572203e-03
 -1.17627613e-01  9.46283154e-03 -2.33517122e-02 -1.17447348e-02
  1.11268677e-01  6.76609725e-02 -4.67577726e-02  5.61010167e-02
  4.98878174e-02  6.42520562e-02 -8.96430686e-02  5.35832793e-02
 -3.47107090e-02  4.93256785e-02 -4.43177074e-02 -9.45469588e-02
  2.92781778e-02  3.36819254e-02 -4.48159277e-02 -1.83094982e-02
 -2.51768511e-02  4.19769734e-02 -3.15321796e-02 -4.94160055e-34
  1.54730352e-02 -7.25735649e-02  2.17315257e-02  4.96403798e-02
  1.00262441e-01  8.81249905e-02  2.65184492e-02  6.17465470e-03
  1.09720165e-02 -2.92371330e-03  5.73207922e-02 -1.78238023e-02
  3.69164683e-02 -3.12015582e-02  5.95548563e-03  7.56422505e-02
  6.88472241e-02  9.79627222e-02 -7.53304064e-02  7.97099322e-02
  7.66125694e-02  1.13846593e-01 -1.03645213e-02 -7.76112527e-02
  7.75780203e-03  6.13342226e-02 -3.72927040e-02  5.25748394e-02
 -6.24936745e-02 -5.70118718e-05 -6.84245825e-02  7.93369040e-02
  2.02143416e-02 -5.36037888e-03 -4.57040668e-02  4.79714796e-02
 -5.11454716e-02  1.32930008e-05 -8.69177505e-02 -4.56812754e-02
  3.80701572e-02  5.78773906e-03 -2.92854272e-02  4.47790287e-02
 -1.36324652e-02 -1.93285719e-02 -3.16780284e-02  2.01316900e-03
 -1.00616910e-01  5.78614064e-02  7.39932582e-02  2.48438809e-02
 -9.40232202e-02  4.90439348e-02 -9.32831019e-02  2.87430212e-02
  3.38206417e-04 -3.41471024e-02 -8.13216716e-02 -2.09974702e-02
 -3.80723216e-02  1.68027740e-03 -4.00251932e-02  5.49532846e-02
  3.56846936e-02 -2.03228332e-02  6.94072768e-02  7.09797293e-02
  5.64278150e-03 -2.13854071e-02 -5.86615577e-02 -4.19565523e-03
  6.26132339e-02 -7.57448748e-02 -7.47036338e-02 -4.00002040e-02
 -3.30277272e-02 -7.97197223e-02 -1.21475816e-01  4.68149083e-03
 -6.24787472e-02 -3.88232954e-02  8.57150406e-02 -1.74749754e-02
  1.84810869e-02  1.99273098e-02 -4.80049811e-02 -1.16564473e-02
 -2.47629196e-03  1.53520722e-02 -5.22833243e-02  8.89106244e-02
 -3.59518826e-02 -6.84703737e-02  5.38201705e-02 -1.60779674e-08
 -9.27223824e-03  3.74155790e-02 -2.88921501e-03  2.75843814e-02
 -3.67465541e-02 -3.73983867e-02 -4.92620356e-02  6.04596641e-03
 -2.45268643e-02  3.99277210e-02  2.68246792e-03  5.42114116e-02
  4.81629521e-02 -3.12040560e-02 -7.07436353e-02 -2.41219066e-02
 -2.28515007e-02  8.50124005e-03 -5.71486466e-02  4.25081438e-04
 -1.59577087e-01 -2.72238106e-02  1.01594947e-01  5.11216633e-02
 -5.87008819e-02 -7.69865438e-02  1.85586065e-02  1.02639765e-01
  6.36605322e-02 -2.68548261e-02 -4.12684213e-03  5.94763979e-02
  2.65938006e-02 -1.66181177e-02 -1.02584232e-02 -7.96979293e-02
 -7.26999762e-03  1.37542805e-03 -7.94744194e-02  2.09134482e-02
 -2.93071363e-02 -6.10151961e-02  1.82036087e-02  9.12600011e-02
 -4.53526415e-02 -6.08489178e-02  4.78330664e-02  6.76628873e-02
  4.19140756e-02 -1.41821913e-02  3.35541666e-02 -7.01907184e-03
 -7.37227201e-02 -1.00509208e-02 -8.04180130e-02  3.99197042e-02
  5.14094420e-02  8.58657077e-05 -1.06606092e-02  5.67715280e-02
 -3.49502414e-02 -1.13538213e-01  3.89003642e-02 -9.56697331e-05]"
28,8d1f9e3e-648a-484f-9701-7520d00528a7,Windshield & Windows,nearby automotive auto repair & maintenance windshield & windows,"[-4.83629331e-02  4.49206680e-02  5.64348474e-02 -3.96309011e-02
  3.26992832e-02  1.48330461e-02  7.48246489e-03 -1.49900634e-02
 -7.16843456e-02 -1.89725515e-02  1.21160094e-02  7.42321182e-03
 -7.59136537e-03  3.49992067e-02 -2.17866320e-02 -5.27438186e-02
  2.39377040e-02 -4.65437695e-02 -2.78829243e-02 -5.10454178e-02
 -9.74455401e-02  2.21615359e-02 -1.16808014e-02 -4.95455116e-02
 -3.77315804e-02  2.25405227e-02 -4.03566621e-02 -1.94532005e-03
  1.76726797e-04  1.83581170e-02 -3.41731496e-02  8.89756437e-03
 -4.01397906e-02 -3.03113889e-02  5.25539480e-02 -3.97344194e-02
 -8.59105065e-02  3.55740674e-02 -3.36758705e-04 -1.14109091e-01
  2.27029957e-02  1.09033324e-02 -8.62773433e-02 -2.08686907e-02
  2.17442364e-02  1.48238540e-02  2.24368796e-02  3.47930030e-03
  9.98046100e-02 -4.08836380e-02 -2.17076018e-02  2.30702627e-02
 -5.66846766e-02 -6.62751049e-02 -3.85109708e-02  8.76999199e-02
 -5.76036377e-03 -6.10501133e-03 -2.05424316e-02  1.75500978e-02
  1.63873717e-01 -4.26855125e-02 -5.12821935e-02  3.45389880e-02
 -1.19229397e-02  5.79717290e-03  2.25284379e-02  2.49748714e-02
 -3.91337415e-03 -3.49127986e-02 -5.57969660e-02 -1.90466195e-02
  2.88249645e-03  5.60562983e-02  9.73175392e-02  2.02214532e-03
  1.75336841e-02 -4.72508892e-02 -2.90150642e-02 -6.85835406e-02
  8.53094645e-03  2.71534082e-02 -3.82897910e-03  5.08371927e-02
  3.33132073e-02  1.88624337e-02 -4.28587049e-02 -3.37222405e-02
  1.01478487e-01  9.20381024e-03 -2.26310752e-02 -1.54890856e-02
 -6.75711185e-02 -6.00296482e-02  2.91167647e-02  4.49244156e-02
  9.98649150e-02 -2.77979262e-02  1.25569915e-02  4.74336296e-02
  3.94886658e-02 -4.80026565e-03  3.81612703e-02 -4.47349623e-02
 -8.45018253e-02  4.67079245e-02 -3.79458033e-02  8.59999359e-02
 -8.11494607e-03 -5.35362810e-02  5.04534319e-03  5.27633056e-02
 -7.75385872e-02 -3.67522463e-02 -3.75534147e-02 -3.40825655e-02
  1.91563424e-02 -2.25709863e-02 -6.19522482e-03  2.89621875e-02
 -1.49481939e-02 -4.32056673e-02  1.98903610e-03 -4.24586199e-02
  1.11189157e-01 -2.15282626e-02 -2.29507647e-02 -2.59689808e-33
  4.56938073e-02  7.95134678e-02  9.23412945e-03  5.35431206e-02
  1.02601603e-01  6.29643500e-02  4.01871614e-02 -1.30737131e-03
  5.77580407e-02 -2.64561027e-02 -7.04958588e-02  9.39301848e-02
 -1.50253475e-02 -1.27011314e-01  2.83880159e-02 -1.34118914e-03
  2.61817649e-02  3.46858986e-02 -1.49377972e-01 -2.94565149e-02
 -4.81307134e-02 -3.10499966e-02 -2.88126692e-02  2.83239745e-02
  4.69053611e-02  4.95452918e-02  5.81934042e-02  6.06998354e-02
  8.75259861e-02  5.04575968e-02 -7.37970090e-03  8.70323926e-02
  1.14241224e-02  3.60265411e-02 -2.70521324e-02  6.04085885e-02
 -1.63115978e-01 -7.75712132e-02 -5.82648814e-03 -3.55526581e-02
 -2.78208237e-02  3.01632192e-02 -9.14060138e-03  3.61901359e-03
 -1.46189146e-02 -4.57804874e-02  1.75482326e-03  5.88975474e-02
 -3.51933166e-02 -1.87827479e-02  1.22046210e-02  7.63411447e-03
 -1.17884398e-01 -6.16643541e-02 -4.14664075e-02  1.10138394e-01
  3.87611240e-02  1.59898084e-02  2.06275918e-02 -1.14750285e-02
  2.50707418e-02 -1.21874269e-02 -7.08074402e-03 -3.06326374e-02
  2.79688258e-02 -2.73205247e-02  2.15426069e-02  3.10262106e-02
 -3.27349119e-02  1.58568863e-02  5.36634540e-03  3.09364609e-02
  2.64079683e-02  1.07259788e-01  2.29383856e-02  6.37030602e-02
 -3.15957097e-03  5.59374727e-02 -3.90562341e-02  7.44254664e-02
 -3.46353091e-02  6.54434552e-03 -4.15946804e-02 -6.89601228e-02
  8.61492008e-02 -2.64022406e-02 -3.87892053e-02 -2.15618797e-02
 -2.93017440e-02 -3.47048268e-02  1.39645534e-02  6.73955381e-02
 -3.28164995e-02 -2.16806047e-02 -3.79851907e-02 -5.11943861e-34
  3.50194573e-02 -9.89152342e-02  1.00463428e-01 -1.08279940e-02
 -1.48964254e-02  4.30247039e-02 -1.57120507e-02 -2.11660974e-02
 -5.51821366e-02 -4.51102946e-03 -3.75264697e-02  2.94319950e-02
 -3.43553163e-02 -1.72738787e-02 -7.59439096e-02  4.07818966e-02
  1.02394424e-01 -6.36839196e-02 -6.24126084e-02  2.24714968e-02
  8.15407038e-02  7.39761489e-03 -1.46746589e-02  4.55543883e-02
 -4.00796682e-02 -8.31770245e-03 -3.46566699e-02  1.62238460e-02
 -2.09353119e-02  3.07082236e-02 -4.63942008e-04 -4.09908034e-02
 -1.18328258e-02  5.90827726e-02  3.98689844e-02  5.35221733e-02
  5.66728488e-02 -4.24841158e-02 -1.00259840e-01 -4.57635261e-02
  5.91482110e-02 -1.01834223e-01  4.51798178e-02  4.48998325e-02
  1.48999766e-02 -5.96651584e-02  9.23103467e-03 -3.90405096e-02
 -4.84285392e-02 -5.26741240e-03  1.01048008e-01 -7.01556280e-02
  1.97313707e-02  1.20806783e-01 -1.50753474e-02  9.03142169e-02
  6.68274164e-02  2.15893835e-02 -7.97936991e-02  3.14216614e-02
  2.67856084e-02  2.05303952e-02  2.06234753e-02 -4.64597158e-03
 -3.62491049e-02 -3.04670036e-02  6.00302890e-02  1.69030169e-03
  5.65970084e-04 -1.29458476e-02 -3.30464914e-02  4.52683278e-04
 -5.02947271e-02 -7.38379657e-02 -7.55007863e-02  1.43741053e-02
  4.71720286e-02 -6.95609078e-02 -3.36726904e-02  3.68798934e-02
  2.45564189e-02 -2.00759824e-02 -2.54090596e-02  1.20009236e-01
 -5.18880375e-02 -7.17629641e-02  2.11569443e-02 -7.37986434e-03
  7.93076828e-02 -7.59880431e-03 -5.78773022e-02  1.08497694e-01
 -5.30992560e-02 -2.52557583e-02 -7.31694475e-02 -1.56539901e-08
 -3.19913519e-03  8.29493776e-02 -6.89311000e-03  1.05409557e-02
  4.45067853e-04 -6.54159347e-03 -1.21042421e-02  7.21355081e-02
 -1.09740809e-01 -2.44874954e-02 -5.52685559e-02 -6.38977215e-02
  4.14475091e-02 -7.39553059e-03 -4.74023968e-02 -9.23488755e-03
 -1.06667886e-02  5.21444008e-02 -1.73091516e-02 -2.19787061e-02
  2.21662633e-02  5.91383129e-03  1.35871932e-01  1.20174021e-01
  2.08310154e-03 -2.14692485e-03 -3.49737071e-02  9.31288674e-03
  4.30992506e-02 -1.49979582e-02 -4.37345654e-02 -3.02292425e-02
  8.36315379e-02  7.01350421e-02  1.02044800e-02 -1.05019912e-01
 -6.39120210e-03 -2.82004103e-02 -8.27461109e-02 -7.42208287e-02
  7.11700916e-02 -4.30804119e-02 -3.49117145e-02  5.06143495e-02
  2.89293136e-02  4.01811451e-02 -4.13999446e-02 -8.07663873e-02
 -6.62257150e-02 -6.26656562e-02  3.46956104e-02 -7.05407234e-03
  5.80202031e-04  8.21568891e-02 -8.01197439e-02  1.22166462e-02
  4.56020273e-02 -1.11238331e-01  7.98737258e-02  4.65630516e-02
 -7.63083845e-02  6.76586181e-02 -1.70424918e-03  7.38013312e-02]"
29,81d987e7-eeb0-4774-92de-cd1b460948f6,Dance Classes,nearby personal services classes dance classes,"[-1.97690036e-02 -1.03194728e-01  1.12800281e-02 -3.54714841e-02
 -1.20072745e-01 -4.60049463e-03  1.21419439e-02 -1.19419143e-01
 -3.19286063e-02 -5.57522327e-02  2.94408295e-02  1.05269216e-01
 -7.01627415e-03 -1.99780986e-02  1.03186265e-01 -2.36681523e-03
  1.22168794e-01 -3.70808542e-02  2.69113295e-02 -2.51735910e-04
 -7.01263994e-02 -4.45961468e-02 -3.13905999e-02  6.66193366e-02
 -3.34089994e-02 -3.21330354e-02  9.16455388e-02 -1.75091694e-03
  2.86497036e-03 -8.67798459e-03 -2.62047499e-02  6.56944737e-02
 -5.48156798e-02  7.76385963e-02  1.43353119e-02  6.72889128e-02
  4.93212752e-02 -3.89746251e-03 -7.87812024e-02  1.14443496e-01
 -6.02998734e-02 -4.84896684e-03  3.97126377e-02  2.41211113e-02
  1.29391123e-02 -1.03570372e-02 -1.79961585e-02 -8.60970393e-02
 -1.80750771e-03 -1.73353422e-02 -1.89191066e-02  4.61243698e-03
  1.87109895e-02  5.06053120e-02  1.62266996e-02 -6.17919117e-02
 -7.85128272e-04  2.92814057e-02  1.79187907e-03  3.46374512e-02
  1.89326126e-02  2.62894463e-02  1.48478299e-02 -2.62477398e-02
 -8.91682953e-02  1.43224820e-02 -3.25217210e-02  1.23303585e-01
  7.64036477e-02 -6.82073012e-02 -5.98084517e-02 -5.47896288e-02
  1.84842907e-02  7.24595338e-02  4.10085283e-02  3.70595716e-02
 -4.49016988e-02 -2.91113202e-02 -5.10094799e-02 -3.81271876e-02
 -9.95362625e-02 -7.16170147e-02 -1.93589320e-03 -1.79609992e-02
 -1.99086145e-02 -4.98695159e-03 -2.36015519e-04  5.16766566e-04
  1.53337121e-02  6.36634184e-03 -9.30199474e-02  5.47401942e-02
 -1.27843708e-01 -9.14674923e-02  1.59379246e-03  1.36036035e-02
 -4.62713093e-02 -7.04632327e-02  2.16455702e-02  2.54270062e-02
 -3.51211615e-02  6.25968948e-02  4.22623679e-02  1.30975284e-02
 -5.37512302e-02 -5.63399866e-02  2.28848178e-02  1.03344850e-01
  6.44197613e-02  5.48309870e-02 -4.04002927e-02 -4.82449196e-02
 -4.99415770e-02 -5.67411864e-03  4.77910154e-02 -9.60417744e-03
  7.54970312e-02 -1.15325656e-02  1.09742200e-02  5.67659959e-02
  2.43349373e-02  5.68866059e-02  2.66668629e-02 -3.54987793e-02
 -7.99274370e-02 -3.48392315e-02 -1.10388368e-01  3.81604336e-34
  5.86645715e-02  2.42056623e-02  2.59239189e-02  2.80179344e-02
  6.33940399e-02 -1.27405692e-02 -2.55148280e-02 -9.32012722e-02
  5.51303849e-02  6.98469579e-02  6.62258044e-02  1.49719510e-02
  7.44074136e-02  4.87589336e-04  5.76750264e-02  1.00503052e-02
 -1.18873613e-02 -7.58613180e-03 -1.93275958e-02 -1.19971326e-02
 -4.36081067e-02  3.95349450e-02 -2.51551233e-02 -8.64435080e-03
 -5.03631420e-02  9.28547382e-02  4.23113108e-02  3.68863605e-02
  1.06980570e-01 -1.63044408e-02  2.61290465e-02 -5.70860766e-02
  2.61885533e-03 -1.62812509e-02  9.81188938e-02  5.14798909e-02
  2.76084412e-02 -2.16129851e-02  5.85162602e-02 -4.18162718e-02
  3.54251862e-02 -1.27194440e-02  2.58096829e-02  8.44084285e-03
  1.29536269e-02  5.47003262e-02  8.07368904e-02 -2.84741237e-03
  5.76480292e-03 -5.38967038e-03 -2.23111678e-02  6.42524194e-03
 -1.25431400e-02 -2.88081467e-02  1.53998109e-02 -4.17135879e-02
  5.32278530e-02  3.16895694e-02 -3.43623497e-02 -4.55696955e-02
  1.05910197e-01  3.07314992e-02  5.86462906e-03 -1.00846052e-01
 -3.81593481e-02 -5.14537506e-02 -2.39774678e-02 -7.77053013e-02
  1.20486483e-01 -9.09812674e-02 -3.54186818e-03  2.77583189e-02
  2.83376202e-02  7.72409141e-02  8.54862779e-02 -2.34157387e-02
 -3.23712900e-02 -6.19502142e-02  2.96959630e-03 -1.90317947e-02
  2.18213606e-03 -8.15993622e-02 -2.81653684e-02  8.62129331e-02
  3.30489650e-02  1.12819439e-02  7.29300734e-03 -3.84177454e-02
 -8.09240341e-02  7.18145445e-02 -1.21983804e-01  2.81129200e-02
 -2.47097015e-02  7.38565773e-02 -2.52240468e-02 -2.46136744e-33
  3.74783985e-02  4.33246754e-02 -4.84661059e-03 -1.26854125e-02
  1.00761212e-01 -4.55184933e-03  3.19219902e-02 -1.90871730e-02
  3.09276748e-02  6.47170171e-02 -4.42020372e-02 -5.79284467e-02
  1.18808579e-02 -7.35973753e-03  3.08979210e-02  1.72686893e-02
  1.02933804e-02  5.63608557e-02  4.91784662e-02  2.02792343e-02
 -9.90286563e-03  1.19875960e-01  1.17291041e-01 -4.16970486e-03
 -8.44339654e-02 -3.09626223e-03 -1.65102817e-02  2.70948317e-02
 -1.49543919e-02  1.70506388e-02  3.07380594e-02 -5.55425137e-02
  3.39320526e-02 -7.67476633e-02 -9.06932428e-02  3.47509980e-02
 -4.64561768e-02  3.11586261e-02 -6.65722191e-02 -2.53419857e-04
  3.92702259e-02 -1.19405180e-01 -9.06848442e-03  1.06753409e-02
 -1.32839913e-02 -3.18759941e-02 -5.95179312e-02  7.19771385e-02
 -2.82427128e-02 -2.94049848e-02 -4.16443348e-02 -3.53600904e-02
  8.87324847e-03  7.21350079e-03  2.12187991e-02  2.70987973e-02
  1.09042011e-01 -4.29731309e-02 -1.06949486e-01 -6.12143893e-03
 -2.48326212e-02  1.05106756e-02 -1.91389807e-02  3.73161472e-02
  4.76912670e-02  8.63719266e-03 -4.45198454e-02  5.16249016e-02
 -3.78861018e-02 -9.23885219e-03 -1.67024564e-02  4.02950197e-02
  1.30251015e-03  6.30075717e-03 -1.40507758e-01 -3.87761518e-02
  3.36654969e-02  1.02452608e-02  7.22282380e-02  5.04625216e-03
 -5.59386797e-02 -8.63952860e-02 -7.82472193e-02 -1.64945591e-02
 -1.63722821e-02  3.74303088e-02  9.25761238e-02  1.51038226e-02
  4.45507606e-03  3.90472426e-03  3.99743989e-02  5.58321700e-02
  1.59328189e-02 -6.90379366e-02 -5.80859296e-02 -1.46085135e-08
  1.18549971e-03  9.43622831e-03 -1.82339421e-03  5.34027778e-02
 -3.63450847e-03  8.76775756e-03 -4.39242460e-02  2.74524558e-02
  5.21108769e-02  7.45625123e-02  2.02023871e-02  2.30955258e-02
  1.11809678e-01 -3.04773115e-02 -5.27445935e-02  6.98400289e-03
  1.44855101e-02  1.04587013e-02 -2.24355776e-02  4.81585748e-02
  1.23018529e-02 -6.02912717e-02 -4.42485176e-02  3.85337919e-02
 -3.94820198e-02 -1.40050258e-02  2.84295194e-02  4.73966189e-02
 -3.53278182e-02  6.46232569e-04 -2.45972164e-02 -2.96846628e-02
  2.82009616e-02 -7.79753029e-02 -5.26078157e-02 -9.13899764e-02
 -5.32074943e-02  1.38833076e-02 -3.86176468e-03  4.23479713e-02
 -7.38893896e-02 -9.01753157e-02  4.03798781e-02  1.67768151e-02
  3.35832424e-02  6.55354336e-02  5.22548612e-03 -7.58824870e-02
  3.84208784e-02  8.78305286e-02 -4.61967252e-02  2.24338449e-03
 -4.54653017e-02 -9.40356702e-02  3.65507342e-02  3.39071676e-02
 -2.80975811e-02  5.95054813e-02  8.31206981e-03  6.40450418e-02
 -8.91907588e-02  6.74786493e-02 -8.07300955e-02 -1.23823164e-02]"
30,5fcb8a6a-1e54-40c9-8679-576aa8cc8a9d,Auto Detailing,nearby automotive auto cleaning auto detailing,"[-5.06139472e-02  4.40415815e-02  4.94796596e-02 -4.66990508e-02
  8.33979715e-03 -2.12641638e-02 -2.33152285e-02 -4.48497273e-02
 -7.03623742e-02 -4.49096896e-02 -2.17891932e-02  4.22039181e-02
 -2.80173924e-02  2.29587331e-02 -3.64468768e-02 -3.68990116e-02
  4.60166261e-02 -3.56800035e-02 -1.86022408e-02 -9.49534252e-02
 -5.84338158e-02  2.39274912e-02  4.19507772e-02 -1.10056335e-02
 -1.20618183e-03  1.00083733e-02  3.84530425e-02  8.53405613e-03
 -7.46433623e-03 -1.14744455e-02  3.24928686e-02  2.32295506e-03
  4.21329737e-02 -2.79323515e-02  9.89352539e-02 -1.72485914e-02
 -1.34516016e-01  7.95482919e-02  2.84625832e-02 -7.63111636e-02
  2.35132668e-02 -4.25981097e-02 -8.19175467e-02  4.59860545e-03
  5.31228855e-02  6.19114144e-03 -2.69630067e-02 -2.89077535e-02
  5.13627119e-02 -5.94877265e-02  2.07296647e-02  2.92853313e-03
  6.72836415e-03 -7.89707154e-02 -5.98532967e-02  5.60039356e-02
  3.73528562e-02 -8.89453813e-02 -2.52503566e-02 -1.26499105e-02
  7.27795437e-02  2.66761705e-02 -4.68558818e-02  6.33353135e-03
  1.98927820e-02  2.09615398e-02  2.46763788e-02 -1.73563212e-02
  2.96947677e-02 -1.26319909e-02 -8.61412473e-03 -7.89037813e-03
 -4.85625044e-02  5.99779114e-02  6.56051934e-02  3.38109434e-02
 -3.29390168e-02 -5.55465519e-02 -6.69226199e-02 -6.79525882e-02
 -1.89606994e-02  1.11411809e-05  1.90316811e-02  2.39160582e-02
 -7.81602487e-02  5.33073433e-02 -1.50817176e-02 -7.87628889e-02
  7.89470375e-02  4.43350431e-03 -2.64862478e-02 -4.39415872e-02
 -1.00354366e-01 -8.78917724e-02  8.54713377e-03  2.33223289e-02
  1.22375593e-01 -1.70976911e-02  6.00352064e-02  7.16514289e-02
 -1.43758124e-02  1.88227016e-02 -1.78530347e-02 -6.51109219e-02
 -6.78710565e-02  5.67865260e-02 -1.94225349e-02  2.43023653e-02
  4.51400550e-03 -2.08746400e-02 -1.88796055e-02 -2.77808364e-02
 -6.42719418e-02  8.23047478e-03  7.29271630e-03  1.17676528e-02
  1.12488307e-01 -1.54096810e-02  6.02053152e-03  7.31777623e-02
  2.80966945e-02 -8.06662217e-02 -6.15480319e-02  4.26158272e-02
  6.88664615e-02  1.04851392e-03  2.15455312e-02 -1.22144929e-33
  2.50591636e-02  2.60682236e-02  3.61925038e-03  4.29289825e-02
  2.99078017e-03  3.35015841e-02 -6.93983585e-03  3.02155819e-02
  4.41799127e-02  1.03082947e-01 -7.55808083e-03  6.42663389e-02
 -5.35389595e-02 -3.32533494e-02  3.16142058e-03 -1.20687997e-02
  1.50863323e-02  3.63383777e-02 -1.18931919e-01 -3.76050808e-02
 -5.67991883e-02 -8.92718695e-03 -2.61859992e-03  4.17553745e-02
  5.20306267e-02  1.41168153e-02  4.08021286e-02  7.37585127e-02
  2.31371634e-02  2.45683063e-02  5.61833158e-02  4.09131385e-02
 -4.22557145e-02  1.15197234e-01 -7.43556470e-02  1.19215086e-01
 -1.05097428e-01 -7.46965110e-02  1.91900376e-02  2.33297981e-02
  3.88028584e-02  4.21922430e-02 -3.44621725e-02 -1.03821777e-01
 -3.23054716e-02 -1.77970827e-02  1.15348045e-02  3.17065567e-02
  1.31758843e-02  3.14412825e-02  7.48361126e-02  1.34879742e-02
  3.80624854e-03 -2.88577806e-02 -5.64787211e-03  8.06334168e-02
  2.29068678e-02 -7.17644840e-02  6.17296547e-02  3.19297835e-02
  1.52028473e-02  8.56781080e-02 -8.93196166e-02  1.48754995e-02
  3.04119531e-02 -1.82714835e-02  1.06315218e-01  6.05527125e-02
  1.06466308e-01 -1.60153713e-02 -3.95978354e-02 -1.44571792e-02
 -7.39153707e-03  6.27927901e-03  3.05686761e-02  8.26898143e-02
  6.62096143e-02 -2.46921889e-02 -1.27779180e-02  1.04251122e-02
 -5.42274863e-02  1.52698765e-02 -2.88748443e-02 -7.02200085e-02
  3.09310928e-02  2.06599813e-02  4.58475668e-03  7.56289903e-03
 -1.39252394e-02  3.90421525e-02  6.17914945e-02  5.15163876e-02
 -6.04618415e-02  3.76505665e-02 -7.44031891e-02 -1.29808243e-33
  1.04837790e-01 -1.11915559e-01  7.58668929e-02  6.36087358e-02
 -1.07693048e-02  8.55824631e-03 -2.66856905e-02 -4.43822928e-02
 -6.78343177e-02  3.83981355e-02 -3.68066207e-02  5.66121973e-02
  3.09230443e-02 -7.06916004e-02  1.06566353e-02  4.69289161e-02
  6.05035238e-02 -3.93001363e-02 -6.43308088e-02  3.00054923e-02
  5.07993698e-02  2.60893721e-04  5.44236973e-02 -3.06495409e-02
 -8.85356963e-02 -1.22795636e-02 -9.17961895e-02  2.54154559e-02
 -5.41366674e-02 -6.18288585e-04 -3.88605893e-02 -1.68990418e-02
  5.53371795e-02  4.53148643e-03 -1.49307195e-02 -6.71003759e-02
  1.93741824e-02  5.95046952e-02 -1.39172385e-02 -1.25218537e-02
  3.33859809e-02 -3.21150199e-02 -9.41636339e-02  3.84166725e-02
 -7.12487996e-02 -9.54755619e-02 -7.10975006e-02 -2.05579610e-03
 -1.88326333e-02  3.51622910e-03  3.93982716e-02 -1.26913898e-02
 -4.02840413e-02  3.74106690e-02 -2.21829079e-02  1.20168097e-01
  5.97314537e-02 -3.11521683e-02 -7.45575875e-02  1.15209393e-01
  5.40318936e-02  9.78568718e-02 -3.91975138e-03  3.94902453e-02
  1.66090950e-02 -1.16174333e-01  8.33093077e-02  1.36219915e-02
 -8.48193839e-02 -7.70482933e-03 -3.08189243e-02  3.34370658e-02
  7.94803072e-03 -5.52645661e-02 -2.71167737e-02 -5.45147024e-02
  4.48287325e-03 -1.14468820e-01 -4.58189566e-03 -1.85946599e-02
  5.80196362e-03 -2.34802198e-02 -2.15416066e-02  1.18979014e-01
 -7.24894255e-02 -3.06913704e-02 -9.14122015e-02  3.85559723e-02
  8.08963999e-02  5.68702025e-03  4.01674137e-02  8.46645758e-02
  4.13128771e-02 -4.69090044e-02 -9.72161666e-02 -1.55722919e-08
  4.04512100e-02  8.49325657e-02  4.41412702e-02  4.37483285e-03
  9.73997079e-03 -6.03821576e-02  7.09163258e-03  1.54882699e-01
 -3.55194360e-02 -2.48124991e-02  7.32159894e-03 -6.53733164e-02
 -5.71687706e-02  1.43861137e-02 -1.16807343e-02 -6.40646741e-02
  3.71026993e-02  5.13512716e-02 -7.15639815e-02 -4.16411124e-02
 -4.68802936e-02 -1.77048948e-02  5.02512418e-02  5.42232767e-02
 -2.00150092e-03 -1.56381708e-02 -2.93625370e-02  9.92926359e-02
  1.42994092e-03  1.15846926e-02 -3.11251916e-03  2.00403500e-02
  7.87104666e-02 -3.58268060e-02  3.27753183e-03 -5.30977957e-02
  4.66163978e-02 -1.20567447e-02 -8.24877024e-02 -1.11217998e-01
  7.31884595e-03  1.18877664e-02 -6.15666434e-02 -5.15685091e-03
  1.38169182e-02 -2.13767253e-02 -4.83109094e-02 -1.06807783e-01
 -4.21910919e-02 -4.95424308e-02 -4.19046637e-03  3.88921201e-02
 -3.27758119e-02  7.07340017e-02  1.00267297e-02  2.49170400e-02
  4.60041873e-02 -5.62778078e-02  2.20271274e-02 -3.55538883e-04
 -2.10686717e-02  3.59686427e-02  7.43580610e-03 -2.22411845e-02]"
31,4aeb207d-ed27-4b1f-98e0-f2f04ed514fc,Cooking Classes,nearby personal services classes cooking classes,"[ 9.45989974e-03 -5.21139689e-02 -1.23362178e-02  4.98817256e-03
 -5.02856560e-02 -2.10134238e-02  1.82497979e-03 -1.04642309e-01
 -1.65894479e-02 -6.38410002e-02  4.44170907e-02  3.06660850e-02
 -4.50188182e-02  4.12394479e-03  7.97266886e-02 -1.31307453e-01
  1.24552868e-01 -9.52710062e-02 -1.57480184e-02 -5.86809963e-02
 -5.05225360e-02  3.74309383e-02 -1.65729132e-02  2.01535802e-02
 -2.31690854e-02 -5.12147620e-02  6.89637363e-02 -6.30582031e-03
 -1.30860442e-02 -2.54205689e-02 -8.87771137e-03  4.89534512e-02
 -5.75091541e-02  5.76312542e-02  5.86042143e-02  8.06562975e-02
  8.48972574e-02  5.39211817e-02 -3.82789746e-02  4.96286601e-02
 -4.79000434e-02 -3.11250314e-02  8.90760589e-03  1.81532605e-03
  8.37692898e-03 -4.45603859e-03 -7.07683712e-02 -9.73818302e-02
  2.52897274e-02 -7.79297203e-02 -2.41558161e-02  1.28002623e-02
 -3.07763889e-02  1.64998733e-02 -1.37410620e-02 -3.96169387e-02
 -2.93175746e-02  1.41109787e-02 -6.94772154e-02  4.01528366e-02
 -3.42101678e-02  1.23337740e-02 -1.10029560e-02 -1.17734843e-03
 -9.21789259e-02  8.53909180e-04 -1.39914248e-02  1.02776259e-01
  3.95058878e-02 -8.69189277e-02 -3.33412960e-02  1.36092643e-03
 -8.27133408e-05  4.79197949e-02  7.49907047e-02  5.59708513e-02
  1.86786745e-02 -2.25078426e-02 -2.68880185e-02 -7.53058195e-02
 -5.80041744e-02  1.13745360e-02  2.73249261e-02  5.49483113e-02
 -6.30881786e-02 -1.94497295e-02 -1.08560231e-02 -2.64575835e-02
  7.67443255e-02  4.34099836e-03  1.39648644e-02 -2.45776772e-02
 -7.95985311e-02 -4.91845049e-02 -6.08969629e-02  1.51262078e-02
 -8.74539558e-03 -6.32222295e-02  3.84787805e-02  1.97837986e-02
 -9.76243243e-02  1.28644577e-03 -1.85136367e-02  2.61995429e-03
  1.33373989e-02  3.99590619e-02 -2.57083378e-03  2.02126447e-02
  5.46185337e-02  1.33872777e-02 -1.79669599e-03  4.49463353e-02
 -1.11272179e-01 -4.90868874e-02  3.80391702e-02 -2.09141914e-02
  1.36676699e-01 -6.87632561e-02  3.29586789e-02  4.44432423e-02
 -4.53535840e-02  2.55275946e-02 -2.15805266e-02 -4.46301028e-02
 -5.61761186e-02 -5.55095114e-02 -7.28680342e-02  9.80339605e-34
  3.15901972e-02  6.63920119e-02  3.48215252e-02  9.51140970e-02
  1.03221223e-01 -2.30318233e-02 -2.86127382e-04 -1.50456466e-03
  4.60201092e-02  7.46965110e-02  8.21453854e-02  5.34424447e-02
  4.91996333e-02  7.42646353e-03  9.12642106e-02 -1.00917611e-02
 -2.48046201e-02  2.12794077e-02 -4.72365180e-04 -1.34790186e-02
 -1.14074126e-01 -3.22502814e-02  3.05835921e-02 -7.59155722e-03
 -3.41043733e-02  7.48694465e-02  6.55578971e-02  2.87137018e-03
  8.30458328e-02  2.51708576e-03  5.10976166e-02 -5.10801859e-02
  1.44957695e-02 -1.14660580e-02  5.65874502e-02  8.64281356e-02
  1.18276225e-02 -1.32296979e-02  4.16728817e-02 -2.95287650e-02
 -4.26033884e-02  9.99268889e-03  4.53158133e-02  6.37504980e-02
 -1.63204893e-02  4.79627177e-02  3.58933546e-02  9.19314101e-02
 -2.00436674e-02 -1.80716757e-02 -1.78060718e-02 -3.15178484e-02
  1.72541663e-02 -2.44579874e-02 -2.36305799e-02 -1.24814361e-02
  1.07810177e-01  3.85970399e-02  5.66689589e-04 -5.83121926e-02
  9.43410024e-02  6.66213483e-02 -5.14428169e-02 -3.53450105e-02
 -2.03692112e-02 -8.26027542e-02 -1.54969702e-02 -6.66934252e-02
  1.14864573e-01 -1.15620205e-02  2.13559587e-02  1.98286511e-02
 -9.06636938e-03  1.47429900e-02  8.49205330e-02  1.31617198e-02
  4.15820768e-03 -2.52915788e-02  1.06078703e-02  5.93698956e-02
  1.01834528e-01 -3.11947949e-02 -6.71109185e-02  5.78964911e-02
 -6.16099760e-02 -3.83499614e-03  2.55961623e-02 -1.05225723e-02
  7.66975293e-03  1.02594353e-01 -8.42599049e-02  1.64143387e-02
  4.52397168e-02  4.46796194e-02 -8.41368362e-02 -1.66669450e-33
  3.76097648e-03  2.15018131e-02 -4.05754559e-02  1.68660339e-02
  9.12728533e-02 -1.90582331e-02  2.92719994e-03 -8.22219811e-03
 -3.19338627e-02 -3.60420113e-03 -6.65861964e-02 -1.46168415e-02
  9.88111924e-03  2.47787163e-02 -6.11850172e-02  6.61513135e-02
 -4.10217345e-02  4.31253053e-02  2.74725016e-02 -6.49873773e-03
 -1.52370110e-02  8.29761699e-02  8.56929123e-02  5.36594205e-02
 -6.69184402e-02  2.89115161e-02 -7.41431192e-02  8.94534290e-02
 -4.14269157e-02 -3.69426608e-02  2.50281324e-03 -6.94413260e-02
  7.12051243e-02 -2.15048399e-02 -1.02216326e-01  6.85627013e-02
 -9.12430137e-03  5.17910607e-02 -6.07597828e-02  1.95261836e-02
  7.20033497e-02 -9.66678783e-02 -5.76130822e-02  1.94495711e-02
 -2.63593178e-02 -3.70569006e-02  3.19904312e-02 -6.44692779e-03
  7.58564891e-03  1.88967716e-02 -2.60414090e-02 -4.37746607e-02
 -2.97576766e-02  2.59298012e-02  1.81628279e-02  5.53470403e-02
  9.11632925e-02 -6.22517914e-02 -8.53624716e-02  1.84181407e-02
  1.86195336e-02  1.25441188e-03  4.31397334e-02  7.12729022e-02
  4.02637944e-02 -1.44035835e-02  3.05041559e-02  1.80067390e-03
 -1.35698961e-02  3.27983755e-04 -4.92568426e-02  5.43499291e-02
  1.89322513e-02 -4.38053161e-02 -1.16732642e-01 -3.55980881e-02
  7.57881552e-02 -2.45966646e-03 -6.25350513e-03  2.32608877e-02
 -1.53807076e-02 -1.07822940e-01 -7.19457567e-02  3.51209790e-02
  1.18225664e-02 -4.35260795e-02  1.21304475e-01  3.01709026e-02
  3.49864960e-02  4.12953645e-02 -2.72772182e-02  9.28679034e-02
  4.18112949e-02 -4.08011861e-02 -4.49169651e-02 -1.38231702e-08
  9.35198087e-03 -2.77270675e-02 -8.08977801e-03  7.58349001e-02
 -6.98671490e-03 -6.62595406e-02 -3.43179367e-02 -4.39360328e-02
  4.05174233e-02  1.24543943e-01 -8.45613107e-02  1.37087014e-02
  7.97003433e-02 -3.89100723e-02 -3.09704710e-02  4.94938865e-02
  4.78874333e-02 -4.15348336e-02 -3.65133137e-02  4.92266603e-02
  4.33597751e-02 -3.45591456e-02  9.29418579e-03  3.64540853e-02
 -2.32659001e-02 -2.18605306e-02 -2.70293280e-02  3.33790295e-02
  3.43731754e-02  7.67834065e-03 -7.34122992e-02 -2.94965156e-03
  1.05628162e-03 -4.80393507e-02  9.44112521e-03 -4.69169058e-02
 -1.06195375e-01 -7.74713187e-03 -1.52019933e-02 -5.82333282e-03
 -9.63192284e-02 -1.00837424e-01 -3.26754041e-02  4.26534191e-02
  3.58690284e-02  6.40011281e-02 -4.22221534e-02 -5.19924909e-02
  1.59715433e-02  1.22231811e-01 -4.25106399e-02 -2.66715093e-03
  3.04888673e-02 -7.28548318e-02 -2.95606088e-02  7.06777116e-03
  1.52452132e-02 -3.18717062e-02  1.06410109e-01  2.12775171e-02
 -9.16912407e-02  5.63602149e-02 -7.59654120e-02 -5.85050182e-03]"
32,8bad7627-c919-4832-b764-5c447a258eaa,Deep Tissue Massage,nearby beauty & spas massage deep tissue massage,"[-1.95922814e-02 -4.43915203e-02  8.01495835e-02  4.87417653e-02
 -7.71696940e-02 -5.41905686e-02 -2.80866912e-03 -4.53547388e-02
 -3.07599641e-02 -1.86692439e-02  8.48118216e-02  2.23677210e-03
 -3.45810726e-02  8.28601941e-02  1.02070741e-01 -1.71222519e-02
  1.36464909e-01 -2.15564501e-02  2.95105949e-02  2.83508804e-02
 -1.79797430e-02  1.92617963e-03 -1.44407908e-02 -2.50506285e-03
 -6.86309114e-02 -3.45022641e-02 -3.60420831e-02 -1.30240871e-02
  1.50916157e-02 -3.46635506e-02 -1.97447781e-02  1.49759613e-02
 -6.27337545e-02 -1.75504200e-02  6.80243000e-02  1.37137070e-01
 -8.19922239e-02 -6.53860122e-02  4.12785262e-02  4.41469960e-02
 -4.74877134e-02 -3.50372605e-02 -9.46933590e-03  7.29802921e-02
  6.02245219e-02  2.40316242e-02  5.60766011e-02 -1.84683539e-02
  5.24874032e-02  2.26715393e-02 -5.56040257e-02 -8.53553787e-02
  2.11269371e-02  6.11289032e-02  1.69520583e-02 -2.60801297e-02
 -1.19664967e-01 -2.63354126e-02 -5.08703031e-02  5.55653311e-02
  5.75814731e-02  8.37426633e-03 -8.23164266e-03 -4.32518730e-03
 -4.73865420e-02 -3.87451090e-02 -8.47162157e-02  7.06745535e-02
  3.78587134e-02 -7.84544423e-02 -6.06413046e-03  4.85944329e-03
 -3.36346366e-02  8.10213536e-02  1.35872886e-02  4.08936217e-02
  2.00027716e-03  3.22276168e-02  2.95382570e-02 -2.71901321e-02
  6.35257885e-02 -6.24091085e-03  2.97889374e-02  4.82428595e-02
 -4.59190048e-02  5.28930279e-04  6.16569817e-02 -3.97129916e-02
  8.22813716e-03 -2.68628784e-02  3.25036384e-02  6.25154283e-03
 -1.81783885e-01 -6.53077895e-03 -5.17023131e-02 -2.01069750e-02
 -3.74758467e-02  5.36329187e-02 -4.31497842e-02  9.49688330e-02
  1.38783343e-02  2.30714921e-02 -3.61386165e-02  4.79428247e-02
 -8.88948515e-02 -2.76007298e-02 -7.33406618e-02  3.63727883e-02
  6.32838607e-02  1.36863003e-02 -6.69099903e-03  2.72499230e-02
 -8.89193118e-02 -6.73970440e-03 -1.65828802e-02 -1.95143037e-02
  8.09824765e-02 -2.71609873e-02  5.18093770e-03 -6.59436360e-03
 -3.30218347e-03 -8.56684074e-02  2.05081552e-02 -4.56689298e-02
 -1.25741661e-01  3.42797302e-02  8.79793614e-03 -2.24753200e-35
  1.75620504e-02  4.92089204e-02  7.54463598e-02  3.04237064e-02
 -8.61612335e-02  1.12271644e-01 -5.35065271e-02 -7.93295354e-03
 -5.34714982e-02 -1.69335362e-02 -8.25574100e-02  7.62214363e-02
  4.21750136e-02  3.38939019e-02 -4.47935387e-02 -6.82855248e-02
 -4.30550240e-03  8.39515701e-02  1.35108344e-02 -7.83227533e-02
 -2.03427915e-02  1.94708630e-02 -5.12000211e-02  1.80391315e-02
 -6.00184575e-02  2.66513564e-02 -9.95700713e-04 -6.71248287e-02
  3.24901752e-02  5.06549049e-03 -1.23849921e-02 -1.78297516e-02
  1.00684747e-01  5.57661660e-05 -1.21257128e-02  6.70903772e-02
 -3.08593810e-02 -7.43759573e-02  5.58368079e-02 -3.44402678e-02
  1.89545173e-02  3.69764119e-02  2.14576200e-02  1.53826335e-02
 -1.02525409e-02  5.21359295e-02  1.32053357e-03 -3.77766751e-02
  3.51587534e-02 -9.33709219e-02 -5.50498925e-02  4.97168936e-02
 -1.62563957e-02  5.10820597e-02 -9.24082566e-03  1.78620592e-02
 -1.32173523e-02  2.64441688e-02  3.64416726e-02  4.88127396e-02
  6.23395815e-02 -3.29982527e-02 -2.09906511e-02 -1.28361210e-01
 -3.11921332e-02 -3.27944793e-02  1.26310373e-02  1.27259167e-02
  5.26095778e-02  6.36657402e-02 -1.64026730e-02  9.25178006e-02
  8.15484207e-04 -2.59511117e-02 -3.43387425e-02 -1.64161921e-02
  4.53245975e-02  3.57415080e-02 -5.47548681e-02 -6.49113161e-03
 -1.81960706e-02  2.81578898e-02 -3.59418243e-02  1.37254715e-01
  9.26411897e-02 -1.79219358e-02 -1.20094053e-01  1.53872455e-02
 -2.41729952e-02  1.13474177e-02 -5.96013628e-02  5.89135811e-02
  1.52936103e-02 -2.02874430e-02 -6.43398762e-02 -2.00250238e-33
  9.69986431e-03 -4.22233678e-02 -1.68534126e-02  4.76763844e-02
  4.67163883e-02  6.76853955e-02 -3.44366394e-02  3.95842716e-02
 -8.22727755e-02  1.32705331e-01 -6.74850401e-03 -4.81720455e-02
  2.44496483e-02 -5.31755760e-03 -4.10911217e-02  8.04016292e-02
 -3.23119015e-02 -1.69048086e-02 -6.02763593e-02  6.22779429e-02
  2.26026550e-02  1.22274339e-01  8.60909559e-03  1.90707762e-02
 -1.77493989e-02  4.31050286e-02 -2.44278200e-02 -5.19404337e-02
 -3.63791734e-02  1.73673294e-02 -1.53521141e-02 -5.30462675e-02
 -3.97854336e-02  2.87645645e-02 -1.59507133e-02  5.42552471e-02
 -8.32897704e-03  1.39961410e-02 -3.73097919e-02  5.52493855e-02
  1.01925217e-01 -8.77736583e-02 -1.78314336e-02  5.26506715e-02
  5.10422513e-04 -7.95476660e-02 -1.31242022e-01 -2.58389413e-02
  2.91043594e-02  4.46227491e-02 -1.23784430e-02 -7.11399913e-02
 -2.02648621e-02  5.56640439e-02 -6.41327575e-02 -3.70750278e-02
  4.83319536e-03 -1.30460430e-02 -8.55099782e-02  1.59092918e-02
 -1.27024809e-02 -8.27321503e-03 -3.41820419e-02  4.97380132e-03
  3.95358354e-02  7.77694508e-02  1.51626719e-03  9.73467890e-04
 -1.17955662e-01  3.34604457e-02 -1.80199854e-02  6.06026351e-02
 -4.19598371e-02  1.25677036e-02  1.35233579e-02  2.65300032e-02
  6.27630055e-02 -8.20900276e-02 -1.74368341e-02  4.46063560e-03
 -1.76652297e-02 -3.97541225e-02  1.05170030e-02  1.75744370e-02
  6.85887411e-03  5.22641502e-02  4.89411242e-02  4.70785378e-03
 -7.16041178e-02  5.02788555e-03 -5.14369942e-02  4.36486416e-02
 -1.51480893e-02 -9.79932025e-02  6.57367473e-03 -1.80374045e-08
 -7.36695677e-02 -6.37854624e-04  9.56307817e-03 -4.95758951e-02
 -5.58963475e-05 -4.93743084e-02 -1.81979686e-02  1.00384109e-01
  4.03833389e-02  4.62578908e-02 -2.89947372e-02  4.95284647e-02
  6.31599799e-02 -3.64518538e-02  1.90268848e-02 -2.11994313e-02
  6.99761063e-02  8.57898369e-02 -3.89635749e-02 -4.54125442e-02
 -9.53021832e-03 -1.09422617e-02  7.06345364e-02 -5.31755714e-03
  3.89453769e-02 -4.76222448e-02 -1.69817023e-02  5.16675971e-02
 -7.56489020e-03 -9.77903977e-02  6.12957738e-02 -1.63894985e-02
  6.48273155e-02 -3.81475724e-02 -5.81259653e-02  3.02907843e-02
 -3.15945894e-02 -5.06030507e-02 -1.15231283e-01  2.89834440e-02
 -8.21194202e-02 -7.79712051e-02  1.11411354e-02  1.86183825e-02
 -3.85832204e-03 -3.98086123e-02  6.14726432e-02 -7.04470742e-03
  4.83243130e-02  1.16805330e-01 -4.48924601e-02 -5.99340089e-02
  4.74937670e-02 -3.58065479e-02 -1.73346419e-02 -2.38642152e-02
 -6.24120422e-02  1.02586495e-02 -6.68391353e-04  1.09866992e-01
  2.42911540e-02 -3.17252986e-02  2.74413712e-02  1.15072606e-02]"
33,edea8d22-5c94-4c29-ab6b-cde6c3000f98,Spas,nearby beauty & spas spas,"[ 4.00297232e-02 -6.32502064e-02  4.68260907e-02  1.10029794e-01
 -4.67896983e-02  8.67211260e-03  8.91544484e-03 -8.89120102e-02
 -8.05300474e-02 -5.60545772e-02  8.14088657e-02 -4.90183197e-02
 -3.49351764e-02  6.99191466e-02  7.67621771e-02 -3.54681648e-02
  1.46651223e-01 -3.46344635e-02  8.37923512e-02 -3.20820250e-02
 -4.39937832e-03 -4.26620133e-02 -1.86325274e-02  6.91947388e-03
 -4.58576716e-02 -4.25477810e-02 -5.73499948e-02  5.78570105e-02
 -2.97483355e-02 -6.20725155e-02  1.82735994e-02  3.16991843e-03
 -5.16312495e-02 -1.37396427e-02  6.87058419e-02  1.05031118e-01
 -2.82695610e-02 -7.08680823e-02  2.29946785e-02  5.96491434e-02
 -8.97587091e-02 -4.73105796e-02 -4.48389947e-02  3.99733111e-02
  5.88294789e-02 -1.41577674e-02  2.75302492e-02  7.10336911e-03
  6.62566572e-02  7.22187525e-03 -1.51367029e-02 -5.95714301e-02
 -2.16198359e-02  8.81824177e-03  1.55138401e-02 -3.48502770e-02
 -5.71154058e-02 -7.24233761e-02  2.78475578e-03 -3.01094241e-02
  8.42893794e-02 -9.22018476e-03 -2.42042542e-02  2.85107233e-02
 -6.62493929e-02 -5.78757972e-02 -7.61601478e-02  1.02004811e-01
  6.50979429e-02 -1.58929273e-01  1.15836114e-02 -6.27678959e-03
 -6.38610125e-02  4.95529212e-02  3.89341712e-02  8.63648131e-02
  4.08795138e-04 -1.97227988e-02  6.12322520e-03 -3.39562818e-02
  1.80239007e-02 -3.48739373e-03  1.19543187e-02  4.01429348e-02
 -4.41088490e-02 -4.34785411e-02  6.54021874e-02 -6.93492442e-02
  9.76759568e-02  3.51365714e-04  2.32693236e-02  5.38493041e-03
 -1.40115902e-01  1.82587914e-02 -2.83172708e-02 -1.39471060e-02
 -5.96273020e-02 -2.11322699e-02  2.42401659e-03  8.53344724e-02
 -1.44598186e-02  1.78963933e-02 -4.26153950e-02  9.45757255e-02
 -2.21115686e-02 -1.86562464e-02 -1.36643983e-04  1.03377305e-01
  5.97681701e-02  4.98321839e-02 -1.38889365e-02  3.50007527e-02
 -4.41131853e-02 -8.04005936e-03 -7.26153478e-02 -4.43387851e-02
  9.95036662e-02 -5.40620573e-02  8.68629068e-02 -6.54144511e-02
 -2.70190067e-03 -7.02252379e-03 -1.03478441e-02 -5.47488779e-02
 -4.75637540e-02  3.08453776e-02 -7.52431666e-03 -2.48321639e-33
  3.43815200e-02  6.98163584e-02  6.28770664e-02  8.96819904e-02
 -3.91929708e-02  4.47487347e-02 -2.84936223e-02 -2.50994973e-02
 -6.39373139e-02 -1.33353993e-02 -1.10865049e-01  7.02913967e-04
  3.02062742e-02 -7.73993693e-03  2.13150792e-02 -4.34132256e-02
  6.70961887e-02  2.33428199e-02 -3.20399515e-02 -4.69246842e-02
 -5.62805012e-02 -1.21696778e-02 -3.15768197e-02 -1.07549615e-02
 -2.14909241e-02  3.49814855e-02  3.61329271e-03 -2.12484635e-02
 -2.23790458e-03  2.73075402e-02  3.67884487e-02 -5.40165883e-03
  8.02120939e-02  3.22603136e-02  1.54608199e-02  4.56168279e-02
  2.46136123e-03 -8.48534033e-02  5.71733639e-02 -2.61230841e-02
 -7.45043755e-02  4.94150221e-02 -1.45779492e-03  5.37061645e-03
  1.35845467e-02  8.67770314e-02  7.03988271e-03  1.04616258e-04
  3.04189492e-02 -2.91490648e-02 -5.77711947e-02  4.82779667e-02
 -3.26569974e-02  1.40868619e-01  3.98469828e-02 -9.52624995e-03
 -4.02575992e-02 -1.50349438e-02  7.37073869e-02  2.02895585e-03
  5.84539846e-02  6.26612976e-02 -3.46004814e-02 -1.05080537e-01
  3.71154733e-02 -3.21530290e-02  5.29189296e-02  3.69792841e-02
  2.80132070e-02  2.88675670e-02 -7.33497692e-03  3.59486938e-02
  1.84047073e-02 -5.64557128e-03 -1.75078418e-02 -3.79968248e-02
  3.98834832e-02  2.96986029e-02 -9.74843279e-03  6.10835925e-02
  3.10478956e-02 -5.04814796e-02 -8.42366219e-02  9.54431593e-02
 -4.52410750e-04 -4.57629301e-02 -4.62357961e-02 -1.83202270e-02
 -2.72713304e-02 -1.59634314e-02 -3.04182954e-02  7.51828849e-02
  1.56209208e-02 -3.08180526e-02 -8.68481398e-02  1.80415045e-34
 -3.41402963e-02 -9.30858776e-02  3.79464515e-02  1.98814948e-03
  1.32691767e-02  4.85447235e-02 -2.85777841e-02 -1.96867269e-02
 -1.72947776e-02  1.24550380e-01 -1.43519223e-01 -2.75991671e-02
  7.69528374e-02 -5.64749353e-02 -9.55053493e-02  1.12173624e-01
  2.70381030e-02 -6.24995716e-02 -4.11873274e-02  7.26267844e-02
 -4.16915715e-02  1.35466948e-01 -3.14930715e-02 -4.01035398e-02
 -2.02126876e-02  4.94275950e-02 -2.34436188e-02 -2.33503599e-02
 -8.38266015e-02 -1.49625586e-02 -1.37908962e-02 -2.88530849e-02
  4.89533171e-02  7.38029927e-02 -9.12832841e-03  4.17034365e-02
 -6.51457021e-03  3.86985391e-02 -2.12353505e-02  3.55124436e-02
  7.99072385e-02 -6.46195263e-02 -1.53270429e-02  7.17012137e-02
  7.11080357e-02 -7.02649429e-02 -1.03661187e-01 -2.26953346e-02
  2.42113788e-02 -2.23020278e-03 -2.23016478e-02 -3.47940139e-02
 -4.72838506e-02  4.09265421e-02 -6.40829355e-02 -7.16180280e-02
  3.54078040e-03  3.26805040e-02 -5.29095642e-02  3.13225575e-02
  3.57876420e-02 -2.09347298e-03  6.84079787e-05  6.44911826e-02
  4.17726934e-02  5.56736924e-02  1.63011849e-02 -2.76184008e-02
 -8.31480622e-02 -5.69451600e-02 -2.96089146e-02  1.79420449e-02
 -3.90280271e-03 -7.12279230e-02 -2.90820189e-02 -8.26818217e-03
  4.43804003e-02  3.41568701e-02 -2.53885407e-02  7.51125626e-03
  9.39196814e-03  1.63501296e-02  4.50062379e-02 -1.13059077e-02
  4.94084470e-02  2.91714799e-02 -9.38692689e-03  4.45294287e-03
 -7.13079888e-03  3.01413983e-02 -5.13572842e-02  5.49229309e-02
  2.71078758e-02 -9.61729139e-02 -1.55251818e-02 -1.64087890e-08
  3.21030430e-02  1.56332329e-02  2.05121785e-02 -4.32689954e-03
 -2.29273867e-02 -2.55593155e-02 -1.31260632e-02  6.75836504e-02
  1.66414503e-03  5.98228052e-02 -2.10763235e-02  7.46795312e-02
  4.46234718e-02  7.30065349e-03 -2.84544518e-03 -2.83924472e-02
  4.23486531e-02  4.37773205e-02 -4.86630201e-02  2.76816599e-02
 -2.47211736e-02  4.88539636e-02  5.28018884e-02 -6.39153831e-03
 -2.11062320e-02 -1.98516753e-02  2.58874730e-03 -2.73309350e-02
  1.70992389e-02 -1.24245532e-01  2.43619345e-02 -1.79311950e-02
  6.41697347e-02 -1.59475747e-02 -5.54459132e-02  2.63471305e-02
 -6.19949512e-02 -2.92831305e-02 -1.00370206e-01 -4.74766381e-02
 -1.27267912e-01 -9.15524364e-02  5.80129884e-02  1.35366675e-02
  9.44922678e-03  5.51546104e-02 -1.80384219e-02 -3.81269790e-02
  2.51174197e-02  1.01614170e-01 -9.33594555e-02 -5.62232137e-02
 -3.42701888e-03 -4.06115577e-02  1.28046069e-02 -4.11309563e-02
 -3.12165096e-02 -3.00653167e-02  3.34702767e-02  6.93816990e-02
  3.88416909e-02 -4.18548211e-02 -2.02544909e-02  3.42129581e-02]"
34,ea2ebf3b-fbd9-46f4-b8c8-a16527564ce3,Hot Stone Massage,nearby beauty & spas massage hot stone massage,"[ 1.62906349e-02 -1.92800108e-02  3.46168727e-02  8.52168500e-02
 -7.45568648e-02 -3.40096792e-03  1.16719734e-02 -1.07264958e-01
 -4.76806350e-02 -6.92586750e-02  1.16267435e-01 -7.31382743e-02
 -3.04084942e-02  5.64058460e-02  8.94208699e-02 -3.95759940e-02
  1.42281890e-01 -6.33033598e-03  5.06995320e-02 -4.53757159e-02
 -5.27046062e-02 -6.62032701e-03 -1.83650367e-02  1.42329549e-02
 -5.42319193e-02 -3.75446826e-02 -7.01919273e-02  5.11558875e-02
 -7.74211669e-03 -4.87304293e-02  2.34073517e-03  3.24270166e-02
 -8.69388506e-02 -2.96089537e-02  6.30832464e-02  1.58155605e-01
 -1.09536670e-01 -4.00185697e-02  1.74739249e-02  3.71919870e-02
 -3.80304456e-02 -1.81142222e-02 -3.43963951e-02  2.24251747e-02
  4.24077958e-02  2.75169932e-05  5.55189848e-02  6.16171956e-03
  1.74075235e-02 -1.88389346e-02 -1.71379857e-02 -6.36770800e-02
  2.02816892e-02  8.86501558e-03 -4.37922636e-03 -4.65940349e-02
 -1.18743181e-01 -9.00840387e-02 -1.98385287e-02  3.03283278e-02
  5.19933887e-02  3.50152664e-02 -3.23601328e-02 -1.31493695e-02
 -3.10319532e-02 -1.09861800e-02 -4.25083563e-02  5.37674502e-02
  7.11359605e-02 -1.57488614e-01  1.19639207e-02  1.21431742e-02
 -3.14895511e-02  5.05164824e-02  6.68404549e-02  1.92881152e-02
  2.61802785e-02 -2.91745719e-02 -3.83026190e-02 -5.68484068e-02
  1.38840899e-02 -5.43349944e-02  6.36856705e-02  3.49256434e-02
  8.17323662e-03 -7.60245277e-03  2.91901939e-02 -3.22390944e-02
  5.37775978e-02 -2.13558450e-02  4.49152896e-03  6.86347932e-02
 -1.56547561e-01 -1.41894836e-02  1.33951260e-02 -8.03831592e-03
 -3.74499783e-02  7.17899725e-02 -1.05875172e-01  9.51515138e-02
  4.58441339e-02  3.12236696e-02 -5.66637740e-02  8.64956677e-02
 -2.71790326e-02 -8.68362933e-03  3.35632777e-03  4.64845747e-02
  5.93706928e-02  1.65371299e-02  1.19540365e-02  2.32975725e-02
 -8.58593360e-02 -3.87744121e-02 -5.33223301e-02 -1.84946395e-02
  5.49127907e-02 -1.17495132e-03  9.11726132e-02 -3.16174962e-02
 -6.22785743e-03 -1.13939894e-02 -2.09188685e-02 -3.41817774e-02
 -1.27630308e-01 -2.33594850e-02 -6.97546974e-02  6.96969978e-34
  1.06253028e-02  9.66471434e-02  5.15049398e-02  4.95514236e-02
 -2.08982173e-02  3.82969379e-02 -6.83635697e-02 -3.63550074e-02
 -4.04797215e-03 -1.34930378e-02 -3.82677130e-02  6.28988445e-02
  1.10934786e-02 -4.87777498e-03  1.02953753e-02 -5.01912050e-02
  3.86438407e-02  6.20362610e-02 -2.47265082e-02 -5.13654537e-02
 -8.46301541e-02 -2.08725836e-02 -6.62552342e-02  3.33083086e-02
 -4.69599292e-02  7.41677508e-02  7.27902306e-03 -3.54098305e-02
  4.80833724e-02  2.35905834e-02  4.49365703e-03 -2.17192154e-02
  1.00260645e-01  2.63578841e-03  2.19000317e-02  4.63017225e-02
 -3.58116403e-02 -4.66853008e-02  4.74100746e-02 -3.16050760e-02
  4.49027903e-02  6.24188827e-03  1.87618844e-03 -5.87408489e-04
 -2.43838839e-02  5.83302081e-02 -7.29744788e-03  7.97407888e-03
  2.13575251e-02 -5.58927208e-02 -7.28639066e-02  3.72094102e-02
 -1.51530118e-03  1.00801572e-01 -2.81051267e-02 -5.14199995e-02
 -4.00219150e-02  2.23502219e-02  6.09890297e-02  3.18401791e-02
 -2.53316667e-03 -5.83440531e-03 -4.35920432e-02 -9.79032442e-02
  6.32935064e-03 -6.91753402e-02 -4.12960583e-03 -6.31307252e-03
  5.75583708e-03  1.93647612e-02 -3.64627317e-02  1.04684703e-01
  1.18749794e-02  4.58448520e-03 -2.01641079e-02 -2.44764891e-02
  4.12707366e-02  1.83128025e-02 -3.40592265e-02  4.90562618e-02
 -1.22336196e-02 -3.01421601e-02 -4.51582298e-02  8.31013098e-02
  4.06836532e-02 -1.41866421e-02  9.83943325e-03 -2.99322996e-02
  1.35011515e-02  2.13884823e-02 -7.36830011e-02  5.38368411e-02
  4.02716175e-02  1.16969012e-02 -2.56702919e-02 -1.88865226e-33
  1.18290260e-02 -7.24828839e-02  6.47500902e-02  2.47797277e-02
  1.52612124e-02  5.18122241e-02 -4.89007507e-04 -6.82312530e-03
 -4.82600294e-02  1.08133748e-01 -4.79402468e-02 -6.53247163e-02
  3.96275856e-02 -5.31565659e-02 -3.39345597e-02  9.69172493e-02
  1.64528210e-02 -1.47559997e-02 -5.70018124e-03  1.07577085e-01
 -1.94687992e-02  1.39540762e-01 -2.84443684e-02  2.88228765e-02
 -8.53709877e-02  7.05851689e-02 -1.02466680e-02 -5.77592775e-02
 -6.07734174e-02  3.05051729e-02 -4.95979488e-02 -2.20089499e-02
  2.67149415e-03  2.93387193e-02 -7.94231668e-02  8.57367143e-02
  1.52795669e-02  2.61404570e-02 -3.03075463e-03  9.97068509e-02
  1.36726230e-01 -8.56766924e-02 -2.92949397e-02  5.36910892e-02
  1.43170962e-02  1.38045112e-02 -4.78767939e-02 -2.38932334e-02
 -3.78783643e-02 -2.92985290e-02  4.82322238e-02 -8.67377967e-02
 -4.68970314e-02  2.06678584e-02 -4.57120314e-02 -1.28809530e-02
  3.10132727e-02  2.56351829e-02 -1.09875366e-01 -3.58546339e-02
 -1.33787571e-02  3.00806407e-02 -4.68329563e-05  5.83116263e-02
  1.73877161e-02  7.67003968e-02 -8.71884811e-04 -4.57856059e-02
 -6.44088760e-02  5.50696664e-02 -6.18052967e-02  1.21059462e-01
 -3.14519219e-02 -2.96281204e-02 -4.57107835e-03  1.05457716e-02
  5.51465154e-02 -4.16947007e-02  1.37253236e-02 -5.30639477e-02
 -8.59066145e-04  2.67358590e-02  2.17256937e-02 -1.66353565e-02
  3.86489816e-02  2.83480273e-03  1.73775423e-02  1.16149122e-02
 -2.93652769e-02 -3.98527980e-02 -5.47319883e-03  6.19755723e-02
 -3.99360172e-02 -3.03651672e-02  9.62705072e-03 -1.73486345e-08
 -1.75641626e-02  3.31126563e-02  2.11950974e-03 -4.28633131e-02
 -9.73810442e-03 -4.97085527e-02  7.93904513e-02  5.15943319e-02
  3.01128682e-02  2.88784467e-02 -7.47508705e-02  7.21512213e-02
  9.42960232e-02 -5.40801995e-02 -3.47292330e-03 -2.32946761e-02
  4.89653535e-02  9.24193189e-02 -1.10103199e-02 -3.86335179e-02
  5.36305048e-02  2.32380703e-02  1.26188979e-01  1.64405648e-02
 -1.69532318e-02 -1.11039504e-02  3.82258929e-02  3.82271856e-02
  2.28235889e-02 -1.10745378e-01  3.31315622e-02 -5.32258376e-02
  3.66053469e-02 -2.83139423e-02 -1.69682468e-03 -2.91089825e-02
 -6.10822774e-02 -6.45097271e-02 -8.46778452e-02 -9.89060011e-03
 -6.07548691e-02 -6.00106493e-02 -1.53868729e-02  2.37545371e-02
 -1.93991587e-02 -4.73136976e-02  6.23487774e-03 -3.63299325e-02
  5.68224452e-02  9.32155401e-02 -4.41547297e-02  7.75160093e-04
  6.59806654e-02 -7.90097713e-02 -1.50624178e-02 -2.60548722e-02
 -1.57131795e-02 -4.07118257e-03 -2.70448048e-02  6.87895715e-02
  7.91065395e-02 -4.70902734e-02 -4.96234782e-02 -3.22970524e-02]"
35,89c068c8-879c-4195-adfd-fc431710d878,Tires & Wheels,nearby automotive auto repair & maintenance tires & wheels,"[-8.93903226e-02 -5.47549548e-03 -1.57939792e-02  1.05901808e-02
  2.10976098e-02 -1.17865354e-02 -4.48609665e-02  4.12079915e-02
 -6.33612201e-02 -4.85357493e-02  3.50821465e-02  5.00211008e-02
 -3.90656441e-02  3.38796787e-02 -4.42661978e-02 -1.26001239e-03
  4.65465523e-02  3.66257131e-02 -3.49085368e-02 -1.03232726e-01
 -8.43456835e-02  3.70529667e-02  3.74799408e-02  1.51417973e-02
 -6.19160086e-02  3.86801064e-02 -2.13513374e-02  9.10716280e-02
  4.51334473e-03  6.61949161e-03 -6.20604269e-02  8.14749300e-02
  1.71144716e-02 -1.96751747e-02  1.00031286e-01  9.59683768e-03
 -9.43481922e-02  2.13386174e-02  2.90935617e-02 -9.38252360e-02
  5.01667671e-02 -2.86688600e-02 -2.62823757e-02  3.86427459e-03
  2.93572037e-03 -5.81079721e-02  6.17616752e-04  1.83523986e-02
  4.18556929e-02  2.48469263e-02  5.94333708e-02  1.19306762e-02
 -1.53070195e-02 -1.24577172e-02 -2.02155337e-02  6.29333481e-02
 -3.81816998e-02  3.94767821e-02 -3.95202674e-02 -6.14925250e-02
  1.96377978e-01 -3.66137736e-02  1.57222804e-02 -4.68702801e-03
 -8.52580741e-02 -9.52524308e-04  4.48025092e-02 -3.98711860e-02
 -8.08887184e-03 -7.57504702e-02 -3.54868583e-02 -3.02230995e-02
 -1.31543009e-02  6.14224784e-02  9.16835293e-02  2.94317566e-02
  3.64044085e-02 -7.01544508e-02 -6.30480843e-03 -4.66288216e-02
 -2.89586037e-02  2.21836828e-02  1.18359394e-01 -2.71714292e-02
 -1.93733592e-02 -1.93027724e-02  2.28118934e-02  2.63862219e-02
  1.05599456e-01  3.19489487e-03 -5.02424277e-02 -1.74672063e-02
 -9.66492221e-02 -6.71505705e-02 -5.40162511e-02  5.90785742e-02
  4.00610603e-02 -5.19798920e-02  1.94353089e-02  2.98445765e-02
  7.22904578e-02 -2.69920798e-03  2.44090743e-02 -2.16284785e-02
 -8.77279043e-02  1.02483027e-01 -3.28930952e-02  4.43748049e-02
 -3.68440687e-03  2.82944441e-02  4.08501970e-03  2.04709191e-02
 -4.78055067e-02 -1.23507855e-02 -1.01391725e-01 -4.18681055e-02
  2.65906435e-02  4.43347208e-02  4.11026515e-02  5.99225163e-02
 -1.05499048e-02 -1.27396099e-02 -2.57881079e-02 -7.15915766e-03
  1.06818028e-01 -2.47470811e-02 -5.14173731e-02 -1.73072974e-33
 -2.60334499e-02  4.28080745e-02  2.60385145e-02  1.96952820e-02
  2.15515215e-02  1.10023832e-02  1.29359728e-02 -3.83638330e-02
  7.49337226e-02 -3.54057662e-02 -5.55728786e-02  8.36573988e-02
  2.82811988e-02 -1.18813835e-01 -4.34771180e-02  4.32734657e-03
  2.71978118e-02  2.06952225e-02 -9.15435702e-02 -3.06085008e-03
 -7.83779994e-02 -3.15144695e-02  3.85647491e-02  2.40020305e-02
  8.14202204e-02  1.09772719e-02  5.73540255e-02  7.11397901e-02
  1.33240908e-01  1.48311220e-02  1.73902474e-02  6.11770116e-02
  3.79968551e-03  4.40168567e-02 -3.56856994e-02  7.97241926e-02
 -1.17720321e-01 -8.13519359e-02 -4.45175506e-02 -3.22309807e-02
  1.49300750e-02  3.86297740e-02 -2.73479391e-02 -4.68121246e-02
 -4.15053219e-02  1.98583920e-02  6.54737605e-03  2.71719713e-02
  1.45272361e-02 -2.92911474e-02 -3.25152241e-02 -1.53823206e-02
 -7.82184228e-02 -4.84440010e-03  5.28461821e-02  6.72684610e-02
  8.34712991e-04 -1.01608774e-02  4.43409150e-03  3.14493403e-02
  1.94324162e-02  3.76623794e-02 -5.11782020e-02 -9.01185796e-02
  9.83975176e-03 -7.43887573e-02  3.70468944e-02  3.26336436e-02
 -3.65747698e-02  1.62754841e-02 -1.49160968e-02  4.84096967e-02
  5.47017157e-02  1.25847816e-01 -2.32244041e-02  4.18287590e-02
 -1.53893409e-02  5.04669957e-02 -3.33134867e-02  1.04231527e-03
 -5.83506413e-02 -5.77645600e-02 -4.02147025e-02 -2.25990936e-02
  4.65337783e-02 -1.92596503e-02 -8.85176957e-02 -3.97461317e-02
  2.42385063e-02 -6.99077360e-03 -6.07509539e-02  4.59522009e-02
 -8.26888680e-02 -8.57328717e-03 -4.45705317e-02 -8.18496257e-34
  1.11685656e-02 -4.16360386e-02  6.23112135e-02  1.15331739e-01
 -1.64149683e-02  5.38459569e-02 -6.89235842e-03 -7.33847469e-02
  4.06951457e-03 -2.23507527e-02 -7.64188990e-02  3.01169567e-02
 -3.29544395e-02 -4.39994708e-02 -2.24153027e-02  1.29190888e-02
  2.54781768e-02 -1.07966373e-02 -5.69148036e-03 -1.48927211e-03
 -2.20097620e-02  3.29459310e-02 -7.11646825e-02  3.07231676e-02
 -5.40522970e-02  4.24638717e-03 -8.00322443e-02 -1.36017939e-02
 -6.98799267e-02  4.82692681e-02  4.09141835e-03 -7.29233548e-02
  3.41800004e-02  8.15483779e-02 -7.56458659e-03  4.14260700e-02
  1.78719349e-02 -2.98551489e-02 -1.37814190e-02  1.31972237e-02
  1.04592666e-01 -1.22989990e-01  1.30005758e-02  3.72276008e-02
 -7.86546245e-02 -9.84253585e-02  2.05405639e-03 -1.69010498e-02
  1.50351441e-02 -3.19030955e-02  1.23362854e-01 -3.73067968e-02
  5.45164803e-03  3.06180753e-02 -1.93375573e-02  9.93621573e-02
  5.88415973e-02  3.29190865e-02 -8.93411785e-02  2.21578721e-02
 -2.10076309e-04  2.33204830e-02  3.22438926e-02  3.76497954e-02
 -2.76428624e-03 -3.75135988e-02  2.57912930e-02 -1.40601825e-02
 -1.56796798e-02  2.57489234e-02 -5.27681336e-02  7.35176578e-02
  2.32230569e-03 -4.46593054e-02 -5.46793826e-03 -1.20643433e-02
  3.94050069e-02 -8.47104043e-02  6.95525035e-02 -5.70233092e-02
 -2.91866753e-02 -1.97987221e-02 -2.20293901e-03  1.44689366e-01
 -3.00284270e-02  4.18887138e-02 -3.67569663e-02 -1.67745829e-03
  1.19223043e-01  1.20510086e-02  2.13672537e-02  9.70609635e-02
 -3.65708023e-02 -2.41113603e-02 -5.71437329e-02 -1.58297180e-08
  4.05627899e-02  1.05091989e-01 -8.61990526e-02  6.97585114e-04
  1.39693934e-02 -4.93695810e-02  7.11910874e-02  1.25178322e-01
 -7.82082677e-02  9.47614759e-02 -4.15153615e-02 -3.77683640e-02
  3.25572491e-02 -3.47839519e-02 -2.61977352e-02 -2.27466337e-02
  6.51102141e-03  8.16841349e-02 -1.68314371e-02 -2.55469754e-02
 -6.46057278e-02  1.02381995e-02  5.91223203e-02  4.84925471e-02
 -2.40519410e-03 -6.63088784e-02  2.49050967e-02  1.55885210e-02
  3.66858989e-02 -5.48872072e-03 -2.41390914e-02 -1.01273283e-02
  7.25695267e-02  9.13260970e-03  3.79216336e-02 -1.12375557e-01
  1.31962588e-02 -4.15121801e-02 -4.51641008e-02 -1.62432920e-02
  1.46248434e-02  2.81649102e-02 -4.70609032e-02  1.31450698e-03
  2.78849490e-02  2.59074196e-02 -4.57408987e-02 -2.26439256e-02
 -8.02804008e-02 -6.27067462e-02 -3.36489901e-02 -9.04278550e-03
 -2.65623890e-02  6.56747222e-02 -1.24366675e-02  6.40566321e-03
  4.37087491e-02 -8.25176090e-02  5.68061173e-02  4.73284982e-02
 -1.04664512e-01 -9.36686806e-03  5.16019985e-02 -1.85112469e-02]"
36,aea098b0-d12b-4646-ae81-63b58fb1dffc,Carpet Cleaning,nearby home services flooring carpet cleaning,"[ 4.13263738e-02 -4.51661684e-02  3.11643109e-02 -2.24373396e-02
 -6.32983400e-03 -1.37904380e-02 -4.66076881e-02 -5.64807504e-02
 -7.20302537e-02 -2.20491346e-02  3.25918905e-02  2.86210682e-02
 -3.64360921e-02  5.96297756e-02  2.86860522e-02 -5.96097559e-02
  9.79231521e-02 -2.13601124e-02  1.21084318e-04 -4.60184477e-02
 -2.42590904e-02  2.58951038e-02  6.11478202e-02  1.57990772e-02
 -1.55942691e-02  2.80791596e-02  1.96308568e-02 -1.45545444e-02
  3.44358012e-02  1.77213885e-02  9.22092572e-02  2.22342890e-02
  1.17230520e-01  1.18980568e-03  9.72584486e-02  7.01861531e-02
 -8.19142349e-03  2.70083100e-02  6.43821806e-02  6.63954467e-02
  5.35269715e-02 -3.24503072e-02  1.33512728e-02 -3.97850946e-02
 -3.72484587e-02 -3.05102803e-02 -2.55490355e-02 -3.44934799e-02
  3.00100017e-02  2.62358170e-02  3.84202646e-03  2.12180074e-02
  4.64491509e-02  5.81671670e-02 -4.47526127e-02 -1.15423137e-02
  5.85816503e-02 -3.96237383e-03  1.30957356e-02 -8.72240067e-02
  3.29715945e-02 -6.87836297e-03 -2.45697461e-02  1.78442728e-02
 -3.68145630e-02  9.84983984e-03 -4.35828865e-02 -2.64721084e-02
  2.48349980e-02 -5.64401858e-02 -1.00408524e-01  1.18582426e-02
 -1.40336957e-02  1.09224476e-01 -6.52912073e-04  5.66606186e-02
 -2.14912724e-02 -6.50725439e-02  4.59349789e-02 -8.69112387e-02
 -4.18716855e-02 -4.26845672e-03 -3.55363972e-02  2.81813182e-02
 -7.73400068e-02  7.98298642e-02 -6.48923591e-03 -3.40987532e-03
  6.52142242e-02 -8.63226503e-02  2.86118258e-02  5.63591048e-02
 -3.30247800e-03 -1.08664788e-01 -4.18808982e-02 -1.12815537e-02
 -1.23760737e-02 -4.52117063e-02  5.35031955e-04  3.43059301e-02
 -4.13058698e-02  1.54946288e-02 -2.54494715e-02 -1.44579378e-03
 -2.23140921e-02 -2.50136703e-02  7.51487678e-04 -2.93985885e-02
 -9.29511897e-03  4.12158147e-02 -4.93217371e-02 -4.15265001e-02
 -8.25518444e-02  4.44517434e-02  5.08992188e-02 -1.12533162e-03
  1.53937712e-01 -4.16838527e-02 -1.83287393e-02 -3.03537156e-02
  2.68894732e-02 -1.44412130e-01 -4.55135144e-02 -6.44406602e-02
  6.50758222e-02 -5.05357981e-02  5.65851517e-02 -5.11518158e-34
  3.44894379e-02  6.37314767e-02  3.67159350e-03 -3.41905728e-02
  9.13770869e-02  4.86448826e-03  7.17821158e-03  5.86059317e-02
  1.11264423e-01  1.15316488e-01  1.79605521e-02  7.56348968e-02
 -1.65555708e-03 -8.86606425e-02  7.12132081e-03  4.38643657e-02
  2.13310737e-02  2.58909818e-02 -3.53780352e-02  2.53956709e-02
  1.39070498e-02  6.43422976e-02 -6.39990270e-02  2.74766628e-02
 -2.57885605e-02 -4.85701524e-02  1.01454603e-02 -4.19480950e-02
  1.25947013e-01 -2.77968030e-02  8.68688077e-02  7.91724026e-02
 -2.47447472e-02  1.00924782e-01 -1.77758306e-01  7.36691281e-02
 -1.00563951e-01 -4.75790724e-02  1.51149705e-02 -3.18482593e-02
 -3.97922061e-02  2.40789261e-03  6.45036697e-02 -7.99752995e-02
 -3.85726523e-03 -1.07377917e-02  2.85131764e-03 -4.13197987e-02
  1.60892885e-02  4.98261862e-02  6.86013922e-02  4.87547889e-02
 -5.49426153e-02 -1.03762895e-02  2.33675097e-03  2.58229836e-03
  3.68441083e-02 -7.45720863e-02  2.43263841e-02  2.94348337e-02
  6.91968575e-02 -1.21881468e-02 -2.31177583e-02 -1.00004738e-02
 -1.08190225e-02 -1.72617376e-01  1.04955226e-01  2.52396688e-02
  7.05494583e-02  1.76497847e-02 -1.91477258e-02  6.64933622e-02
 -1.94445886e-02  4.29024780e-03 -2.17519477e-02 -6.80254865e-03
 -8.52540359e-02 -3.39655727e-02 -1.02357334e-02 -1.76837482e-02
 -4.24391441e-02 -1.89991109e-02  2.03224877e-03  1.43985841e-02
  6.03022277e-02  4.13876632e-03 -1.10353306e-01  6.53013289e-02
 -6.18932731e-02  3.85251977e-02 -6.26614541e-02  1.99706256e-02
 -4.73783426e-02  4.57061492e-02  6.91903755e-03 -2.00763488e-33
  9.03411768e-03 -8.98671821e-02 -4.44072746e-02  7.24441111e-02
 -3.44374962e-02  8.79595205e-02  2.51439642e-02 -3.09269689e-03
 -6.29295334e-02  2.63355039e-02 -3.88053693e-02  5.57208210e-02
  4.11631130e-02 -1.50524750e-02  8.95891786e-02  5.60143441e-02
  2.72260848e-02 -1.96679495e-02  2.09639147e-02  3.02404235e-03
  2.20485404e-02  7.85269961e-02 -2.04165950e-02  5.10787405e-02
 -4.23096828e-02  1.59697123e-02  1.51738897e-02  4.12394851e-03
 -1.85974725e-02 -1.83583573e-02 -9.70121399e-02  9.32126027e-03
  2.29864325e-02  4.07308759e-03  1.48272375e-02 -3.12917121e-02
 -5.60438260e-02  1.38085848e-02 -9.03796852e-02 -5.61332330e-02
  4.43478376e-02 -8.97297412e-02 -1.61177199e-02 -2.38382351e-02
 -7.68861845e-02 -7.64381066e-02 -9.72344279e-02  3.69223319e-02
 -4.92220484e-02  1.10660605e-02 -3.10791861e-02  1.63296377e-03
 -9.36588123e-02  2.25239210e-02 -1.03514483e-02  1.57708421e-01
 -6.57101255e-03 -2.27613989e-02 -6.80691823e-02  6.13750406e-02
  2.30798721e-02  1.11731745e-01 -6.27851039e-02  4.51643579e-02
 -1.76152438e-02  8.78718868e-03  3.16485725e-02  1.67944673e-02
  4.16086800e-03  1.20302569e-02 -6.07740209e-02  6.52294457e-02
  6.03893697e-02 -4.38681766e-02 -1.05741613e-01 -4.72776815e-02
  5.00285327e-02 -7.97139257e-02 -6.97555300e-03 -1.49856685e-02
  6.72354875e-03  1.25948014e-02  3.51038063e-03  6.24948740e-03
 -5.29961148e-03 -3.00778989e-02 -2.18529645e-02  6.98119868e-03
  5.14872558e-02 -1.05630457e-02 -6.05567649e-04  3.98713723e-02
  9.23972204e-03 -7.87105337e-02 -1.88124049e-02 -1.65081087e-08
 -4.48255800e-02  3.30924578e-02  6.54753894e-02  2.72003394e-02
 -3.33625153e-02 -7.16571137e-02 -1.27916848e-02  1.47384077e-01
 -1.09273810e-02  1.95213035e-02  2.52910610e-02 -6.24756142e-02
  8.13113526e-04  5.57113513e-02  1.26813520e-02 -6.74390048e-03
  3.57699580e-02 -8.27849377e-03 -4.28458676e-02  2.99245073e-03
 -2.03545578e-02 -5.86739630e-02  6.00849465e-02  4.77448814e-02
 -5.71789965e-02 -3.44765075e-02 -5.58067076e-02  5.61729223e-02
  5.39469570e-02 -2.48233546e-02  2.65178960e-02 -4.16218676e-02
  4.96594757e-02  8.90983269e-03  1.74151715e-02 -2.80994158e-02
  1.67697873e-02 -9.33887959e-02 -5.84589457e-03 -5.36999851e-02
  5.77026159e-02 -3.55164967e-02 -9.90042984e-02 -1.40845031e-02
  3.82619686e-02 -1.99764743e-02 -2.21216530e-02 -7.73588568e-02
  2.00157464e-02  4.39164136e-03 -6.55731857e-02 -8.49374477e-03
 -4.57610041e-02  1.85005441e-02  5.57949170e-02 -3.64731327e-02
 -1.17663499e-02 -8.38310346e-02  5.52204624e-02  9.56868082e-02
 -6.75427634e-03 -1.44669795e-02  4.41474887e-03  2.16749068e-02]"
37,c60d65f4-6015-4ed8-b847-d02fd70b5f14,Retail,nearby retail,"[ 5.40000163e-02  3.97156328e-02 -2.68128905e-02 -4.67355885e-02
  3.61120105e-02  3.21140923e-02 -3.80176306e-03  2.93171761e-04
  7.09660724e-03 -2.33021155e-02  1.23368822e-01  1.79385357e-02
 -2.27903463e-02  1.90728474e-02  7.30465949e-02 -4.11790349e-02
  1.17614165e-01 -4.62276638e-02  2.51416815e-03 -6.87358528e-02
 -6.59028441e-02  1.75792612e-02  2.45056190e-02  1.81259289e-02
 -7.10891634e-02 -1.52160525e-02  4.02012616e-02  5.46641275e-02
 -4.34110826e-03 -6.26364499e-02 -7.96938781e-03  7.54937530e-02
  5.03627956e-02  1.92529149e-02  4.16883044e-02  5.64748887e-04
  6.24749586e-02  2.28859708e-02  3.74685377e-02 -3.48513871e-02
  1.10268174e-02 -7.04888031e-02 -8.33785385e-02 -1.11340182e-02
 -2.33551897e-02 -3.44079807e-02  2.26256414e-03  6.95389211e-02
  5.72580472e-02 -3.02952863e-02  6.19132780e-02  5.32441121e-03
 -3.28567973e-03  2.57165637e-02 -5.21806292e-02  2.26903465e-02
 -1.31945163e-02 -1.83077864e-02  4.88937013e-02 -2.48474851e-02
  8.56012031e-02 -4.83213961e-02 -8.53599459e-02  2.31408197e-02
 -7.29053421e-03 -8.02133325e-03 -6.36617839e-02  2.61339229e-02
 -3.25990585e-03 -1.43272147e-01  5.69665292e-03 -4.54257615e-02
 -1.37941586e-02  4.01858352e-02  2.84948703e-02  8.66612792e-03
  5.93449101e-02 -8.49331990e-02  4.31655571e-02 -4.77485508e-02
 -3.71011198e-02  7.87058566e-03 -3.29307504e-02  4.85765785e-02
 -2.38850843e-02 -1.75676644e-02  5.83803877e-02 -1.86321232e-02
  5.85069433e-02 -2.10269056e-02 -1.66364908e-02  5.74876182e-02
 -1.34091735e-01 -3.73061970e-02 -1.12702429e-01 -6.18043393e-02
 -9.91655327e-03 -4.47302125e-02  4.02669199e-02  1.44352019e-01
  5.44413440e-02  5.26289605e-02  8.39232579e-02 -4.61482741e-02
 -6.32738397e-02 -6.64480925e-02 -9.43184495e-02  7.05496818e-02
  3.80808767e-03  5.13676964e-02 -6.36035576e-02 -1.92438997e-02
 -1.05834648e-01  4.72442470e-02 -1.90567866e-03 -2.36425921e-03
  1.82279348e-02 -2.01351997e-02  2.12330893e-02 -5.45600057e-03
  9.40333307e-03  5.03631607e-02 -2.85570286e-02 -1.83424111e-02
  7.37410504e-03 -1.26546773e-04 -3.12048979e-02 -3.27296639e-33
 -1.94968525e-02 -5.71696801e-05  6.51193131e-03 -3.19277793e-02
  7.88119882e-02  3.63638275e-03 -3.93812545e-03 -2.35926304e-02
 -3.69478278e-02  8.55615065e-02 -2.29727514e-02  3.21926028e-02
  1.18051125e-02 -1.30157052e-02  9.32393968e-02 -8.57346132e-03
  4.05683033e-02 -1.42050041e-02 -1.98203139e-02  3.52671416e-03
 -4.95128632e-02 -2.77662575e-02  2.62249867e-03  2.48736478e-02
 -3.23180258e-02  6.04786947e-02  8.75525549e-03  3.30826752e-02
  1.46806747e-01  3.18160094e-02  5.57006598e-02  1.14560137e-02
  8.41235518e-02  1.93286501e-02 -2.70174760e-02  8.58023614e-02
  1.10580702e-03 -1.07683450e-01  7.60408957e-03 -3.22620198e-02
 -1.26718143e-02  3.66589203e-02  1.12920376e-02  3.53663199e-04
  3.68259884e-02  7.36681297e-02 -9.92957316e-03 -1.84187237e-02
 -3.09308097e-02  4.61944304e-02 -9.38294381e-02  1.48819191e-02
 -7.59575143e-02  1.76255498e-02  1.34629644e-02 -3.71821485e-02
 -2.03981325e-02 -6.97444603e-02  1.14895396e-01  3.01483348e-02
 -1.93563278e-03  1.22564681e-01 -3.82194445e-02 -1.57249961e-02
  2.05364060e-02 -1.14461936e-01  3.04602496e-02 -5.18534333e-02
  1.95192564e-02  3.97439823e-02  6.60780445e-03  6.98767304e-02
  1.24963291e-01  3.82967964e-02  7.85022322e-03 -7.65015278e-03
 -8.99551585e-02  9.46115106e-02  1.79902110e-02 -1.00667146e-03
 -1.61441360e-02 -2.36937329e-02 -9.84054897e-03  1.02319263e-01
  2.85168160e-02 -1.91346072e-02 -2.51342412e-02 -7.03737512e-02
 -3.54603082e-02  4.40540835e-02 -6.69773147e-02  7.74797350e-02
 -6.86376244e-02  2.55964585e-02 -4.41905402e-04  1.61145931e-33
  7.16029033e-02 -6.02811202e-02  3.55426185e-02  6.25782385e-02
 -5.28713316e-02  4.35656570e-02  3.22666904e-03 -3.35643254e-02
 -5.52745871e-02 -1.97695345e-02 -1.06342494e-01  1.61108337e-02
  8.33577216e-02  6.80100988e-04  5.71469888e-02  1.14182815e-01
  1.46814987e-01  5.20276166e-02  4.67359424e-02 -5.08479215e-03
  2.99858302e-02 -5.56531064e-02 -6.20985478e-02 -6.88900938e-03
 -7.39239901e-02  3.19240391e-02 -1.46874320e-02 -4.80063297e-02
 -1.88812330e-01 -5.96593954e-02 -6.52782917e-02 -1.79541539e-02
  9.83543396e-02  6.14385940e-02 -3.32660861e-02  3.11196409e-02
 -3.25939022e-02  9.88597237e-03  7.67231407e-03 -5.66584943e-03
  8.45913589e-03 -2.19889153e-02  2.38922946e-02  4.64480892e-02
 -2.40061637e-02 -6.53060079e-02  9.00896918e-03 -5.90512156e-02
  4.20298651e-02 -5.13460208e-03 -4.93326075e-02  4.73332927e-02
 -3.62986848e-02 -1.74272917e-02 -7.71796703e-02  5.68264909e-02
  1.19995535e-03  3.17116268e-02 -6.57744482e-02  2.64567155e-02
  5.13972081e-02  3.61220748e-03 -6.00446109e-03  6.74306182e-03
  3.92970704e-02 -3.06363758e-02  5.51285967e-02 -2.79086102e-02
  3.67563292e-02 -3.26818950e-03 -1.76412184e-02  4.14008088e-02
  3.93919870e-02 -6.49978071e-02 -1.27002656e-01 -2.13442612e-02
 -7.35075353e-03 -1.74073000e-02 -4.26178239e-02  5.13410568e-02
 -2.57796049e-02 -2.85925884e-02 -1.70329921e-02  4.02928293e-02
  1.07083516e-02  1.87610481e-02  2.40870044e-02  4.17202227e-02
  2.20534373e-02 -4.12127152e-02 -5.77639565e-02  1.34910062e-01
 -9.07204300e-02 -9.81756151e-02 -3.64594236e-02 -1.25745458e-08
  2.06839308e-04 -6.19603437e-04 -2.21040845e-03  8.64488166e-03
  3.47260274e-02  5.66639267e-02  7.74251670e-02  4.71321680e-02
 -1.55163473e-02  4.03110795e-02 -3.09221707e-02 -4.81079519e-02
 -7.91066326e-04  2.25989614e-02  1.49608450e-02  2.17701984e-03
  1.59124136e-02 -2.71163881e-02 -5.29941432e-02  1.90035719e-02
 -2.66046431e-02  7.30490088e-02  7.41695613e-02  4.86588180e-02
 -5.02598733e-02 -1.06521565e-02 -3.49502787e-02  4.97577861e-02
  4.44199145e-02  4.74949414e-03  1.10146496e-02 -1.70649569e-02
  3.43359821e-02 -5.89602217e-02  4.27579843e-02 -4.82345857e-02
  4.85270564e-03  2.62604374e-02 -2.28253752e-02 -6.10492863e-02
 -3.63881923e-02 -1.68905869e-01 -6.20195046e-02  2.25339495e-02
  4.26122472e-02  1.72949377e-02 -3.92999277e-02 -5.55702625e-03
 -1.02478173e-02  5.83616272e-02 -3.74661125e-02 -3.66790481e-02
 -1.10738808e-02 -5.51732443e-02  5.18659577e-02 -4.84386571e-02
 -4.38803397e-02 -8.26773867e-02 -2.48884112e-02  3.35832834e-02
  2.93010869e-03 -2.48536672e-02 -6.46184832e-02  6.38950989e-02]"
38,ba05ad4c-c55c-4128-b70a-e2d145b85548,Electronics,nearby retail electronics,"[ 1.59487613e-02  3.88913751e-02  2.39687343e-03 -8.80422965e-02
  4.53276038e-02  2.27807346e-03  1.39462054e-02  1.29174627e-02
  1.57327335e-02 -1.71743811e-03  1.28480434e-01  2.88518146e-02
  2.67174263e-02  9.26165376e-03  4.84225601e-02 -2.39556115e-02
  8.65080580e-02 -6.53985664e-02  4.57999064e-03 -5.84876612e-02
 -5.29642738e-02 -5.62510826e-03  1.67228635e-02 -3.10507193e-02
 -9.48037133e-02  3.53201963e-02  7.19906911e-02  4.79525477e-02
 -4.58698422e-02 -8.50016251e-02 -3.86447348e-02  5.55676073e-02
  2.16340944e-02  1.98023692e-02  4.58884761e-02 -2.06071734e-02
  3.41602080e-02  1.94651317e-02  3.70294265e-02 -7.34611601e-02
  2.16792687e-03 -8.03621784e-02  1.43272709e-03 -2.19242461e-02
 -7.06943625e-04 -4.22935970e-02 -2.42122705e-03  2.53934171e-02
  6.51729777e-02 -7.18903840e-02  9.98895243e-02 -2.38265041e-02
  2.17193775e-02  3.43503803e-02 -7.24458471e-02 -3.61794373e-03
  2.21748706e-02  2.81253015e-03  4.42471579e-02 -2.03617979e-02
  1.13063440e-01 -4.32448126e-02 -3.14742923e-02 -1.60417170e-03
 -4.23590317e-02 -2.23765112e-02 -5.34774596e-03  5.59413433e-02
 -4.60634613e-03 -6.71672150e-02  7.11137149e-03 -5.65276369e-02
 -2.55289534e-03  5.23204915e-02  6.31903112e-02  2.09450498e-02
  4.68619205e-02 -7.72510469e-02  2.53497139e-02 -3.92152742e-02
 -5.06608412e-02 -2.71475744e-02 -8.90486538e-02  3.59219275e-02
  1.27312858e-02  1.61961392e-02  4.04874086e-02 -6.21926561e-02
 -9.95872542e-04 -7.52694309e-02 -6.32667691e-02  4.44805026e-02
 -7.40145892e-02 -1.66397747e-02 -8.27636868e-02 -6.84602857e-02
  1.95155852e-03 -7.66601339e-02  2.62850709e-02  1.05767429e-01
  6.17529377e-02  6.53221235e-02  7.00879544e-02 -7.72809088e-02
 -8.06832686e-02 -8.61624777e-02 -1.23308614e-01  5.84659241e-02
  2.01074239e-02 -2.88262079e-03 -8.02105367e-02  1.50537482e-02
 -1.05783209e-01  4.97473553e-02  1.59700569e-02 -3.30589190e-02
  2.02194345e-03  2.72988155e-02  4.31671813e-02 -4.33138683e-02
 -3.19939032e-02  2.14634426e-02 -1.46869812e-02 -1.59308929e-02
  4.13711742e-02 -4.41547763e-03 -1.17005734e-02 -2.09901230e-33
 -2.65741888e-02  5.41122332e-02 -3.06605622e-02 -5.38450666e-02
  3.07183620e-02  4.38559838e-02  8.60914402e-03  6.76944405e-02
  5.07059926e-03  6.81532025e-02 -2.31454764e-02  6.61503673e-02
  1.12908846e-02 -1.83768626e-02  1.16620488e-01 -6.88007995e-02
  4.43701744e-02 -5.99391460e-02  6.62023993e-03 -1.94923282e-02
 -7.50005320e-02 -6.03651293e-02  3.23134176e-02  4.88560461e-02
  4.03243974e-02  2.59747133e-02 -2.19075419e-02  2.74640042e-02
  1.08685531e-01  1.25554735e-02  5.46479449e-02  3.30123231e-02
  7.56664053e-02  2.13725748e-03 -3.93031687e-02  1.05333418e-01
 -3.79685424e-02 -1.02487892e-01  4.80310060e-02 -3.97218838e-02
 -2.34707352e-02  3.89683992e-02 -2.86871418e-02 -9.95941646e-03
  2.40468457e-02  4.43971939e-02 -2.06544083e-02  4.31119092e-03
 -1.20261442e-02  4.99709137e-02 -1.33583754e-01 -1.40750445e-02
 -1.86007358e-02 -8.86330102e-03  2.24758442e-02 -6.29810197e-03
  1.40086785e-02 -6.83516786e-02  1.34461239e-01  3.56632285e-02
  1.22880936e-02  1.14548862e-01 -6.64274693e-02 -3.19161601e-02
 -1.71587747e-02 -2.38309130e-02  1.14968121e-01 -5.46289496e-02
 -2.83423401e-02  2.01634057e-02 -2.04498391e-03  3.83729674e-02
  5.53241186e-02 -2.34394204e-02  1.65326372e-02  3.02806478e-02
 -1.28342405e-01  6.19382672e-02  1.15713170e-02 -3.68166082e-02
 -2.87882276e-02 -4.30275574e-02 -8.11427832e-03  6.45628870e-02
 -8.63731466e-03 -3.57485116e-02 -6.96360469e-02 -7.63643458e-02
 -4.15158942e-02  4.95987795e-02  5.27596916e-04  6.96227625e-02
 -7.02075362e-02  4.06993739e-02  5.13809081e-03  2.57491372e-34
  4.54927906e-02 -3.56633440e-02  3.44977528e-02  4.30273898e-02
 -2.41658650e-02 -1.27377342e-02  2.25525815e-02 -8.54521058e-03
 -3.24945748e-02 -5.23428479e-03 -8.20294693e-02  3.34490687e-02
  6.44808933e-02 -4.52447012e-02  4.48706374e-02  7.91361183e-02
  8.10600966e-02  2.11874396e-02  8.03140700e-02  1.78190865e-04
  5.17915376e-02 -8.80699896e-04 -2.70593334e-02 -4.54903282e-02
 -6.13650382e-02  4.52718399e-02 -3.42496671e-02 -1.75099093e-02
 -1.40941545e-01 -1.42326020e-02 -5.12301773e-02 -4.35547642e-02
  1.17121875e-01  1.09242707e-01 -1.35755487e-04 -2.55821589e-02
  4.69087362e-02  3.41935828e-02  1.85616594e-02 -1.10226326e-01
  6.69251895e-03  2.77024899e-02  8.50045029e-03  4.27414998e-02
 -5.13252653e-02 -6.71036243e-02  1.06426142e-02 -2.82798912e-02
  9.11858119e-03 -5.57049969e-03 -2.49643698e-02  4.66882437e-03
 -3.10011976e-03 -2.00141557e-02 -3.69590521e-02  5.58032580e-02
  6.17492199e-03  6.00324720e-02 -7.83037301e-03 -1.49236722e-02
  7.40105435e-02 -4.48409617e-02  8.65537673e-03  1.46384118e-02
 -1.34231821e-02 -2.39197612e-02  1.38641834e-01  4.39720117e-02
  8.04610103e-02 -7.16740545e-03  3.30570154e-02  5.93180768e-02
  6.15702830e-02 -1.09124705e-01 -1.21421367e-01 -4.30018306e-02
 -3.61702330e-02 -3.38701420e-02 -4.90609929e-02  5.70275588e-04
  1.77478790e-02 -9.92537825e-04 -4.18382920e-02  2.14328757e-03
  1.14855049e-02  1.81492642e-02  6.38154000e-02  1.41085160e-03
  2.65774280e-02 -2.60860287e-02 -6.51431903e-02  1.13399088e-01
 -6.87152967e-02 -5.62004261e-02 -5.42114563e-02 -1.36321221e-08
  1.91487428e-02  2.14954875e-02  7.45677156e-03 -2.25823615e-02
  1.94543507e-02 -2.46654302e-02  9.85306725e-02  3.80194075e-02
  1.91001464e-02  8.81001912e-03  7.85939395e-03 -8.29044580e-02
  1.42340977e-02  2.70522032e-02  5.14866747e-02  3.28141116e-02
 -1.35209747e-02  2.52858382e-02 -4.40453030e-02  3.20643894e-02
 -2.71006152e-02  5.70235252e-02  9.61118340e-02  4.74945158e-02
  2.36604828e-02  2.93524796e-03 -5.11538349e-02  1.66659281e-02
  5.33087850e-02  3.64844687e-03 -4.06785645e-02 -4.08736318e-02
  6.29076287e-02 -2.74367128e-02  5.09281531e-02 -7.70599395e-02
 -8.63789022e-03 -4.78619849e-03  1.16771669e-03 -1.14870574e-02
 -3.95384729e-02 -1.72967836e-01 -9.34026912e-02  4.65026982e-02
  3.57005782e-02 -4.29707877e-02 -3.50346342e-02 -4.00182232e-02
 -2.63713244e-02  9.96982381e-02 -2.53825281e-02 -2.83296462e-02
 -1.51482048e-02 -4.52523977e-02  1.70873255e-02 -2.47686859e-02
 -2.94299833e-02 -5.13688251e-02 -2.80529149e-02  5.85262217e-02
 -1.97641999e-02 -1.74155887e-02 -2.15886459e-02  7.35036209e-02]"
39,42fba3b0-331e-40e5-a0af-76146141c13a,Facial Peel,nearby beauty & spas face & skin care facial peel,"[-1.50940595e-02 -4.44640927e-02  5.78547642e-02  8.70707408e-02
  1.05196713e-02 -3.22032883e-03  4.90703853e-03 -3.51084210e-02
 -1.19240776e-01 -6.97553828e-02  1.21760257e-01 -1.25784829e-01
 -4.85766418e-02  4.98935841e-02  9.78154168e-02 -4.02344838e-02
  8.87998119e-02 -4.95120771e-02  9.06671286e-02 -1.00572556e-02
 -6.71204133e-03 -1.62962750e-02  1.15347444e-03 -4.44186032e-02
 -2.20548082e-02  1.24629941e-02 -4.99142669e-02  4.12276089e-02
  3.13961767e-02 -4.79788221e-02  6.19285814e-02  1.38591314e-02
 -6.07768185e-02 -1.74366441e-02  3.08559779e-02  6.20474182e-02
 -6.60015419e-02  3.43239009e-02  3.61677967e-02  2.88689211e-02
 -8.45433250e-02 -2.02360861e-02 -4.90231141e-02  1.00041330e-02
  9.93551612e-02 -2.70781461e-02  3.22160125e-02  3.02342838e-03
  3.45589519e-02 -2.72421911e-02 -4.86273579e-02 -5.18838242e-02
 -1.42279267e-02 -2.18027532e-02 -3.52098346e-02 -6.67175278e-03
 -4.96844873e-02 -7.44451880e-02  8.30562226e-03  4.74806614e-02
  3.92056815e-02 -6.72473088e-02  1.02433758e-02  3.22795585e-02
 -9.01888460e-02 -5.50882444e-02 -7.58819049e-03 -3.60620907e-03
  3.08750402e-02 -1.26700789e-01  1.04646524e-02 -2.89942753e-02
 -4.58437502e-02  1.25711290e-02  2.75390856e-02  5.49743697e-02
 -7.39110587e-03 -3.90004367e-02 -4.17109914e-02 -1.32840080e-03
  2.92529445e-02  5.69790117e-02  3.87839153e-02  2.88464013e-03
 -6.34235144e-02 -4.63954508e-02  2.29218397e-02 -7.84658343e-02
  3.21491025e-02  3.83215696e-02  3.16958576e-02  1.08698376e-01
 -8.96309614e-02  2.71728146e-03 -4.46090735e-02  8.11593793e-03
 -3.25317122e-02  6.72990503e-03 -2.50195321e-02  9.78257358e-02
 -7.44741634e-02 -5.64362742e-02 -9.74859819e-02  7.47465715e-02
 -3.07503100e-02 -1.01070002e-01 -4.37557697e-02  2.82685775e-02
  2.48283893e-02  1.75951831e-02  2.10730769e-02  3.43241543e-02
 -1.04631960e-01 -4.09940369e-02 -3.85899954e-02 -4.06454429e-02
  1.12065598e-01 -5.59800714e-02  7.08824396e-02 -1.55928889e-02
 -1.96993519e-02 -2.94244885e-02  4.04144563e-02 -6.58142045e-02
 -1.87603291e-02 -1.29011441e-02  2.10393816e-02 -7.65377918e-34
 -2.23350222e-03  1.13815069e-01  3.07492241e-02  4.45733033e-02
 -3.39232720e-02  5.34362569e-02 -1.10339820e-02 -3.37971421e-03
 -4.76123057e-02  3.78535944e-03 -4.93751727e-02  2.21626610e-02
  8.77608731e-03  2.89075412e-02 -4.23350371e-02 -1.08447555e-03
  4.48562056e-02  5.32961823e-03 -2.34241281e-02 -6.45484924e-02
 -2.41259076e-02  1.82956047e-02 -3.08764726e-02  5.11795059e-02
 -8.38641673e-02  5.69983013e-02 -4.78326976e-02 -3.78353968e-02
  6.23111017e-02  1.29113877e-02 -2.18654540e-03  5.15985601e-02
  9.65383947e-02 -3.36864144e-02  1.01094330e-02  8.79741460e-02
 -2.78990157e-02 -1.16105504e-01  5.03727645e-02 -6.18365221e-02
 -3.91117707e-02  5.45149408e-02  3.41038257e-02  1.82288457e-02
  1.10611329e-02  9.78490338e-02 -4.94208932e-02 -3.70908948e-03
  3.63834612e-02 -5.29734269e-02 -2.61091683e-02  8.16490725e-02
  8.13538488e-03  1.11038767e-01  2.12618504e-02  1.14459815e-02
 -3.62853147e-02  3.26998578e-03  6.72475845e-02  5.79081066e-02
  5.08394875e-02  1.32864686e-02 -3.25195827e-02 -6.84837624e-02
  5.40247311e-05 -2.46765595e-02 -1.20949093e-02  3.94149870e-02
 -6.58945143e-02 -4.77638887e-03 -1.47677865e-02  1.28680795e-01
  2.87304465e-02 -3.28276902e-02 -3.00832633e-02 -2.48122383e-02
  8.16672221e-02  9.00957659e-02 -4.18963246e-02  2.68514380e-02
 -3.97260301e-03  7.07846284e-02 -2.85187047e-02 -5.23833837e-03
  5.34082688e-02  5.72366454e-03 -3.81391607e-02  2.62139495e-02
  5.40008917e-02 -2.45293081e-02  2.41980888e-03  6.06038123e-02
 -9.78790224e-03 -2.50121895e-02 -8.96504298e-02 -9.32076838e-34
 -4.77529056e-02 -7.75626302e-02 -2.64111254e-02 -1.79434605e-02
  3.85263376e-02  2.60153916e-02 -3.17715146e-02  7.09916875e-02
  9.10224952e-03  7.39588588e-02 -1.05772570e-01 -5.29917143e-02
  5.35895228e-02 -3.91860828e-02 -5.93395270e-02  9.12470743e-02
  6.49885163e-02 -1.00014051e-02 -6.65005594e-02  5.61932288e-02
 -5.33308387e-02  1.37841865e-01 -6.39712205e-03  5.96984383e-03
 -1.89399160e-02  3.07225864e-02  1.63981915e-02 -3.46075632e-02
 -1.81707423e-02 -6.83324225e-03 -2.98530475e-04 -5.33222072e-02
  1.23328781e-02  3.79002318e-02 -3.90969887e-02  4.78125475e-02
 -8.59893635e-02 -3.31665352e-02 -5.30853383e-02  7.39958510e-02
  4.08352576e-02 -1.18441232e-01 -5.04369922e-02  1.04258470e-01
  7.42573291e-02 -3.63640115e-02 -8.28396678e-02 -1.00505520e-02
 -6.26232773e-02 -1.54699450e-02  9.70559195e-03  9.14575905e-03
 -3.86592709e-02  2.65790671e-02 -5.06317914e-02 -5.63159622e-02
  6.61002696e-02  1.67589691e-02 -2.55938508e-02  2.09811721e-02
  9.72336009e-02 -2.46684980e-02 -5.84101714e-02  2.39613708e-02
  5.06709702e-02  5.09845763e-02  4.99439389e-02 -3.45232226e-02
 -3.65685709e-02 -2.38762349e-02  4.34613088e-03  4.14811112e-02
 -7.81303272e-02 -1.11285560e-01 -4.27399948e-02  1.15360720e-02
  2.62280274e-02  1.17220134e-02 -8.04016814e-02  5.98298721e-02
 -5.13397567e-02 -4.01097164e-03  6.49090111e-02  4.14771996e-02
  2.94069797e-02 -1.50243687e-02 -3.09411213e-02 -1.42978281e-02
 -4.20855097e-02 -1.05983494e-02 -8.92890394e-02  3.96739431e-02
  1.96519289e-02 -2.94170678e-02  8.66583362e-03 -1.81939228e-08
  5.43749258e-02 -1.41633581e-02  4.44356129e-02 -1.79662816e-02
 -7.37605849e-03  1.05953794e-02  1.99642759e-02  2.10373569e-02
 -8.82607698e-03  2.54890211e-02 -6.12889864e-02  1.03271194e-01
  3.06991600e-02  2.24895719e-02 -2.52280980e-02 -1.81653537e-02
  3.41016352e-02  9.41872001e-02 -2.43080892e-02 -2.88883429e-02
 -7.76699111e-02  1.65350214e-02  1.18170790e-01 -1.07026845e-02
 -1.90722328e-02 -2.35366747e-02  3.64348069e-02  6.12427257e-02
 -1.07564928e-03 -8.50984678e-02  3.96940298e-02 -5.94259053e-02
  8.38893205e-02  3.43719162e-02  2.01089699e-02 -9.91605781e-03
  1.88466869e-02 -6.22533858e-02 -5.69669940e-02  3.24466638e-02
 -3.66111696e-02 -7.43386000e-02 -1.16416868e-02  4.14473340e-02
 -7.33226612e-02  3.70016992e-02 -3.18210199e-03 -2.76057404e-02
  8.74296874e-02  6.92187026e-02 -4.54975665e-02 -5.91868013e-02
 -7.72662684e-02  5.43905273e-02  1.07771279e-02 -3.15907761e-03
 -1.03567354e-02 -1.54634323e-02  3.50537002e-02  8.51817504e-02
  3.17092575e-02 -4.93203066e-02  6.31875098e-02  6.45298585e-02]"
40,42707324-d857-405b-911d-5e5bc87e2b75,Non-Surgical Facelifts,nearby beauty & spas cosmetic procedures nonsurgical facelifts,"[-2.02159379e-02  2.78755315e-02  3.05816233e-02  5.68352640e-02
 -8.44716728e-02 -2.43015010e-02 -5.09790592e-02 -5.07012196e-02
 -1.05072856e-01 -3.40172201e-02  8.48435387e-02 -6.68759048e-02
 -3.56396958e-02  1.76580586e-02  6.84382766e-02 -4.74091023e-02
  9.27454457e-02  1.88962137e-03  5.75072207e-02  5.38514182e-02
  5.95470006e-03 -2.78970767e-02 -7.38525530e-03 -3.91370468e-02
 -3.11940070e-02 -7.00640529e-02 -6.92597181e-02  1.28301755e-02
  4.70386483e-02 -7.17145056e-02 -3.01701911e-02  5.53051196e-03
 -8.71772990e-02 -6.89549521e-02  3.54353748e-02  9.66097191e-02
 -4.17272076e-02  4.33058254e-02 -3.86903770e-02  6.77915290e-02
 -9.48517621e-02 -4.65531610e-02 -8.86068344e-02  3.22285458e-03
  7.92306811e-02  1.72816552e-02  1.79115459e-02 -2.29358673e-02
 -5.89200156e-03 -8.01271424e-02 -4.21898700e-02 -7.07396045e-02
  1.04140979e-03  2.87301503e-02 -6.82317466e-02  3.53055596e-02
 -3.79858427e-02 -1.01871908e-01 -2.00374220e-02 -9.10739508e-03
  3.88651993e-03 -6.50608633e-03 -3.21546718e-02  4.24106754e-02
 -7.82540888e-02 -4.15854231e-02 -1.41849089e-02 -7.41028190e-02
  7.92581588e-02 -4.70236316e-02  1.13815796e-02 -6.98486641e-02
 -5.82770184e-02 -7.74153415e-03  5.28862067e-02  5.13105728e-02
  3.95512618e-02  2.82425564e-02  9.30038095e-03 -1.09406672e-02
  2.05893610e-02  1.75117387e-03  2.71663461e-02  2.34110095e-02
 -6.69036210e-02 -4.73377109e-02 -7.00684339e-02 -8.03075656e-02
 -1.82192642e-02  7.07806274e-02  1.00001646e-02  5.73016293e-02
 -9.89948362e-02 -3.40510602e-03 -6.98240474e-02 -2.50043944e-02
 -4.41797674e-02  8.74167122e-03  5.24391495e-02  9.12431851e-02
 -4.36529182e-02 -8.66865460e-03 -5.55419587e-02  4.71970253e-02
  4.37166868e-03 -6.34834170e-02 -4.30973130e-04 -8.41105450e-03
  3.52457948e-02  4.61223088e-02  1.00089319e-03 -7.27429520e-03
 -4.47632186e-02 -4.83315773e-02 -6.51537031e-02  5.10782376e-02
  4.37587872e-02 -6.39220700e-02  5.40738646e-03 -3.90585102e-02
 -2.45921928e-02  1.50652463e-02  8.33172500e-02 -1.04057685e-01
 -6.78933561e-02  1.47481384e-02  9.01814736e-03  1.31391547e-34
  1.89231206e-02  1.78525355e-02 -8.69663991e-03  4.47370522e-02
 -5.54622263e-02  6.77644908e-02 -2.58092005e-02 -5.12781925e-02
 -2.12537963e-02  2.43074559e-02 -4.57341000e-02  4.57738042e-02
  3.32693532e-02 -2.10297536e-02 -1.23896319e-02  2.21178774e-02
  4.29759324e-02  5.93213625e-02  3.21138487e-03 -3.12221926e-02
  3.49185825e-03  3.68450545e-02 -2.14765556e-02  8.46728459e-02
 -4.39821817e-02  2.54897103e-02 -1.42530566e-02 -6.25563562e-02
 -4.20550331e-02  2.08132807e-03  2.35057878e-03  1.04479998e-01
  9.84941572e-02 -8.80305991e-02  1.78740062e-02  6.74277768e-02
  1.63699649e-02 -1.05298258e-01  3.76775227e-02 -4.63524796e-02
 -1.44346217e-02  5.58498455e-03  5.97096458e-02 -2.62692142e-02
 -1.93205718e-02  6.22133538e-02  1.35393906e-02 -5.85767580e-03
 -4.59588170e-02 -3.53989899e-02 -1.00285234e-02  1.05358265e-01
  1.65195912e-02  7.62901157e-02 -1.24720596e-02  3.66848670e-02
 -5.49963005e-02  1.40007185e-02  5.11251576e-02  6.30979538e-02
  8.38581938e-03 -1.17822748e-03 -5.23461811e-02 -2.66264658e-02
 -1.53137697e-02 -1.92896649e-02  2.40546372e-02  4.89975838e-03
 -5.54632060e-02 -2.49380451e-02 -2.51249894e-02  1.07865669e-01
 -2.17303843e-03  2.48596855e-02  1.38107128e-03 -3.73447016e-02
  7.30252042e-02  8.93722922e-02 -7.55218370e-03  3.56701203e-02
  6.70559704e-02  4.79673631e-02 -3.84102240e-02  1.27217388e-02
  1.45100951e-01  2.92292237e-03 -7.96554014e-02 -5.65483188e-03
  7.44490996e-02 -2.85771061e-02 -2.36547198e-02  1.99663974e-02
 -5.35076410e-02 -9.38961282e-03 -2.68486924e-02 -2.25657667e-33
 -2.46138293e-02 -4.25932743e-02 -6.39238358e-02 -4.55474155e-03
  6.92599267e-02  6.14199564e-02 -3.62077281e-02  6.66514039e-02
  1.86209881e-03  9.13267657e-02 -1.03934370e-01 -3.36711518e-02
  6.58904165e-02 -1.06617779e-01 -8.30384418e-02  1.78312529e-02
  5.66941425e-02 -3.71025577e-02 -1.09267779e-01  8.52305591e-02
  3.38625088e-02  1.27796277e-01 -5.85778840e-02 -4.13845479e-02
 -7.93859139e-02  5.43997660e-02 -4.01793271e-02  1.15982434e-02
 -4.93690632e-02  2.92073265e-02 -5.96966827e-03 -2.27870010e-02
  4.27071098e-03  2.45648026e-02 -2.21479964e-02  5.33171813e-04
 -5.09027727e-02  1.68920700e-02 -4.03215885e-02  3.90360877e-02
  5.27949892e-02 -7.49349073e-02  1.98471546e-02  7.28108734e-02
  6.26304746e-02 -8.33302513e-02 -9.64416638e-02 -9.06469524e-02
  6.76040258e-03 -3.30904387e-02 -4.44097258e-02  2.07794029e-02
 -2.01026071e-02  8.97522718e-02 -2.42876206e-02 -4.34976779e-02
  3.64873111e-02 -3.82204019e-02  1.89355612e-02  7.73258805e-02
  1.09348297e-01 -3.02716959e-02 -4.00631242e-02  1.54245542e-02
  4.64046374e-02  6.28112257e-02  4.45814654e-02 -3.07653341e-02
 -6.63531646e-02 -3.13275419e-02 -1.25559717e-02  7.67297053e-04
 -8.24664626e-03 -7.56491199e-02 -1.83060503e-04  1.81321464e-02
  3.74007225e-02  4.91654761e-02 -6.35804683e-02  1.20825786e-02
  2.36889459e-02 -1.87370498e-02  8.10034275e-02  3.19111459e-02
  5.65279536e-02  1.28239556e-03  1.93506088e-02 -1.59453209e-02
 -4.89096902e-02 -1.75217688e-02 -3.90661433e-02  2.27929447e-02
  3.68942916e-02 -6.04915544e-02  2.83480212e-02 -2.00073877e-08
 -1.19689787e-02 -2.89056972e-02  6.22179620e-02 -7.30956113e-03
 -4.48332354e-02  1.07165100e-02 -7.25929020e-03  4.21204679e-02
 -2.47781184e-02 -2.48216605e-03 -7.22064376e-02  1.05110832e-01
  3.48629989e-02  5.44787105e-03 -9.63517185e-03 -3.61283962e-03
  4.77949008e-02  1.23620011e-01 -6.74520880e-02 -7.19956160e-02
 -1.27191901e-01  1.15129715e-02  1.01804115e-01  2.16361936e-02
 -2.11123321e-02 -1.67516600e-02  3.00626364e-02  3.56822647e-02
 -5.40699400e-02 -6.39732331e-02  4.05954048e-02 -1.74556803e-02
  9.04305726e-02 -1.10601122e-02  2.30004545e-03  7.98220746e-04
  5.73647060e-02 -1.28046740e-02 -4.70117331e-02  1.45265292e-02
 -5.78599237e-02 -2.94899400e-02  4.93529998e-02  8.87040049e-02
 -9.02652461e-03 -1.43397897e-02 -3.46381664e-02  1.92221720e-02
  7.40515962e-02  5.84610701e-02  5.64179905e-02 -5.13669513e-02
 -6.88832030e-02  3.49590890e-02 -5.07268384e-02  4.85118926e-02
  1.05423471e-02  6.29382348e-03  1.68882906e-02  1.28493920e-01
  5.55008277e-02 -8.12470689e-02  7.29226694e-02  3.94197591e-02]"
41,c0907b1e-2934-4e90-9303-48725a225c47,Natural Medicine,nearby health & fitness natural medicine,"[ 6.31582588e-02 -9.19895153e-03 -1.79503346e-03  7.39494711e-02
  5.20728379e-02  3.72578725e-02 -7.01832846e-02  5.33031821e-02
 -6.67235181e-02 -5.26305102e-02  2.38432288e-02 -4.81140465e-02
 -3.25608142e-02 -5.45248250e-03  3.55873369e-02 -1.04800183e-02
  6.73394427e-02 -1.33027369e-03  6.88120956e-03 -5.57715595e-02
 -1.20250970e-01  9.06803682e-02  1.26887038e-01  1.04538210e-01
 -5.58111817e-02  1.43706016e-02 -3.29051795e-03  9.41642284e-05
  2.93315314e-02 -7.90259708e-03  1.39778983e-02  8.31537470e-02
  4.95892502e-02 -1.77971963e-02  1.98592730e-02  7.52230063e-02
 -1.61431227e-02 -3.23391445e-02 -4.64969613e-02  3.55831757e-02
 -1.16225043e-02 -4.64570932e-02 -3.08508100e-03  9.06594191e-03
 -1.98731292e-03 -4.24458273e-02 -3.83162126e-02  1.37913097e-02
  5.77230491e-02  2.62408666e-02 -9.08175891e-04 -4.99667749e-02
 -3.19136307e-02  4.98850606e-02  1.49882911e-02 -8.64341576e-03
 -7.96047300e-02 -7.48327523e-02 -1.03898346e-01  1.92231778e-02
  1.33518592e-01  6.81198202e-03 -4.75534759e-02  2.88696736e-02
 -1.45987468e-02  1.32312486e-02 -4.83036377e-02  1.02052145e-01
  7.58667141e-02 -1.41856790e-01  4.31266241e-02 -8.59562382e-02
 -2.87674228e-03  1.09203801e-01  6.85853744e-03  9.06910673e-02
 -2.66535487e-02 -1.49347847e-02  6.35724217e-02 -7.35941231e-02
  3.59476404e-03  1.77366682e-03  5.43143265e-02  5.77106401e-02
  3.36767323e-02  3.10281087e-02  4.72873263e-02  4.07167934e-02
  5.90601526e-02 -4.15715240e-02  4.62163091e-02  3.36557813e-02
 -8.54494572e-02  8.48452281e-03 -3.64938602e-02  1.06494967e-02
 -5.54822944e-02 -3.58339436e-02 -1.99710019e-02  2.32033897e-02
  6.32099574e-03  4.10891585e-02  1.86815914e-02  3.00350506e-02
 -3.80922705e-02 -5.12115620e-02  8.48222524e-03 -1.16570471e-02
  1.04367286e-01  8.29765573e-02  4.10974026e-04  2.96199881e-03
 -3.56612355e-02  4.57209460e-02 -1.24036316e-02  5.32553196e-02
  9.87147167e-02 -4.12675925e-02 -3.00110932e-02 -9.72283538e-03
 -7.12362751e-02 -5.07650338e-02 -3.32368352e-02 -1.13630109e-01
 -7.28126056e-03 -6.35458902e-02 -5.69444522e-02 -1.63432635e-33
 -1.43320598e-02 -2.12626867e-02  1.00632995e-01  2.60468051e-02
  5.54351024e-02  2.70631840e-03 -3.77290770e-02 -1.06701255e-01
  1.65316667e-02 -4.48632278e-02 -7.66035095e-02  5.11754081e-02
  5.05816117e-02  3.41464318e-02 -2.03744061e-02 -6.10812679e-02
 -1.37151768e-02  3.70620862e-02  2.31553260e-02  2.04654243e-02
 -3.28140557e-02 -4.95734327e-02 -6.55810460e-02  5.41481115e-02
 -5.38661890e-02  4.62867878e-02  3.50831933e-02  2.46626977e-02
  9.44843590e-02  1.59293311e-04 -1.32229123e-02 -6.77919528e-03
 -3.32701206e-02 -7.46970847e-02 -2.27511786e-02  1.05586555e-03
 -2.82295384e-02 -4.90987338e-02 -2.59419135e-03  6.17234185e-02
  3.60231772e-02  3.41264084e-02  4.44469117e-02  6.67897565e-03
  7.00976849e-02  5.55383265e-02  2.47089230e-02  3.04457918e-02
 -2.66188439e-02 -5.76204769e-02 -4.66187410e-02 -4.98912763e-03
 -4.15296992e-03 -3.67099494e-02  4.75034826e-02  7.19252275e-03
 -5.85676171e-02  3.62343192e-02  4.51034233e-02  8.53460208e-02
  6.08353876e-02  7.95098469e-02 -1.62623208e-02 -7.41944239e-02
 -1.16870115e-02 -5.24710938e-02 -3.69320773e-02 -1.03801787e-01
 -4.14173007e-02  5.65532334e-02  8.94439640e-04  5.35483956e-02
 -2.94909552e-02  4.49117087e-02  6.21184222e-02 -3.16863880e-02
 -4.75336835e-02  5.44292107e-02 -3.97567041e-02  2.82348171e-02
 -1.92828290e-02  1.26644894e-02 -6.65737092e-02  1.70674175e-01
  1.30440528e-02 -2.41683573e-02 -8.01837221e-02  4.93903784e-03
  1.40380273e-02 -1.98459364e-02 -6.47461638e-02  1.91362798e-02
  2.95321899e-03  5.22875264e-02 -2.80827377e-02  4.87181797e-34
  2.39454862e-02 -8.35304037e-02  6.12859093e-02  1.23430006e-02
  9.50587317e-02  3.01213400e-03  3.57158221e-02 -5.41409850e-02
  8.20177644e-02  3.18102911e-02  3.95211801e-02 -3.29513066e-02
  5.50190099e-02 -1.91005357e-02  3.08893565e-02  1.04650781e-01
  4.10075374e-02  7.10150525e-02 -6.08225353e-02  3.29536386e-02
  1.28357401e-02  3.74343805e-02 -3.32735851e-02 -5.50111718e-02
  2.15801727e-02  8.05884898e-02 -5.19053675e-02  5.80979027e-02
 -1.50742875e-02 -4.11162786e-02 -3.91876586e-02  3.66549306e-02
 -2.99129207e-02 -2.58654077e-02 -4.64462377e-02  4.10661325e-02
  8.86639673e-03 -4.47648391e-02 -4.35224697e-02 -4.46407683e-03
  1.03637658e-01 -2.05377694e-02 -6.35624025e-03  4.97453585e-02
  2.42375433e-02 -6.45923167e-02 -2.11269278e-02 -4.12880778e-02
 -5.02388254e-02  1.72954593e-02  9.34378430e-02 -5.80785833e-02
 -2.31173597e-02  3.62366065e-02  3.04321423e-02  1.95128042e-02
 -3.55328172e-02 -1.67194773e-02 -7.43112043e-02 -1.17459767e-01
 -8.38305894e-03  2.54620519e-03 -5.14593385e-02  2.23275181e-02
 -3.76311429e-02  5.70543967e-02  4.31232974e-02  4.42111082e-02
 -3.49680111e-02 -2.68394547e-03 -8.10030773e-02  2.50977911e-02
  3.22337933e-02 -2.06639636e-02 -4.56550904e-02 -3.29032028e-03
  8.80316645e-03 -5.98428398e-02 -3.28283794e-02  1.54269375e-02
  2.05393750e-02 -1.00832433e-01 -4.32941131e-02 -1.13063809e-02
 -1.72967296e-02  7.78237656e-02 -1.72914397e-02 -4.29325663e-02
  2.45404686e-03  1.72278546e-02 -6.31897673e-02  2.10487638e-02
 -9.12787393e-02  1.41516253e-02  3.34818140e-02 -1.58052771e-08
  3.00317537e-02 -4.64005657e-02 -1.55622829e-02  4.84870896e-02
 -3.55886901e-03 -4.45600646e-03 -7.36374781e-02  6.23974167e-02
  1.36090601e-02  6.61612079e-02 -5.46306856e-02  1.00883856e-01
  8.83327797e-02  1.39405522e-02 -4.27458100e-02 -2.85376366e-02
 -7.97976181e-03  9.89971906e-02 -6.93002716e-02 -3.12777720e-02
 -4.42457348e-02  3.26015912e-02  8.74325633e-02  2.20635571e-02
 -3.48958857e-02 -1.03571415e-01  2.83931810e-02 -3.36408429e-02
  8.19383115e-02 -7.87229240e-02  3.52470428e-02  2.63094902e-02
  1.98216531e-02  3.58379330e-03 -1.78912506e-02 -8.18538293e-02
  8.03557597e-03 -2.19294801e-02 -5.96165694e-02 -1.60174984e-02
 -5.69298342e-02 -3.25833932e-02 -1.55451782e-02  4.87037487e-02
  1.13664037e-02 -1.28542259e-01  3.39055806e-02  2.65749078e-02
  2.95792017e-02 -4.24731486e-02 -6.92935102e-03 -3.76203619e-02
  4.82124202e-02 -4.32736836e-02 -3.86731327e-02  4.35461365e-02
 -6.03209510e-02 -9.01386589e-02 -7.89700821e-02 -3.15869437e-03
 -7.08079711e-02 -6.03756532e-02  1.09771594e-01  1.83074865e-02]"
42,67840556-9189-49c9-b4a5-34de8d2f0e3e,Colonic Hydrotherapy,nearby health & fitness natural medicine colonic hydrotherapy,"[ 9.67593193e-02 -4.78771776e-02  3.20425965e-02  5.21385446e-02
 -4.33782674e-03 -1.69958584e-02 -4.73353602e-02  1.73826225e-03
 -3.75777781e-02 -6.84635937e-02 -9.82485618e-03 -5.99979758e-02
  5.17990580e-03  4.58152927e-02 -7.90088400e-02 -2.43674237e-02
  3.52051370e-02  4.18793634e-02 -2.21133884e-02 -3.47151384e-02
 -1.01870246e-01  4.99841385e-02  6.62036017e-02  1.09000213e-01
 -9.63151678e-02 -7.64271338e-03  3.49446051e-02  9.99652315e-03
 -4.30456176e-03  7.58781796e-03  5.69340885e-02  4.13207039e-02
  7.63094872e-02 -6.32221773e-02  1.16883395e-02  8.14694837e-02
  1.99340470e-02 -4.93547618e-02 -6.16670772e-02  4.83148266e-03
 -2.15081056e-03 -6.20556436e-02  3.25424783e-02  2.13453993e-02
  5.14996164e-02 -7.12496787e-02 -3.84863019e-02 -3.54319923e-02
  3.86945345e-02  7.70197287e-02  5.24770748e-03 -5.53740561e-02
 -5.46563752e-02  1.78697500e-02  1.90509744e-02 -9.38980430e-02
 -8.74654949e-02 -2.54931450e-02 -2.64141848e-03 -1.04757566e-02
  1.28384724e-01  2.75331084e-02 -5.67828007e-02  5.06436937e-02
  1.98013838e-02 -3.79196629e-02 -4.80033644e-02  5.45317344e-02
  3.97725925e-02 -8.89464542e-02 -4.98712957e-02 -5.29197827e-02
  1.64737161e-02  4.06452157e-02 -9.59972218e-02 -1.08086355e-02
  2.15926860e-03  3.40170972e-02  2.12731268e-02  3.37027013e-02
  3.94881368e-02 -1.67979710e-02  4.12430204e-02  7.80291110e-02
  2.79896706e-02  2.98377480e-02  6.52493024e-03  1.69572458e-02
  5.89783788e-02 -3.63014564e-02  7.26317391e-02  2.07293723e-02
 -3.07449996e-02  1.18654240e-02 -2.89309938e-02  2.91508362e-02
 -9.63938683e-02 -1.01827592e-01 -5.47806872e-03  2.42533144e-02
 -9.24214795e-02  2.83439774e-02 -1.24882841e-02  2.00160649e-02
  5.32174297e-02  3.17821163e-03  4.50678030e-03  2.57554073e-02
  5.83367273e-02  3.90184447e-02 -1.19815115e-02 -3.63611197e-03
 -5.63755631e-02  7.86078423e-02  2.20822003e-02  7.79582337e-02
  3.81795205e-02 -5.32467887e-02  2.02845074e-02 -2.17480864e-02
 -9.10033137e-02 -7.43487105e-02  2.45020515e-03 -1.13261849e-01
  9.14454274e-03 -3.53930444e-02  1.76349208e-02 -2.86449974e-34
 -4.77430969e-03 -9.23800096e-02  1.08110815e-01  5.31714596e-03
  3.69565818e-03 -4.96579818e-02  9.06940550e-03 -1.17155835e-01
  8.45402572e-03 -6.03709407e-02  1.70478057e-02  1.99314281e-02
  6.64284602e-02  4.43866141e-02 -7.75413066e-02 -4.64441851e-02
 -2.29340252e-02  3.66200469e-02 -6.24191873e-02  2.03179624e-02
  4.29818183e-02 -1.25394366e-03 -6.15143552e-02  2.35339031e-02
  4.17097425e-03 -2.48064399e-02 -1.13471244e-02  7.54917227e-03
  1.54894903e-01  1.45369256e-02 -3.68166305e-02 -1.04320748e-02
 -1.39385620e-02  2.80256066e-02 -6.64827675e-02  8.91676918e-02
 -1.55383516e-02 -5.07781915e-02  2.54793111e-02  6.84859231e-02
 -2.01693867e-04  3.72777544e-02  3.18796337e-02 -3.36386077e-02
  5.56779243e-02 -6.09124219e-03  4.89805229e-02  5.81257977e-03
 -3.91042084e-02 -1.96766276e-02 -3.11948778e-03  4.45441529e-02
 -4.15397659e-02 -5.62481321e-02  2.66498365e-02 -8.19351301e-02
  2.01936136e-03  1.37436777e-01  2.11649556e-02  3.88386771e-02
 -3.76766510e-02  1.97529215e-02 -4.37281094e-03 -5.77726439e-02
  3.88119533e-03  3.47618945e-02 -2.54536439e-02 -3.52719389e-02
  4.45576087e-02  7.24422485e-02 -1.35320827e-01  1.29930601e-01
 -5.34818470e-02  4.38595153e-02  4.20862399e-02 -6.48683459e-02
  1.02316439e-02  2.37619821e-02 -5.65263666e-02  1.08490601e-01
 -3.36688571e-02 -1.28982170e-03 -4.61048596e-02  2.02565536e-01
  4.02161516e-02  4.23007235e-02 -5.83846122e-02  8.46338198e-02
  3.69875692e-02 -6.77568689e-02  2.56425273e-02  1.63485035e-02
 -3.26351561e-02  4.20044698e-02  2.04285160e-02 -1.45550482e-33
  5.13877310e-02 -1.82156358e-02  4.86135930e-02  2.93248557e-02
  5.52411005e-02 -2.60748547e-02 -1.94398849e-03 -2.15471685e-02
  2.50354130e-02 -3.79672577e-03 -6.12985017e-03  8.56955200e-02
  3.19736674e-02 -3.02580111e-02 -3.38075422e-02  6.79212362e-02
  3.23798619e-02  8.92346492e-04 -5.93304373e-02 -1.75747983e-02
  1.80301480e-02  7.39667863e-02  3.54391076e-02 -1.22722313e-01
 -4.71583717e-02  3.00034862e-02  3.61701511e-02  8.25228728e-03
  2.63791159e-02  4.79289852e-02 -2.97265053e-02  6.21278770e-02
 -6.64347485e-02 -2.62640938e-02  1.43592851e-02  7.80595914e-02
 -6.83997720e-02 -7.92969856e-03 -3.38008963e-02  2.73192879e-02
  8.06263182e-03 -6.32759482e-02  6.68435632e-06  2.35696174e-02
  2.25391984e-02  5.12162074e-02  6.07408099e-02 -4.27797660e-02
 -1.51849464e-02  5.04733995e-02  6.68915212e-02 -1.62268779e-03
  3.59133373e-05  7.61658698e-02  7.92067796e-02 -7.60078281e-02
 -4.28721420e-02 -9.83959064e-02 -7.10479841e-02 -9.14806947e-02
 -4.95916195e-02  5.05646616e-02 -9.21178795e-03 -1.81794744e-02
 -4.27330099e-02  8.04173127e-02 -6.12669438e-02  9.08817723e-02
 -1.08978100e-01  3.33736651e-02 -4.17509526e-02 -2.12748945e-02
  2.44734474e-02  4.47738403e-03  3.50381411e-03 -1.50646863e-03
  1.70247874e-03 -3.98403704e-02 -7.34676197e-02  7.14530721e-02
  1.34609435e-02  5.29669188e-02 -5.01101837e-03 -3.09164431e-02
  5.28330132e-02  4.79989797e-02 -5.25562353e-02 -4.56852913e-02
  1.54139381e-03  7.76857436e-02  1.57826077e-02 -2.72053592e-02
 -8.44753608e-02 -2.57814955e-03  5.51485717e-02 -1.68683503e-08
 -7.35036209e-02 -2.78771650e-02 -1.89285371e-02  4.72779050e-02
  4.25166124e-03  4.05856073e-02 -9.85486656e-02  7.65947402e-02
 -1.82112306e-02  3.12422086e-02 -1.37187690e-02  8.35876465e-02
  5.75121604e-02  5.24039939e-02 -6.86953962e-02 -2.91869007e-02
  4.48327437e-02  1.26331402e-02 -6.32932857e-02  1.40068186e-02
 -6.97305724e-02 -6.86913431e-02  9.80593562e-02  1.78402569e-02
 -3.93247493e-02 -2.29554586e-02  1.08434884e-02 -5.48386872e-02
 -3.77304433e-03 -1.27107322e-01  6.42161295e-02 -1.32431695e-02
 -1.69860497e-02  4.15207036e-02 -2.98195221e-02  1.46765085e-02
 -2.06958186e-02  8.13178625e-03 -6.35975897e-02  1.77329518e-02
 -1.28879223e-03 -2.95420922e-02  8.72294605e-03  1.19689321e-02
 -7.94353522e-03 -4.46439683e-02 -2.63611581e-02  6.02775952e-03
 -3.84348765e-04 -2.32493170e-02  9.01839416e-03 -6.43242449e-02
  3.39758284e-02 -2.44856477e-02  2.71486230e-02  2.71300897e-02
 -2.01308969e-02 -1.01601807e-02 -4.74477895e-02 -1.15989577e-02
 -6.51547015e-02 -5.07373363e-02  6.66514561e-02 -2.34368667e-02]"
43,794584ea-905e-4384-b083-1b29323f1a20,Injectables & Fillers,nearby beauty & spas face & skin care injectables & fillers,"[-3.63896564e-02 -6.43196283e-03  5.68479784e-02  8.87224600e-02
  5.80471242e-03 -5.94045036e-03  4.59523946e-02  3.23759601e-03
 -1.19728900e-01 -4.30663265e-02  4.46398035e-02 -8.00642744e-02
 -2.56113466e-02  5.21951877e-02  6.55645803e-02 -3.27928178e-02
  8.28345940e-02 -4.93635274e-02  4.45213690e-02 -1.54603608e-02
  3.39352386e-03  2.79192179e-02 -3.09072882e-02 -1.42669147e-02
 -6.48626611e-02 -3.24361958e-02 -6.41434640e-02  2.07144581e-03
  3.64722051e-02 -4.68478240e-02  2.66148858e-02  3.03745959e-02
 -6.72436059e-02 -6.77902102e-02 -3.36871878e-03  8.32852572e-02
 -4.03449275e-02  2.90668625e-02 -2.05161236e-02  3.78851853e-02
 -4.70986180e-02 -6.88155293e-02 -6.37447760e-02  5.24689965e-02
  3.68943773e-02 -5.27588942e-04  2.36680787e-02 -1.12746824e-02
  4.53841947e-02 -4.02260775e-05 -2.03836150e-02 -5.08851670e-02
 -1.01456959e-02  1.66216046e-02 -6.99387193e-02 -1.92319565e-02
 -7.55393505e-02 -1.08035393e-01 -5.07543534e-02  1.15539217e-02
 -1.17740165e-02 -1.82730127e-02  1.90475266e-02  3.89039181e-02
 -1.05803646e-01 -6.71531856e-02 -1.10949576e-02  3.05750556e-02
  1.62461232e-02 -9.35960263e-02  3.33597250e-02 -1.95498317e-02
 -3.93618643e-02  5.41880876e-02  2.96551157e-02  6.17701709e-02
  2.22040471e-02 -5.40635325e-02  7.93494983e-04  6.18991163e-03
  5.74533381e-02  3.78012285e-02  4.18281406e-02  4.95512038e-02
 -3.95753905e-02 -2.57199332e-02 -2.46083234e-02 -1.16805814e-01
  1.18172867e-02  1.84467454e-02  2.09582932e-02  7.37553835e-02
 -8.49177837e-02  1.39041729e-02  3.42481234e-03 -1.64221264e-02
 -1.63992308e-02  1.42900106e-02 -1.43188210e-02  6.47779703e-02
 -7.32578859e-02 -7.01258034e-02 -1.07263893e-01  4.92262691e-02
 -7.14113377e-03 -6.84221387e-02 -7.11946711e-02 -7.15288054e-03
  7.42494762e-02  4.37041074e-02  1.38441063e-02 -2.13220939e-02
 -2.20465679e-02 -1.91960633e-02 -4.44397256e-02 -8.88188370e-03
  8.96581188e-02 -7.95156881e-02  9.32212546e-02 -1.93850100e-02
 -4.29372229e-02  6.10873685e-04  3.35632265e-02 -1.22142442e-01
 -1.80904996e-02 -3.15125845e-02  4.96749766e-02 -1.16343066e-33
 -3.98901626e-02  8.59713256e-02  5.05600274e-02  1.42442152e-01
 -4.62901071e-02  6.73658922e-02 -1.59737021e-02  1.34365610e-03
 -2.09066495e-02 -1.43508799e-02 -1.20017201e-01  5.16224243e-02
 -2.05323435e-02  1.02343105e-01 -3.20244282e-02 -3.62287499e-02
  1.69232003e-02  4.59627546e-02 -3.88753251e-03 -4.66645882e-02
 -2.48230491e-02 -2.17504315e-02 -5.04971296e-02  5.64385466e-02
 -1.05514964e-02  6.66370541e-02 -1.81392469e-02  4.17986093e-03
  3.62793729e-02 -3.71347810e-03  4.14755195e-02  6.37563989e-02
  7.17056394e-02 -5.03490604e-02 -3.60338613e-02  4.91581447e-02
  4.60214028e-03 -7.24719241e-02 -3.24362144e-02 -1.27691939e-01
 -2.70621330e-02  7.35813752e-02  2.95063425e-02  3.17388363e-02
 -1.17303664e-03  8.19609389e-02 -4.43816781e-02 -1.40413297e-02
  6.99847378e-03 -3.73747051e-02 -3.38221863e-02  1.06273539e-01
 -5.16383871e-02  1.25173643e-01  1.28742121e-02  1.46419946e-02
 -5.23140244e-02 -9.69178043e-03  6.06677793e-02  5.13098203e-02
  1.31297316e-02  2.55372059e-02 -3.23395394e-02 -3.34440470e-02
  4.57994379e-02 -2.45045032e-02  6.65643811e-02  5.20507665e-03
 -5.41970283e-02  6.65754778e-03 -1.10089080e-02  9.05085802e-02
  2.35240394e-03  1.15390085e-02 -3.51563282e-02 -3.74810360e-02
  2.83180308e-02  8.52859095e-02 -3.85198407e-02  1.73963793e-02
  4.63744737e-02  2.46125124e-02 -3.35175507e-02  5.61864935e-02
  6.02471828e-02 -3.64876688e-02 -1.48529960e-02  3.93295586e-02
  7.97182843e-02 -6.44457638e-02  1.82377081e-02  2.88751554e-02
 -5.83606726e-03 -2.48428974e-02 -1.12766810e-01 -3.23649158e-34
 -1.78447459e-02 -6.19042180e-02  2.76331231e-03  7.13706315e-02
  8.07109848e-02  5.89518175e-02  2.98734847e-02  3.32756750e-02
  8.47694129e-02  1.07546501e-01 -9.06387419e-02  1.66792627e-02
  9.61542651e-02 -6.36578798e-02 -1.06614478e-01  6.76937550e-02
 -2.03646831e-02 -2.97791716e-02 -1.07493438e-01  2.68046930e-02
 -2.75401250e-02  9.76956561e-02  5.11912443e-03 -4.83387448e-02
 -1.24902464e-02  4.51861918e-02 -5.54604679e-02 -9.50611848e-03
 -8.76757782e-03 -1.65221579e-02 -7.35985069e-03 -5.14941663e-02
  1.27480840e-02  1.90977715e-02 -4.57348824e-02 -6.28552726e-03
 -1.06970994e-02  1.96923986e-02 -4.53767963e-02  3.57927531e-02
  5.55478260e-02 -1.26159832e-01 -4.46345881e-02  1.23276412e-01
  2.35809572e-02 -5.22445254e-02 -8.96554142e-02 -7.33331069e-02
  1.62910414e-03  9.32496274e-04 -2.42754538e-02 -7.65319308e-03
 -5.69033064e-02  7.24916607e-02 -3.64248268e-02 -1.32864825e-02
  2.00204216e-02 -3.64276059e-02 -1.30106241e-03  3.44982967e-02
  1.00380667e-01 -8.02006200e-03 -4.53115590e-02 -7.73921749e-03
  2.47088168e-02  3.99463475e-02  4.53205705e-02 -3.85314971e-02
 -9.50872991e-03 -1.11894235e-02  1.61906332e-02 -2.07475703e-02
 -2.72235423e-02 -7.47664496e-02  2.51013357e-02 -1.31522492e-02
  6.45753294e-02  1.38188945e-02 -5.76579273e-02  3.73392478e-02
 -4.21428978e-02 -7.00831488e-02  4.38397303e-02  5.56122437e-02
  8.48180950e-02  1.75184254e-02  2.51275413e-02 -2.86052730e-02
 -6.19425289e-02  3.38991545e-02 -1.09472811e-01  6.49274886e-02
 -9.40907840e-03 -3.44019532e-02  1.82126481e-02 -2.10446611e-08
  3.40890624e-02 -5.11038117e-02  3.45366560e-02 -2.90108733e-02
 -6.77953213e-02 -3.76233794e-02  4.09542732e-02  9.81922150e-02
 -2.21166834e-02  6.95959330e-02 -3.35878953e-02  1.39488190e-01
  3.19277383e-02  3.82507360e-03  2.81340741e-02 -7.38719711e-03
  2.55363639e-02  1.05546139e-01 -7.39752650e-02 -4.68488820e-02
 -3.70593034e-02  5.27892075e-02  6.59943223e-02 -6.89653233e-02
 -2.97520636e-03 -2.55072420e-03 -9.44523234e-03  3.22291218e-02
 -5.20820171e-02 -1.50662651e-02  3.96098867e-02 -2.66590156e-03
  7.97325820e-02  1.62499435e-02 -1.82443522e-02  1.50038339e-02
  3.13626938e-02 -3.18263061e-02 -7.34596848e-02 -1.22995619e-02
 -7.97859952e-02 -7.67183900e-02 -5.58066228e-03  1.70318391e-02
 -2.34314483e-02  9.88813024e-03 -3.05070411e-02  1.45265786e-02
  9.55675635e-03  7.88218528e-02 -2.24411320e-02 -3.39539833e-02
 -4.13624048e-02  1.85132325e-02 -3.36584710e-02 -1.30681042e-02
 -4.04279605e-02 -3.08382288e-02  5.04195578e-02  1.05660960e-01
 -1.96883641e-02 -4.38645966e-02  7.59966820e-02  5.92341609e-02]"
44,58607286-3101-4966-a963-765de863e94d,Custom Massage,nearby beauty & spas massage custom massage,"[-3.04760924e-03 -2.34484929e-03  4.10360135e-02  5.43040372e-02
 -4.96780686e-02 -2.34025903e-02  4.15636636e-02 -5.40220588e-02
 -4.92324866e-02 -4.32365201e-02  1.07542917e-01 -1.73666030e-02
 -1.25049846e-02  7.25395977e-02  8.62006024e-02 -3.22482996e-02
  1.24226108e-01 -4.84443083e-02  5.64997718e-02  7.00043188e-03
 -5.76514266e-02 -6.45811902e-04  1.76489959e-03  2.22178623e-02
 -1.01122297e-01 -3.18489075e-02 -1.75509211e-02  3.90712284e-02
  2.87169637e-03 -4.55377921e-02  1.24159385e-03  4.65053990e-02
 -4.15780023e-02 -2.27073170e-02  5.04533909e-02  1.30250707e-01
 -7.03664720e-02 -5.12225479e-02  2.99097300e-02  5.82166575e-02
 -6.63368031e-02 -4.41724844e-02 -3.71383950e-02  2.74122562e-02
  5.84688671e-02  2.58429646e-02  6.07845187e-02  2.67342497e-02
  4.70205247e-02  2.32179780e-02 -1.81451496e-02 -7.93949589e-02
 -2.54551554e-03  2.70227510e-02  2.96369232e-02 -3.02230250e-02
 -1.11874729e-01 -6.52330145e-02 -4.36682142e-02  5.36818951e-02
  7.58179650e-02  1.15275402e-02 -1.90056525e-02  1.68694071e-02
 -2.78685857e-02 -1.93605237e-02 -7.24876449e-02  8.17097202e-02
  4.62783501e-02 -1.46432221e-01 -1.61663778e-02 -2.18956880e-02
 -4.07312252e-02  9.64777172e-02  4.58527505e-02  4.68765609e-02
  1.60332453e-02  5.39173605e-03 -1.26954103e-02 -6.93999901e-02
 -1.12948716e-02  2.55120266e-03  5.32103740e-02  5.69466911e-02
 -4.46934737e-02 -1.34827234e-02  6.94577694e-02 -5.57481125e-02
  9.24427435e-02 -9.98037029e-03  3.12571451e-02  2.73384731e-02
 -1.84222296e-01 -5.44439964e-02 -1.61160100e-02  1.03463493e-02
 -3.67021523e-02  4.10834625e-02 -2.16694754e-02  9.54887271e-02
  1.96593945e-04  5.30384481e-03 -5.58282733e-02  5.20245470e-02
 -6.34503216e-02  7.51341367e-03 -4.77089770e-02  4.73656841e-02
  4.32880074e-02  3.29631008e-02 -1.76439229e-02 -5.47038345e-03
 -9.34088752e-02 -3.44395787e-02 -1.35907205e-02 -3.87894996e-02
  9.22512934e-02 -2.69224849e-02  4.11695912e-02 -3.70078981e-02
  2.69714575e-02 -5.56369983e-02  1.64635703e-02 -6.67308494e-02
 -1.14912271e-01  4.33315597e-02 -1.33495191e-02 -6.71617136e-34
  2.49073226e-02  8.81172791e-02  5.30811734e-02  3.26170810e-02
 -6.56879917e-02  7.41776451e-02 -4.73370999e-02 -1.98544879e-02
 -3.88010032e-02 -2.40658764e-02 -5.61635531e-02  3.85968015e-02
  5.71187623e-02  1.73253585e-02  7.83353951e-03 -4.73325849e-02
  4.35073599e-02  3.54751982e-02  2.49363203e-02 -7.23063573e-02
 -4.34582755e-02  1.63051225e-02 -5.52932583e-02  3.56215797e-02
 -8.38674381e-02  5.73182181e-02  4.26008813e-02 -4.58241813e-02
  2.99038831e-02 -5.95281192e-04  2.86566354e-02 -3.85283194e-02
  6.94941878e-02 -1.31313992e-03  6.96279202e-03  2.01104730e-02
 -1.01127364e-02 -1.01378337e-01  4.87358682e-02 -2.92270854e-02
 -2.50079222e-02  4.88824211e-02 -4.35779279e-04  1.38851833e-02
 -1.39763225e-02  9.72228944e-02  2.34133601e-02 -2.39608195e-02
  1.57857090e-02 -7.22238347e-02 -9.24251303e-02  4.69266251e-02
 -1.46716526e-02  1.01807103e-01 -2.91764811e-02  5.69022633e-03
 -3.39653827e-02 -3.87770054e-03  4.81332839e-02  2.38560941e-02
  4.54921275e-02  3.63022927e-03 -6.56910846e-03 -1.34476975e-01
  1.60492864e-02 -6.31213263e-02  3.50754559e-02  1.13864681e-02
  6.20219521e-02  4.12119888e-02 -3.12547684e-02  9.21457112e-02
  3.64986137e-02  7.35316752e-03  8.09154101e-03 -7.91343115e-03
  4.27902006e-02  4.74313982e-02 -4.84209433e-02  1.46566024e-02
 -3.16391326e-02  1.02739839e-03 -3.76451612e-02  1.54686406e-01
  6.77740425e-02 -2.20850315e-02 -5.82825579e-02 -1.80158671e-02
 -5.39818481e-02  9.39779729e-03 -6.73970804e-02  1.02301352e-01
  3.18535939e-02 -1.99698769e-02 -5.05049117e-02 -1.55413302e-33
 -2.50512664e-03 -5.72740324e-02  3.08653656e-02 -1.58908288e-03
  4.07355651e-02  6.18922599e-02 -2.99500488e-02  2.90002953e-02
 -9.27849114e-02  1.20790705e-01 -9.53941122e-02 -5.49142770e-02
  4.59062085e-02 -7.02288526e-04 -7.01012537e-02  1.08943127e-01
 -2.43821274e-02 -7.65121588e-03 -3.41700315e-02  7.28694201e-02
  1.39948251e-02  1.58502623e-01  1.44395151e-03  2.82451529e-02
 -4.86812480e-02  7.01910257e-02 -5.10303825e-02 -5.00955209e-02
 -3.65025662e-02  8.61937460e-03 -5.24077155e-02 -4.51064035e-02
  1.77273769e-02  2.70032045e-02 -2.70789359e-02  4.46024537e-02
 -4.93548736e-02  1.76617242e-02 -4.53597382e-02  6.52251393e-02
  1.16107553e-01 -6.72433898e-02 -1.39816394e-02  2.17524152e-02
  2.62940172e-02 -7.71299452e-02 -1.36094213e-01 -4.08544615e-02
 -6.67591207e-03 -4.46326984e-03 -6.04230678e-03 -4.48766574e-02
 -6.28675967e-02  3.62623371e-02 -6.54473379e-02 -4.35418338e-02
  5.35745323e-02  9.10845993e-04 -8.00960958e-02  1.97878517e-02
  2.07981169e-02 -3.25657353e-02  1.97705235e-02  2.65541058e-02
  5.08635975e-02  5.20692579e-02  1.75674520e-02 -1.56597979e-02
 -8.15273672e-02  4.46458929e-04 -4.27836962e-02  5.93915060e-02
 -2.39548367e-02 -2.62351930e-02 -2.06910800e-02 -1.95870502e-03
  7.83312395e-02 -2.91422158e-02  1.22094564e-02  4.29431461e-02
 -2.67527252e-02 -7.67276157e-03  3.69459018e-02 -7.13115744e-03
  1.41087240e-02 -1.39052037e-03  2.95742098e-02  8.91329313e-04
 -3.36337462e-02 -7.84048438e-03 -3.85126099e-02  8.83874595e-02
 -1.96061358e-02 -5.62314801e-02  4.40009544e-03 -1.68832273e-08
 -3.76118198e-02  3.04027926e-04  3.37789692e-02 -6.24494301e-03
 -2.28145625e-02 -1.19167725e-02 -1.57781821e-02  4.48962264e-02
 -3.94978840e-03  4.70297076e-02 -3.86142284e-02  2.65045483e-02
  5.09170331e-02  8.03970080e-03 -2.55997069e-02 -1.10143842e-02
  2.86405329e-02  7.89925903e-02 -4.37718295e-02 -3.71809639e-02
 -1.74205285e-02  1.34257115e-02  4.95447628e-02 -1.37483301e-02
  5.75965550e-03 -5.04313521e-02 -5.45680663e-03  3.88868190e-02
 -4.13441006e-03 -1.18388891e-01  4.12678234e-02 -3.15732770e-02
  8.73666033e-02 -1.45076904e-02 -5.88892065e-02  5.31236129e-03
 -8.68527144e-02 -6.78810999e-02 -8.09732899e-02 -5.60338655e-03
 -8.79926607e-02 -8.36568028e-02  3.08344956e-03  3.54956836e-02
  2.55662538e-02 -1.21365720e-02  5.20088598e-02 -5.37589602e-02
  2.74100918e-02  1.05319574e-01 -5.92804402e-02 -5.89316003e-02
  6.48021102e-02 -3.95993628e-02  2.67244093e-02 -2.96554379e-02
 -4.33588512e-02 -1.92034524e-02  1.66533235e-02  8.05124044e-02
  5.24754357e-03 -2.33858377e-02 -2.12553348e-02  4.58206702e-03]"
45,b31adf54-542d-438b-b76d-09c6aaceb4d7,Fun & Leisure,nearby things do fun & leisure,"[ 1.38810486e-01 -2.46872543e-03  4.31735180e-02  1.38733247e-02
  2.59383135e-02 -1.10855384e-03  6.05214760e-02 -5.79127967e-02
 -6.24717250e-02  2.78829169e-02  7.53054023e-02 -2.63126139e-02
 -6.65178299e-02  8.83896574e-02  1.19195208e-01 -4.53623459e-02
  1.19596623e-01 -2.24340446e-02  9.92479455e-03 -5.86998509e-03
 -3.16326581e-02  9.43459105e-03  6.14354499e-02  4.39678645e-03
 -6.49761483e-02  1.66115239e-02 -3.10752448e-02  6.56927228e-02
  1.99235287e-02  8.35702009e-03  2.30021756e-02  1.29838407e-01
 -4.46543805e-02 -1.92673262e-02 -2.04720115e-03  1.05418637e-01
  2.42843516e-02 -5.15275411e-02  2.06016004e-02  3.89895327e-02
 -3.61746876e-03 -4.42683920e-02  6.42209202e-02  1.01201069e-02
 -9.30832420e-03  4.14670222e-02 -1.04348594e-02 -3.47134247e-02
  3.60558368e-02  1.13798259e-02  8.74380395e-02  2.25784555e-02
 -3.01932096e-02 -5.83207468e-03 -3.41164619e-02  1.72699392e-02
 -8.30695406e-02 -5.46106882e-02  3.26773450e-02 -4.25225720e-02
  9.30083171e-02  4.37955186e-03 -2.07012650e-02  7.45804003e-03
 -6.08925112e-02 -7.10287169e-02 -8.45427141e-02  4.75321040e-02
  2.63054413e-03 -1.02094747e-01  2.18435731e-02 -4.00969237e-02
 -3.08791343e-02  6.76393062e-02  4.89829853e-03  2.38329712e-02
 -5.29556498e-02 -5.95907122e-02 -3.84294428e-02 -5.26414178e-02
 -1.42188203e-02 -4.60633310e-03  6.29849061e-02  4.61767102e-03
 -2.98444238e-02 -2.52183042e-02  9.28565301e-03 -2.64807348e-03
  3.52282897e-02 -2.64467858e-02 -3.11604273e-02 -1.50353722e-02
 -8.60189423e-02 -5.95075712e-02 -4.77199815e-02 -2.56717503e-02
 -1.43535174e-02 -1.02389362e-02 -1.50691038e-02  6.08389452e-02
 -5.72835887e-03  7.02595487e-02  6.70041963e-02  6.15435541e-02
 -9.26395971e-03  3.68892215e-02 -6.24911636e-02  6.20086454e-02
  9.11824629e-02  2.40740646e-02 -5.78004532e-02  2.58651264e-02
 -1.42339654e-02  2.07258165e-02 -5.58614321e-02 -3.89141776e-02
 -1.84040132e-03 -3.53443623e-02 -1.22429803e-02 -1.42089995e-02
  2.33983304e-02  2.88609024e-02  7.76003627e-03  2.04230882e-02
  2.73677781e-02 -2.29716711e-02 -3.81455608e-02 -3.04333412e-33
  4.39139418e-02 -8.66858810e-02  2.11701393e-02  3.08821797e-02
  6.55462667e-02  5.82633168e-03 -5.16291410e-02 -8.88519660e-02
 -3.54842097e-02  2.33184844e-02 -2.37475522e-02  2.11100057e-02
 -7.08998181e-04 -2.02359874e-02  1.01711988e-01 -7.33563378e-02
  3.61873023e-03 -5.12686372e-02  1.77260849e-03 -2.30039973e-02
 -4.99136597e-02 -8.53218362e-02  4.14649323e-02 -4.62889718e-03
 -2.48102527e-02  9.55868792e-03  6.25559315e-02 -8.87611136e-02
  1.01467773e-01  3.49833369e-02  3.38447280e-02 -2.88989525e-02
 -4.37459126e-02 -3.60475965e-02  4.79285754e-02  6.41416907e-02
 -2.76424903e-02 -5.62886298e-02 -2.53776991e-04  2.29154658e-02
 -2.51429453e-02 -1.51671544e-02 -6.24775440e-02 -2.57150475e-02
  6.18604338e-03  3.00388541e-02  1.03408933e-01  1.39977159e-02
 -7.23304078e-02  7.48503627e-03  5.76758338e-03 -1.24679729e-02
 -2.37709489e-02 -3.49291153e-02 -1.20388009e-02  1.85679924e-02
  1.17258111e-03 -1.27607286e-02  5.15499339e-02 -2.26060767e-02
  8.87943655e-02  5.64859733e-02 -4.95431609e-02 -1.23426460e-01
  8.71544927e-02  1.53867842e-03  1.00020960e-01  1.64505821e-02
  9.48490854e-03  1.58528909e-02  7.24080205e-02  5.79686202e-02
  1.27916411e-02 -9.13163088e-03  2.41738185e-02  7.87887871e-02
 -2.14197650e-03 -4.09399755e-02 -5.22805676e-02  2.12947596e-02
  4.31453204e-03 -3.31764929e-02 -6.92140311e-02  6.84765447e-03
  2.03533657e-03 -6.56569153e-02  3.52057107e-02 -1.57496065e-01
 -9.90378335e-02  7.51134753e-03 -4.18113209e-02  2.18087621e-02
 -3.43636051e-02 -1.36984838e-02 -5.82822934e-02  1.56615282e-33
  2.89691798e-02 -9.74315181e-02 -1.20574245e-02 -2.71748025e-02
  3.47747048e-03 -1.50081357e-02 -1.05818035e-02 -1.10310562e-01
 -5.67450821e-02  4.28275578e-02 -1.41390756e-01  4.59719170e-03
  7.70966262e-02 -8.07272457e-03  8.10862482e-02  8.50954000e-03
  1.01067096e-01  5.59910424e-02 -1.89784616e-02  8.16378742e-02
  2.17726305e-02  4.50324900e-02  6.70559146e-03 -1.08254654e-02
 -3.85521799e-02  8.78476799e-02 -7.52375424e-02 -8.97412151e-02
 -1.35335013e-01  4.06723749e-03 -5.42490669e-02  3.87771614e-03
  6.52267188e-02 -2.54618898e-02  1.39497942e-03  3.51639912e-02
 -1.68422027e-03 -6.05372302e-02 -6.34158328e-02 -6.98479787e-02
  6.52761459e-02 -1.46262413e-02  7.96791539e-02  1.93351898e-02
  7.17936829e-03  3.31859998e-02 -1.43471867e-01  6.08315086e-03
 -5.47458827e-02 -1.22640366e-02  7.33616501e-02  9.10665374e-03
 -1.23637490e-01 -4.76762876e-02  1.88369453e-02 -5.37072308e-04
  2.16649696e-02  2.48854272e-02 -4.03472744e-02 -3.02203801e-02
  3.71015146e-02  2.68442314e-02 -5.21334335e-02  9.45985094e-02
  1.60087347e-02  5.89120807e-03 -6.47824630e-02 -3.76123898e-02
 -2.02364125e-03 -1.60487741e-02 -8.05885568e-02  3.63289565e-02
 -6.54434366e-03 -9.77567136e-02 -8.88781920e-02  3.30332778e-02
  7.76278004e-02  1.26345642e-02  8.42594430e-02  6.64453954e-02
  1.17693655e-02  1.09936874e-02 -6.68081176e-03 -1.53749334e-02
 -3.85428332e-02 -2.82428619e-02 -4.65100892e-02  2.66220444e-03
 -5.61916307e-02  1.66842379e-02  2.02809200e-02  1.15431912e-01
 -1.83685236e-02 -2.66392753e-02 -3.30678038e-02 -1.62718212e-08
 -5.80921350e-03 -1.86149427e-03 -6.99832290e-03  2.66284887e-02
 -3.93010639e-02 -1.86932161e-02  8.12025592e-02  7.19035640e-02
  5.18220961e-02  3.72609235e-02  1.09654190e-02 -5.34900017e-02
  8.99733379e-02  4.50752601e-02  9.33498293e-02  1.50844911e-02
  5.76822460e-02 -3.46555524e-02 -5.49708679e-02  7.97007009e-02
  2.21532118e-02  3.63737158e-02  3.35277878e-02  5.36611639e-02
 -9.92418826e-02 -2.06343550e-02 -3.60281207e-02 -2.60224473e-02
  9.99585092e-02 -3.39078554e-03  3.55181694e-02 -1.60974804e-02
  4.82841861e-03 -5.16628893e-03  2.76511461e-02 -1.12242378e-01
 -1.74359791e-02  7.62581360e-03 -4.09009904e-02  1.04998229e-02
 -4.10785638e-02 -1.00274831e-01 -1.62524655e-02  7.92516693e-02
  3.99325192e-02  9.26209018e-02  2.85603590e-02 -5.04177362e-02
 -1.29819475e-02  6.10091165e-02 -6.87227547e-02 -2.57101618e-02
  2.24262625e-02 -2.79819295e-02  5.46522215e-02 -2.42599398e-02
 -2.83245798e-02 -1.01078609e-02 -9.46116541e-03  1.91186238e-02
 -3.71813774e-02  2.25450024e-02 -4.77816500e-02  4.84002344e-02]"
46,bdeacb45-0018-483e-936f-764beda88509,Saunas,nearby beauty & spas spas saunas,"[ 1.02433100e-01 -4.47461717e-02 -3.65592241e-02  9.27991569e-02
  3.56257595e-02  1.75439045e-02  1.41237546e-02 -1.12022370e-01
 -7.21875355e-02 -6.39356002e-02  9.48758796e-02 -2.04835851e-02
  5.14231250e-03  7.94594213e-02  5.42532951e-02 -2.69454084e-02
  1.01805165e-01 -1.11398716e-02  5.72378263e-02 -8.55574571e-03
  3.22799990e-03 -3.53932455e-02 -2.65230332e-02  2.91337017e-02
  1.15748812e-02 -6.17005825e-02 -1.99969746e-02  3.06474660e-02
 -3.32012959e-02  1.20582096e-02 -2.19554151e-03 -2.88444329e-02
 -6.05913661e-02 -1.63877532e-02  9.18735936e-02  1.28576504e-02
 -3.94424871e-02 -6.12575784e-02 -3.89406644e-02  7.06477761e-02
 -4.45467234e-02 -7.39532709e-02 -8.31886157e-02  6.65098205e-02
  2.30181776e-02  1.37361912e-02 -1.49269262e-02  2.55661476e-02
  2.94099245e-02  4.56621125e-02  3.09788305e-02 -6.29963800e-02
 -3.75802293e-02  9.46497172e-03  8.25079437e-03 -4.98595051e-02
 -1.08029217e-01 -7.02997595e-02 -7.64619932e-03 -3.77133898e-02
  7.95447230e-02 -2.34985556e-02 -4.66448367e-02  2.97425818e-02
 -1.69978905e-02 -4.39858511e-02 -6.83304965e-02  1.11632966e-01
  5.60971461e-02 -1.21013805e-01 -1.17085762e-02 -2.19314396e-02
 -4.64844666e-02  6.73550591e-02  2.71067545e-02  7.43561015e-02
 -1.45842126e-02 -2.53954828e-02 -3.32892947e-02  1.97383687e-02
  7.12401345e-02  4.25895713e-02  5.50519079e-02 -2.64463504e-03
  7.79976952e-04 -1.15889600e-02  4.40853387e-02 -5.78930527e-02
  7.06728995e-02 -4.14024387e-03 -3.99270020e-02  2.58472338e-02
 -1.38553724e-01 -4.61016521e-02 -1.05238995e-02  4.19344194e-02
 -5.61474338e-02  3.30998860e-02 -1.28307035e-02  4.67931293e-02
 -2.97348611e-02  1.81961041e-02  3.54967997e-05  7.86093250e-02
  1.41380420e-02 -6.31914660e-02 -1.03306910e-03  4.52261455e-02
  3.25033925e-02  1.12485522e-02 -4.30606715e-02  1.14790769e-02
  6.00149448e-04 -3.92163396e-02  1.26769813e-02 -3.01854536e-02
  1.13383591e-01 -7.53786135e-03 -1.66439228e-02 -3.97728868e-02
  5.10939222e-04 -1.37461573e-02  3.14273201e-02 -4.59466390e-02
 -5.10972887e-02  1.29023455e-02 -3.17718424e-02 -6.57580632e-34
  8.04578187e-04  4.21048068e-02  2.88834833e-02  1.20161898e-01
  1.01669282e-02  8.04454368e-03 -1.68488286e-02 -6.09440804e-02
 -5.69004230e-02  4.72966135e-02 -9.49622616e-02  3.16834822e-02
  1.16167329e-02  6.69092080e-03  7.84704611e-02 -6.28045527e-03
  6.23919256e-02  8.65491107e-04 -2.64590811e-02 -5.28877750e-02
 -6.60392866e-02 -9.12375841e-03  5.20556816e-04  3.80205214e-02
 -7.37264082e-02 -1.65491900e-03  1.96774248e-02 -5.03463708e-02
 -3.89629602e-02  7.34411273e-03  2.90584527e-02  1.70736145e-02
  4.62800972e-02  8.60477425e-03  2.33143423e-04  2.79614106e-02
  1.07708313e-02 -4.40768488e-02  4.48268764e-02 -5.10631828e-03
 -5.62796928e-02  6.30515069e-02  5.30904159e-03  1.68288201e-02
  3.55473757e-02  5.41735999e-02 -2.98459232e-02 -1.21329445e-02
  2.09101439e-02 -4.75641116e-02 -1.00232504e-01  3.91173065e-02
 -5.05755693e-02  1.10831052e-01  4.35445644e-02 -4.03512567e-02
 -1.57094244e-02  8.23199004e-03  1.57666970e-02  1.44007278e-03
  8.19313631e-04  3.12723257e-02 -3.25264819e-02 -1.05962649e-01
 -3.12575442e-03 -4.11795676e-02  2.14530751e-02  2.73680333e-02
  7.28617758e-02 -6.25587022e-03 -2.70740744e-02  8.17466751e-02
  9.27874912e-03 -3.45867723e-02  1.91785190e-02 -6.47631586e-02
  3.94007601e-02  4.62168083e-02 -2.86418144e-02  3.60866636e-02
  3.68362330e-02 -1.21433744e-02 -5.13064601e-02  1.29509702e-01
  4.80901869e-03 -7.30127916e-02 -8.61628354e-02  2.03550234e-02
 -3.56255770e-02 -1.44240018e-02 -2.02857219e-02  7.24120587e-02
  7.36120343e-02 -4.99344468e-02 -3.21369283e-02 -6.07570694e-34
 -3.54325213e-03 -9.88922417e-02  1.88791156e-02  1.74111109e-02
  4.17122282e-02  2.93469075e-02 -5.75005449e-02 -3.31068896e-02
 -3.84551287e-02  7.44785443e-02 -1.08970657e-01 -3.25222053e-02
  4.55291495e-02 -2.86591649e-02  3.08501348e-02  8.13610479e-02
  6.54084757e-02 -7.57846609e-02 -7.94756575e-04  6.13580570e-02
 -1.98980123e-02  1.48950458e-01  9.61389393e-03 -7.82003999e-02
 -3.33100222e-02  3.16519961e-02  1.09061855e-03 -2.31549814e-02
 -1.61151960e-02  7.31178373e-03 -3.59134413e-02  1.92560479e-02
  6.03636168e-02  1.06446564e-01  1.14268158e-02 -1.11506116e-02
  1.67919490e-02  4.94717658e-02 -6.67535290e-02  1.27453050e-02
  1.70411378e-01 -6.57240599e-02 -4.38736975e-02  3.04917991e-02
  7.67780468e-02 -1.60213374e-02 -7.53268152e-02 -6.21665418e-02
  3.53287421e-02 -6.81418628e-02  2.58023832e-02 -1.06285274e-01
 -1.19432569e-01  2.28101574e-02 -1.43900774e-02 -7.75610805e-02
  4.55243215e-02  1.25221610e-02 -5.09475395e-02  2.63779778e-02
  7.64053538e-02  3.74994315e-02 -3.50002684e-02  4.11682725e-02
  1.53784547e-02  6.55627176e-02 -9.14650504e-03 -2.03214977e-02
 -7.58066252e-02 -4.77043875e-02 -6.31551668e-02 -2.00510733e-02
  4.12201975e-04 -1.27517143e-02 -2.87647173e-02 -4.68620174e-02
  5.24633266e-02  6.17199689e-02  1.58050517e-03  8.26336071e-03
 -8.53558928e-02 -3.78960744e-03 -9.17167403e-03 -1.57174896e-02
  8.41522217e-02  7.74871605e-03 -1.23995524e-02 -4.87899296e-02
 -3.26166749e-02 -3.31668113e-03 -3.38794589e-02  7.10153356e-02
  4.15332727e-02 -3.30556892e-02  3.25586759e-02 -1.75951378e-08
 -7.14211445e-03  2.08377708e-02  2.46118251e-02 -8.90626945e-03
  1.74454208e-02 -3.02253924e-02 -1.44637851e-02  7.91313052e-02
  1.02329189e-02  8.55050758e-02 -5.40129393e-02  6.94569498e-02
  1.42842352e-01 -2.72841728e-03  2.91660558e-02  1.30060893e-02
  4.90309484e-02  5.42376712e-02 -3.47691923e-02  2.40418706e-02
 -4.29639854e-02  4.45880592e-02  1.15923975e-02  5.23869880e-03
 -2.15936303e-02 -5.81392981e-02 -3.83945182e-02  4.88038771e-02
  5.57948798e-02 -1.09075606e-01  4.60486710e-02 -6.63348064e-02
  5.37452772e-02  3.04098409e-02 -7.65953213e-02  9.58689861e-03
  8.58818460e-03 -3.95996347e-02 -6.07525222e-02 -5.40782660e-02
 -1.38518453e-01 -1.35743603e-01  5.89224547e-02  2.51423400e-02
 -1.56122306e-03  7.54982373e-03  4.96172979e-02 -4.82031927e-02
  1.31246699e-02  1.00577563e-01 -8.20215344e-02 -7.29650110e-02
  3.53559032e-02 -3.26533057e-02  2.03480609e-02 -3.89212929e-02
  1.83644937e-03 -5.91884963e-02  4.08865213e-02  1.17908688e-02
  2.56433021e-02 -2.13344824e-02 -6.21494837e-02  2.63830218e-02]"
47,42116f3e-294a-4c86-9aad-a1e28cb8d505,Snorkeling,nearby things do sports & outdoors snorkeling,"[ 1.13252953e-01  2.39634011e-02  3.61173786e-02 -3.62506658e-02
  9.26232487e-02  7.41520431e-03 -2.63982889e-04 -6.51316643e-02
 -3.03748325e-02  4.98781502e-02  2.74739694e-02 -1.36321941e-02
  1.18613970e-02  1.03576839e-01  5.00820950e-02  1.79657936e-02
  2.03632675e-02  9.55559611e-02 -6.12191483e-02 -9.89059359e-03
  1.40200835e-02  9.09441561e-02  2.71590762e-02 -2.12175865e-02
 -4.98768166e-02 -8.20415001e-03 -3.11099682e-02 -2.94037932e-03
 -3.32584865e-02 -1.57287549e-02 -6.33952767e-02  1.38812531e-02
  1.63580757e-03 -2.37301108e-03  5.92259737e-03  8.71482342e-02
  3.28385085e-02  5.28875254e-02 -2.84238849e-02  8.07233080e-02
 -3.13506499e-02 -5.05606867e-02  2.86058877e-02  1.36269052e-02
  2.50442140e-03  1.30701467e-01  1.52876582e-02 -8.34712386e-03
 -2.64349766e-03 -4.44231043e-03  6.87194169e-02 -7.52608851e-02
  2.59469170e-03 -2.27798186e-02  5.99915918e-04 -1.85666010e-02
 -9.29443538e-02 -1.37825916e-02  1.60979442e-02 -3.16840112e-02
  1.93043321e-01 -2.06465330e-02 -3.96177694e-02  1.29189333e-02
 -2.43285447e-02 -5.40601052e-02 -9.55050513e-02  1.32274488e-02
  2.33969577e-02 -6.86077252e-02  1.82779524e-02 -1.33367116e-02
 -3.92550156e-02  1.21389348e-02 -2.33390331e-02 -1.70460381e-02
 -9.12806299e-03 -5.20298444e-02  2.15733442e-02 -1.57692004e-02
  8.36431235e-03 -9.79810357e-02  3.98450978e-02  5.48823271e-03
  5.51338308e-02 -2.41144896e-02  2.21284404e-02  1.58048626e-02
  1.08986795e-02  4.12657782e-02 -8.91131014e-02 -7.95123950e-02
 -5.78611977e-02 -8.98557976e-02 -3.26700434e-02 -3.08523746e-03
 -4.74891216e-02  1.46767749e-02  2.27560196e-02 -9.62575432e-03
  2.28092205e-02 -5.60618332e-03  9.16128382e-02  4.42902371e-02
  1.05221175e-01 -4.28742394e-02 -5.40061668e-02 -1.02873484e-03
  8.97408575e-02  7.95403123e-02  1.34043684e-02  3.80328745e-02
  2.62053567e-03  2.80396957e-02 -6.11729622e-02  5.50814345e-02
  1.12745073e-02  3.28836753e-03 -4.00566831e-02  5.71259484e-02
  1.87133905e-02 -1.14566004e-02  1.70967765e-02  6.07255055e-03
  6.11416139e-02 -1.91668533e-02 -3.74549180e-02 -1.38411751e-33
 -2.78547313e-03 -6.52959794e-02 -6.15181439e-02  2.57217996e-02
  5.94522096e-02 -5.50839864e-02  1.58641376e-02 -7.35327229e-02
 -2.81733256e-02  5.18761016e-02 -9.58686173e-02  1.06283918e-01
  1.58044230e-02 -2.42827949e-03  6.41524419e-02 -7.23485276e-02
 -1.92077383e-02 -5.64256087e-02 -1.18108831e-01 -1.90899093e-02
 -4.84254304e-03 -6.89190701e-02  3.17085795e-02  9.90766566e-03
  3.55866738e-02 -7.30702430e-02  6.71516508e-02 -7.62223154e-02
  3.23886201e-02  3.49184647e-02  6.83334544e-02 -1.46263829e-02
 -8.15975219e-02  1.61397234e-02  7.74504170e-02  8.52151886e-02
  7.87698328e-02 -2.12045833e-02 -1.15337623e-02 -1.12338066e-02
 -5.53457951e-03 -5.14334925e-02 -9.08825248e-02 -6.46538287e-02
  2.91975532e-02 -3.16348970e-02  5.20287082e-02  6.47340566e-02
 -4.06556800e-02 -4.56659272e-02  3.90713550e-02 -8.29765107e-03
 -4.89458032e-02 -9.24352631e-02  3.40619660e-03 -4.28515952e-03
  5.63675500e-02  2.10936982e-02 -5.12628630e-02 -2.07067523e-02
 -2.20885798e-02  6.26614988e-02 -5.62666496e-03 -9.69702229e-02
  6.64279610e-02  1.50613850e-02  1.06920928e-01  8.64174962e-03
 -8.91046692e-03 -6.88825622e-02  2.25582439e-02  5.49316742e-02
 -5.23986556e-02  2.87228730e-02 -1.51739186e-02  8.00850466e-02
  2.98839267e-02  6.03252091e-03  9.89800435e-04  4.26241755e-02
 -7.32299639e-03  6.29061237e-02 -7.27587864e-02  7.46837258e-03
 -5.67762628e-02 -3.98404598e-02 -3.52328233e-02 -1.89499315e-02
 -8.35985765e-02 -1.55369723e-02 -2.89454181e-02  3.42163667e-02
 -6.52094334e-02 -1.13602858e-02 -3.11607067e-02 -1.04941505e-33
 -6.25321493e-02 -6.22159317e-02  3.17901596e-02  4.60646115e-02
  3.80920656e-02  3.06359120e-02  3.78223322e-02 -5.00542894e-02
 -8.22604075e-02 -3.51286773e-03 -1.39419392e-01 -4.80439737e-02
  3.11331991e-02  2.39381045e-02  6.67725280e-02 -1.76026728e-02
  6.61137281e-03  7.85500556e-02 -1.75566766e-02  4.10827957e-02
  2.36086231e-02  6.41905516e-02  6.95177987e-02  4.44995910e-02
 -8.37402418e-02  7.76244774e-02 -8.57126936e-02 -2.12809797e-02
 -3.65576595e-02 -3.23334001e-02  1.03952419e-02  1.82999484e-02
  7.44720623e-02 -2.48383544e-02 -8.85076225e-02  4.28508073e-02
 -6.85398802e-02 -7.39014009e-03 -4.30605114e-02 -9.66981053e-02
  1.15145341e-01 -7.57219046e-02  7.58639351e-02  2.89915111e-02
  1.33147854e-02 -4.68850546e-02 -6.91950321e-02 -7.65261753e-03
 -1.03905909e-02 -4.76340242e-02  4.74404208e-02 -1.38534280e-02
 -8.19392577e-02 -2.96656657e-02  2.58355811e-02  8.17883387e-02
  5.61487535e-03 -1.15967663e-02 -6.12855516e-02 -5.00438996e-02
  1.04667936e-02  3.34120765e-02 -3.26878391e-02  1.05324298e-01
  4.85208025e-03  7.96410292e-02 -5.52964322e-02 -2.89697535e-02
 -3.91113721e-02 -3.17755016e-03 -4.82597724e-02  5.72808878e-03
 -8.47143400e-03 -4.64358255e-02 -5.13549782e-02  1.16381915e-02
  6.15903316e-03  5.01850210e-02  6.14301339e-02  6.97166845e-02
 -3.40864761e-03  2.45474782e-02  2.80081830e-03  4.99252453e-02
  4.12419438e-02 -5.38655967e-02  8.53304751e-03 -5.02285920e-02
 -1.91322416e-02 -4.36042733e-02  2.77683269e-02  1.13822721e-01
 -4.74259928e-02 -4.11355235e-02  1.57357939e-02 -1.85638473e-08
  3.05553842e-02  3.83018702e-02 -2.52387580e-03  1.60868187e-02
 -5.70685528e-02 -2.11068373e-02  1.02172650e-01  7.09550381e-02
  3.59187610e-02 -6.91659749e-02 -6.80687651e-02 -4.27020378e-02
  9.91057977e-02  1.19040525e-02  8.96572173e-02 -9.74132199e-05
 -9.41292103e-03  2.84669381e-02 -4.20945808e-02  1.03983162e-02
 -9.41775553e-03 -4.22628969e-02  3.41807455e-02  6.86659813e-02
 -5.50758950e-02 -7.52382651e-02 -9.47463810e-02 -1.21318130e-02
  8.56539309e-02 -7.18959328e-03  4.05125916e-02 -3.32511067e-02
 -2.76439674e-02  4.31624278e-02 -4.07676585e-02 -3.38352956e-02
  3.34273763e-02 -4.10030670e-02 -4.26737145e-02  2.55616046e-02
 -5.28277941e-02 -4.83544022e-02 -7.95505103e-03  9.35755745e-02
  2.56519765e-03  4.05636914e-02  5.78040555e-02 -6.02189489e-02
 -3.53046469e-02  4.95434478e-02 -2.93960143e-02 -6.09861687e-02
  2.48149280e-02 -1.50137569e-03  7.73317739e-03  9.57201421e-02
 -4.55026049e-03 -7.50129968e-02 -3.57389376e-02  4.85333130e-02
 -1.11623630e-01 -2.17490606e-02 -3.81306894e-02  3.76631320e-02]"
48,dda9d34f-5a57-4791-8ab8-fcf363fcf9fa,Botox,nearby beauty & spas cosmetic procedures botox,"[-1.16915919e-03 -6.74238545e-04  5.49428500e-02  7.95450136e-02
 -4.94446456e-02 -1.15431231e-02  2.20757327e-03 -3.16824368e-03
 -9.88222063e-02 -1.59558877e-02  9.26723853e-02 -3.46674398e-02
 -1.46286376e-02  3.29650939e-02  7.31142536e-02  5.99850295e-03
  9.03122202e-02 -6.08037487e-02  7.78170303e-02  5.25499545e-02
  1.40471784e-02 -2.74364911e-02  9.68270190e-03  1.01972539e-02
 -3.59417591e-03 -3.60979550e-02 -4.96444851e-02  2.79606320e-03
  8.49774294e-03 -7.37525895e-02  1.96108129e-02  1.05135366e-02
 -6.13941215e-02 -5.58860265e-02  1.03529394e-01  6.14394657e-02
 -4.02181596e-02  2.17851661e-02  3.18812057e-02  5.60225248e-02
 -4.35564853e-02 -4.45399284e-02 -5.68394586e-02  4.54173833e-02
  8.23017359e-02 -2.31049880e-02  1.70495920e-02  2.01022830e-02
  3.27143520e-02  4.55801887e-03 -2.90552806e-02 -6.63217455e-02
  5.33274747e-02 -5.75236685e-04 -4.33697328e-02 -1.44661292e-02
  1.10861324e-02 -7.54739046e-02 -3.55546437e-02  1.98655948e-02
  1.61904041e-02 -2.38790102e-02  6.13849470e-03  8.31694081e-02
 -1.63005963e-02 -4.19182852e-02 -1.45668844e-02 -6.04372807e-02
  5.95803149e-02 -7.36635551e-02  2.60948595e-02 -1.02930136e-01
 -7.10765421e-02  4.87735160e-02  2.55363639e-02  8.61701295e-02
  6.87081460e-03 -6.87115639e-02  1.83583722e-02  4.28622477e-02
  1.29490010e-02  3.16880085e-02  1.01765446e-01  4.43208292e-02
 -6.68280572e-02 -4.82925400e-03 -1.28391134e-02 -8.78358707e-02
 -2.49388646e-02  3.19584869e-02  1.98095758e-02  2.95661632e-02
 -7.31050596e-02 -1.27384579e-02 -5.47852665e-02  1.40235492e-03
 -4.79264781e-02  2.97641549e-02  3.58394012e-02  6.59115911e-02
 -4.38473374e-02 -3.95411924e-02 -1.27153471e-01  6.24370668e-03
  8.39941017e-03 -4.10965942e-02  1.12731708e-02 -1.66279152e-02
  9.04376283e-02  7.75864115e-03 -2.42694505e-02  5.58722578e-03
 -2.40675714e-02  3.00318468e-02 -2.11339295e-02  3.42048146e-02
  1.43675104e-01 -5.10802073e-03  8.82767066e-02 -2.02910528e-02
 -2.12559626e-02 -6.45802775e-03  1.49791874e-02 -1.13350138e-01
 -5.26259979e-03 -5.67742437e-02  5.80195896e-02 -7.85573783e-34
  5.07589877e-02  5.64269070e-03  2.41033603e-02  1.11244328e-01
 -1.79537274e-02  9.55401510e-02 -5.80868162e-02 -5.43975756e-02
 -6.94958773e-03 -2.67799385e-02 -9.96726230e-02 -5.38488757e-03
 -7.99279101e-03  3.28459665e-02 -7.80297071e-02 -5.71519462e-03
  3.00376862e-02  3.82298566e-02 -3.57085926e-04 -4.26935405e-02
  1.73671339e-02 -6.08631633e-02  5.15250256e-03  5.67845255e-02
 -4.10358422e-02  1.22271083e-01 -2.99079940e-02  5.44898259e-03
 -3.11211906e-02  2.20513698e-02 -7.30620668e-05  5.26478626e-02
  5.06935157e-02  8.76737665e-03 -4.98522595e-02  5.99336997e-02
  2.82353330e-02 -6.01216480e-02 -1.38114514e-02 -1.61979683e-02
 -8.83808881e-02  3.77510972e-02 -3.39851007e-02 -4.67362255e-02
  1.57713946e-02  5.19807003e-02 -4.81476225e-02 -1.86085294e-03
  2.04835534e-02 -4.96236868e-02 -4.32588644e-02  9.27397981e-02
  5.14872447e-02  9.52182636e-02  4.27237004e-02 -2.96438355e-02
 -7.17834458e-02 -5.05570360e-02  8.09721872e-02  7.84031600e-02
  7.11648464e-02  4.56134379e-02 -5.31539358e-02 -4.75430153e-02
  8.50108713e-02 -3.19984998e-03  8.29848424e-02  2.51336657e-02
 -2.56676320e-02 -2.44952869e-02 -2.57367757e-03  1.25302956e-01
 -2.09210850e-02  4.61880770e-03 -4.65279147e-02 -4.35485840e-02
  2.54780538e-02  3.70153338e-02 -2.93564145e-02  2.55363155e-02
  7.49089057e-03 -3.71538885e-02 -1.50453672e-02  2.50861533e-02
  1.11178026e-01  2.34080106e-03 -5.84617071e-02  9.88347735e-03
  1.89060923e-02 -4.98011261e-02 -4.33423147e-02 -3.28122964e-03
 -4.53755409e-02 -6.46502618e-03 -9.18132067e-02 -7.19359793e-34
 -5.49497679e-02 -6.37223274e-02  2.21953099e-03 -2.95171458e-02
  4.43739817e-02  5.23759760e-02 -2.00607181e-02  7.32232705e-02
  6.08198382e-02  1.11962490e-01 -1.08495712e-01 -3.31400447e-02
  6.25282601e-02 -5.53593375e-02 -4.01662998e-02  6.15753122e-02
  1.19204959e-02 -6.82833120e-02 -7.32567906e-02  7.58110955e-02
 -1.93456747e-02  1.18934326e-01 -5.59446327e-02 -1.37071554e-02
 -6.31341524e-03  5.03094159e-02 -7.03614578e-02 -2.22685393e-02
  1.37213403e-02 -9.70336981e-03  1.46839526e-02  2.96780728e-02
  2.37218477e-02  2.93078665e-02  1.34689808e-02  1.65417362e-02
 -7.20195919e-02  5.53291291e-02 -2.01332495e-02 -8.55531171e-03
  6.26832023e-02 -1.00636154e-01 -7.42987022e-02  1.38372267e-02
  7.59080499e-02 -5.27031235e-02 -1.44300282e-01 -1.02604330e-01
  3.72525491e-02 -3.64700961e-03 -2.27910653e-02  2.24210043e-02
 -2.46178154e-02  8.44297037e-02 -6.99085966e-02 -7.35230669e-02
 -1.56788137e-02 -9.76250798e-04  8.18409398e-03  6.27726912e-02
  7.53520057e-02 -2.58677155e-02 -5.33328876e-02  3.62460464e-02
  3.03043760e-02  7.61584118e-02  3.38819809e-02 -8.36313050e-03
 -5.62092476e-02 -2.17584670e-02  3.11597623e-02 -2.84110438e-02
 -6.04737736e-02 -9.77365393e-03 -1.07090427e-02 -1.23004112e-02
  3.04179802e-03  1.46525102e-02 -3.56426127e-02  5.12307286e-02
  1.03213890e-02 -2.15639174e-02  5.25206961e-02  6.12378269e-02
  5.74330315e-02 -2.18828573e-04 -3.95335592e-02 -9.82508995e-03
 -5.62814362e-02  9.52618383e-03 -8.30619410e-02  4.56291921e-02
 -3.93315740e-02 -4.82818969e-02  5.26384404e-03 -1.61957274e-08
  3.64815369e-02 -4.23856713e-02  9.84392762e-02 -3.69748636e-03
 -5.66387437e-02  1.59067549e-02 -2.02727262e-02  7.82821104e-02
  5.13440976e-03  1.29913474e-02 -3.60800512e-02  1.55494899e-01
  5.96268214e-02 -1.26357637e-02 -1.44184958e-02 -4.54604551e-02
  1.54747423e-02  1.02241389e-01 -4.08107415e-02 -5.42093255e-02
 -7.96428397e-02 -2.93660816e-03  6.45685494e-02 -4.44327891e-02
 -3.60679664e-02 -5.44043910e-03 -7.74908997e-03  3.72455940e-02
 -4.02225591e-02 -5.63268252e-02  5.73904216e-02 -9.47846472e-03
  8.85888636e-02  4.11665672e-03 -1.02322020e-01 -3.29129845e-02
  3.56671326e-02 -2.98132449e-02 -3.40979658e-02  6.21943269e-03
 -8.63487795e-02 -8.86295661e-02  2.69667953e-02  3.80527903e-03
 -2.46840492e-02 -3.83679420e-02  1.90869384e-02 -7.42618591e-02
  4.60814722e-02  5.60757816e-02 -3.04351957e-03 -5.06693497e-02
 -7.57438466e-02  5.25239781e-02 -3.49309593e-02 -3.43026854e-02
  1.79548040e-02  1.42709911e-02  3.98173602e-03  3.49788032e-02
  2.19345968e-02 -6.42507300e-02  1.00324661e-01 -2.40086322e-03]"
49,e9a81bcd-53e7-4ebb-882f-ed2b0388c38f,Trampoline & Bounce Houses,nearby things do kids activities trampoline & bounce houses,"[ 7.43067563e-02 -7.18071386e-02  2.17056628e-02  1.13712428e-02
 -1.60987151e-03 -7.54023492e-02  4.09217998e-02 -2.33404487e-02
 -3.01806554e-02 -2.16944423e-02  8.02259296e-02  5.44317882e-04
  1.68290175e-02  7.15565011e-02  5.73058426e-02  2.63455529e-02
  1.19466260e-01  1.37082711e-02  4.19059023e-02 -6.73016682e-02
 -3.80134955e-03 -4.84082773e-02  7.35754520e-02 -5.11875656e-03
 -5.79085313e-02  7.58663863e-02 -1.36470217e-02  3.13525014e-02
 -8.27755965e-03 -5.60837379e-03  8.01787004e-02 -2.57071126e-02
 -4.74326516e-04 -4.63525169e-02  4.24688794e-02  9.95661020e-02
  6.79261908e-02  2.33029015e-02 -1.04419272e-02  1.54858194e-02
 -7.84760434e-03 -4.83355708e-02  7.38257170e-02 -3.12976465e-02
  1.59361232e-02  2.52684690e-02  2.98020057e-02 -8.00378919e-02
  1.17991585e-02  1.79693922e-02  1.11505464e-01  2.71131508e-02
  6.04258552e-02  3.12456172e-02 -4.33625393e-02  3.79644185e-02
 -4.38794568e-02  1.88764613e-02  9.05113518e-02 -2.72592288e-02
  7.91669711e-02  3.06385551e-02 -5.95390275e-02 -9.37278010e-03
 -1.98281612e-02 -7.70746842e-02 -3.54155041e-02  4.98220101e-02
  7.24346563e-02 -5.61727807e-02  1.26880640e-02 -4.96856086e-02
  5.61703406e-02  5.16844094e-02  3.58414574e-04  6.77955970e-02
 -6.17677867e-02 -5.00256084e-02 -6.98589999e-03 -5.08207344e-02
 -3.24433446e-02 -7.58651346e-02 -3.99471782e-02 -9.35153887e-02
  1.81339532e-02  4.46526408e-02  5.52705750e-02  4.96279523e-02
 -9.73253511e-03  4.64552678e-02 -1.29317427e-02  2.41284817e-02
 -3.52035761e-02  1.36524590e-03 -1.08648777e-01 -5.19574955e-02
 -5.47772497e-02 -6.45517707e-02 -3.10070515e-02  1.39352269e-02
 -7.54640475e-02  4.39840257e-02  1.23742603e-01  1.03795029e-01
 -3.13262083e-02 -1.13673083e-01 -2.39333976e-02  3.63868997e-02
  2.36865822e-02  2.56525893e-02 -8.22101608e-02 -2.37613823e-02
  2.36723777e-02  7.51653612e-02 -5.16063012e-02 -8.53286386e-02
  7.44254515e-02 -9.71403345e-02 -4.34884392e-02 -8.38563368e-02
  6.07715212e-02  4.46916670e-02  6.34460151e-02 -1.92477014e-02
  1.67276582e-03 -4.32116073e-03 -6.98463172e-02  1.05470670e-33
  4.14945669e-02 -4.52461140e-03 -2.54284730e-03 -2.55969651e-02
  3.01709939e-02 -5.23980288e-03  1.92483608e-02 -3.72393318e-02
  7.63645694e-02  1.01011649e-01 -2.87876073e-02 -1.10001946e-02
  7.29000866e-02 -1.22651691e-02  1.16589092e-01  3.56656834e-02
 -3.90623398e-02 -3.24931890e-02 -4.96000014e-02 -1.54023040e-02
 -6.64135516e-02  8.06523953e-04 -1.19416621e-02  3.30506228e-02
  1.56356450e-02 -6.60037436e-03  2.76219677e-02 -2.63404846e-02
  4.49755117e-02  6.36085821e-03  1.65561941e-02 -6.34620059e-03
 -3.87943648e-02  1.02985390e-02  3.00555048e-03  6.59455284e-02
  2.99916919e-02 -7.24722967e-02 -1.29015255e-03  1.35970889e-02
  1.64264739e-02 -9.56082717e-02  2.88195927e-02  5.45012280e-02
  4.36009131e-02 -1.07278312e-02  7.15653822e-02  1.23402048e-02
 -4.97510284e-02 -3.55068641e-03  2.44486369e-02 -1.50205893e-02
 -7.39801377e-02 -7.86665902e-02  1.66162588e-02  1.92244016e-02
  1.75702712e-03  2.24792380e-02  4.34489101e-02 -4.83219996e-02
  1.00247055e-01 -1.59604065e-02 -2.79406291e-02 -1.24227546e-01
  2.43655909e-02 -2.04695612e-02  7.83151016e-02  3.55821326e-02
  4.16922122e-02 -1.74394995e-02  2.37520058e-02  6.01170585e-02
  2.17584912e-02  2.55140532e-02  4.16008867e-02  2.01493707e-02
 -6.32724613e-02 -3.65126915e-02 -3.94176953e-02 -4.01336513e-03
  2.79547404e-02 -6.72861859e-02 -1.29897632e-02 -1.27412044e-02
  5.27443215e-02 -3.79587263e-02 -1.32983886e-02 -7.82148167e-02
 -1.25646010e-01  1.53791048e-02 -6.92340434e-02  9.56335291e-03
 -6.24832623e-02  5.55147789e-02 -5.19271335e-03 -2.17243203e-33
 -3.55152786e-02 -6.06825575e-02 -3.46203782e-02 -4.33195420e-02
 -8.85060523e-03  7.52168067e-04 -6.80838972e-02 -1.06403075e-01
 -3.98163917e-03 -2.38561090e-02 -1.50114745e-01 -2.72998400e-03
  7.00874627e-02 -3.98236187e-03  4.70309816e-02  2.05417871e-02
  3.18676531e-02  2.45306082e-02  8.70229211e-03  8.83365748e-04
  1.52833341e-02  9.26238596e-02 -9.30655841e-03  8.66885111e-02
 -1.59110893e-02 -3.62886004e-02  1.40911043e-02 -5.36279157e-02
 -2.40526884e-03  6.21452816e-02 -7.86445197e-03 -4.70770784e-02
  1.46186098e-01  3.88716497e-02 -5.90764359e-02 -1.17317075e-02
  8.77674762e-03 -3.89754213e-02 -1.03421912e-01 -1.08937964e-01
  5.32099903e-02 -6.61975443e-02  1.00391479e-02 -1.00100879e-03
 -1.66550614e-02  3.00445911e-02 -9.49791074e-02  1.51194595e-02
 -7.69393295e-02 -1.65805444e-02  7.37055913e-02 -1.14686908e-02
 -6.45932853e-02 -8.53171870e-02  4.66912612e-02  4.61459309e-02
  5.09259403e-02 -1.39091080e-02  1.75150279e-02 -6.22083107e-03
  3.78986709e-02  1.62874870e-02 -1.05744638e-02  8.49206373e-02
  3.32077332e-02  3.42623331e-02 -1.10822432e-01 -6.54292554e-02
 -6.58160523e-02 -9.68153495e-03 -5.20227402e-02  2.81225089e-02
  2.05361284e-02 -5.40491343e-02 -8.69538337e-02 -4.53507230e-02
  5.51276840e-02  4.74237762e-02  2.27713063e-02 -4.71165590e-03
 -1.79543579e-03  1.07708666e-02  2.14443356e-02 -5.06391488e-02
 -4.49664444e-02 -2.35082731e-02 -5.94409965e-02  2.22771056e-03
 -2.44740043e-02  1.36484299e-02  7.34809563e-02  1.18850909e-01
  1.06718633e-02 -3.59648354e-02 -2.37323195e-02 -1.85082083e-08
  5.24811111e-02  5.76141961e-02  4.72677359e-03  7.54808076e-03
 -4.75467619e-04  7.32851326e-02  6.53632432e-02  6.65003136e-02
  5.89835905e-02 -4.39254344e-02 -3.57877016e-02  9.60233714e-03
  7.25566968e-02  3.97530012e-02  2.73834877e-02  3.30803194e-03
  1.47478385e-02 -5.13877906e-02 -3.78601365e-02  9.99858156e-02
 -1.58224776e-02  2.09366977e-02 -5.37532521e-03  5.64531982e-02
 -5.06133921e-02 -7.48597160e-02 -5.26137203e-02  8.24652519e-03
  4.09088796e-04 -2.71819923e-02  7.42364824e-02 -7.47756287e-02
  2.71006320e-02  2.68521300e-03 -1.73548907e-02  1.26860673e-02
  2.60160249e-02  5.90271363e-03 -3.54611538e-02  4.58274521e-02
 -3.73675004e-02 -1.15639888e-01 -1.12044322e-03  2.81612109e-02
  2.34790798e-02  5.19258045e-02 -5.52808158e-02 -6.74190968e-02
  6.42666593e-02  3.72860432e-02 -4.94037382e-02 -7.61841908e-02
 -1.99952032e-02 -7.75312409e-02  9.04229581e-02  1.37886219e-03
 -5.54351173e-02 -3.86083722e-02  3.77566554e-02  3.05515118e-02
  1.59289390e-02  3.07580903e-02 -2.00807266e-02  1.13609612e-01]"
50,7557c11c-af0a-4287-a7a6-637bbf4dcf40,Full Body Massage,nearby beauty & spas massage full body massage,"[ 1.64858196e-02 -7.14150909e-03  6.83325902e-02  6.91731200e-02
 -3.57306972e-02 -4.65766899e-02  4.01745625e-02 -7.35502690e-02
 -4.72008996e-02 -3.78329195e-02  1.10986255e-01 -3.47727127e-02
 -4.12308574e-02  6.95392936e-02  1.34543478e-01 -3.76349501e-02
  1.49849653e-01 -5.91859482e-02  6.81531206e-02  1.76345129e-02
 -3.40872109e-02 -4.87346528e-03 -6.64111460e-03  1.97403133e-02
 -7.65421391e-02 -1.51663600e-02 -3.77351157e-02  1.05566382e-02
  1.98967289e-02 -4.65817004e-02 -1.21446541e-02  5.62140420e-02
 -3.23775932e-02 -1.16096819e-02  3.78522761e-02  1.39929503e-01
 -4.50111777e-02 -6.88355863e-02  1.72399543e-02  2.92107407e-02
 -6.70566186e-02 -8.27393029e-03 -1.79611184e-02  6.19226657e-02
  4.53833044e-02  2.30602976e-02  4.61440980e-02  1.41091608e-02
  5.93954511e-02  1.07347798e-02  1.46888336e-03 -6.94040880e-02
  2.80945953e-02  5.29319979e-02  3.53430137e-02 -4.82779592e-02
 -1.23621143e-01 -3.91710475e-02 -4.95028049e-02  3.96273248e-02
  4.68061045e-02  4.82774191e-02 -1.11586619e-02  1.93554675e-03
 -1.07193105e-02 -6.13499582e-02 -8.11417252e-02  8.08690563e-02
  4.13106382e-02 -1.32429451e-01 -3.09515046e-03 -3.06142364e-02
 -6.34902269e-02  1.06901161e-01  7.25855455e-02  7.09469989e-02
  2.21312698e-03  1.00736571e-02  4.91087418e-03 -4.68141660e-02
 -1.92460697e-02 -4.99512479e-02  4.85368669e-02  3.28233391e-02
 -6.29503503e-02  8.04462284e-03  2.96534467e-02 -2.44278479e-02
  2.39070654e-02 -1.73288863e-02  5.88062825e-03  2.73371246e-02
 -1.76668704e-01 -3.33688445e-02 -1.73787810e-02 -2.40551424e-03
 -3.87763791e-02  5.94245419e-02 -4.11845744e-02  8.35119858e-02
  1.27743930e-02  9.59089771e-03 -4.17626929e-04  9.94401872e-02
 -9.41507295e-02 -1.33733787e-02 -4.55590934e-02  5.99766001e-02
  5.21527044e-02  7.32153608e-03 -5.30414842e-03 -7.80265499e-03
 -6.74546137e-02 -1.55424150e-02 -4.77494672e-03 -2.43564118e-02
  8.21135193e-02 -2.67420802e-02  3.94853465e-02 -3.78519259e-02
  7.86589831e-03 -2.44485456e-02  4.51372862e-02 -4.54061665e-02
 -1.09934755e-01  2.11884454e-02  7.54032889e-03  2.06313332e-34
  1.18159121e-02  4.70456034e-02  1.14868194e-01  3.50075960e-02
 -1.02101825e-01  7.86965117e-02 -3.85023169e-02 -1.73123498e-02
 -3.15008499e-02  3.20609845e-03 -5.57514727e-02  5.08214831e-02
  5.76609820e-02  2.07019504e-02 -1.68400761e-02 -6.69765398e-02
  5.24938181e-02  7.47567192e-02  1.88951399e-02 -5.89904860e-02
 -4.40853722e-02  1.05247246e-02 -7.10417330e-02  3.04364469e-02
 -5.64222410e-02  4.93667051e-02  2.62513310e-02 -4.72198464e-02
  1.30196745e-02 -6.56826887e-03 -1.16264680e-02 -8.00750311e-03
  6.74870089e-02 -1.54562900e-02 -4.17288346e-03  2.39034500e-02
 -1.64856613e-02 -6.93567768e-02  4.52184752e-02 -2.32105274e-02
  8.09078757e-03  7.80626340e-03  3.90695967e-03 -2.41832044e-02
 -8.22164211e-03  8.16918761e-02  1.18955309e-02 -1.97414383e-02
  2.74328347e-02 -3.27933840e-02 -9.34322700e-02  3.36649753e-02
 -2.03268379e-02  7.76425898e-02 -4.51082662e-02  3.79581898e-02
 -2.82527898e-02  9.55166854e-03  4.04140130e-02  3.75430733e-02
  3.99823673e-02  4.05656826e-03 -6.82264790e-02 -1.15359649e-01
 -1.84468534e-02 -4.52480167e-02  3.46367955e-02 -7.49621249e-04
  5.40040247e-02  6.18378669e-02 -3.54497880e-02  8.37135911e-02
  3.61687280e-02  2.69352552e-02  7.92849157e-03 -4.19334061e-02
  2.93295197e-02  3.09674460e-02 -6.91262782e-02  5.46948388e-02
 -9.20579955e-03  1.99167822e-02 -4.14357428e-03  1.40751794e-01
  1.12274960e-01 -1.49253162e-03 -9.37753990e-02 -5.26524298e-02
 -4.12284099e-02  1.75110791e-02 -7.80674294e-02  6.23937659e-02
  2.84159072e-02 -9.67078470e-03 -7.35196695e-02 -1.58409233e-33
  2.45955270e-02 -8.46167579e-02 -1.60217215e-03  1.21407053e-02
  2.31831707e-02  4.76885587e-02 -2.66012177e-02  1.80597715e-02
 -6.91183880e-02  1.40984833e-01 -2.08501574e-02 -6.13734275e-02
  3.35191041e-02 -1.61807239e-02 -6.23314567e-02  1.12169482e-01
 -9.00625251e-03 -2.11951304e-02 -4.01382372e-02  1.15044288e-01
  9.58317891e-03  1.23746179e-01  2.92409305e-02  1.09842699e-02
 -3.00912820e-02  4.91742045e-02 -3.82051952e-02 -1.36177661e-02
 -2.97731534e-02  1.92903429e-02 -3.34105976e-02 -1.05335703e-02
  1.29083758e-02  8.62492900e-03 -4.30488139e-02  3.95306712e-03
 -4.25523333e-02  5.93231805e-02 -1.42534077e-02  9.06754807e-02
  1.02251604e-01 -9.01849344e-02 -3.53538692e-02  2.80103721e-02
  2.94295661e-02 -8.02634731e-02 -1.02549225e-01 -3.19888815e-02
 -2.49671694e-02 -9.97518003e-03 -1.41925225e-02 -5.65647855e-02
 -4.35074307e-02  5.32101691e-02 -4.49551083e-02 -3.21776681e-02
  4.29043137e-02  1.14267301e-02 -8.10612291e-02 -1.81642454e-02
  5.34711685e-03 -5.47549780e-03 -7.48884305e-03  3.08339000e-02
  5.55296615e-02  7.33633041e-02  2.63031647e-02 -9.15976800e-03
 -1.19702101e-01 -2.21615518e-03 -2.76632831e-02  4.09966595e-02
 -4.35161106e-02  2.04877071e-02 -2.68499181e-02  2.20914446e-02
  6.09924458e-02 -6.36393204e-02  1.89969111e-02  9.02739260e-03
 -3.49885970e-02 -3.69931459e-02  7.76365539e-03 -4.54619294e-03
  1.30757596e-02  4.48296256e-02  2.09881482e-03 -2.65087634e-02
 -5.55208102e-02 -1.48614384e-02 -6.05935082e-02  6.58089668e-02
  6.73615327e-03 -6.86366931e-02 -2.87444936e-03 -1.75976247e-08
 -4.68399189e-02 -1.53460633e-03  8.64474627e-04 -3.86638567e-02
 -7.29123782e-03  3.72323394e-03  5.22006582e-03  5.45066223e-02
  1.62166581e-02  5.81678674e-02 -4.31920029e-02  3.91068161e-02
  7.94501305e-02 -1.32298386e-02  2.56486004e-03 -3.47860507e-03
  4.56976295e-02  7.19800070e-02 -4.79161851e-02 -2.96240002e-02
 -1.19821914e-03 -1.10944286e-02  3.63736711e-02 -3.00655849e-02
  3.24004479e-02 -5.87962195e-02 -5.11471136e-03  7.07956776e-02
  3.04072048e-03 -1.34279624e-01  1.33808646e-02 -3.02507635e-02
  5.58396466e-02 -3.26858684e-02 -1.15897376e-02 -2.23089866e-02
 -3.72812115e-02 -4.75307964e-02 -1.15404949e-01  2.50333548e-02
 -1.18214846e-01 -7.00861588e-02  1.64482296e-02  8.95689055e-03
  2.77329627e-02 -2.28400435e-02  5.32114916e-02 -6.01986460e-02
  4.65486199e-02  7.05420747e-02 -3.28495391e-02 -6.59504011e-02
  4.56271991e-02 -4.01002616e-02 -3.42356833e-03 -4.34288755e-03
 -6.21996783e-02 -2.71550920e-02 -1.12033458e-02  9.10247192e-02
  5.64160161e-02 -2.98841987e-02 -9.15866811e-03  1.35602457e-02]"
51,14798f0c-1e25-49c7-b4f5-0504fd79bb34,Business Training,nearby personal services classes business training,"[-1.17844054e-02 -3.28697264e-02 -2.43520215e-02 -2.91384310e-02
 -3.85309942e-02  5.73700704e-02  9.06892028e-03 -1.79094132e-02
 -3.01650241e-02 -8.71220827e-02  3.07559911e-02  9.01003480e-02
  1.81930710e-03  1.20593058e-02  6.89207166e-02 -3.90112959e-02
  8.77127424e-02 -6.67145923e-02  1.41513450e-02 -5.29022366e-02
 -3.67877446e-02  4.11021039e-02 -4.96114939e-02  1.89024431e-03
 -9.32317600e-02 -6.20853454e-02  8.19077566e-02 -1.35610532e-02
  2.31418032e-02 -5.54984845e-02 -6.44455571e-03  3.94926928e-02
 -6.09828765e-03  5.65001294e-02  7.01793358e-02  1.15242153e-01
  6.23041242e-02  6.20540045e-02  4.40570563e-02  4.52983454e-02
 -9.33253244e-02 -4.44127880e-02 -4.51766700e-02 -1.79786775e-02
  3.95715274e-02 -2.19713547e-03 -3.44001502e-02 -5.92427030e-02
  2.33469736e-02 -5.31058162e-02 -5.93509115e-02 -2.45923437e-02
  4.73396241e-04  2.01799106e-02 -5.80826253e-02 -7.60171097e-03
  5.59643097e-03  6.40781969e-02 -6.42165095e-02  3.96663956e-02
  1.99336056e-02  8.87828134e-03 -3.39143127e-02 -3.67467627e-02
 -4.18935046e-02  5.74318990e-02 -6.92246258e-02  6.12919219e-02
  3.41596007e-02 -1.38524994e-01 -5.02905920e-02 -1.16152251e-02
 -1.10289484e-01  3.09690535e-02  5.82476482e-02  4.96044308e-02
 -2.77241245e-02  2.71671340e-02  2.27568634e-02 -6.11082241e-02
 -6.77419379e-02  2.22237948e-02  2.44772062e-02  5.75219505e-02
 -7.70396218e-02 -9.99899954e-03  2.26433985e-02 -2.83502997e-03
  5.24018258e-02  3.14548090e-02  2.61927769e-02 -1.29798409e-02
 -1.08895734e-01 -2.05265824e-02 -6.18570112e-02  1.43820429e-02
 -6.37686700e-02 -1.37066403e-02  4.95864078e-02  2.96429843e-02
  1.22670857e-02  4.03721258e-02 -2.76117064e-02  2.02512797e-02
 -5.00176474e-02  6.43888712e-02 -3.39261554e-02  3.20198983e-02
  4.93061021e-02  3.39517631e-02  4.18412164e-02 -2.20672674e-02
 -1.44813150e-01 -2.98040956e-02  1.46803474e-02 -5.14116045e-03
  4.71412241e-02 -2.25067791e-02  1.42384125e-02  9.59161967e-02
 -4.31465171e-02  9.50777605e-02 -5.21073416e-02 -1.07889466e-01
 -2.92869508e-02 -5.28226942e-02 -1.02721080e-01 -4.20956236e-35
  4.21139821e-02  5.32489978e-02  1.20562240e-02  8.03974718e-02
  1.86920222e-02 -2.54377201e-02  1.20628038e-02  1.21267084e-02
  3.57625410e-02  5.24268299e-02  1.49572026e-02  1.22762986e-01
  8.88778567e-02 -3.09425895e-03  2.34851930e-02  1.84814893e-02
 -2.52627097e-02  1.86050404e-02  2.13605575e-02  1.60627048e-02
 -2.52071396e-02 -2.61105727e-02 -9.43396986e-03 -5.21596931e-02
  2.44365931e-02  8.49030539e-02  7.12884590e-02  9.33292881e-02
  1.33854359e-01 -1.15413275e-02  7.53709897e-02 -2.87047606e-02
  1.34231988e-02  1.10874781e-02  8.53688419e-02  8.39426965e-02
 -3.53833102e-02 -1.71332639e-02  3.83365341e-02 -6.77366853e-02
 -7.90537670e-02  4.33984324e-02  6.33053854e-02  3.43148001e-02
 -2.72070281e-02  3.28019112e-02  6.59657568e-02  5.52027626e-03
 -2.87926607e-02 -1.54833114e-02 -4.85551096e-02 -3.44665349e-02
 -3.04276552e-02 -1.12126034e-03 -2.73725204e-02 -1.05606327e-02
  7.20808357e-02  3.32442336e-02 -1.55942012e-02 -2.23788917e-02
  1.23263687e-01  1.40743516e-02  2.07073689e-02  1.78186987e-02
 -1.15748073e-04 -1.10071920e-01 -1.19335772e-02 -3.45364846e-02
  9.94207188e-02 -7.75064304e-02  1.69722177e-02  3.05269025e-02
  6.08630739e-02  2.32107434e-02  6.16510138e-02 -2.46778522e-02
 -2.46996339e-02  1.03725409e-02  4.88569681e-03  1.33644212e-02
  4.90246303e-02 -3.70584242e-02  5.93154971e-03  5.65428585e-02
  2.17426219e-03  1.60049833e-02  2.82662716e-02 -4.60431278e-02
 -1.64143573e-02  7.50316754e-02 -7.58319721e-02  4.14094850e-02
 -5.58592975e-02  9.73137468e-02 -4.92333509e-02 -1.61158622e-33
  5.30606546e-02  1.38305016e-02  3.14208716e-02 -1.55530497e-02
  6.20616451e-02  4.83970381e-02  8.33668262e-02  3.39553729e-02
 -7.10811466e-02  5.94115518e-02 -4.47936282e-02 -5.17587587e-02
 -3.16300057e-02  6.40207753e-02 -6.10279329e-02  2.74352301e-02
 -1.24154994e-02  5.85574023e-02  2.63201725e-02 -5.11475373e-04
  3.98989115e-03  1.20765656e-01  7.94153959e-02  5.89904711e-02
  6.92558987e-03 -1.49853714e-02 -6.89059794e-02  2.54336260e-02
 -1.77405793e-02 -7.39927217e-03 -1.20679997e-02 -3.63955237e-02
  4.17366810e-02 -1.90370511e-02 -1.20640919e-01  8.16374552e-03
  3.59452958e-03  9.89956025e-05  8.60703550e-03  3.71231996e-02
  3.16486880e-02 -9.15424451e-02 -6.09949157e-02 -4.72423285e-02
  2.08360385e-02 -7.76042044e-02  3.10344100e-02 -5.94479404e-02
  1.71094276e-02 -2.53026327e-03 -7.89026022e-02  1.07873781e-02
 -2.14282498e-02  8.71857442e-03 -6.36434555e-03  2.39755288e-02
  6.72532916e-02 -5.72801046e-02 -1.03918724e-01  1.41739268e-02
  1.59519305e-03 -5.32001350e-03  5.52526414e-02  3.17614004e-02
  4.19204980e-02 -4.67557572e-02 -2.93145608e-03  3.94986086e-02
 -7.33128050e-03 -1.81752201e-02 -5.26140071e-02  7.00399727e-02
  2.16812622e-02 -2.83672716e-02 -1.26314729e-01 -1.35839507e-02
  4.91381213e-02 -6.26248568e-02 -2.28767600e-02  9.38789919e-03
 -1.19123692e-02 -1.23602912e-01 -8.68069828e-02  6.06755354e-02
  8.16656556e-03 -6.40799385e-03  1.38422251e-01 -7.81185320e-03
  1.61811244e-02 -5.88933975e-02 -7.78167620e-02  8.31160918e-02
 -2.77528586e-03 -3.34542133e-02 -6.13176599e-02 -1.47102748e-08
 -3.37879136e-02  1.56063074e-02  6.49553433e-04  5.34810312e-02
 -5.19027188e-02 -1.32570900e-02 -5.35408892e-02  4.65885811e-02
 -1.81744236e-03  7.07203001e-02 -5.30293733e-02 -4.30631675e-02
  1.31830843e-02 -5.60634956e-03 -3.71854231e-02  5.53506352e-02
  3.42267267e-02 -2.77406387e-02 -1.18631183e-03  7.81108811e-02
  5.87669164e-02 -3.00745256e-02  4.59296294e-02  4.13887277e-02
  5.85740618e-03 -3.09679545e-02 -3.54975127e-02  5.08051924e-02
  1.73358917e-02 -6.74147308e-02 -1.35312462e-02  2.47274153e-02
  2.17603631e-02 -9.30336267e-02 -2.40594279e-02 -4.06505056e-02
 -2.19246168e-02  5.57711814e-03  2.91808741e-03 -1.27099669e-02
 -6.50166795e-02 -7.82551542e-02 -1.15610650e-02  2.95319334e-02
  9.66557562e-02  7.45975375e-02 -4.86271605e-02 -6.30915910e-02
 -1.57217111e-03  5.88633642e-02 -2.25001741e-02 -2.64417753e-03
 -2.01782968e-04 -9.31865871e-02  4.90156449e-02 -2.54437570e-02
  5.83975902e-03 -5.41810915e-02 -3.55472788e-02  8.03803727e-02
 -1.45781115e-01  1.18357129e-02 -5.34429550e-02 -1.54429348e-02]"
52,555fda07-8c78-4447-a583-fec8133169c6,Mani Pedi,nearby beauty & spas nail salons mani pedi,"[-3.01089175e-02 -2.33947411e-02 -1.41634569e-02 -9.34416987e-03
 -6.08513840e-02 -2.19952613e-02  4.06544395e-02 -1.81342997e-02
 -9.04890746e-02 -2.53551677e-02  1.06760398e-01 -3.08644641e-02
 -1.78961447e-04  5.75617235e-03  5.29248305e-02 -6.44354790e-04
  7.30395168e-02  1.89150358e-03  1.02988958e-01  1.44368326e-02
  3.57744866e-03 -2.54290700e-02  2.34459508e-02 -9.65576898e-03
 -7.94593021e-02  6.43043593e-02 -1.41755585e-02 -3.56486300e-03
 -1.25643741e-02 -2.63915025e-02  8.63802899e-03  9.03286189e-02
  2.80752662e-03 -6.33006319e-02  1.02940552e-01  7.36777037e-02
 -1.52408397e-02  2.00889502e-02 -4.09492524e-03  4.77245264e-02
 -4.08631042e-02  2.64542177e-02 -8.89179781e-02 -6.96711987e-02
  2.09930688e-02 -6.78023174e-02  4.28329259e-02  1.97260026e-02
 -4.23698016e-02  9.33522824e-03 -1.01051508e-02  2.45443154e-02
  2.91467421e-02 -4.22796831e-02  4.36954610e-02 -4.99166222e-03
 -1.05107082e-02  5.52725326e-03 -8.49397946e-03  2.96746716e-02
  9.39853191e-02 -1.48107558e-02 -6.87777996e-02 -1.27108293e-02
  3.59138171e-03 -3.78562808e-02 -2.30265316e-02  2.11808626e-02
  9.21956450e-03 -1.99007064e-01  3.62438820e-02 -2.37606838e-02
 -2.43249275e-02  7.28474334e-02  6.45331517e-02  5.33229560e-02
 -9.99777671e-03  6.53769879e-04 -4.90134619e-02 -1.77120119e-02
 -5.11880480e-02 -4.96047437e-02  3.99725214e-02 -1.99478678e-02
 -7.50983274e-03  2.06425488e-02  5.80401346e-02  1.32427597e-03
  6.12919480e-02 -2.33150814e-02  3.21204066e-02  7.00267479e-02
 -1.80764720e-01 -2.71832477e-02  4.45349254e-02 -5.80692515e-02
 -4.80554551e-02 -2.44564097e-02 -5.70061579e-02  8.19431394e-02
 -1.88689418e-02  3.08068879e-02 -3.59241515e-02  1.79789048e-02
 -4.71287221e-02 -3.10757551e-02  5.14669716e-02  7.13797137e-02
 -3.04096267e-02  2.99962778e-02  8.83184746e-03 -1.76199172e-02
 -1.79383028e-02 -6.65462613e-02 -2.41369139e-02 -5.22480048e-02
  3.96831855e-02 -2.64256727e-02  1.30656913e-01 -7.06250919e-03
  1.31418100e-02  2.13011410e-02 -9.50621143e-02  2.29291786e-02
 -7.71359727e-02  4.94971871e-03 -2.96967980e-02 -2.75150144e-34
  2.63562128e-02  8.54778960e-02  8.28220099e-02 -5.01406491e-02
 -7.27583244e-02  1.35990635e-01 -2.11020261e-02 -9.17120464e-03
  1.92438606e-02 -6.34003580e-02 -9.47027467e-03 -5.79565391e-02
  5.87200448e-02  2.08747741e-02 -4.69646975e-02 -8.46416969e-03
  6.48582652e-02  6.96134344e-02  3.11669875e-02 -7.19696749e-03
  5.65759987e-02  1.50358945e-03 -9.04485062e-02  2.37845909e-02
 -3.35951932e-02  9.40864235e-02  1.42233549e-02 -4.38886210e-02
  6.87996224e-02  3.01158410e-02  1.22260833e-02  3.61431316e-02
  4.30877991e-02 -3.33837904e-02 -9.14629325e-02  9.60706249e-02
  9.95843671e-03 -5.32140993e-02 -6.93462277e-03 -3.91744897e-02
 -2.96627991e-02  5.18773608e-02  4.13283445e-02  1.75543036e-02
  2.27849912e-02  6.95679188e-02  5.72914481e-02 -2.20112558e-02
 -2.93499622e-02  2.03291420e-02 -7.54188821e-02  5.68701476e-02
 -2.10913029e-02  1.70576438e-01 -1.14843175e-02 -4.91513535e-02
 -3.50203291e-02 -6.87397867e-02  5.73180392e-02 -2.84511428e-02
  8.05838928e-02  8.80729854e-02 -1.01561174e-01 -9.62251276e-02
  3.28541780e-03 -5.30294143e-02  4.96392176e-02 -9.45316534e-03
  8.91947076e-02  2.97963247e-02 -9.37644467e-02  5.27619049e-02
  4.29544672e-02  2.69721393e-02 -3.33703905e-02 -1.19599178e-02
 -7.04910606e-02  3.31669971e-02 -2.02677995e-02  7.15328082e-02
 -3.34075280e-02  6.74239397e-02 -8.07623006e-03  2.87638903e-02
  6.07024580e-02 -2.62939278e-02 -1.05900709e-02  1.90728381e-02
 -6.19773306e-02  2.36569829e-02 -9.53622349e-03  1.96999703e-02
 -1.16195658e-03  1.86218452e-02 -5.32660335e-02 -1.93304591e-33
  3.80848609e-02 -1.02096856e-01  2.76576336e-02  4.53806557e-02
  1.78285837e-02  4.63627465e-02 -6.41012341e-02  5.23478072e-03
 -3.51260751e-02  6.47961069e-03 -7.90637210e-02 -5.09604886e-02
  8.41694549e-02 -6.01337152e-03 -3.53841893e-02  1.19576924e-01
  1.94378775e-02  8.52874760e-03  2.03577932e-02  4.76847515e-02
 -1.84336305e-02  9.24382955e-02  6.38308935e-04  1.34060839e-02
 -3.14701758e-02  5.68674365e-03  3.97374481e-02 -8.32324699e-02
 -5.72512373e-02 -9.80589353e-03 -6.38669878e-02 -7.26784989e-02
 -6.22067042e-02  1.19598135e-01 -5.52185811e-02  4.29910459e-02
 -1.33926049e-01  2.05551516e-02  3.24804299e-02  8.04779232e-02
  2.21448522e-02 -6.43453896e-02  1.48245404e-02  5.43670543e-02
 -3.32544297e-02 -1.18746839e-01 -5.59025072e-03  1.17450813e-02
 -4.63031158e-02  5.58742601e-03 -6.61653990e-04  3.71279195e-02
 -5.42905778e-02 -8.12164918e-02 -2.76422091e-02 -8.63277465e-02
 -4.60392516e-03 -1.61721595e-02 -1.66385815e-01  5.87392487e-02
  3.41529101e-02  1.68383028e-02 -1.18174066e-04  8.51757824e-02
  3.51082645e-02  2.08828878e-02  3.87966782e-02  2.38567945e-02
 -3.09745632e-02 -4.15248834e-02  3.14666033e-02  6.36122301e-02
  2.94042919e-02  1.24823032e-02  1.40336240e-02  4.34823101e-03
  4.55935076e-02  7.09898621e-02  2.48223562e-02 -1.99594838e-03
 -2.93646101e-02 -3.85746546e-02 -1.15279220e-02  2.09199805e-02
 -3.13541503e-03  6.70977086e-02  3.56195937e-03 -6.78125694e-02
 -1.20551875e-02 -1.88270565e-02 -9.19269174e-02  4.99703363e-02
  4.52102274e-02 -8.39867517e-02  1.50442058e-02 -1.75974773e-08
  6.75570443e-02  2.23031119e-02  1.22493031e-02  2.40352955e-02
 -1.59848928e-02 -3.70637700e-02 -4.87358309e-03  7.58821517e-02
 -2.22808234e-02  1.95286740e-02  2.39537954e-02  6.28565904e-03
  9.17864311e-03  2.88497340e-02  9.68614884e-04 -4.52044280e-03
  5.96252792e-02  4.35667224e-02 -1.56545490e-02 -4.49052453e-02
 -5.21554910e-02 -1.49002334e-03  1.04306852e-02 -1.66411176e-02
 -4.65918072e-02  1.94742065e-02 -8.83635972e-03 -9.61986855e-02
  1.35079138e-02 -2.99285091e-02  6.66110367e-02 -7.98142999e-02
  1.32098736e-03 -5.96987382e-02 -1.63484421e-02 -1.06387888e-03
 -5.18720672e-02 -4.29909006e-02 -5.87013699e-02 -2.42569726e-02
 -7.61849657e-02 -5.89555874e-02  4.16858643e-02 -1.44938584e-02
  4.66514472e-03  1.03428727e-02  5.10709025e-02 -5.94248287e-02
 -1.76305790e-02  1.08513962e-02 -8.66948664e-02  1.21328812e-02
  3.77080254e-02 -3.51120606e-02  4.05513979e-02  2.84764189e-02
 -1.06588295e-02 -5.36051728e-02 -4.92261862e-03  1.10229395e-01
  1.39602665e-02 -2.30007004e-02 -3.27807963e-02  3.11887283e-02]"
53,257920bc-a6e3-479f-bab3-75f1256045f1,Air Duct Cleaning,nearby home services hvac & electrical air duct cleaning,"[ 4.59563211e-02  1.67964939e-02  6.73088878e-02 -5.49777457e-03
  5.09602427e-02 -2.75413580e-02 -2.37449575e-02 -9.67541039e-02
 -5.68153076e-02 -2.61097215e-02  4.66623381e-02  4.29148562e-02
  6.37865486e-03 -9.56621580e-03  4.95764464e-02 -2.70331930e-02
 -1.05276436e-03 -7.22926632e-02  2.20108628e-02 -1.14693455e-01
 -2.53507458e-02  4.30162288e-02 -2.69313473e-02 -5.58191091e-02
  2.53072791e-02 -3.24351937e-02  3.70444246e-02  2.36268784e-03
 -2.48937998e-02  2.08662897e-02 -8.45064118e-04 -8.43648836e-02
  3.31801139e-02  3.47462967e-02  1.37854181e-02  3.19731086e-02
  1.08731883e-02  5.71936220e-02  1.38879595e-02  3.08810286e-02
  2.11282298e-02 -3.65004060e-03 -4.14695628e-02 -2.34351251e-02
 -2.49333251e-02  2.77247094e-02 -3.21670435e-02 -2.32929941e-02
  3.95103469e-02 -3.00875362e-02 -2.28079837e-02  3.02004237e-02
 -3.55214477e-02  4.63670120e-02  2.07363199e-02 -3.43783833e-02
  4.98722047e-02 -1.17558345e-01  2.11566258e-02 -7.91182518e-02
  2.41809878e-02 -3.45837772e-02  7.23661901e-03 -3.03889671e-03
 -1.63253043e-02  6.32395456e-03  5.31869428e-03  2.94468068e-02
  8.59696195e-02 -7.37355053e-02 -4.38765548e-02 -2.89355405e-02
 -3.50449793e-02  3.78464125e-02  8.07971209e-02  1.24691747e-01
 -1.41456993e-02 -9.49877948e-02  3.69119458e-02 -3.62347886e-02
  6.81373943e-03 -1.55242989e-02 -4.86657545e-02  8.65469221e-03
 -4.62380275e-02  9.21206251e-02 -2.00740807e-02 -1.47938639e-01
  7.36419186e-02 -6.36629760e-02  3.91564295e-02  3.06234602e-02
  2.51847832e-03 -5.76790906e-02 -1.47043483e-03 -5.52374087e-02
  5.51049188e-02  3.08147836e-02 -4.03909348e-02  3.97521667e-02
 -6.08028471e-03 -1.26188935e-03 -1.40001774e-02  3.85658294e-02
 -3.37000862e-02  2.14277636e-02  6.66601434e-02 -1.15934825e-02
 -4.76465002e-02 -3.77697647e-02 -8.53550211e-02  2.74022557e-02
 -1.11349635e-01 -1.80141535e-03  6.54584989e-02  5.65811470e-02
  1.59018755e-01 -3.04479408e-03 -5.71871325e-02  4.01107296e-02
 -3.96323279e-02 -8.37954227e-03 -4.27865498e-02 -2.40939930e-02
  6.57297000e-02 -2.21367925e-02 -5.84268384e-03  1.51160666e-33
  5.33510232e-04  1.47643983e-01  3.85778099e-02  1.62995551e-02
  6.16062991e-03  1.37817813e-02  4.92754355e-02  4.85809669e-02
  1.54645383e-01  1.29269570e-01 -1.89653598e-02  9.58344042e-02
  1.02335699e-02 -4.28316146e-02  1.12459129e-02 -6.66920543e-02
 -4.18460555e-03 -1.53097771e-02 -5.95605820e-02  3.37807275e-02
 -1.49995657e-02 -4.10960801e-03 -1.47592081e-02  1.00067100e-02
  2.07379758e-02 -8.76102820e-02  4.70922701e-02  7.44449496e-02
  1.83468144e-02  4.38458147e-03  9.04541686e-02 -3.08176153e-03
  5.55359386e-03  1.16085045e-01 -1.50880650e-01  3.40616256e-02
 -7.16095343e-02 -1.54007263e-02 -1.36329522e-02 -5.36985835e-03
 -5.94291799e-02  6.10626787e-02 -4.07075435e-02  1.94193900e-03
  1.00159850e-02 -2.10215952e-02 -4.88343872e-02 -8.96867714e-04
  1.35687189e-02  6.58646226e-03  8.49121436e-02  3.87402289e-02
 -6.76051006e-02 -1.80478729e-02  6.06137961e-02  3.34207937e-02
  6.98903278e-02 -6.54227734e-02  5.02792597e-02 -2.46387925e-02
  4.48508933e-02  4.27695327e-02 -9.51688178e-03  4.26075198e-02
  2.29961742e-02 -7.65571222e-02  1.18461043e-01 -3.41622904e-03
  4.47118580e-02 -1.99355613e-02 -1.64480638e-02 -2.43184739e-03
 -1.45099759e-02 -6.47039413e-02  2.83895917e-02 -5.44341914e-02
 -5.85132986e-02 -4.00907099e-02  1.38431322e-03 -2.46318001e-02
 -1.38470838e-02 -6.16035312e-02  1.91710482e-03 -2.87479418e-03
  4.70797159e-02 -7.97813609e-02 -3.42313983e-02  3.60173136e-02
 -6.01355135e-02  1.50609412e-03  2.63535343e-02  1.45603657e-01
  1.26525043e-02  4.57179174e-02  5.27469674e-04 -1.84977242e-33
 -6.81218272e-03 -7.79346749e-02  9.84648801e-03  1.08492235e-03
 -7.16534257e-02  5.07428795e-02  6.14963425e-03  2.06806902e-02
  4.02495684e-03  3.35638374e-02 -6.26133308e-02 -6.45157322e-02
  4.32769619e-02 -1.87757891e-02  4.92013805e-02  4.40435931e-02
 -9.67178785e-04 -5.60269020e-02 -1.73738338e-02  5.18638119e-02
 -6.64509553e-03  4.64448780e-02  5.75354733e-02 -2.68022064e-02
 -8.40359181e-02  4.51734327e-02 -1.98502596e-02  5.86548671e-02
 -8.52877460e-03  9.80655942e-03 -7.00587407e-02  9.95373912e-03
  9.13092867e-02  7.31763542e-02  2.34289821e-02 -5.65549694e-02
  9.93425865e-03  6.12818077e-02 -3.33147347e-02 -9.44617689e-02
  1.97879225e-02 -5.54787405e-02  8.68981238e-03  6.30301610e-03
 -9.80721563e-02  2.67539127e-03 -1.08708618e-02 -6.49652109e-02
 -9.05705020e-02  5.66428388e-03  5.17518409e-02 -3.70880812e-02
 -1.18735455e-01  7.81319663e-03 -1.31752612e-02  1.35732934e-01
  1.42061580e-02 -1.15328338e-02  1.27029838e-03  4.09353413e-02
  8.58398080e-02  7.09185749e-02 -6.07473217e-02  5.46069741e-02
  1.14515051e-02  1.01333708e-02  1.22215055e-01 -1.52067458e-02
  7.15194270e-02 -3.90544310e-02 -5.47255948e-02  4.64232601e-02
 -1.53801288e-03 -6.22948557e-02 -8.66927356e-02 -4.40318808e-02
  4.67588119e-02 -5.89492768e-02 -2.37042140e-02  4.40624207e-02
 -7.02436864e-02  1.43958991e-02 -6.06841706e-02  4.51472029e-02
  2.90650707e-02 -1.20781824e-01 -4.05363180e-03  1.62329543e-02
  5.27612120e-02  4.25498523e-02 -1.22617139e-03  1.72037836e-02
  3.60020436e-02 -9.77522060e-02 -2.07511466e-02 -1.82435294e-08
  9.76028573e-03  4.27448377e-02  4.55099680e-02  6.05888180e-02
 -5.52969500e-02 -5.11137433e-02  5.14057872e-04  1.20217189e-01
  2.49679876e-03  7.01002777e-02  2.33900696e-02  5.76961450e-02
 -5.78193984e-04 -3.05114966e-02  1.25674810e-02 -1.19256832e-01
 -3.89759615e-02  6.17766790e-02 -3.73754427e-02  2.39914507e-02
 -4.34183329e-02  1.79373994e-02  3.28084342e-02  4.40351628e-02
 -2.08709436e-03 -1.79738570e-02 -7.68510439e-03  5.81965074e-02
  7.46765500e-03 -1.08060921e-02 -3.06931082e-02 -4.44657281e-02
  3.18811387e-02 -1.01199271e-02 -5.79140671e-02 -2.04884280e-02
  6.43852800e-02 -9.69235972e-02 -6.24462441e-02 -5.19696400e-02
  9.15421464e-04 -1.36066759e-02 -7.66947791e-02 -2.53960248e-02
  2.87599340e-02 -3.97963598e-02 -1.85055193e-02 -8.98967981e-02
  4.88941632e-02  3.52741145e-02 -4.83047739e-02  3.72982863e-03
  2.75095366e-03 -6.45063072e-03 -3.85938399e-02 -1.82938036e-02
 -1.27549497e-02 -8.35558325e-02  3.19307111e-02  8.15801695e-02
 -6.38419471e-04  2.91265063e-02 -1.99546106e-02 -2.48923432e-03]"
54,3f397fd7-1af6-4d5c-8fb2-f6f851f7ca32,Flying Lessons,nearby personal services classes flying lessons,"[ 4.49581817e-02 -4.08176593e-02 -1.49227669e-02 -2.15224773e-02
 -5.66707402e-02  2.57561356e-02  3.18062045e-02 -5.95943667e-02
 -4.96501401e-02  1.71152223e-02  9.80678424e-02  8.83941576e-02
 -3.06565296e-02  4.48970944e-02  5.37505224e-02 -1.64875779e-02
  6.26616776e-02 -8.81270543e-02 -1.54192671e-02 -5.12893405e-03
 -2.40498558e-02  7.72365555e-02 -6.48266450e-02  9.55660492e-02
 -6.17153086e-02  5.92311565e-03  4.51588556e-02  7.19546324e-06
  2.72294171e-02 -6.37141839e-02  3.77506465e-02  7.55430683e-02
 -6.69481456e-02  6.86514676e-02  5.45993783e-02  9.50658917e-02
  1.16142906e-01  4.66989959e-03 -3.03727556e-02  4.41607647e-03
 -5.79276122e-02 -1.86071172e-02  1.38943829e-02  2.20634025e-02
 -2.29209252e-02  4.18001041e-03 -1.44587867e-02 -4.62198667e-02
  7.62961805e-02 -1.45678157e-02 -3.38534527e-02 -5.40409349e-02
  2.92217801e-03 -3.48543040e-02  6.76964177e-03 -5.39194886e-03
 -2.62445286e-02  4.84569408e-02 -7.31365979e-02 -1.81291550e-02
 -5.84341586e-02  2.51212511e-02 -4.97835428e-02  1.54312793e-03
 -1.49460122e-01  4.19657156e-02 -6.53973520e-02  4.75480035e-02
  1.07277401e-01 -1.03683263e-01 -1.06024854e-01  1.51244411e-02
  5.12833195e-03  6.18193932e-02  6.17129542e-02  8.91569257e-02
 -9.40207858e-03 -3.17600779e-02  3.89277786e-02 -7.12091327e-02
 -1.92207582e-02 -6.45236671e-02 -3.68105918e-02  1.37920743e-02
  8.73750355e-03 -3.67054008e-02  1.16220140e-03 -4.62577641e-02
  2.07461696e-02  2.36311853e-02  1.18453410e-02 -2.41208114e-02
 -3.09192892e-02 -5.93315698e-02 -6.58846796e-02  3.38151753e-02
 -5.17595038e-02 -9.92183834e-02 -2.63265963e-03  4.63946573e-02
  1.41563767e-03  3.70792039e-02  7.07715526e-02  6.92083240e-02
 -4.19717431e-02  4.24734727e-02  4.70532523e-03 -2.96597071e-02
  6.67777956e-02 -9.28851601e-04 -1.43426899e-02  1.15983840e-02
 -5.85679449e-02 -1.13425273e-02 -2.15517357e-02  4.11298759e-02
  7.39895776e-02 -3.77643891e-02  1.72561053e-02  2.69153193e-02
 -7.23401457e-02  4.40781415e-02  3.55397649e-02 -3.25756706e-02
 -2.88807433e-02 -7.10920691e-02 -7.38587976e-02  8.45499968e-35
  3.33395079e-02  4.43646461e-02  6.77088555e-03  8.62893909e-02
  4.74300012e-02 -5.35819493e-02 -1.21379243e-02  2.64153769e-03
  8.49536955e-02  4.74466681e-02  2.97238957e-02  4.55221049e-02
  1.40746444e-01 -4.03618775e-02  8.98025110e-02 -2.01292224e-02
 -5.06218709e-02 -5.73047586e-02 -2.05046311e-02  2.56912690e-02
 -7.46341050e-02 -7.07366616e-02 -1.30702211e-02 -4.82802689e-02
  3.88955735e-02  2.23755892e-02  3.54191028e-02  6.18665852e-02
  1.53318033e-01  2.50777416e-02  2.27260310e-02  2.02256404e-02
 -3.03554237e-02 -5.96699910e-03  6.99408129e-02  9.01320875e-02
  1.39520569e-02 -4.78069372e-02  2.51229946e-02 -4.28602733e-02
 -3.30062807e-02 -1.14256367e-02 -4.42764838e-04  3.95676494e-02
  8.30896385e-03  6.10226542e-02  5.49375527e-02  1.57535598e-02
 -1.23840272e-02  2.37482544e-02 -1.16435662e-01 -1.56795736e-02
 -8.80152583e-02 -5.29071502e-02 -7.14229606e-03 -1.85695488e-03
  8.68197829e-02  1.00537784e-01  6.55199820e-03 -6.88098073e-02
  6.71459213e-02  1.31734395e-02 -9.84703284e-03  1.03883026e-02
  5.39055020e-02 -7.12334290e-02  1.01498300e-02 -2.25680768e-02
  9.08988640e-02 -7.31614605e-02  2.92057870e-03  5.63932285e-02
  1.50573375e-02  1.63773317e-02  7.03323483e-02 -3.32524702e-02
 -5.66067323e-02 -2.22029369e-02  4.44040447e-02  3.14073600e-02
  1.01746939e-01 -2.43900772e-02  2.22461261e-02  7.53698796e-02
  3.16979811e-02 -4.72303145e-02  3.51334624e-02 -6.53800890e-02
 -3.64613980e-02  3.16129029e-02 -4.91957627e-02 -1.84255131e-02
 -4.11099084e-02  6.53545186e-02 -3.97750139e-02 -1.67558583e-33
  3.93240973e-02  8.88783019e-03 -1.83943827e-02  2.48548016e-02
  8.19061995e-02 -9.03050008e-04  6.83183894e-02  2.50017680e-02
 -4.57950830e-02  9.99327097e-03 -1.31436437e-01  5.01233852e-03
  3.03759538e-02  3.57588157e-02  8.08092020e-03  4.69534146e-03
 -5.94604760e-02  3.51626948e-02  5.77567592e-02 -2.57909056e-02
  2.47555804e-02  4.72614616e-02  5.64624332e-02  2.68109962e-02
 -1.87111669e-03 -1.92482695e-02 -4.14167158e-02  4.30490710e-02
 -9.78814904e-03  3.45101091e-03  3.63671891e-02 -1.63312145e-02
  7.95379505e-02  5.37093030e-03 -1.20484315e-01  3.13830562e-02
 -8.69939663e-03  5.19831181e-02 -7.32509121e-02 -1.08748367e-02
  3.88577953e-02 -1.11893535e-01 -2.75748502e-02 -1.08884871e-01
  4.89099696e-02 -3.33242603e-02  4.41696346e-02 -7.51091121e-03
 -4.02148440e-03 -3.72794792e-02 -6.05516322e-02 -2.98239551e-02
 -2.18616035e-02  3.94381061e-02  2.86079440e-02  7.38977315e-03
  1.23389021e-01 -9.54481065e-02  6.16191002e-03 -9.66400094e-03
 -8.86398740e-03 -5.26460782e-02 -5.09989187e-02  4.44910005e-02
 -3.07070669e-02 -7.50487149e-02  5.80214473e-05  7.34507143e-02
 -1.90592408e-02  6.66840523e-02 -6.19068816e-02  1.66333225e-02
  2.49006748e-02 -6.09069541e-02 -9.69533399e-02 -9.10558831e-03
  7.78108239e-02  9.43693146e-03  1.03815375e-02 -5.01713343e-03
  5.01664430e-02 -1.11386448e-01 -6.32574856e-02  4.59420718e-02
 -2.95745023e-03  3.49132344e-02  1.24847062e-01 -1.10899014e-02
 -3.50106098e-02 -6.71164971e-03  6.88958075e-03  9.20293480e-02
 -2.13159882e-02 -6.09793924e-02 -3.20729502e-02 -1.39836089e-08
 -1.73799247e-02  3.59210595e-02  9.97696444e-03  4.47238833e-02
 -2.75621973e-02 -1.58708636e-03  8.82324204e-03  1.95199922e-02
 -2.19102520e-02  8.72817114e-02 -3.75741534e-02 -2.78281868e-02
  4.10150476e-02 -1.87970269e-02 -2.01781541e-02  7.24518523e-02
 -2.36170869e-02 -2.72750910e-02 -3.78055573e-02  5.91352955e-02
  1.72399497e-03 -2.69623511e-02  2.08954234e-03  4.78830151e-02
 -7.00282827e-02  3.74570414e-02 -2.48519666e-02  2.35726479e-02
  4.20182757e-02 -3.44759948e-03 -6.36360198e-02  5.18184677e-02
 -1.58555037e-03 -7.39277005e-02 -5.97035773e-02 -7.31520802e-02
 -4.80993874e-02 -2.99482085e-02  8.69708881e-03  2.42009573e-02
 -6.32275790e-02 -3.73561345e-02 -1.77591871e-02  4.70033027e-02
  1.03444740e-01  9.33006853e-02 -2.92731673e-02 -9.46876481e-02
 -4.23801743e-04  3.55952494e-02 -4.20642039e-03 -1.05689475e-02
 -3.89827974e-02 -3.06846611e-02  2.70147100e-02  4.16736566e-02
 -2.32878923e-02 -4.70305309e-02 -1.83803961e-02  3.44752073e-02
 -9.27115157e-02  4.17230092e-02 -1.23842448e-01  1.06643140e-02]"
55,c9f554be-ea73-4c04-b9df-25069632ed3b,Oil Change,nearby automotive auto repair & maintenance oil change,"[-8.32033753e-02 -3.85002270e-02  1.07790351e-01 -5.68361580e-03
  3.65163498e-02  1.03290351e-02 -8.14308226e-02  1.25393253e-02
 -5.45939803e-02 -9.80239734e-02 -3.77311632e-02  4.38616797e-02
 -5.85757047e-02 -4.79746386e-02 -5.09506576e-02 -4.23044600e-02
  7.18126073e-02 -4.33048829e-02 -1.31350430e-02 -8.02890584e-02
 -6.98568597e-02  2.78299730e-02  2.17226371e-02  2.90728407e-03
 -6.09107353e-02  8.68789479e-02  8.11304711e-03  4.10051644e-02
  1.29930153e-02 -1.34027349e-02 -3.91948223e-02  3.56206223e-02
 -5.50881997e-02 -1.56933330e-02  4.76139225e-02  7.49772880e-03
 -9.87161696e-02  3.79832610e-02  3.18678431e-02 -3.71536091e-02
  8.57339352e-02 -9.63237733e-02 -6.03213124e-02 -9.41125005e-02
  2.79898550e-02  1.83113944e-02  1.51675334e-02 -1.67349558e-02
  9.65853930e-02 -2.08377652e-02  4.54730690e-02 -4.72434610e-03
 -7.49297738e-02 -5.73693886e-02  1.77503321e-02  1.47572802e-02
  4.16800007e-02 -4.68017161e-03 -3.94104384e-02  1.02870762e-02
  1.44721523e-01  4.68758345e-02  2.52249110e-02  1.92137565e-02
 -8.61031711e-02 -3.34269665e-02  2.52300445e-02 -3.94055620e-02
 -2.56040078e-02 -7.28199780e-02 -4.95649278e-02  6.23293631e-02
 -1.84189565e-02  2.92542055e-02  7.15123862e-02  5.17005622e-02
  1.60382725e-02 -2.86172088e-02  5.59140854e-02 -1.17674440e-01
  1.05916979e-02  3.64026465e-02  1.37716448e-02  2.68431343e-02
 -2.98867114e-02  3.09643056e-02  2.02346034e-02 -5.96639588e-02
  1.17903411e-01  5.69828041e-03 -1.03116548e-03  9.70675610e-03
 -6.73077926e-02 -3.25017348e-02 -8.01710971e-03  5.70903830e-02
  2.85849255e-02  4.12530489e-02  2.36169919e-02  3.59704867e-02
  3.42741273e-02  1.49278035e-02 -9.93387029e-03 -9.63423476e-02
 -9.45221335e-02  6.92064464e-02 -4.21997048e-02  8.20367709e-02
  9.60740820e-03 -4.19923663e-03  2.83496920e-03 -2.28451882e-02
 -4.30229306e-02 -5.52875176e-02 -9.03409347e-02 -2.34080385e-02
  1.02310693e-02 -4.78920713e-02 -1.25561422e-02  2.86600757e-02
  1.37999300e-02 -5.46520762e-02 -6.05168985e-04 -1.57988500e-02
  7.84686729e-02  9.58254002e-03  5.41323088e-02 -1.40268683e-33
 -7.52892625e-03 -4.35247943e-02 -6.79415558e-03  1.50986873e-02
  9.35880654e-03  3.99041809e-02 -1.91418082e-02 -5.28304167e-02
  4.58467454e-02 -4.96614799e-02  1.00190584e-02  1.21021092e-01
 -1.87597878e-03 -7.08152652e-02 -7.36441463e-02 -2.78146453e-02
  4.02811766e-02  5.50978482e-02 -9.25291423e-03 -2.53129099e-02
 -7.80253261e-02  6.52664900e-03 -2.81458758e-02  2.37901378e-02
  2.17197742e-02  5.83614707e-02  1.68344826e-02  3.57225835e-02
  4.32366878e-02  1.54604586e-02  1.78649314e-02  4.49275672e-02
  4.51962929e-03  2.05351189e-02 -6.03441931e-02  3.86505276e-02
 -4.63598929e-02 -6.93279281e-02 -5.39142676e-02 -7.03191012e-02
  2.44693998e-02  2.60260515e-02 -3.82671356e-02 -5.39822243e-02
  4.21040459e-03  1.97120700e-02  3.55373174e-02  6.62742648e-03
 -8.89345352e-03 -8.19514021e-02  3.02351601e-02  3.33847515e-02
 -3.82570699e-02 -3.36184762e-02  2.00825762e-02  6.53420985e-02
  1.05970865e-02 -1.61795896e-02  8.20718631e-02 -4.70768474e-02
  1.92937553e-02  8.41130316e-02 -1.41708590e-02 -1.55359805e-02
  9.35479254e-02 -6.25010487e-03  2.58841924e-02  7.05794543e-02
  9.55980853e-04  4.42531034e-02  2.22790026e-04 -2.13024169e-02
  5.98104298e-02  9.90051627e-02 -1.42704844e-02  5.57669587e-02
 -1.16922054e-02  4.27876562e-02 -5.55905141e-02  4.56607230e-02
 -6.27368167e-02 -5.00926282e-03  4.46607471e-02  1.94442011e-02
  5.39989136e-02 -1.83074847e-02 -3.21534090e-02  3.70373577e-02
 -2.55826525e-02 -2.52561439e-02  1.69957187e-02 -1.74356215e-02
 -1.66138280e-02  1.19305383e-02  5.63046196e-03 -1.14922811e-33
 -7.89703801e-03 -2.76748203e-02  4.92335893e-02  4.20139991e-02
  8.28951783e-03  3.32383178e-02  5.41039463e-03  3.27392258e-02
  8.69176071e-03  3.36482264e-02  1.13212438e-02 -3.67109738e-02
 -4.50084209e-02 -8.92516598e-02 -7.70905316e-02  2.10040831e-03
 -1.01497695e-02 -2.11456604e-02 -6.34487793e-02  1.07236691e-02
  4.27777395e-02  3.71503346e-02  1.33667502e-03  1.07134856e-01
 -4.38101925e-02  1.80551931e-02 -6.90860823e-02  1.22643616e-02
 -7.54826292e-02 -1.40649313e-02 -6.78433990e-03 -2.82139443e-02
 -2.75025573e-02  5.20870797e-02 -3.67009975e-02  3.77960168e-02
 -8.23235977e-03 -2.82400120e-02 -4.33403514e-02  3.02153584e-02
  6.73322752e-02 -1.28276646e-01  5.22956140e-02  4.13920768e-02
  2.48389412e-03 -4.09938544e-02 -1.94373040e-03 -8.82138833e-02
  4.16320190e-03 -2.38353126e-02  1.10079445e-01 -2.89119687e-02
  3.66851911e-02  4.51935232e-02 -1.61469355e-02  1.69119433e-01
  7.20733032e-02  1.16990339e-02 -1.18592829e-01  9.11916643e-02
  1.68500841e-02 -1.18191168e-03  7.37222657e-02  3.61714885e-02
 -1.57243144e-02  9.93129052e-03  2.12447923e-02 -1.42603284e-02
  3.62649933e-02 -6.78931223e-03 -2.38345265e-02  4.85399663e-02
 -2.45294273e-02 -5.97143285e-02  1.53401932e-02 -6.55075833e-02
  6.67468505e-03 -1.04918130e-01 -3.33403945e-02  4.32327464e-02
  5.17942989e-03 -5.72655387e-02 -6.01863712e-02  1.09760605e-01
 -3.32905818e-03  9.13590565e-03 -7.13424385e-02  2.20504701e-02
  1.11308262e-01  6.91100431e-04 -7.02823773e-02  6.69550747e-02
 -7.67725930e-02 -8.58218595e-02 -1.03973195e-01 -1.70555179e-08
  3.47106485e-03  1.13042951e-01  4.37706709e-02  6.72145262e-02
  1.14489505e-02 -4.12380472e-02 -1.83361620e-02  1.35127082e-01
 -3.85993570e-02  1.96380317e-02 -4.92262580e-02 -1.20963706e-02
  5.08075058e-02 -1.22584980e-02 -3.72494347e-02 -5.87442368e-02
 -3.01881339e-02  3.51897553e-02 -1.65821481e-02 -8.26591477e-02
  2.97352206e-02 -1.83639992e-02  1.20166034e-01  7.74497315e-02
  1.99616104e-02 -9.84220356e-02  3.57622020e-02  2.59646252e-02
 -8.11810326e-03 -6.56936457e-03 -3.26439813e-02 -1.01307118e-02
  5.60522415e-02  4.15991582e-02  9.63278413e-02 -1.29627064e-01
 -1.09667694e-02  8.59881472e-03 -1.01757124e-01 -4.35794797e-03
 -2.02569254e-02  2.72376537e-02 -5.39635904e-02 -3.74466600e-03
 -2.01424249e-02  2.31371764e-02 -3.36986296e-02 -5.95789365e-02
 -8.01884755e-02 -7.46459514e-02  4.12221439e-02  4.38238159e-02
  2.28699646e-03  8.04813504e-02  4.87105697e-02 -5.75528517e-02
  1.83620136e-02 -5.30955903e-02  4.73308079e-02  8.82013794e-03
 -1.22025087e-01  2.35581286e-02  6.05978295e-02  5.58413193e-02]"
56,0d5c5cc6-a79f-4b0c-ba25-90b14cec8d81,Asian Restaurants,nearby food & drink restaurants asian restaurants,"[ 4.99276184e-02  1.22662149e-02  1.59352627e-02  5.48747666e-02
 -5.47876358e-02  1.82991987e-03  1.75988749e-02 -8.40926021e-02
  2.98859477e-02 -8.78474265e-02  1.50983214e-01 -7.82432482e-02
 -2.55338605e-02  1.16423322e-02  1.18719935e-01 -9.96043161e-02
  1.06079526e-01  6.19352469e-03  1.43738817e-02 -1.65127337e-01
 -9.69933271e-02 -6.71427175e-02  4.07899208e-02  1.42494282e-02
 -2.29579192e-02 -3.16384211e-02  7.22392052e-02  4.56274189e-02
  2.84170080e-02  5.23546105e-03 -4.22438756e-02  7.66383484e-02
  1.47583513e-02  6.78016692e-02 -4.05531712e-02  6.43776879e-02
  2.36381963e-02 -3.39759029e-02  5.36372624e-02  3.42617966e-02
  1.98483504e-02  1.82246361e-02  1.14440799e-01 -8.87682065e-02
  2.23875195e-02 -3.87666002e-02 -9.60116237e-02 -3.10252868e-02
 -2.62971688e-02 -1.37610054e-02 -1.39472699e-02  5.41473478e-02
  2.40177047e-02  1.56843849e-02  7.39837484e-03 -3.71326692e-02
 -4.61742692e-02 -4.70752493e-02 -3.18895727e-02  7.04321936e-02
  6.65300116e-02 -3.19717117e-02 -4.52761091e-02  2.70394702e-02
 -8.92575458e-02  5.01351058e-02 -8.76347572e-02  3.41954418e-02
  7.48575665e-03 -9.55357328e-02 -2.03391835e-02 -3.82722951e-02
  3.76394279e-02 -1.38966944e-02 -3.90166268e-02 -7.00877234e-02
  5.76849058e-02 -2.54376847e-02 -7.09011704e-02 -6.11085370e-02
 -3.98216210e-02  1.11184539e-02  4.34063226e-02  2.18534898e-02
 -4.57701273e-02 -2.34547211e-03 -1.48729021e-02 -4.20991220e-02
  1.30639700e-02  6.74627572e-02  1.57128796e-02  5.92099279e-02
 -4.66878191e-02 -1.22397624e-01  1.98278576e-02 -2.23929062e-02
 -3.22901122e-02 -5.02291620e-02 -1.20738968e-02  3.77421565e-02
  1.68616474e-02  6.71903640e-02  1.20415213e-02 -2.54659019e-02
  2.31358223e-02 -5.82860373e-02 -8.90098605e-03  6.06581569e-02
  4.27439809e-02  3.55944075e-02 -3.83697152e-02  8.88826549e-02
 -4.57160585e-02 -1.65756699e-02 -6.25049099e-02 -2.75596306e-02
  6.42509609e-02 -8.76257494e-02  3.11655216e-02  1.89185869e-02
 -3.86100858e-02 -3.75916809e-03 -8.65691081e-02 -7.74045959e-02
 -3.01633477e-02  2.50509866e-02 -3.71650942e-02 -1.10431599e-34
  3.00046299e-02 -2.64643803e-02  4.79847491e-02 -2.82678213e-02
  6.05164133e-02 -2.89519019e-02 -2.52038836e-02 -7.22480863e-02
 -1.47999846e-03 -2.40136534e-02 -2.68997550e-02 -1.38170365e-02
 -2.84129716e-02 -7.41556957e-02  1.02304809e-01  1.66953802e-02
  7.57461973e-03  9.08359140e-02 -4.06879298e-02 -2.39143241e-02
  2.88211349e-02 -3.25219296e-02  2.60927789e-02 -6.20880574e-02
 -4.26439568e-02  3.01391482e-02  2.38700863e-02 -2.05682367e-02
  2.44350396e-02  3.07668969e-02 -2.80465726e-02 -1.24592446e-02
 -2.88176554e-04  5.94596155e-02 -9.75131169e-02  1.90338697e-02
 -2.82010846e-02 -5.47913685e-02  2.85454169e-02  2.38530040e-02
 -7.25030527e-03  6.62090182e-02 -5.88106178e-02  3.01025249e-03
 -1.52415745e-02  6.27666190e-02 -1.11220619e-02 -2.04118574e-03
 -4.00395785e-03  4.99046333e-02 -7.84005150e-02 -2.61672642e-02
  4.75638770e-02  5.85504472e-02  2.47451924e-02 -5.90329356e-02
  3.42492983e-02 -6.43958151e-02  1.42879756e-02  2.04244559e-03
  2.54353695e-02  7.97069371e-02 -7.68045038e-02 -4.77494411e-02
  6.11710660e-02 -1.97349135e-02  2.72342819e-03 -2.96024308e-02
 -2.15962194e-02 -2.65337783e-03  6.35363311e-02 -4.09968533e-02
  4.97567020e-02  3.52466106e-02 -2.82738209e-02  5.02922572e-03
 -4.17956226e-02 -4.08203341e-03  3.94885056e-02  6.45852461e-02
  1.73173491e-02  1.36749791e-02 -1.15877893e-02  6.74988031e-02
 -1.56647358e-02  7.63907507e-02  4.83261794e-02 -8.05232450e-02
  4.56044190e-02 -1.88684687e-02 -1.09415419e-01  2.89464224e-04
  4.47608754e-02  4.45828820e-03 -5.29169627e-02 -9.38538751e-34
 -2.58374005e-03 -6.31210133e-02  7.14051304e-04 -4.61323299e-02
  3.88529943e-03 -4.26753275e-02 -4.14177123e-03 -2.44852137e-02
 -9.80170071e-03 -3.54975127e-02 -8.27344283e-02  2.45322213e-02
  7.80146942e-02  1.65775828e-02 -5.03082713e-03  5.81218190e-02
  1.44866839e-01  1.09871641e-01 -2.59507038e-02  1.42655121e-02
  1.70251131e-02  2.46828347e-02  3.40075716e-02  3.67918834e-02
 -2.39588600e-02  1.01961948e-01 -1.28028495e-02  3.71304043e-02
 -1.72366187e-01 -2.57015452e-02 -3.69744040e-02 -2.18341295e-02
  8.87699127e-02  6.50783330e-02  7.97369704e-03  8.99176486e-03
 -3.96702923e-02 -6.77736402e-02 -1.67872868e-02  3.82540748e-02
  5.62033616e-02 -6.32117242e-02  4.43224534e-02  8.69895145e-02
  1.56519953e-02 -7.09699746e-03 -1.30651910e-02 -7.84333125e-02
 -4.98003028e-02 -1.15106016e-01  1.04070855e-02 -2.85254288e-02
 -2.36992650e-02  3.48833911e-02 -7.12546110e-02  8.81349519e-02
  1.71612054e-02  2.03305651e-02 -1.03911534e-02 -2.65872795e-02
 -5.13297925e-03  2.46908348e-02  7.40837529e-02  8.27727467e-02
  2.45300177e-02 -7.45032867e-03  1.24834649e-01 -2.02138405e-02
  4.78295796e-02 -6.70890585e-02 -4.36579660e-02  1.79395769e-02
  1.11844270e-02  3.36102471e-02 -6.51030988e-02  4.52555493e-02
 -6.23960653e-03  1.59338843e-02 -9.19546466e-03  7.01121334e-03
  1.37608713e-02 -1.31970569e-02 -4.44914289e-02 -5.62464911e-03
 -1.47992652e-02  1.66995563e-02  9.88829788e-03 -1.60086378e-02
  6.57860860e-02  1.14422187e-03 -7.85309151e-02  1.10721730e-01
 -4.77184318e-02 -1.78316347e-02 -3.11457012e-02 -1.65142140e-08
  3.03334985e-02 -1.21420473e-01 -2.17346586e-02  8.66504908e-02
 -8.43973085e-02 -1.33866547e-02 -1.41976429e-02  1.48102883e-02
  3.52228433e-02  2.47152653e-02 -2.43949220e-02  2.27424167e-02
  2.79524513e-02  3.70749682e-02 -3.28783281e-02 -1.08048301e-02
  6.98780492e-02  5.44409715e-02 -2.26026606e-02  5.68081550e-02
 -7.37124495e-03  1.44107593e-02  1.44466206e-01 -4.33560759e-02
 -7.88290240e-03  2.93731745e-02 -6.62874281e-02  2.00384073e-02
  3.66758667e-02 -1.64924320e-02 -3.01493220e-02 -4.79576401e-02
 -2.70725619e-02  6.40055463e-02  4.13952991e-02 -9.06881690e-03
 -1.30468784e-02 -1.74886137e-02 -9.82098281e-02 -2.77293343e-02
 -7.14024976e-02 -1.28739879e-01 -4.67868634e-02  6.45147637e-02
  1.66197680e-02  3.42055857e-02  2.76938025e-02  6.26061931e-02
  2.59866938e-03  6.91042393e-02 -7.24678040e-02 -1.63678434e-02
  2.99196597e-02 -7.93810114e-02  6.82135765e-03 -3.26034017e-02
  1.99270323e-02 -2.91264746e-02  6.72640204e-02  4.39162329e-02
  3.82412635e-02  6.26458600e-02 -3.51354294e-02  2.42740419e-02]"
57,28f779ab-2dcd-4a12-b972-c86b076aff39,Reflexology,nearby beauty & spas massage reflexology,"[ 6.90239295e-03 -2.13440023e-02  5.14359549e-02  8.21020082e-02
 -6.59903809e-02 -2.37957388e-02  2.13946868e-03 -6.75918385e-02
 -4.22011763e-02 -4.33457978e-02  9.24552754e-02 -2.88600903e-02
 -1.89164504e-02  7.79883862e-02  7.73182735e-02 -9.81719606e-03
  1.16588943e-01 -2.42050905e-02  9.45045575e-02  2.85623148e-02
 -3.76648121e-02  1.86334420e-02 -1.38738251e-03  1.94366556e-02
 -8.85712504e-02 -3.13032158e-02 -3.34913917e-02 -6.30126335e-03
  2.69310027e-02 -3.07296347e-02 -1.75700765e-02  2.57748235e-02
 -6.04930744e-02 -2.77272835e-02  4.21974398e-02  1.36658743e-01
 -3.71281393e-02 -5.05853705e-02  1.89107675e-02  6.51673451e-02
 -7.94360563e-02 -4.99667116e-02 -2.65259892e-02 -1.89661290e-02
  7.02319294e-02  5.20522445e-02  6.26349524e-02  2.14439966e-02
  3.12115382e-02 -1.03223594e-02 -6.13622032e-02 -8.01450387e-02
  4.20906581e-03  5.29807573e-03  1.60231125e-02 -4.28175405e-02
 -1.00422665e-01 -2.44394392e-02 -3.11265532e-02  6.07701726e-02
  8.22108239e-02  7.86319934e-03 -3.41712125e-02  1.34207159e-02
 -2.63812672e-02 -4.48675267e-03 -5.47639318e-02  7.89055079e-02
  1.04929082e-01 -1.25888169e-01  6.40723796e-04 -3.22429799e-02
 -3.08269057e-02  8.09353441e-02  5.08119054e-02  5.78905307e-02
  1.41120423e-02 -1.03539685e-02  7.22582079e-03 -7.38221854e-02
  2.99376715e-02 -2.08188109e-02  1.60769634e-02  4.29665372e-02
 -6.50782809e-02 -1.51915392e-02  6.47619516e-02 -5.08746393e-02
  4.47199047e-02  1.95006875e-03  3.49851660e-02 -2.87343077e-02
 -1.86355174e-01 -3.77850197e-02 -2.04861052e-02 -5.52250864e-03
 -7.78417140e-02  4.62968200e-02 -5.57275601e-02  8.07022080e-02
  9.49518383e-03  2.27536149e-02 -5.81934303e-02  9.25233215e-02
 -6.60747737e-02 -9.86156799e-03 -4.38830145e-02  2.67828954e-03
  3.86715345e-02  2.16527171e-02 -1.84659902e-02  3.25559378e-02
 -1.15038432e-01 -4.48730290e-02 -1.03935692e-02 -3.29848118e-02
  6.08260110e-02 -4.60306779e-02  9.70541984e-02 -6.30802885e-02
  4.74960431e-02 -4.81732339e-02  2.50275359e-02 -6.39724433e-02
 -5.32419235e-02  8.72541964e-03 -3.65784131e-02 -1.15949514e-33
  1.44242914e-02  5.76475486e-02  8.63634050e-02  2.17944738e-02
 -8.06589499e-02  6.08459711e-02 -3.09254583e-02  2.80091632e-03
 -3.51965725e-02 -2.11628210e-02 -5.00183478e-02  4.99856509e-02
  1.00622475e-01 -2.66732220e-02 -4.72605303e-02 -3.87285911e-02
  3.81445996e-02  4.90699783e-02 -8.67245346e-03 -2.89166309e-02
 -3.75806727e-02  3.80099416e-02 -2.16635447e-02  4.38002981e-02
 -9.51678380e-02  3.12452484e-02  4.58261706e-02 -4.58468311e-02
  2.10092086e-02  1.21997325e-02  1.03464685e-02 -1.19881397e-02
  2.83133779e-02 -2.87941154e-02  3.44792642e-02  4.47681211e-02
  3.90844159e-02 -8.45216587e-02  5.01652844e-02 -3.86016779e-02
 -5.15467562e-02  5.35881147e-02  2.83728018e-02 -1.96719673e-02
 -2.32197698e-02  7.50086233e-02  1.86014716e-02 -5.14152385e-02
  2.13662982e-02 -3.58796977e-02 -6.04253747e-02  4.29977477e-02
  6.08511083e-03  7.12322295e-02 -3.41887288e-02  1.00212106e-02
 -2.52096839e-02  1.87514592e-02  3.29726189e-02  4.72069439e-03
  2.90636104e-02 -2.52938289e-02 -8.71215761e-03 -1.32068098e-01
 -6.30829670e-03 -2.49333866e-02 -3.85664520e-03 -2.60454905e-03
  3.45083512e-02  5.64695448e-02 -3.65752950e-02  6.32061511e-02
 -3.51462215e-02 -1.49401650e-02 -1.38380388e-02 -2.43083946e-02
  1.08295167e-02  4.56485003e-02 -4.60849553e-02  4.60896902e-02
 -3.86028588e-02  5.59104048e-03 -1.57458184e-03  1.86638504e-01
  7.91273564e-02 -7.74173299e-03 -6.18507378e-02 -1.08897360e-02
 -2.45220046e-02  2.79361457e-02 -5.49736656e-02  8.27936605e-02
  4.15630937e-02 -4.01929626e-03 -5.17804921e-02 -1.22616743e-33
  2.44027115e-02 -6.96562678e-02  2.00872011e-02  8.45996849e-03
  2.16688607e-02  5.08955903e-02 -2.24810913e-02  4.81595248e-02
 -8.92571136e-02  9.68971029e-02 -5.04577644e-02 -5.16928025e-02
  4.29995134e-02  1.93637349e-02 -5.35837188e-02  9.46211368e-02
 -1.84492245e-02 -6.23060251e-03 -4.91818748e-02  9.57050920e-02
  1.90726519e-02  1.53193414e-01  4.33282964e-02 -2.23200843e-02
 -8.79268069e-03  5.25622442e-02 -8.60810466e-03 -6.92604706e-02
 -4.18514311e-02 -6.31943718e-03 -1.63683072e-02 -1.17827961e-02
  7.51795946e-03  6.30874978e-03 -3.19126546e-02  6.16104268e-02
 -4.89347279e-02  3.66297849e-02 -6.12067766e-02  3.59287784e-02
  1.05077371e-01 -3.99685614e-02 -2.02071592e-02  2.60458700e-02
  6.41915426e-02 -7.08650649e-02 -1.08494453e-01 -2.80702747e-02
 -4.11997996e-02  3.61018255e-02  1.44794572e-03 -3.67474854e-02
 -5.72590865e-02  4.40906454e-03 -6.19816110e-02 -5.92228733e-02
  3.05347089e-02 -1.70513894e-02 -8.96700248e-02  1.77927297e-02
  4.24891412e-02 -3.78588215e-02 -4.10451703e-02  3.12165804e-02
  7.71770477e-02  7.97045976e-02  1.93150714e-02 -8.66396260e-03
 -5.32176457e-02 -4.77284845e-03  3.07316100e-03  7.18051791e-02
 -1.68550778e-02 -3.15973945e-02 -2.99584586e-02  2.19131708e-02
  3.90626378e-02 -4.08761166e-02 -1.31982407e-02  5.59072234e-02
 -4.52216752e-02 -3.55494469e-02  2.17185281e-02  3.22226435e-02
 -1.37011744e-02  3.45197357e-02  5.43744378e-02  2.14072615e-02
 -3.45935710e-02 -2.27910019e-02 -6.73285201e-02  6.26090914e-02
 -2.03988999e-02 -5.49769141e-02  3.94025892e-02 -1.73375092e-08
 -4.66654412e-02 -5.40854828e-03  2.81189550e-02  6.97276834e-03
 -4.52607274e-02 -1.91932619e-02 -5.22582978e-02  4.76402640e-02
 -5.36727160e-02  2.09084693e-02 -3.01622655e-02  4.22452055e-02
  9.03288424e-02  2.46156324e-02  1.76290572e-02 -5.54940961e-02
  8.55430365e-02  7.29885995e-02 -7.08509460e-02 -1.67012084e-02
  1.36929695e-02 -9.30396933e-03  7.58734941e-02 -1.93394244e-05
  2.91190315e-02 -6.14859760e-02 -2.20841989e-02  3.66760278e-03
 -6.68899668e-03 -1.59215242e-01  3.67749929e-02 -1.46554485e-02
  5.65597676e-02 -6.24981374e-02 -3.85210030e-02  2.20865738e-02
 -4.75951172e-02 -4.87059318e-02 -5.79838753e-02 -5.42181404e-03
 -1.16439067e-01 -7.90279880e-02  2.03459058e-02  6.12765215e-02
  1.52949980e-02 -2.94289719e-02  9.87467095e-02 -3.06253359e-02
  5.66065833e-02  7.98073336e-02 -4.91619855e-02 -3.72522622e-02
  4.13322300e-02 -3.87441553e-02  2.43555717e-02 -1.81614440e-02
 -3.74047309e-02 -1.62139479e-02 -1.99834891e-02  6.33774996e-02
  8.59571919e-02 -3.51485088e-02 -5.67949079e-02 -8.41086451e-03]"
58,84238387-ff26-4e11-a5b9-82c5d907d209,Bath Houses,nearby beauty & spas spas bath houses,"[ 4.54478636e-02 -4.43988219e-02  4.52308133e-02  3.33209597e-02
 -3.78160924e-02  6.60572783e-04  2.38834918e-02 -1.01957016e-01
 -1.17304377e-01 -4.92025577e-02  5.43281734e-02 -3.15212384e-02
 -1.21088407e-03  8.77884403e-02  5.96872903e-02 -3.29924040e-02
  9.94828641e-02  1.19827893e-02  1.02290094e-01 -1.63928661e-02
  2.24102028e-02 -7.63445161e-03  5.00244321e-03 -2.14995388e-02
  1.66229215e-02 -5.83795179e-03 -1.71538051e-02  5.43351024e-02
 -4.15024869e-02 -2.87265740e-02  3.03460266e-02 -9.37746465e-03
 -7.70794377e-02 -5.68892993e-02  7.30146691e-02  8.79902095e-02
 -3.06387357e-02 -6.54210672e-02  2.76707131e-02  2.93735731e-02
 -5.70566654e-02 -3.75804380e-02 -1.13280874e-03  5.47588840e-02
  3.66980843e-02 -1.81877310e-03  5.67886606e-02 -2.61528436e-02
  5.46588115e-02  8.21825210e-03 -2.39097141e-02  8.98661464e-03
 -1.10910218e-02  3.25267091e-02  2.05111839e-02 -1.08407848e-02
 -7.04308599e-02 -6.68740645e-02  2.36568786e-02 -3.68606374e-02
  6.81801736e-02 -9.12301533e-04 -1.45055223e-02  1.03838407e-02
 -2.68264916e-02 -5.31785414e-02 -5.78854419e-02  1.26010075e-01
  3.29778604e-02 -1.53460264e-01 -1.47540960e-03  2.00591749e-03
 -1.51428496e-02  4.56156954e-02  5.61253205e-02  5.32490872e-02
 -2.08520014e-02 -1.28665743e-02 -2.74826922e-02 -2.27467492e-02
 -6.43797964e-03 -1.29767423e-02  1.08012110e-02  8.16226229e-02
 -3.63852084e-02 -3.85671258e-02  6.73878789e-02 -7.61701241e-02
  6.95481971e-02  1.19105163e-04  1.42169269e-02 -1.35071259e-02
 -1.30425528e-01 -6.30785525e-03  2.16401229e-03 -3.91349383e-03
 -5.33564202e-02  1.58500578e-02  1.49763878e-02  6.99605793e-02
 -5.05568348e-02 -8.71622283e-03 -1.69308130e-02  1.09656751e-01
 -2.74207722e-02 -6.90791383e-02  4.06639129e-02  1.13498025e-01
  5.04920483e-02  3.05944378e-03 -4.98656929e-02 -4.14218195e-03
 -6.21813834e-02 -1.20335100e-02 -9.42244008e-02 -7.30808452e-02
  9.39416960e-02 -6.56143874e-02  5.46948127e-02 -6.08845167e-02
  1.66742634e-02 -4.48636040e-02 -1.86603088e-02 -6.43350258e-02
 -3.28550264e-02  4.29381207e-02  2.07172539e-02 -2.33681444e-33
  3.82672101e-02  6.65108338e-02  4.72924300e-02  8.28179792e-02
 -2.41570603e-02  5.06650805e-02 -3.23418379e-02 -1.47969127e-02
 -1.03064254e-02  1.02093369e-02 -6.79594353e-02 -9.28685814e-03
 -1.69309564e-02 -6.09152718e-03  4.92104050e-03  4.30524014e-02
  3.64259183e-02  1.03135854e-02 -1.55262584e-02 -3.32684554e-02
 -3.78822116e-03  5.06691597e-02 -6.90373927e-02  2.48573311e-02
 -5.83793521e-02 -2.44508125e-02  9.63132642e-03  4.49035130e-03
 -2.87485700e-02  4.01439965e-02  4.41467613e-02 -1.64812431e-02
  7.84483477e-02  1.06366375e-03 -2.49060933e-02  4.48961072e-02
 -2.63808575e-02 -7.73133337e-02  7.16315582e-02 -4.57369424e-02
 -4.33601253e-02  3.11619677e-02  3.14797014e-02  4.10194062e-02
  7.39471568e-03  4.64511029e-02 -2.28457041e-02 -1.99617911e-02
  1.49421869e-02 -1.09560965e-02 -6.68650400e-03  3.51896808e-02
 -7.62906000e-02  1.89956874e-01  4.02158350e-02 -3.44084837e-02
 -7.56878406e-02 -8.16816406e-04  5.34925088e-02  3.74204665e-02
  1.61726493e-02  6.81290999e-02 -2.70507354e-02 -1.20133512e-01
  1.21453516e-02 -3.87478396e-02  6.74394742e-02  5.53598031e-02
  6.36233808e-03  1.14394454e-02 -4.53373939e-02  4.63441433e-03
 -3.73250549e-03 -3.15923356e-02 -1.53255453e-02 -2.76559498e-02
  3.42692100e-02  1.61090232e-02 -2.55791415e-02  5.71394712e-02
  4.52485643e-02 -4.11542095e-02 -3.86101566e-02  1.40990540e-01
  1.05683375e-02 -3.11309323e-02 -2.52474044e-02  7.41168018e-03
 -4.45270985e-02 -2.10284442e-02  6.61413185e-03  7.43090734e-02
  1.02018323e-02 -3.20660435e-02 -1.03296727e-01  1.83156048e-34
 -4.63253371e-02 -9.68567356e-02 -2.21455004e-02 -3.31674935e-03
  1.16036553e-02  2.47863308e-02 -4.60357554e-02 -1.31811267e-02
 -1.64934862e-02  6.99920207e-02 -1.08389132e-01 -2.61991005e-02
  7.04613775e-02 -5.62296808e-02 -9.23345983e-02  9.91871133e-02
  4.87983078e-02 -9.46254879e-02 -8.27360712e-03  8.81754681e-02
 -1.41252140e-02  1.72702089e-01  7.81334564e-03 -3.62101793e-02
 -3.52630429e-02  2.24077329e-02  6.57122815e-03  1.43839698e-02
 -2.81406306e-02 -8.74740351e-03  2.30729161e-03 -3.83646414e-02
  6.68682903e-02  7.97682703e-02  2.99757421e-02  2.80338973e-02
 -1.87794649e-04 -1.28924670e-02 -7.74126574e-02  6.01197220e-02
  1.05396636e-01 -8.71502534e-02 -1.62481330e-02  7.23200664e-02
  8.05098563e-02  1.42307812e-02 -9.28896740e-02 -3.80071700e-02
  1.32798376e-02  2.26186272e-02  4.24233899e-02 -1.17050344e-02
 -4.50413525e-02 -1.01266280e-02 -3.81853916e-02 -8.66342932e-02
  1.86091959e-02  3.10255513e-02 -4.08009999e-02  1.01577312e-01
  4.70776893e-02  2.99547706e-02  3.57185043e-02  4.72618341e-02
 -1.31597109e-02  7.91912600e-02 -7.08441855e-03 -5.64996377e-02
 -6.99939579e-02 -4.78255972e-02 -4.28818539e-02 -2.58408710e-02
 -1.42892860e-02 -6.70489147e-02  1.27399918e-02 -6.71785499e-04
  3.42491902e-02  6.19924739e-02 -1.75441653e-02 -1.94504987e-02
 -4.42894585e-02  5.72293438e-02  2.21858490e-02 -1.33468965e-02
  3.68360616e-02 -3.53000015e-02 -6.43519834e-02  4.82409634e-03
  1.95831759e-03  1.09457485e-02 -3.69794257e-02  3.72086354e-02
  6.18587574e-03 -9.03009251e-02 -1.16873346e-02 -1.79643180e-08
  4.79500480e-02 -4.22869623e-03  4.56221886e-02  2.71129683e-02
 -3.51513289e-02 -3.71616557e-02  2.18244176e-02  1.03288770e-01
  1.53554184e-02  5.45680448e-02  1.35414358e-02  5.81458136e-02
  3.96994352e-02 -2.00326070e-02 -1.39987040e-02  5.36446879e-03
  7.24461004e-02  8.28247797e-03 -5.65887727e-02  2.19061617e-02
  1.42968062e-03  1.19252047e-02  4.44764495e-02  2.37678196e-02
 -1.53630450e-02 -5.73961064e-02 -1.38457483e-02 -6.23037443e-02
 -2.46954206e-02 -1.40866905e-01  4.84055653e-02 -3.69753651e-02
  4.25149500e-02  3.02381590e-02 -5.74613139e-02  3.81834358e-02
 -3.95139083e-02 -3.01163811e-02 -9.92207900e-02 -6.89872280e-02
 -1.34130806e-01 -1.40103325e-01  3.39072235e-02 -7.10170018e-03
  1.90036036e-02  3.97479162e-02  1.46687860e-02 -3.10544800e-02
  5.00287078e-02  3.90669033e-02 -1.01803072e-01 -2.31588762e-02
  1.11500761e-02 -5.09025976e-02  3.18930321e-03 -3.62553215e-03
 -2.55840421e-02 -6.59738779e-02  2.16614120e-02  5.37397154e-02
  4.35626954e-02 -1.85627099e-02 -6.98570311e-02  6.02682307e-02]"
59,00dcb3b8-8176-4d67-85a5-4a64c56e2955,Escape Games,nearby things do fun & leisure escape games,"[ 1.15959428e-01  6.04190165e-03  2.87894607e-02 -2.51645949e-02
  4.84042242e-02  2.69144289e-02  6.68871105e-02 -6.57864213e-02
 -1.72173865e-02  2.60465108e-02  4.68314178e-02 -1.82258524e-02
 -2.13704072e-02  3.31344903e-02  1.43589318e-01 -4.17638533e-02
  1.47586018e-01 -1.86634883e-02 -1.03873359e-02 -3.26405987e-02
 -3.63744311e-02 -3.18931192e-02  4.15938832e-02 -2.29402967e-02
 -6.62350878e-02  1.61670018e-02 -2.62033418e-02  8.75386894e-02
  1.60274785e-02  8.95520393e-03  1.29497703e-02  7.91224390e-02
 -6.10248558e-02 -1.62811845e-03  1.15331020e-02  6.57253638e-02
  5.25772618e-03 -5.70758022e-02  1.64270680e-03  8.11014138e-03
 -3.80790234e-02 -3.73584703e-02  5.61553389e-02  2.34416481e-02
 -1.43581359e-02  5.13194092e-02 -6.41686320e-02 -3.27525400e-02
  4.35343832e-02  1.38736721e-02  8.18128660e-02  4.86171208e-02
 -2.39272602e-02  1.87488310e-02 -2.06459668e-02  1.35185132e-02
 -5.63224889e-02 -1.24197695e-02  4.79105115e-02 -3.39696817e-02
  7.31684342e-02  2.44301949e-02 -1.55125475e-02  1.65768396e-02
 -7.95464069e-02 -5.23615927e-02 -8.20260346e-02  5.70355803e-02
  2.70649903e-02 -9.54584032e-02 -1.12855621e-02 -4.66844700e-02
 -7.38589689e-02 -1.49838170e-02  1.08312275e-02  7.00183585e-02
 -3.59122083e-02 -6.35737106e-02 -3.70805077e-02 -8.31697416e-03
  2.32337881e-02 -1.61818545e-02  4.16456461e-02  1.25850989e-02
  2.70159612e-03 -1.52628412e-02 -2.08213665e-02  3.27319875e-02
  6.31330237e-02 -1.76224597e-02 -5.20223416e-02 -3.11459433e-02
 -9.49037913e-03  4.85287933e-03 -2.00271280e-03 -3.76599208e-02
 -5.00909463e-02 -5.77576905e-02 -2.46174932e-02  4.33965884e-02
 -3.24223265e-02  8.96114036e-02  7.76578188e-02  5.32197617e-02
  8.55496805e-03  4.44620922e-02 -5.12234829e-02  4.27959338e-02
  1.01740375e-01  5.11914082e-02 -4.31036577e-02  1.12548703e-02
  3.09698898e-02 -2.21721921e-03 -7.10429698e-02 -2.53394507e-02
 -3.27800363e-02 -7.80493580e-03  2.06642803e-02  5.78324907e-02
  4.76925671e-02  5.07608578e-02  2.32789032e-02  1.90946199e-02
  2.12016869e-02 -1.43747013e-02 -2.00902931e-02 -1.82884789e-33
  4.24908698e-02 -8.34421739e-02  2.08031498e-02  3.43799479e-02
  5.44935539e-02  3.58718121e-03 -1.30547378e-02 -7.24970698e-02
 -3.21925506e-02  4.78802100e-02 -6.14484847e-02  5.59035176e-03
  3.63683375e-03 -8.08208250e-03  1.21476024e-01 -4.26954478e-02
 -4.51850798e-03 -4.97602671e-02 -3.66602116e-03 -3.05153541e-02
 -2.78093386e-02 -7.16264546e-02  5.75929210e-02 -2.06031613e-02
 -1.02576185e-02  4.38607149e-02 -9.12215561e-03 -8.77706036e-02
  1.30242109e-01  4.13111672e-02 -3.71404854e-03 -2.90156789e-02
 -7.65093714e-02 -3.76526788e-02  6.24173060e-02  9.52600986e-02
 -5.60399853e-02 -5.31365871e-02 -2.76308088e-03  4.37922068e-02
 -6.27227500e-02 -4.14556079e-02 -7.49398321e-02 -3.59118520e-03
  1.57177355e-02 -1.33232540e-02  1.01500049e-01 -4.29714732e-02
 -6.48940206e-02 -1.07231550e-02 -1.24637168e-02 -7.75988633e-03
 -6.16617203e-02 -6.25139922e-02 -3.83234136e-02 -2.34520026e-02
  3.61507013e-02  1.22211699e-03  5.26785702e-02 -4.60477471e-02
  4.19750884e-02  4.04013991e-02 -4.12490638e-03 -7.44485185e-02
  7.88079202e-02  3.21184881e-02  6.12525679e-02 -1.57325435e-02
  1.08159510e-02  4.34891842e-02  5.46589941e-02  6.57969788e-02
  3.23719718e-02 -1.84984170e-02 -1.49972290e-02  4.54248898e-02
 -2.11746562e-02 -4.35261540e-02 -3.49761806e-02 -2.80348528e-02
  5.19007705e-02 -3.01259421e-02 -7.39523247e-02  2.41683945e-02
  1.91732273e-02 -4.28742953e-02  2.31019612e-02 -1.41644806e-01
 -8.79411921e-02 -1.03866290e-02  1.06968051e-02  1.55908624e-02
 -4.06532921e-02 -1.40202390e-02 -4.53191027e-02  2.84599672e-34
  1.01721697e-02 -1.12099804e-01 -4.13804501e-02 -7.84258768e-02
  1.20731229e-02  1.27948122e-02 -3.19083370e-02 -5.41737638e-02
 -2.66982727e-02  3.84139717e-02 -1.69453606e-01  5.72443306e-02
  8.59432369e-02 -2.61486066e-03  4.32636812e-02 -3.41703892e-02
  1.23977162e-01  4.82308008e-02 -2.74078846e-02  6.20720945e-02
  5.06877899e-02  3.25354896e-02 -1.34747066e-02 -3.29588191e-03
  5.68691315e-03  6.60343096e-02 -5.97868674e-03 -9.12543759e-02
 -1.11846693e-01  4.22234945e-02 -5.96334226e-02  3.31120491e-02
  6.70198053e-02  3.30403261e-02  9.38976742e-03  1.96635425e-02
 -4.37470106e-03 -5.56502342e-02 -9.05861929e-02 -1.02785982e-01
  1.88688077e-02 -1.85541436e-02  2.20744964e-02  4.48868424e-02
  8.00243672e-03  7.04566613e-02 -1.25315920e-01 -3.27094980e-02
 -2.98234019e-02  6.34630676e-03  7.46761262e-02  1.16127348e-02
 -1.09703235e-01 -6.72557205e-02 -1.63982101e-02 -1.58442073e-02
 -2.38680113e-02 -3.31937661e-03 -3.39881852e-02 -5.19829942e-03
  3.49796265e-02  3.99602167e-02 -6.13591038e-02  9.87660289e-02
  3.09562329e-02  2.71412693e-02 -1.06533371e-01 -4.80060875e-02
 -2.81567220e-03 -8.24687183e-02 -8.77227560e-02  4.39389125e-02
 -2.50570402e-02 -9.48005915e-02 -8.20596367e-02  2.36605182e-02
  4.56638448e-02  3.27006355e-02  3.43615189e-02  6.44923970e-02
  2.35943906e-02  1.36593739e-02  1.92213319e-02  1.86305288e-02
 -2.77717672e-02 -2.04786062e-02 -5.86004518e-02 -1.88623182e-03
 -8.26303139e-02 -2.82267760e-02  4.09750454e-02  1.38547674e-01
  1.87654700e-02 -5.40066045e-03 -7.23814534e-04 -1.65158820e-08
  9.43872239e-03  2.00629923e-02  9.62894596e-03  7.33913248e-03
 -5.44731617e-02  7.35311024e-03  4.61149067e-02  5.94470203e-02
  3.74597348e-02  5.00591137e-02  1.25350896e-02 -5.85492179e-02
  9.28756744e-02  5.71112670e-02  5.61778471e-02  1.65761970e-02
  7.56333694e-02 -4.55932282e-02 -5.56118600e-02  1.15411967e-01
  2.67225448e-02  3.72056626e-02  5.26429266e-02  3.63496889e-04
 -7.57633746e-02 -8.32518749e-03 -7.46638700e-02 -4.35063690e-02
  8.56836438e-02  2.27556210e-02  5.96136600e-02 -6.35251999e-02
  3.10097355e-02  3.44380215e-02 -1.67642254e-02 -6.05219789e-02
  4.00856361e-02  1.46354828e-02 -4.99213003e-02  2.32009588e-05
 -5.55554777e-02 -9.59622338e-02 -4.20653187e-02  4.21511270e-02
 -9.98801179e-03  8.08993056e-02  3.08996476e-02 -6.85438439e-02
 -2.97494549e-02  5.18731661e-02 -3.17352153e-02 -3.23687494e-02
 -2.01228857e-02 -4.58489992e-02  1.14081673e-01 -2.21084729e-02
 -4.31840494e-02  1.78012736e-02 -3.42838070e-03  1.25694703e-02
 -5.23229204e-02  4.11198288e-02 -5.87616302e-02  5.68507425e-02]"
60,b15cd6b1-5c37-445b-93c4-764e4597f020,Acupuncture,nearby health & fitness natural medicine acupuncture,"[ 2.51764618e-02  2.01951601e-02 -1.95344035e-02  5.42182773e-02
 -3.80375460e-02  3.09964474e-02 -4.60712798e-02  3.59775778e-03
 -1.82666015e-02 -3.88105176e-02  2.77977027e-02  1.21940300e-02
 -4.42289114e-02 -1.66115910e-02  1.74843967e-02  1.75652858e-02
  7.69471973e-02 -7.80794676e-03  2.66495273e-02 -3.61746810e-02
 -1.64135888e-01  4.84003201e-02  9.68967676e-02  6.25940040e-02
 -1.14946952e-02 -3.23975459e-02 -2.54723355e-02 -5.89888208e-02
  3.56198400e-02  4.52058688e-02 -1.36201782e-02  5.57616539e-02
 -4.63505052e-02 -4.75664884e-02  6.07174188e-02  8.56332332e-02
 -4.96878587e-02 -2.46642176e-02 -4.25270163e-02 -8.73970520e-03
 -3.54070142e-02 -9.29144025e-03 -2.94664651e-02 -3.76521684e-02
  3.63652855e-02 -2.03128485e-03 -3.97349820e-02  4.74176072e-02
  7.02586100e-02 -1.80928092e-02  4.83407155e-02 -5.92084862e-02
 -4.57312958e-03  5.43116294e-02 -3.03812996e-02  1.76773798e-02
 -1.26822248e-01 -4.96442840e-02 -6.30630478e-02  8.15028250e-02
  7.83557668e-02 -1.13020828e-02 -1.25208534e-02  7.28805065e-02
  2.86055412e-02  3.91231962e-02 -6.56191185e-02  6.84901252e-02
  5.12136295e-02 -1.18065663e-01 -1.84769277e-03 -4.77576703e-02
  6.59000203e-02  7.09061474e-02  8.82947296e-02  5.05297966e-02
 -1.69781968e-02 -5.24107814e-02  6.19698279e-02 -2.21306924e-02
 -3.60868848e-03  7.86224157e-02  2.03161743e-02  1.38337612e-02
  4.56376970e-02 -1.83400288e-02  5.18160164e-02  2.94833053e-02
 -1.27616217e-02 -4.34958823e-02  3.68670560e-02  4.48931716e-02
 -1.35592848e-01  2.10216809e-02  2.80984025e-02 -2.97223357e-03
 -6.32527843e-02  1.70166288e-02 -1.17378443e-01 -2.66700494e-03
  1.04323691e-02  2.78814975e-02 -1.52323097e-02  3.23029086e-02
 -4.60243970e-02 -2.89716329e-02 -6.41526356e-02 -6.63246885e-02
  1.15892388e-01  2.51184963e-02 -4.06047218e-02 -1.95778720e-02
 -1.16423488e-01  2.89465170e-02 -3.05596031e-02  3.36510353e-02
  6.49907067e-02 -8.39079637e-03  2.93348962e-03 -3.48886885e-02
 -3.32443118e-02 -7.51211494e-02 -4.75576185e-02 -1.20581515e-01
  6.42131455e-03 -4.36458439e-02 -6.27893582e-02  1.03888262e-34
  1.39135392e-02 -5.09075914e-03  8.20577815e-02 -4.86414321e-02
  4.12178710e-02  1.53809162e-02 -8.06976259e-02 -3.68520729e-02
  3.41936015e-02 -1.20866569e-02 -6.07496761e-02  7.62030333e-02
  8.26908574e-02  5.13047678e-03 -3.07870284e-02 -8.72968882e-02
 -2.23080032e-02  8.54507983e-02 -1.24997245e-02 -3.93325090e-02
  4.50193472e-02 -1.66641790e-02 -2.65080798e-02  8.25280920e-02
 -5.94221577e-02  1.82957482e-02  1.01948706e-02  2.85077095e-02
  2.24443153e-02 -1.19980390e-03 -3.23400572e-02 -1.87705941e-02
 -4.49947119e-02 -2.77783126e-02 -3.29089873e-02  4.05970700e-02
  2.62747817e-02 -3.57554257e-02 -2.39649229e-02  1.61240920e-02
  7.17405528e-02  7.26610497e-02  3.33236344e-02 -1.94432249e-03
  6.70752227e-02  4.47433628e-02 -1.89444609e-02 -7.79029056e-02
 -1.96114779e-02 -3.37020010e-02 -4.60962728e-02 -1.29671264e-02
 -2.32123714e-02 -4.62233797e-02  1.44062825e-02 -1.23623889e-02
 -9.65891927e-02  4.14172970e-02  8.96335617e-02  3.20548750e-02
  3.44952680e-02 -1.30582449e-03 -3.57924625e-02 -5.34660183e-02
 -9.55606923e-02  1.34899970e-02 -7.00092176e-03 -1.06907427e-01
 -8.87344033e-02  3.65912393e-02 -5.00607975e-02  6.61086664e-02
 -6.86146095e-02  9.98396352e-02  6.42818585e-02 -5.30891009e-02
 -3.79667990e-02  4.19554636e-02 -5.35622165e-02  2.39849184e-02
 -1.50976442e-02 -1.85057241e-03 -6.56337989e-03  1.41817942e-01
  6.93192557e-02 -2.19584741e-02 -1.14361778e-01  9.77889728e-03
  3.13946754e-02 -5.12323529e-02 -7.64300860e-03  9.02169868e-02
  5.46099953e-02 -2.44074445e-02  2.75632776e-02 -1.76173010e-33
  1.78680848e-02 -1.01674855e-01  4.84522944e-03 -2.38183588e-02
  5.36580756e-02  2.40998156e-02  5.24290130e-02 -1.80982221e-02
  5.15413135e-02  9.30104963e-03  8.08133930e-03  3.74981463e-02
  5.83561286e-02 -9.61182057e-04 -3.26825604e-02  7.97091797e-02
  1.63473152e-02  1.04379982e-01  2.84149684e-03  4.64973599e-02
  1.80802569e-02  5.50347231e-02  7.07967766e-03 -8.78825337e-02
  2.26133280e-02  4.63610329e-02 -3.93804200e-02 -1.26283057e-02
  7.45191276e-02 -2.75522191e-02 -6.22248687e-02  2.28367671e-02
 -5.05669899e-02  4.46268804e-02 -4.87227142e-02  4.95892093e-02
 -3.68665569e-02 -5.27097508e-02 -8.78812224e-02  3.37940678e-02
  1.44153848e-01 -2.61659268e-03 -5.13571687e-02  4.46674004e-02
  3.95125300e-02 -5.43696731e-02 -5.89106046e-02 -2.56779213e-02
 -6.76722676e-02  3.73732634e-02  7.51908645e-02 -4.28123474e-02
 -1.86921638e-02  1.36485379e-02  4.63811196e-02  3.04150563e-02
 -2.94284448e-02 -2.51871906e-02 -7.28004351e-02 -8.75861049e-02
  5.80542581e-03  8.76201782e-03 -3.65309082e-02  4.13492918e-02
  3.63611467e-02  9.06291083e-02  7.18167350e-02  6.32210970e-02
 -4.36845571e-02  5.82144819e-02 -7.32039511e-02  3.76531072e-02
 -2.45200619e-02 -3.14411558e-02  1.30288238e-02  2.75745578e-02
  2.27236319e-02 -6.30332157e-02  1.85444296e-04  1.18398399e-03
 -9.81272012e-03 -1.66997258e-02 -1.06504804e-03  7.50985891e-02
 -1.51599366e-02  7.30135292e-02  7.32367951e-03 -1.00239580e-02
 -3.56489718e-02  5.21419607e-02 -1.85366664e-02  1.55643187e-02
 -2.42640544e-02  3.92098017e-02  3.03544477e-02 -1.86681426e-08
  3.06302123e-02 -1.62349315e-04 -1.48025723e-02 -3.38285416e-02
  1.38293775e-02  2.56929845e-02 -6.19444437e-02  5.22418134e-02
 -4.31836098e-02 -6.51434064e-03 -5.27212545e-02  5.89888506e-02
  1.14766471e-01  1.02297440e-02 -5.28294966e-02 -3.03630140e-02
  2.94971261e-02  1.29160643e-01 -5.88945337e-02  2.53322031e-02
 -4.03023399e-02  3.86941209e-02  6.47612810e-02 -1.62142701e-02
  1.34411757e-03 -5.25605120e-02  2.58058752e-03 -5.74992970e-03
  7.24083232e-03 -8.93119276e-02 -5.26907528e-03  2.25779414e-02
  2.55538095e-02 -5.01648523e-02 -5.20641729e-02 -1.79462451e-02
  1.17048547e-02 -2.51374282e-02 -6.30256906e-02 -2.46717297e-02
 -6.52218387e-02 -3.61891761e-02  3.56175154e-02  4.12225984e-02
 -3.01688444e-03 -1.55585855e-01  8.64691064e-02 -5.04138358e-02
 -1.29802187e-03  4.89821434e-02  1.98396221e-02 -1.38176819e-02
  5.32149002e-02 -5.48775457e-02  1.67938210e-02  3.19887400e-02
 -5.05016819e-02 -9.87638682e-02 -8.37420151e-02 -2.20313724e-02
 -3.12054101e-02 -2.09873524e-02  2.83660609e-02  6.36119843e-02]"
61,290bee0f-7d35-45bd-9b9d-624e9ee3f013,Day Spas,nearby beauty & spas spas day spas,"[ 3.55337076e-02 -3.07114404e-02  7.54668787e-02  1.19396083e-01
 -5.91683872e-02 -6.72435528e-03  3.62051837e-02 -1.20780982e-01
 -1.03914216e-01 -6.87542036e-02  8.66281241e-02 -4.82832380e-02
 -3.55051681e-02  9.98132676e-02  9.61504206e-02 -5.11957072e-02
  1.12978868e-01 -3.07835285e-02  6.54566064e-02 -5.59710013e-03
 -1.64396167e-02 -5.78133613e-02 -3.92003916e-02  3.73070710e-03
 -6.77376762e-02 -8.01740773e-03 -4.76913862e-02  4.48893942e-02
 -1.56794805e-02 -8.15070793e-02 -2.43635196e-02  2.63189990e-03
 -5.44043258e-02 -1.93598587e-02  6.05974719e-02  7.41927475e-02
 -1.24828611e-02 -7.13289082e-02  1.09884292e-02  8.74730796e-02
 -1.01539463e-01 -4.49853837e-02 -2.04585064e-02  6.57459348e-02
  3.32321562e-02 -1.64237320e-02  4.09210436e-02  2.74767317e-02
  7.80013055e-02  2.89166234e-02 -9.21286549e-03 -6.01101406e-02
 -1.59573443e-02  2.28480268e-02  6.93012401e-03 -1.67890340e-02
 -4.25202176e-02 -7.28527382e-02  2.46176329e-02 -5.15055619e-02
  6.71324655e-02  1.54999690e-02 -1.67099666e-02  2.04341393e-02
 -7.78714716e-02 -6.07746653e-02 -9.07044485e-02  1.05760753e-01
  6.94308653e-02 -1.55728117e-01 -2.78836526e-02 -2.68114195e-03
 -4.19849753e-02  8.08141455e-02  4.83443365e-02  1.20283790e-01
  3.50709353e-03 -2.32079197e-02  1.67869497e-02 -3.93811800e-02
  5.79223689e-03  2.61591561e-03  2.33314112e-02  4.16239984e-02
 -4.91008051e-02 -1.40860602e-02  4.69229110e-02 -3.17187607e-02
  1.08193263e-01 -6.72331778e-03  2.15790719e-02  1.16067016e-02
 -1.35653466e-01  2.05218364e-02 -4.66910340e-02 -3.86802405e-02
 -6.71702176e-02  1.56682299e-03  1.38366874e-03  7.76661783e-02
  8.77903868e-03  3.28836627e-02 -5.74638247e-02  9.06757116e-02
 -6.29149564e-03 -2.55679749e-02 -2.74836682e-02  8.65630284e-02
  2.73547452e-02  1.92522872e-02 -1.06039448e-02  6.30923361e-02
 -7.86203612e-03 -1.65224541e-02 -5.95053770e-02 -3.75778154e-02
  8.78314003e-02 -4.52804305e-02  8.49470720e-02 -6.94174990e-02
 -1.06809009e-03 -8.88892822e-03  1.56926904e-02 -5.90864681e-02
 -5.88839389e-02  6.24629147e-02  8.58501717e-03 -1.43341737e-33
  1.46326032e-02  7.34855607e-02  6.85615838e-02  6.36561736e-02
 -2.01687850e-02  2.81210896e-02 -4.03499193e-02 -4.42755483e-02
 -5.47144897e-02 -3.56498510e-02 -1.23933151e-01 -2.84287632e-02
  2.98002865e-02 -1.71075687e-02  2.40994692e-02 -4.26945314e-02
  5.43270893e-02  4.35479544e-02 -1.78632680e-02 -3.90284024e-02
 -4.60277833e-02 -7.32052000e-03 -4.25550975e-02 -1.97447408e-02
 -2.04147603e-02  3.75505909e-02  1.46925952e-02 -1.31683145e-02
  1.22862505e-02  1.19554838e-02  6.16835207e-02 -2.91995667e-02
  9.42294449e-02  4.01318222e-02  3.00864615e-02  4.84918244e-02
  2.61116009e-02 -9.72134247e-02  3.48674990e-02 -5.60671315e-02
 -8.11772421e-02  1.81800853e-02 -1.85991619e-02 -4.84956987e-03
  1.66044161e-02  8.02883804e-02  3.19824964e-02 -6.83845161e-03
  5.08443005e-02 -3.96822691e-02 -5.00968136e-02  4.10325043e-02
 -4.80285324e-02  1.10004798e-01  2.97205560e-02 -1.81548065e-03
 -4.06043753e-02 -4.01719734e-02  1.02694854e-01  2.40684790e-03
  6.51381537e-02  4.63252701e-02 -2.83696372e-02 -1.07234798e-01
  1.42704723e-02 -3.61366272e-02  6.61893561e-02  2.32736245e-02
  2.16596341e-03  4.64906655e-02  2.13139076e-02  5.19722654e-03
  3.52237225e-02 -2.81817727e-02 -1.75897609e-02 -2.61085257e-02
  7.38625154e-02  1.79655589e-02 -1.16481502e-02  6.41578734e-02
  2.42254995e-02 -5.83070293e-02 -5.36714531e-02  8.21812749e-02
  4.21413034e-03 -2.85005923e-02 -4.38282900e-02  4.53725399e-04
 -3.21099013e-02 -2.71655936e-02 -5.35897091e-02  7.12666884e-02
  3.58418998e-04 -2.38046870e-02 -4.57400382e-02 -9.27978862e-34
 -3.14040557e-02 -8.93103108e-02  1.59801058e-02  2.91760489e-02
  1.94965042e-02  3.73986587e-02 -4.01278250e-02  6.01477502e-03
  1.05275761e-03  1.29360825e-01 -1.42385095e-01  2.19600485e-03
  4.88043167e-02 -5.83130866e-02 -1.08035780e-01  8.79726484e-02
  3.69551256e-02 -3.85457501e-02 -4.59384285e-02  8.93671438e-02
 -6.66353256e-02  1.34970695e-01 -4.81254682e-02 -2.13026181e-02
  1.77652556e-02  6.28610179e-02 -2.65597720e-02 -1.98122971e-02
 -6.45912811e-02 -6.98798569e-03 -1.38365123e-02 -3.66201401e-02
  2.88330298e-02  8.85530785e-02 -1.98698812e-03  4.76833694e-02
 -1.53069701e-02  1.36179579e-02 -1.44206183e-02  3.95223722e-02
  6.19135797e-02 -4.86250632e-02 -2.98784405e-04  5.42494729e-02
  5.92046678e-02 -3.72841582e-02 -1.19694024e-01 -7.52776815e-03
  2.55090930e-02  1.01017365e-02 -3.20014283e-02 -1.98710933e-02
 -4.90688458e-02  5.88739626e-02 -4.60058264e-02 -6.03105016e-02
 -2.99273874e-04  1.81874372e-02 -5.80261126e-02  5.01271486e-02
  1.06779467e-02 -4.55666259e-02 -9.80635919e-03  4.90173995e-02
  3.04722507e-02  1.48834707e-02  4.93230438e-03 -4.90051089e-03
 -7.84317479e-02 -5.43274693e-02 -3.56180519e-02  1.49371075e-02
 -2.53619403e-02 -7.28702918e-02 -6.89399317e-02  4.02191235e-03
  5.86643331e-02  5.63137420e-02 -4.13752124e-02  1.07971365e-02
 -3.20302583e-02  2.06108242e-02  3.59850377e-02  4.66387579e-03
  1.17064277e-02  1.72557179e-02 -1.08501054e-02  1.47882529e-04
 -2.24618614e-03  6.04718328e-02 -3.25431451e-02  4.59258445e-02
  2.75260583e-02 -7.49475360e-02 -1.96358338e-02 -1.88662863e-08
  5.21205626e-02  1.67763103e-02  1.32185938e-02 -3.34317068e-04
 -2.76071317e-02 -5.56015335e-02 -1.20344386e-02  6.54863790e-02
  2.53206193e-02  8.86682570e-02  2.68418640e-02  4.87137586e-02
  2.32869796e-02  9.76254814e-04 -7.00602680e-03 -3.17900591e-02
  2.02661604e-02  4.46105152e-02 -2.65348498e-02  3.89095917e-02
 -1.09612420e-02  2.31091585e-02  4.04137969e-02  8.75963829e-04
 -4.51455684e-03 -3.27424426e-03  3.61775141e-03 -1.53950397e-02
  3.18411142e-02 -1.08821079e-01  3.48954387e-02 -2.03270204e-02
  4.42836098e-02 -4.35057767e-02 -5.91761023e-02  1.44022694e-02
 -8.06294754e-02 -3.53753828e-02 -1.11081779e-01 -3.58872227e-02
 -1.14586696e-01 -1.07584298e-01  5.80658391e-02  9.30074416e-03
 -1.26896827e-02  6.72017485e-02 -3.26274857e-02 -5.54289967e-02
  1.70364641e-02  8.76079202e-02 -7.88992941e-02 -3.94380726e-02
  6.16210327e-03 -3.80514599e-02  5.26669668e-04  4.64408222e-04
 -2.42513027e-02 -3.85404415e-02  4.11863402e-02  4.41999771e-02
  7.71539658e-03 -4.41871583e-02 -3.81569304e-02  3.72773483e-02]"
62,64c9dac9-d98f-43c3-adcb-cbab9dc662eb,Injectables & Fillers,nearby beauty & spas cosmetic procedures injectables & fillers,"[-2.37055961e-02  7.32246879e-03  4.67741936e-02  5.83181120e-02
 -6.28573745e-02 -2.30826288e-02  3.07775345e-02  5.93042932e-03
 -1.13438413e-01 -2.69636642e-02  4.10566367e-02 -4.80511822e-02
 -2.20556743e-02  4.92271110e-02  4.97352742e-02 -1.48628401e-02
  9.26632881e-02 -3.72736789e-02  3.84748280e-02  1.92068815e-02
  1.61354281e-02  2.44613434e-03 -2.66874488e-02  8.71439371e-03
 -7.59966224e-02 -6.55936152e-02 -6.33897111e-02 -5.08743757e-03
  2.90566608e-02 -6.66301399e-02  4.24066419e-03  2.37887558e-02
 -6.78711385e-02 -7.60067105e-02  3.38778347e-02  4.45381962e-02
 -2.85873655e-02  2.83510201e-02 -1.42453536e-02  4.29877527e-02
  1.59757794e-03 -1.08493820e-01 -8.67983773e-02  5.51909842e-02
  5.63868694e-02 -1.00840991e-02  3.58547010e-02 -2.85505522e-02
  2.08211057e-02  2.81351656e-02 -5.66460751e-03 -8.43209028e-02
 -2.62370259e-02  2.56594103e-02 -5.78616261e-02 -4.00357321e-02
 -4.07045968e-02 -9.41993594e-02 -6.04570806e-02 -2.74432427e-03
 -7.45820440e-03  1.62391346e-02  1.26009947e-02  7.91691467e-02
 -6.77636862e-02 -4.42691892e-02  1.17907003e-02 -1.74693577e-02
  4.32601906e-02 -9.17429179e-02  6.42046258e-02 -4.79931943e-02
 -4.99411784e-02  5.55279031e-02  2.38714293e-02  5.67287430e-02
  3.73122878e-02 -2.25448888e-02 -1.17471507e-02  4.85856144e-04
  2.55308803e-02  2.14133039e-02  4.32327837e-02  5.12009598e-02
 -3.72362994e-02  4.93421592e-03 -3.13633308e-02 -1.14768587e-01
  1.22737242e-02  9.17603727e-03  3.40531655e-02  4.14002836e-02
 -7.41909891e-02  1.41157340e-02 -3.22357230e-02 -2.45302133e-02
 -4.42765057e-02 -1.81135610e-02  3.83152328e-02  6.40045479e-02
 -7.02259913e-02 -4.94562201e-02 -1.06395327e-01  3.46534103e-02
 -2.03439165e-02 -7.31868371e-02 -6.68023825e-02 -4.59144898e-02
  5.97415119e-02  5.05347289e-02 -1.88062824e-02 -3.78562212e-02
  1.38863884e-02 -3.92420497e-03 -5.07963076e-02 -9.00864787e-03
  7.88162723e-02 -4.65735495e-02  9.19011831e-02 -2.56534051e-02
 -5.69719858e-02  1.77105721e-02  3.12709510e-02 -1.31575897e-01
 -1.37341339e-02 -3.30134742e-02  2.83495337e-02 -1.27151470e-33
 -2.00680811e-02  5.18593006e-02  6.06233813e-02  1.39427483e-01
 -4.68901508e-02  8.72936472e-02 -1.83530292e-03 -1.53880948e-02
 -1.93167534e-02 -1.57601368e-02 -8.11116546e-02  1.23401219e-02
 -3.26458290e-02  8.83661956e-02 -2.22010370e-02 -2.25408208e-02
  6.72179088e-02  8.24174806e-02 -6.64975913e-03 -1.91769600e-02
 -3.42871174e-02 -2.57270690e-02 -4.52192016e-02  3.90293859e-02
 -6.94829458e-03  7.18135461e-02 -5.28537594e-02  4.32212092e-03
 -1.17038507e-02  1.70856901e-02  4.29062992e-02  5.64836897e-02
  6.02857992e-02 -1.68052465e-02 -5.48764020e-02  3.08175199e-02
  1.80891715e-02 -6.26003370e-02 -1.11095449e-02 -7.17502609e-02
  9.78956372e-03  3.67495678e-02  3.71535011e-02  5.85880056e-02
  1.07107288e-03  6.85830787e-02 -3.51534300e-02  2.48726532e-02
  9.94388852e-03 -4.12093438e-02 -3.04518100e-02  1.15251742e-01
 -8.17601336e-04  9.06288475e-02  7.79130589e-03  2.08068416e-02
 -7.11602867e-02 -7.20492154e-02  5.18331453e-02  5.11420779e-02
 -1.57223288e-02  7.68268853e-02 -5.24099357e-02 -9.95486788e-03
  5.34402467e-02 -4.59628142e-02  7.91339800e-02 -1.61283985e-02
 -3.75037044e-02 -1.86206773e-02 -1.95824075e-02  1.00416899e-01
 -1.93317607e-02 -7.62310671e-03 -1.46678388e-02 -3.70787196e-02
  2.82678548e-02  4.77299727e-02 -4.30068700e-03  4.29541990e-03
  4.35112156e-02  1.25812599e-02 -5.69684096e-02  2.20167059e-02
  5.32884896e-02 -3.01369745e-02 -1.40574984e-02  4.34981436e-02
  6.84962124e-02 -4.19518836e-02 -1.10569096e-03  5.53417206e-03
 -2.90781595e-02 -4.09229100e-02 -7.39218667e-02 -7.08630698e-34
 -2.24657506e-02 -8.75010192e-02 -1.71706290e-03  7.14285001e-02
  9.54703167e-02  7.32626691e-02  1.71252934e-03  1.90810338e-02
  5.96698336e-02  1.03657469e-01 -9.45712030e-02  4.94030192e-02
  9.60917547e-02 -7.82223120e-02 -1.32979348e-01  7.02396631e-02
 -3.38268317e-02 -2.96656955e-02 -9.79035720e-02  2.69537456e-02
  3.12150689e-04  8.68357718e-02 -1.33069360e-03 -5.28389663e-02
 -7.04916716e-02  5.08777201e-02 -4.39816751e-02 -1.72694344e-02
 -1.72643978e-02  1.02448231e-02 -3.23273130e-02 -3.76146361e-02
 -7.39586249e-04  1.66087113e-02 -4.02120873e-02 -1.36354398e-02
  4.04198508e-04  2.51168273e-02 -2.01450214e-02 -8.61250889e-03
  4.09442373e-02 -1.12766176e-01 -4.29314375e-02  9.98532176e-02
 -1.11694839e-02 -8.80336836e-02 -7.55925849e-02 -8.04940239e-02
  5.98490946e-02  8.37875064e-03 -4.85693030e-02  8.81869067e-03
 -4.60764207e-02  9.04453769e-02 -4.24445271e-02 -9.36604012e-03
 -9.66015644e-03 -6.00436069e-02  2.59523522e-02  7.71807507e-02
  7.45617449e-02  2.19280254e-02 -3.54973041e-02 -8.69862735e-03
  3.96369286e-02  3.00004296e-02  5.93117587e-02 -4.37149629e-02
 -3.61593738e-02 -1.40837850e-02  3.00126281e-02 -7.80957704e-03
  8.40225816e-03 -4.41981927e-02  3.25935222e-02 -4.20100316e-02
  6.96391240e-02 -4.54201922e-03 -6.85727671e-02  2.77307145e-02
  3.11815995e-03 -8.29132125e-02  4.11231034e-02  6.11087345e-02
  9.28021967e-02  1.45999035e-02  3.10378410e-02 -2.54522078e-02
 -7.30658174e-02  2.91646924e-02 -8.51657763e-02  7.49031156e-02
  1.74430478e-02 -3.76020744e-02  2.13433485e-02 -2.01208596e-08
  2.77955327e-02 -4.87356298e-02  3.56495045e-02 -2.36065350e-02
 -6.52857721e-02 -3.87392715e-02 -5.73550630e-03  9.27546471e-02
 -2.00275034e-02  2.24775150e-02 -4.68048900e-02  1.60942972e-01
  3.52347642e-02  1.83901004e-02  2.31707972e-02 -1.85091477e-02
  4.02479842e-02  1.05250604e-01 -9.56073552e-02 -7.03206807e-02
 -5.31705543e-02  3.60657535e-02  6.63057491e-02 -7.26926997e-02
 -1.03850598e-02  2.24671811e-02 -2.02197526e-02  1.29122324e-02
 -5.03715463e-02  1.80307757e-02  7.86682591e-02 -1.43136950e-02
  7.77264759e-02  3.26118059e-02 -4.82363403e-02 -1.13672363e-02
  3.03887818e-02 -5.80072729e-03 -6.54743835e-02 -1.16122584e-03
 -7.30900839e-02 -1.12009928e-01  2.29696576e-02  3.14923860e-02
 -2.12847386e-02 -6.06557494e-03 -3.12074367e-02 -1.03940035e-03
 -5.93001256e-03  1.09742321e-01 -2.18870211e-03 -3.83131802e-02
 -6.59188852e-02  1.63809527e-02 -3.53524946e-02 -1.40184835e-02
  1.14469388e-02  7.21244793e-03  5.59113286e-02  1.34146541e-01
 -1.66439191e-02 -2.40414646e-02  1.09411739e-01  2.87659653e-02]"
63,846731b5-96e3-4f0b-a1c9-3620c8e222d2,Art Classes,nearby things do fun & leisure art classes,"[ 9.98162404e-02  1.42729059e-02  3.52254361e-02  2.57864650e-02
  6.12665201e-03 -4.80273133e-03  1.15818782e-02 -8.99003819e-02
 -6.94559142e-02  1.33667551e-02  4.63337228e-02  2.89115477e-02
 -4.94585596e-02  7.33468235e-02  1.00926563e-01 -3.72323729e-02
  1.32811278e-01 -2.09371950e-02  2.25738510e-02 -3.73633159e-03
  7.62699498e-03  7.77318096e-03  3.27602141e-02  1.52963335e-02
 -4.21921685e-02  9.95633379e-03  7.77754141e-03  1.09972982e-02
  5.00299186e-02 -3.16792317e-02 -2.19510514e-02  1.14920273e-01
 -8.68801847e-02  3.63047794e-03  2.89767720e-02  1.51205286e-01
  5.79726845e-02 -7.86101073e-03 -6.50468864e-04  8.36124495e-02
 -5.37043810e-02  7.28393812e-03 -2.05056872e-02  3.97134246e-03
  2.58384403e-02 -5.87427290e-03 -2.42844950e-02 -8.99073258e-02
  4.14576344e-02  3.33427778e-03  8.30646679e-02 -2.06007138e-02
 -8.45577270e-02 -5.31276688e-02 -4.94277366e-02  1.45467538e-02
 -6.01599291e-02 -3.77383269e-02  1.38659729e-02 -4.46057022e-02
  3.15534845e-02  9.14105400e-03 -7.75832031e-03  2.19141245e-02
 -9.33535025e-02 -3.54040191e-02 -8.45426768e-02  9.26295221e-02
  5.45572815e-03 -1.20641269e-01  4.17891666e-02 -5.15395366e-02
 -2.05925200e-02  7.82854110e-02  7.89492056e-02  6.04351759e-02
 -5.87409437e-02 -4.26823348e-02 -5.08091487e-02 -5.63804023e-02
 -2.68415688e-03 -1.50676696e-02  5.01894541e-02 -2.69089499e-03
  5.57401776e-03 -1.17931142e-02 -5.20926490e-02  1.69870201e-02
  3.83215286e-02 -4.03556861e-02  4.21254570e-03  1.73826441e-02
 -1.12997338e-01 -2.04192251e-02  2.08271518e-02 -1.14405919e-02
 -1.61053222e-02 -3.97003116e-03  3.05696693e-03  4.44596186e-02
 -3.45582813e-02  4.91704494e-02  5.74332848e-02  6.42937561e-03
 -1.63329300e-02  4.19128966e-03 -6.37378767e-02  3.42919901e-02
  8.09397176e-02  1.82661004e-02 -1.38510652e-02 -1.40480055e-02
 -3.85430008e-02  7.26477616e-03 -5.60313500e-02 -4.31057923e-02
  6.02697730e-02 -5.61932363e-02 -9.88198258e-03 -8.65603052e-03
  7.28764571e-03  4.37620357e-02  3.28793116e-02 -2.42829192e-02
 -1.22758774e-02 -5.59090078e-02 -1.17738023e-01 -1.27581076e-33
  1.01504408e-01 -2.41076872e-02  2.69821659e-02  6.42187670e-02
  5.24139479e-02  2.67008692e-03 -1.23519637e-02 -3.13355774e-02
 -1.61107332e-02  3.41659412e-02  2.60976627e-02  1.57454181e-02
  4.07141298e-02  4.05093804e-02  1.04674853e-01 -3.70511152e-02
 -2.01822538e-02 -3.68680991e-02 -1.96220423e-03 -1.41304573e-02
 -8.50233883e-02 -9.41799656e-02  5.25961518e-02 -3.51945031e-03
 -5.43022119e-02  9.73546356e-02  2.27742679e-02 -7.13568628e-02
  1.14293121e-01  2.58859675e-02  2.06117444e-02  4.99906996e-03
 -1.33673111e-02 -4.88183796e-02  3.88192534e-02  5.05705923e-02
 -1.35631431e-02 -2.81078033e-02  2.22645439e-02 -1.67711321e-02
  3.15482244e-02 -8.96177627e-03 -3.33987176e-02  2.47275899e-03
  4.74252775e-02  4.75512967e-02  1.14643522e-01  3.49065736e-02
 -5.12722284e-02  4.64627221e-02 -3.46527658e-02 -2.35189777e-02
 -4.61415909e-02 -3.31471302e-02 -1.51220299e-02 -1.69366244e-02
  1.34565607e-02  1.14465051e-03  1.51292263e-02 -6.54705241e-02
  7.91578293e-02  1.01670586e-01 -2.66092103e-02 -4.85979468e-02
  6.24678470e-02 -5.74314035e-04  2.62497272e-02 -2.33015195e-02
  3.93541940e-02 -1.61741041e-02  6.60678372e-02  3.97284850e-02
 -5.51068643e-03  2.66565499e-03  4.34809960e-02  4.85562794e-02
 -1.86612811e-02 -3.57794091e-02 -6.33284375e-02  5.47643080e-02
  1.84332933e-02 -6.83216751e-02 -4.63741422e-02  7.76942726e-03
 -1.94931347e-02 -3.08607556e-02  4.79992852e-02 -1.14787638e-01
 -9.20363963e-02  4.06685732e-02  8.61921906e-03  2.59668827e-02
 -5.37950061e-02  2.48600431e-02 -6.32465482e-02 -5.46228520e-35
  5.19366413e-02 -5.54782264e-02 -3.08031682e-02 -2.76294332e-02
  3.71250510e-02  4.87546250e-03 -1.63695142e-02 -6.87843859e-02
 -5.06515838e-02  6.11044355e-02 -7.32339546e-02 -4.55864798e-03
  1.08771687e-02 -5.61686233e-03  5.51088899e-02 -2.26000398e-02
  7.79518038e-02  3.76266688e-02 -3.02764792e-02  7.64601156e-02
  2.13087555e-02  5.71449026e-02  5.42123914e-02 -3.93768065e-02
 -7.01125264e-02  8.92509148e-02 -9.00455192e-02 -5.51920757e-02
 -9.81717706e-02  7.03973770e-02 -2.24997196e-02 -4.83155884e-02
  8.54965746e-02 -7.99211022e-03 -3.33105437e-02  3.39982770e-02
 -1.20552944e-03 -4.18378934e-02 -6.10478297e-02 -4.58830083e-03
  7.07007498e-02 -7.82819092e-02  1.73818581e-02  2.02433039e-02
  1.27660343e-02 -1.97225926e-03 -1.06511667e-01  3.48985605e-02
 -1.88921310e-03 -3.40361260e-02  3.69932652e-02 -1.19763073e-02
 -7.13583231e-02 -4.72078100e-02  4.79705408e-02  4.34195297e-03
  7.08625242e-02  1.66490173e-03 -8.47338066e-02  4.90803421e-02
  1.26276910e-02  3.61634120e-02 -6.23163842e-02  6.25951067e-02
 -9.19822138e-03  1.92908775e-02 -6.93637729e-02  3.34710139e-03
 -4.67776656e-02  5.30380569e-03 -3.64473462e-02  7.99454004e-02
  2.11746581e-02 -8.71713758e-02 -1.23646475e-01  7.77180074e-03
  9.76799875e-02  3.37148681e-02  1.17152445e-01  5.19584753e-02
 -2.92349644e-02 -3.73787209e-02 -4.50481214e-02  2.24898327e-02
 -2.37627774e-02 -1.12796165e-02 -5.21270186e-02 -7.99035188e-03
 -1.16956169e-02 -1.22096837e-02  2.92236470e-02  1.19433984e-01
  4.53811698e-02 -4.34179306e-02 -3.19961831e-02 -1.68338889e-08
 -1.37009416e-02  1.56721740e-03  2.77354568e-02 -6.69686450e-03
 -2.30856892e-02 -8.82625673e-03  2.86036599e-02  7.42821470e-02
  1.55073320e-02  6.63583726e-02 -1.56383368e-03 -5.66362180e-02
  1.02024600e-01 -2.43256637e-03  7.70507008e-02  1.83451045e-02
  7.32699633e-02 -2.90497076e-02 -3.20279151e-02  1.08679831e-02
  8.85098521e-03 -5.59374802e-02  2.50936467e-02  3.96796018e-02
 -9.65095833e-02 -6.10978492e-02 -1.38521595e-02 -4.33545150e-02
  6.45784065e-02 -2.29865065e-04 -3.46138999e-02  6.13910006e-03
 -1.36492448e-02 -2.12364178e-02  3.48655432e-02 -1.38457224e-01
 -5.93686402e-02 -1.08950548e-02 -6.90091401e-02  1.52779119e-02
 -6.43722415e-02 -1.43281266e-01 -1.58373534e-03  5.11511564e-02
  9.10857022e-02  8.52565169e-02  6.06810562e-02 -8.34463909e-02
  1.55083928e-02  9.07269344e-02 -9.64206755e-02 -1.93079114e-02
 -1.56977512e-02 -6.83059469e-02  3.41803282e-02 -2.81342156e-02
 -3.76255587e-02 -1.44583844e-02 -2.10470501e-02  4.81736585e-02
 -5.71657419e-02  2.70254221e-02 -6.44426197e-02  5.93886152e-02]"
64,9a0333b9-3b46-4d3f-b6d9-917faede9e28,Dental Implants,nearby health & fitness dental dental implants,"[-3.78465094e-02  2.67685670e-02 -2.59806160e-02 -1.28454873e-02
 -8.62204209e-02 -3.61780785e-02 -3.33451130e-03  3.67424972e-02
 -9.53696147e-02 -5.93316508e-03  1.06142750e-02 -5.19589260e-02
 -4.66001313e-03  5.35202883e-02  3.17528024e-02 -5.98161928e-02
  8.73981640e-02  1.20259570e-02  5.20773791e-02  9.02369618e-03
 -1.81929581e-03 -6.19148661e-04  8.43956545e-02  6.27622055e-03
 -5.97504228e-02  7.46650398e-02 -6.06860481e-02 -2.35937778e-02
  7.66693056e-03  4.24150899e-02 -5.02275191e-02  2.35945731e-02
  2.31999848e-02 -6.65673465e-02  4.89972420e-02  2.42868867e-02
 -3.08265630e-02  2.02376973e-02 -3.67437266e-02  4.40427428e-03
 -5.23053035e-02 -9.40546673e-03  1.33778919e-02  6.86027715e-03
  2.85847057e-02 -5.93554461e-03  9.79889091e-03 -2.36687474e-02
 -4.27635293e-03 -1.58793852e-02  1.86777152e-02 -3.61861773e-02
  8.45313221e-02 -2.97259539e-02  5.85055444e-03 -1.50248902e-02
 -6.71565235e-02 -3.70991044e-02 -3.20117101e-02  3.08733508e-02
  1.46327287e-01 -1.52914822e-02 -2.15965342e-02  1.09771103e-01
 -1.08383276e-01  7.86187053e-02 -1.67658143e-02  4.45259400e-02
  3.41446907e-03 -9.75256339e-02  2.87274073e-04 -4.68315929e-02
 -3.97076644e-02  2.74426881e-02  1.02532409e-01  6.36708438e-02
  1.20820723e-01 -9.93410312e-03  9.74302739e-03 -1.27323717e-02
 -6.04135022e-02 -1.36060501e-02  6.28773049e-02  3.26203108e-02
  4.52483892e-02  1.66204646e-02 -1.02753378e-02 -1.32845016e-02
 -3.52492416e-03  2.94583701e-02 -5.71885668e-02  7.89963827e-02
 -1.00786284e-01 -5.70158735e-02 -2.40162443e-02  3.11431140e-02
 -7.08283857e-02  4.03262228e-02  1.26853390e-02  6.71088994e-02
  3.49994749e-02  7.57451206e-02  2.79421452e-02  1.08653955e-01
 -8.25625937e-03 -5.72771877e-02 -8.28849748e-02  1.94579624e-02
  1.13258801e-01  3.53245921e-02 -2.62818788e-03  4.21663672e-02
 -5.38701145e-03  1.40226008e-02 -6.76905289e-02 -2.59289108e-02
 -1.04822572e-02  3.98655888e-03  8.02195892e-02  7.62371793e-02
 -3.83479334e-02 -3.72150615e-02 -2.05372702e-02 -5.76272942e-02
 -2.98732575e-02 -8.53470042e-02 -4.21667844e-02 -2.33598021e-33
 -2.92205364e-02  9.70203243e-03  6.52663186e-02 -2.91645955e-02
  1.63534060e-02  7.63579272e-03  1.49956876e-02 -4.21856791e-02
 -6.55005872e-03 -6.23562257e-04 -9.39836875e-02  6.57631233e-02
  2.42188666e-02 -8.37312255e-04 -9.45367943e-03  9.60868504e-03
 -3.62722538e-02  1.42761776e-02 -9.63228717e-02  3.00149601e-02
 -3.45338136e-02 -5.62114418e-02 -2.21022926e-02  1.40552759e-01
 -1.83988828e-02  4.97599952e-02 -4.66158055e-03 -3.69202271e-02
  3.13482806e-02  2.78415754e-02 -9.83361006e-02  2.56992541e-02
  6.77181184e-02 -1.27477676e-01  2.85360496e-03 -4.32403479e-03
 -6.17415877e-03 -6.80625886e-02 -2.93738544e-02 -3.47541049e-02
  7.28370324e-02  4.72131148e-02 -1.36635741e-02 -1.28120258e-02
  5.60005046e-02  2.30971035e-02  7.39831179e-02  5.99687323e-02
  6.34779930e-02 -6.95942044e-02 -9.68491882e-02  4.41273712e-02
 -6.39276281e-02 -2.53059343e-02  2.50296132e-03  2.18276121e-02
 -2.97447126e-02  8.32895632e-04  2.23614573e-02  6.42871559e-02
 -3.09555642e-02  1.42255239e-02  1.04638534e-02 -3.16527188e-02
 -3.66785005e-02  1.97812710e-02  4.98201549e-02 -7.00738430e-02
 -1.92922726e-02  3.56096178e-02  4.72274423e-02  2.27165595e-02
 -1.30079940e-01 -2.00839061e-02 -2.68380120e-02  4.30230945e-02
  6.06734194e-02  7.12412223e-02 -4.59786654e-02  4.69249897e-02
  4.22091372e-02  4.37724441e-02 -5.62840663e-02  3.85085829e-02
  3.90542895e-02 -3.13619897e-02 -6.62663206e-03 -8.40217173e-02
  6.82274625e-02  9.24658868e-03 -4.65089940e-02 -5.17661758e-02
 -2.49787346e-02 -1.76330060e-02 -3.79501618e-02  5.34408155e-34
  3.22286086e-03 -7.82213733e-02  8.95627812e-02 -5.71723208e-02
  7.89885446e-02  5.49400896e-02  1.33608570e-02 -3.14260484e-03
 -6.07559038e-03  5.67707084e-02  2.98012135e-04  6.13013096e-03
  6.31028786e-02 -3.67553271e-02 -1.21467970e-02  5.55252507e-02
  8.02908689e-02  6.36791997e-03 -6.83111250e-02  6.11199066e-02
  1.14221878e-01  1.36585072e-01  1.23086109e-04 -4.03551832e-02
 -2.22475436e-02  6.15344904e-02 -6.29519969e-02  6.34957775e-02
 -3.73452567e-02 -1.93789639e-02 -9.16944891e-02  3.92347388e-02
 -2.50220504e-02  1.03653982e-01  5.03705675e-03  5.07735536e-02
  2.41039414e-02  2.00780015e-03 -3.10400687e-02 -8.21929127e-02
  2.70029269e-02 -5.86674213e-02 -2.70571318e-02  9.48763415e-02
 -7.60406489e-03 -7.45246112e-02  1.04646012e-02 -4.36228327e-03
 -4.96679619e-02  3.14113982e-02  5.24662100e-02 -5.34182694e-03
 -5.37350960e-02  3.41936238e-02 -7.82011151e-02 -7.97396619e-03
 -3.25192586e-02 -6.70182854e-02 -4.64303344e-02 -9.87324044e-02
  1.44584160e-02 -1.50478808e-02 -1.39075541e-03  4.56262715e-02
  7.49063020e-06 -3.58907394e-02  4.80489284e-02  9.78796091e-03
 -1.10516243e-01  2.70369854e-02 -3.83156836e-02  2.72802413e-02
  4.32655513e-02 -5.12642860e-02 -7.24846199e-02  1.27154514e-02
  2.98718009e-02 -5.78717664e-02 -6.44516423e-02 -2.48517469e-02
 -3.26629169e-02 -2.58199442e-02  6.72082417e-03 -8.15331005e-03
  2.37764362e-02  2.35842075e-02  3.00682709e-02 -2.09932383e-02
 -4.74754721e-02  6.92266077e-02 -5.59863076e-02  1.06657922e-01
 -4.22581881e-02 -6.25351816e-02  2.26930175e-02 -1.61182019e-08
  1.13482261e-03  2.74695624e-02 -6.13349229e-02 -7.77024869e-03
 -4.93614934e-02 -2.48056632e-02 -9.28914323e-02  2.79731192e-02
  5.16357366e-03 -1.59133878e-02  5.50342016e-02  6.98465854e-02
  1.12951070e-01 -6.27936721e-02 -2.03569774e-02 -1.47587927e-02
 -4.06460129e-02  4.17680219e-02 -4.33976874e-02 -4.17898931e-02
 -5.49983382e-02 -8.90663359e-03  9.90736708e-02  3.58305452e-03
 -5.00149094e-02 -1.94237810e-02 -2.73069590e-02  4.71574720e-03
  2.95543335e-02 -3.84344137e-03  5.58834337e-03  1.58145034e-03
  7.05347434e-02  1.83041824e-03  6.16599061e-02 -6.81113079e-02
 -1.53987110e-02  1.03406897e-02 -1.11389495e-01 -5.21529689e-02
  5.80604281e-03 -5.94982803e-02  1.75081268e-02  1.27771735e-01
 -5.36397584e-02 -4.75580804e-02  3.13112214e-02  3.68315913e-02
  6.74651265e-02  3.82120833e-02  1.12605346e-02 -4.10801359e-02
 -3.46936323e-02 -5.68851642e-02 -8.63478556e-02  6.61054328e-02
  4.80712280e-02 -3.51972952e-02 -1.93987489e-02  1.14120774e-01
 -3.58070098e-02 -8.45451802e-02  7.97037035e-02  1.52370231e-02]"
65,37d78bbd-ca5b-42b4-82f0-07d3119a8a2c,Paintball,nearby things do sports & outdoors paintball,"[ 7.29397088e-02  3.59080434e-02  3.34241912e-02 -7.66518340e-02
  8.79159346e-02 -6.50530157e-04  6.46370798e-02  1.69357134e-03
 -2.35866942e-02 -1.97842438e-03 -1.69193130e-02  4.93783131e-03
 -5.76410890e-02  5.89603595e-02  1.11344635e-01  3.77248935e-02
  7.93663636e-02  1.35929685e-03 -3.10003385e-02 -5.72035685e-02
 -8.15834031e-02 -4.28416058e-02 -6.47131167e-03 -4.36278097e-02
 -4.28579077e-02  7.46181980e-02  2.01344322e-02  1.14363573e-01
 -6.28198758e-02 -3.01078819e-02 -4.69889790e-02  1.94441676e-02
 -3.17065343e-02 -1.23150088e-02  4.01680358e-02  6.45757560e-03
 -5.81465960e-02  5.22504598e-02 -5.67920832e-03  6.61194697e-02
 -7.80882034e-03 -1.17925769e-02  2.41653901e-02  3.55378934e-03
 -5.98237179e-02  6.96078986e-02  2.44115721e-02  1.77121218e-02
  6.44312426e-02 -1.62232667e-02  1.66491792e-02 -4.60576359e-03
 -1.77147333e-02 -1.35019124e-02  9.25559774e-02  2.51502339e-02
 -6.30192533e-02  2.43041608e-02  1.88449752e-02 -3.19289044e-02
  7.58657381e-02  2.31084344e-03 -7.81915039e-02 -5.17510064e-03
 -6.01222366e-02 -3.14131081e-02 -6.59575984e-02  4.68818620e-02
  3.83077823e-02 -1.07802622e-01  1.07526258e-01  3.57040726e-02
 -2.19162963e-02 -7.62313930e-03  3.04730758e-02  6.11958764e-02
 -4.30273451e-02 -1.92126073e-03 -1.67962164e-02 -6.63212687e-02
 -9.07594431e-03 -2.37323195e-02 -3.57126705e-02 -8.96299724e-03
 -6.81191683e-03  3.61000262e-02  9.51282680e-03  3.56875882e-02
  3.61389779e-02  9.22128260e-02 -2.88506690e-02 -4.64002276e-03
 -9.72470790e-02 -2.36030966e-02 -4.64623384e-02 -2.13323105e-02
  6.74171895e-02 -5.51611856e-02  1.41015621e-02  3.41961160e-02
  1.33609669e-02 -2.00315658e-02  6.68628886e-02 -1.44049730e-02
  3.10200509e-02 -4.86906879e-02 -6.21270090e-02  6.64466321e-02
  3.72862369e-02  7.09824637e-02 -1.53510403e-02 -8.78861640e-03
  1.40141591e-03  4.62274961e-02 -1.19599737e-01 -3.37606780e-02
 -9.92492028e-03 -4.78865132e-02 -6.03281334e-02 -2.26037181e-03
  7.68935531e-02 -1.21785263e-02 -2.81636976e-02  7.58809550e-03
  4.13951203e-02  5.60881849e-03 -5.81344813e-02 -2.69028908e-33
  1.68453157e-02 -5.30796945e-02  7.84681458e-03  5.07541820e-02
 -2.02419478e-02  3.55020911e-02  1.03130173e-02 -3.25584114e-02
 -2.17828546e-02  1.56816766e-02 -1.62699018e-02  4.55825031e-02
 -1.97797082e-02  6.88177794e-02  9.46077481e-02 -3.36714052e-02
 -2.05673855e-02 -5.19492105e-02 -5.27254529e-02  1.25533029e-01
 -3.36673148e-02 -8.94846097e-02 -4.36724350e-02  3.57039794e-02
 -6.68112338e-02  7.17172176e-02  6.51160860e-03 -4.03851047e-02
  1.97690260e-02  3.12785693e-02  6.55982271e-02 -3.47505733e-02
 -5.43483570e-02  6.16389140e-03 -1.21287536e-02  6.77047484e-03
 -2.47105900e-02 -1.00986816e-01  2.01038569e-02 -4.30767871e-02
 -3.28638479e-02 -4.15645838e-02 -1.00221008e-01 -2.58876346e-02
  5.20740636e-02 -6.85838759e-02 -1.39654363e-02  2.03577373e-02
 -8.38338882e-02 -6.07477054e-02  6.46026805e-02  4.87618633e-02
  7.20056519e-02 -5.58353849e-02  6.64955284e-03 -1.00271888e-02
  6.40510814e-03 -5.98181486e-02 -6.46016449e-02 -2.68653277e-02
  6.08663522e-02  1.07772917e-01 -2.07533743e-02 -3.92994955e-02
  2.93333344e-02  3.46969627e-02  3.74330133e-02  2.70400457e-02
  4.56498712e-02 -9.09782853e-03  7.89164305e-02  4.90191169e-02
  7.88815599e-03 -1.20230077e-03 -3.14805992e-02  9.18836221e-02
  5.05944304e-02  1.10798413e-02 -7.00817094e-04  1.50496280e-03
 -5.54040223e-02  5.03270654e-03 -3.79647613e-02 -3.27688903e-02
 -5.02523966e-02  7.38185248e-04 -3.08132209e-02 -2.42996924e-02
 -1.06978290e-01  1.41628468e-02 -3.58351916e-02  3.89788933e-02
 -1.49799839e-01 -2.38818191e-02 -7.13398159e-02 -4.43417821e-35
 -3.06130741e-02 -2.86738705e-02 -4.28481027e-03 -1.05812503e-02
  5.94884381e-02  1.66225992e-02  4.24315222e-02  2.86341878e-03
 -1.01428409e-03  4.22062613e-02 -1.16920434e-01  2.40065325e-02
  2.14388594e-03  4.47624065e-02  1.09061368e-01 -1.11262025e-02
  1.63447410e-02  4.07253914e-02 -1.97533090e-02  1.26598030e-02
 -5.25508542e-03  6.01029955e-02  7.90546834e-02  2.81983651e-02
 -9.70638171e-02  3.64942923e-02 -1.01064026e-01 -5.19660152e-02
 -6.06147684e-02  4.81592678e-02  3.09912954e-02  4.55468660e-03
  9.58968326e-02 -1.03382580e-02 -3.58012654e-02  1.41487760e-03
  4.73762564e-02 -9.13298503e-02  2.56122313e-02 -4.40881103e-02
  7.58336410e-02 -8.38800818e-02  3.84288020e-02  6.98652342e-02
 -1.87933184e-02  8.33237835e-04 -4.71443348e-02  3.57791409e-02
 -1.98799334e-02  5.22402115e-02  1.98127814e-02 -4.46934078e-04
 -1.14184402e-01 -3.59480269e-02  2.79945713e-02  1.51753640e-02
  5.72976694e-02 -4.09494974e-02 -4.43351194e-02  1.48895914e-02
 -2.91056989e-04  3.70969474e-02 -9.56774354e-02  1.34199709e-01
 -1.57765616e-02  1.12587586e-01 -2.07484257e-03 -2.14646868e-02
 -2.45802682e-02 -2.52840016e-02 -1.55261150e-02  8.83321986e-02
  5.32219894e-02 -4.76574712e-03 -5.36085777e-02  3.71522480e-03
  6.69421852e-02  1.21058315e-01  1.13581151e-01  6.13186993e-02
 -3.28592025e-02 -1.06839092e-04 -1.78273842e-02  2.13936181e-03
  4.74248379e-02  1.14635052e-02 -9.27016363e-02 -3.16687115e-02
 -5.20401374e-02  7.10097374e-03  8.88441950e-02  9.55481529e-02
  2.76161488e-02 -5.85817806e-02 -6.95553375e-03 -1.62646216e-08
  1.56555418e-02  4.84281704e-02  3.55970934e-02 -2.87834983e-02
 -3.34957987e-02  3.60790081e-03  1.01945609e-01  5.88493198e-02
  8.24927017e-02 -3.94648612e-02 -2.81266086e-02 -5.60098365e-02
  5.03948331e-02 -1.03698932e-02  6.70869350e-02  3.56127247e-02
 -1.05963126e-02 -5.13745435e-02 -7.59501010e-02  2.74642352e-02
 -3.72423790e-02 -2.31677182e-02 -4.35423478e-02  7.07784295e-02
 -8.13933015e-02 -9.54606459e-02 -5.69342710e-02 -5.75077161e-02
  4.17714790e-02  1.03914784e-02 -9.62716248e-03 -2.03782730e-02
 -7.46632693e-04 -3.20740230e-02  1.12848207e-02 -5.33152297e-02
  1.46736030e-03 -3.18113118e-02 -7.80735537e-02 -6.33507618e-04
 -6.56407103e-02 -7.06573278e-02 -7.14425445e-02  1.41617972e-02
  6.88556284e-02 -1.14205368e-02  9.24739148e-03 -6.18405752e-02
 -1.02553912e-01  1.29689369e-02 -8.70434344e-02  2.01853290e-02
  3.61120254e-02 -6.37926161e-02 -3.50008602e-03  8.75281245e-02
 -6.08797260e-02 -1.76208392e-02  1.41802542e-02  1.74621248e-03
 -8.79297927e-02  3.50482091e-02 -2.84199440e-03  9.15118977e-02]"
66,593cf79b-f34e-46dc-852f-faef3ca8afc7,Teeth Cleaning,nearby health & fitness dental teeth cleaning,"[-2.69039087e-02  1.40023394e-03 -4.92063351e-03 -4.41738823e-03
 -5.50713167e-02 -2.66188178e-02 -6.65762946e-02 -2.95526665e-02
 -1.36622831e-01  2.83504953e-04  3.56470197e-02 -2.13926844e-02
 -1.24823684e-02  2.57247742e-02  5.89847118e-02 -3.06205973e-02
  5.66218458e-02  2.36284863e-02  3.36201638e-02 -3.32184918e-02
 -3.36194821e-02  2.86358446e-02  9.95294750e-02 -2.02310970e-04
 -4.82066609e-02  7.52380267e-02 -9.14331619e-03 -4.87706773e-02
  1.40165715e-02  6.03957251e-02  4.03077528e-02  3.23658027e-02
  7.27264211e-02 -6.68874085e-02  5.04196733e-02  5.06781675e-02
 -1.43757444e-02 -1.50105041e-02  1.91016924e-02  4.75833938e-02
 -3.15233208e-02 -1.42562557e-02 -3.49184647e-02 -3.04029789e-04
  1.19588003e-02  8.09155963e-03 -3.27644348e-02  5.00045298e-03
 -4.77949576e-03 -4.25592177e-02  4.60683405e-02 -4.10954617e-02
  4.58444022e-02 -2.72775516e-02 -3.22236046e-02 -2.98872646e-02
 -6.82543323e-04 -6.40417635e-02 -1.28613431e-02  3.83493006e-02
  1.37645975e-01 -1.01786060e-02 -4.52209227e-02  9.23393443e-02
 -8.26526508e-02  5.61663024e-02 -2.28122249e-03  6.58502951e-02
  4.07597013e-02 -9.06310678e-02 -5.37821464e-02 -4.34807986e-02
 -7.00567942e-03  5.67023382e-02  9.64880288e-02  5.94414361e-02
  3.60653326e-02 -4.43324894e-02 -2.77857222e-02 -5.74833639e-02
 -4.65993024e-02 -6.74599782e-02  7.53689185e-02  4.71938737e-02
  2.32284684e-02  4.45394926e-02 -1.04168132e-02 -7.15731233e-02
  6.54584244e-02 -7.76487309e-03 -4.96808365e-02  7.46680349e-02
 -7.44406432e-02 -8.15354213e-02 -3.39014158e-02  3.46527360e-02
 -3.18917967e-02  4.93944101e-02  4.10039760e-02  9.00813341e-02
 -2.80077141e-02  5.43949977e-02 -6.60997722e-03  7.66395256e-02
  5.61078684e-03 -3.91367078e-02 -2.32172273e-02  1.58016272e-02
  9.52542424e-02  4.30478379e-02 -7.11333414e-04  3.52638960e-02
 -6.23923843e-05  1.16749844e-02 -7.54017336e-03 -9.74983256e-03
  8.25111568e-02  1.66972689e-02  1.38780978e-02  1.30808040e-01
 -3.33248936e-02 -8.55851099e-02 -4.87202220e-02 -2.30354909e-02
 -2.49166824e-02 -5.74116595e-02 -2.10609213e-02 -1.90206484e-33
  2.77725700e-02  1.37431584e-02  4.42914106e-02 -4.79540937e-02
  3.09151839e-02  3.56586352e-02  3.78181599e-03 -2.29962226e-02
  3.26700248e-02  6.78290874e-02  4.77649597e-03  3.41224447e-02
 -1.89880300e-02 -3.94456051e-02  9.44349542e-03  4.74212840e-02
 -6.52573034e-02  3.88147794e-02 -1.08540513e-01  6.10728525e-02
 -6.78326236e-04 -7.80312121e-02 -5.16275503e-02  1.21648483e-01
 -5.03049493e-02  1.98609717e-02  6.06614491e-03 -2.39559226e-02
  6.39522821e-02  2.83371587e-03 -2.33666133e-02 -6.05793577e-03
  1.59743219e-03 -4.25723381e-02 -5.85658327e-02  2.15712916e-02
 -1.00676820e-03 -3.04094087e-02 -4.57407199e-02 -4.98013534e-02
 -2.30853148e-02  3.86246741e-02  8.61785654e-03 -7.32205734e-02
  2.44137569e-04 -3.37593928e-02  1.32956505e-02  8.44044238e-02
  6.32714182e-02  9.55510233e-03 -6.84332196e-03  9.53890476e-03
 -2.73005161e-02  1.76934781e-03 -4.52773757e-02  1.08414050e-02
  4.71911840e-02 -2.02782117e-02 -6.62431493e-03  7.81976357e-02
  2.44263820e-02  4.96974438e-02 -4.40148674e-02 -4.99678291e-02
 -2.75890511e-02 -2.98437141e-02  6.05583973e-02 -2.32979227e-02
  3.86257283e-02 -3.22898775e-02 -1.42393522e-02  1.08033888e-01
 -1.53704271e-01 -9.95553751e-03  1.81846786e-03  2.75697792e-03
  3.73800509e-02  5.87996654e-02 -3.77534218e-02  7.13552237e-02
  4.99710850e-02  1.07413400e-02 -7.62178525e-02  3.24494205e-02
 -6.02385355e-03  2.66569797e-02 -4.06625587e-03 -6.19495697e-02
  4.33638692e-02  2.74316352e-02 -3.23240198e-02 -7.71855004e-03
 -2.08533090e-02  3.92130874e-02 -1.81518588e-02  1.32452729e-34
  7.64031932e-02 -1.08427510e-01  6.54370114e-02  1.52483266e-02
  6.30853251e-02  6.24785982e-02  2.55833548e-02 -4.99059155e-04
 -2.86855493e-02  3.62949371e-02 -1.33270901e-02  2.10732557e-02
  6.19632751e-02 -5.78284897e-02  4.30675633e-02  8.82621408e-02
  1.02341466e-01  1.17576430e-02 -8.43606666e-02  3.97690609e-02
  7.30045587e-02  9.24645066e-02  3.34682278e-02 -4.96139750e-02
 -6.94055632e-02  6.38684258e-02 -7.73042515e-02  4.92695458e-02
 -3.97304669e-02 -2.29478092e-03 -6.30461872e-02  7.47270584e-02
  2.76260711e-02  1.30115533e-02 -1.71486028e-02  1.77158173e-02
 -3.86539549e-02  7.08045531e-03 -5.49266823e-02 -4.95492257e-02
  7.49087781e-02 -3.67715470e-02 -3.38330045e-02  8.73154849e-02
 -3.21477205e-02 -1.32957557e-02 -3.50433886e-02 -2.22426113e-02
 -1.22848012e-01  4.13801521e-02  5.32835722e-02 -6.98522385e-03
 -1.07637256e-01  5.09570800e-02 -6.33681715e-02  7.48682246e-02
 -1.75478403e-02 -7.83782378e-02 -1.00766495e-01 -3.86847183e-02
  3.25007141e-02  7.92063996e-02 -7.60292709e-02  9.43148285e-02
 -2.08482575e-02 -4.23244350e-02  9.11932215e-02  6.20872527e-02
 -1.88306626e-02 -1.01645403e-02 -1.21272810e-01  2.85636112e-02
  8.99003819e-02 -9.42502171e-02 -6.86060861e-02 -4.96467426e-02
  2.61582300e-05 -9.05106217e-02 -4.91133854e-02 -4.62880209e-02
 -2.12067980e-02 -1.13433637e-02  2.73618158e-02 -1.30358161e-02
 -4.26154397e-03 -6.14558486e-03 -4.10873629e-02 -1.86273828e-02
  1.03578065e-02  6.08578976e-03 -2.74519213e-02  8.59596059e-02
 -1.02886371e-02 -7.72724077e-02  2.35347934e-02 -1.61805680e-08
  4.46713902e-02  1.91314779e-02 -2.41157860e-02  6.01599850e-02
 -4.41924743e-02 -7.80985430e-02 -8.27905610e-02  1.26133740e-01
  2.90979259e-02  3.49484272e-02  3.28260325e-02  6.85195252e-02
  2.22054999e-02 -4.51500937e-02 -3.42255011e-02 -5.90300113e-02
 -1.94666106e-02  3.87491919e-02 -7.03817904e-02 -2.01945659e-02
 -8.28510225e-02 -1.44117186e-02  9.71438885e-02  4.88798134e-02
 -5.18760830e-02 -4.72023711e-02 -2.34961435e-02  5.85202612e-02
  4.21321429e-02 -2.59053800e-02 -1.32594816e-02  3.80582437e-02
  3.16243269e-03 -8.27089231e-03 -2.50873668e-03 -6.25005141e-02
  1.96021292e-02 -3.76257300e-02 -8.47303122e-02 -5.07557355e-02
 -4.96948557e-03 -2.91657192e-03 -5.74620292e-02  7.55091757e-02
 -4.19680215e-02 -7.57718086e-02  2.56616995e-02  3.57421301e-02
  7.45463446e-02  2.37354147e-03 -4.39040437e-02  6.01751870e-03
 -4.56148759e-02 -2.54950374e-02 -7.80071318e-02  7.29566589e-02
  8.19342211e-03 -5.75580560e-02 -2.52386909e-02  5.81242554e-02
  3.33141792e-03 -1.00631632e-01  7.52857476e-02 -4.57752645e-02]"
67,70b6f025-1676-477a-bc97-cda4d772eaed,Rock Climbing,nearby health & fitness sports rock climbing,"[-1.10807884e-02  9.66747664e-03 -7.49147963e-03  7.18918908e-03
 -2.61810776e-02  4.64561321e-02 -6.02671318e-02  3.90651897e-02
 -6.66624382e-02  1.83256287e-02  4.63840552e-02 -7.39586502e-02
 -2.12493241e-02  7.51354126e-03  1.13987811e-01  7.42491148e-03
  8.30514804e-02 -5.34961326e-03  6.23159148e-02 -3.89400497e-02
 -6.45818189e-02  3.29601727e-02  7.68416598e-02  9.56280529e-02
 -7.99283981e-02  1.71122365e-02 -8.21156800e-02  6.46729544e-02
  2.03781691e-03 -1.58921313e-02 -7.04638893e-03 -1.05900904e-02
 -2.44148821e-02 -1.34199234e-02  1.63838677e-02  6.31870255e-02
  1.22732745e-04 -5.10137267e-02 -8.20188373e-02  4.87163104e-02
 -4.11346555e-02 -3.88652831e-02  4.83820960e-02  2.74427398e-03
  1.59739982e-02  3.70557420e-02 -3.58534567e-02  8.95174965e-03
  1.90771725e-02  3.33467647e-02  1.14029683e-02 -5.31586166e-03
 -4.40757372e-04 -5.48129790e-02  5.25577031e-02  4.08049934e-02
 -5.60140386e-02 -3.54502834e-02 -7.44815404e-03  3.37392418e-03
  1.23537987e-01  2.22344976e-02 -6.09470643e-02  4.31619957e-02
 -3.89622040e-02  8.04159045e-03 -6.95851594e-02  9.16817039e-02
  9.07881334e-02 -1.00121364e-01  5.75558171e-02 -4.43225354e-02
 -7.63075426e-03  9.20548197e-03  6.04443625e-02  1.06523558e-01
 -5.62936924e-02 -6.20521093e-03 -4.98135425e-02 -6.40519112e-02
 -5.30817360e-02 -2.40287147e-02  6.59945011e-02 -9.97611135e-03
  4.08753753e-03  5.24645597e-02  4.76966947e-02  6.52776984e-03
  1.82730835e-02 -3.93353309e-03 -4.04869393e-03  4.30285335e-02
 -1.36275977e-01  4.90049832e-02 -1.21891545e-02  3.58670913e-02
 -1.08026482e-01 -7.04398975e-02 -5.49195372e-02  4.96597327e-02
  5.51772080e-02  4.05596271e-02  4.74817976e-02  5.08888736e-02
  2.34836992e-02 -1.00998662e-01 -2.72012316e-02  4.18615900e-02
  4.75139916e-02  9.39838067e-02  2.22131163e-02 -1.00559425e-02
  3.77892517e-02  3.80475819e-02  1.28167681e-02  3.57426405e-02
  2.39663776e-02  1.30610457e-02 -4.09915410e-02  3.90073620e-02
 -1.33049758e-02 -6.78987661e-03  5.58236905e-04 -4.12280560e-02
 -1.44909704e-02 -5.00303507e-02 -6.32001162e-02 -1.61426690e-33
  3.10387667e-02 -2.37335339e-02  8.25067833e-02 -5.50505891e-03
  2.92085093e-02 -1.74975228e-02 -8.04792345e-02 -7.16646612e-02
  2.81474330e-02  3.71055193e-02 -6.41847253e-02  6.65976331e-02
  9.49180722e-02 -1.08590769e-02  4.20730002e-02 -9.80540216e-02
  2.79014669e-02 -3.67500111e-02 -1.27232686e-01  3.76251414e-02
  1.75556857e-02 -9.43633169e-02  8.70643998e-04  8.18479285e-02
 -3.73562463e-02  5.65732494e-02  4.46621813e-02 -6.41291402e-03
  4.61823270e-02  1.41712511e-02 -3.65048647e-02 -7.00300261e-02
 -5.05745672e-02 -8.33119899e-02  7.76426271e-02  2.17439886e-02
  6.03012182e-02 -6.13388382e-02 -2.15798412e-02  2.32927292e-03
  6.45693988e-02 -3.34174074e-02  2.40297616e-02 -1.23791825e-02
  1.00923479e-02  6.35846257e-02  9.54998806e-02 -2.32502371e-02
 -4.68270667e-02 -8.36780667e-02 -4.98622060e-02  6.73392229e-03
  1.49898026e-02 -1.68204829e-02  6.58305138e-02 -7.51404511e-03
 -4.54303296e-03  2.97366781e-03 -5.18106809e-03  3.69330272e-02
  6.06769063e-02  1.02193803e-01 -5.33417538e-02 -6.55978322e-02
 -9.17687416e-02 -5.60464449e-02  4.52299826e-02 -6.32167459e-02
 -1.35962414e-02 -3.89654972e-02  5.14446050e-02  4.81843613e-02
 -1.16407834e-02  2.02617627e-02 -3.15373056e-02  2.72824243e-02
 -8.97082239e-02  9.84312873e-03  1.35523947e-02  2.51401961e-02
  7.16804201e-03  1.93126351e-02 -3.12003195e-02  1.47147877e-02
  6.61076382e-02  1.04591977e-02 -1.76435467e-02 -1.05699167e-01
 -2.82766744e-02  4.17340510e-02 -1.25308797e-01  1.52371805e-02
  1.43747600e-02  2.34926045e-02 -1.09891947e-02 -8.09013267e-35
 -1.09986970e-02 -8.07477012e-02  1.23453207e-01 -3.03788334e-02
  8.89004469e-02 -1.02603110e-02  4.27124016e-02 -4.14920785e-02
  3.79191972e-02  3.48347239e-02 -3.70340794e-02 -3.02660763e-02
  5.20123616e-02 -9.07611102e-03  9.75921452e-02  6.86928406e-02
 -2.34328061e-02  1.06839985e-02 -3.84955172e-04  4.86405827e-02
  7.41413143e-03  2.34243236e-02 -7.45538995e-02  7.55242398e-03
  1.99834798e-02  6.00034036e-02 -3.53405699e-02  4.06572707e-02
  1.11172702e-02 -5.99294938e-02 -3.61305550e-02  6.61541373e-02
 -2.10312400e-02 -1.88878868e-02 -4.68604416e-02  1.22084260e-01
  5.90333864e-02 -5.49040921e-03 -2.87747085e-02 -4.03460078e-02
  8.53046253e-02 -6.27083927e-02  3.05105932e-02  1.16486093e-02
  1.47154620e-02 -4.08860780e-02 -6.32624254e-02  4.03955430e-02
 -1.23939313e-01 -3.18182893e-02  3.22446898e-02 -2.07704250e-02
 -2.84348684e-03  2.80769970e-02 -1.86582748e-02  3.69917229e-02
 -7.58758411e-02 -3.22189890e-02 -8.35039169e-02 -8.09689462e-02
 -3.36068380e-03 -3.69504131e-02 -8.65942016e-02  1.14057750e-01
  3.29455994e-02  5.24138622e-02  7.06989542e-02 -2.21229289e-02
 -1.14305556e-01  2.63619144e-02 -1.11515127e-01  3.93057913e-02
  3.23327109e-02 -1.20885357e-01 -3.75700332e-02  1.01915086e-02
 -3.53644928e-03  4.21864614e-02  2.65323669e-02 -1.72965582e-02
  5.88121936e-02 -2.58948444e-03 -3.41122132e-03 -1.55441882e-02
  1.66493002e-02  5.78789115e-02  1.93326063e-02  1.32702701e-02
 -4.15466651e-02 -2.93541998e-02  3.94572355e-02  1.99401770e-02
 -7.75076523e-02 -1.08793899e-02  6.65951381e-03 -1.52040656e-08
  3.04982308e-02  5.00431620e-02 -3.39241214e-02 -1.76656134e-02
 -7.17171934e-03  2.95668431e-02  2.95876041e-02  2.15480570e-02
  3.49359512e-02  1.91348344e-02 -4.10574861e-02  5.05005829e-02
  1.07140608e-01 -1.19060166e-02 -8.43118429e-02 -2.35661287e-02
 -7.14868605e-02  9.73153412e-02 -2.56195758e-02  2.32427791e-02
  2.52419226e-02  1.97968055e-02  1.00574821e-01  3.50176170e-02
 -7.06893429e-02 -6.47437200e-02  2.58170385e-02 -5.93299046e-02
  7.45017752e-02 -4.20530327e-02  4.40490097e-02 -8.60718265e-03
 -9.98732168e-03  1.37811503e-03  4.52965545e-03 -3.61294299e-02
  2.88150143e-02  3.70010845e-02 -9.04845893e-02  5.98074049e-02
 -1.06106913e-02 -5.08407764e-02 -1.91582851e-02  5.37129156e-02
 -5.08632883e-02 -6.81844875e-02 -2.34263893e-02  1.62974354e-02
  1.69875454e-02 -5.60227446e-02 -8.30148533e-02  3.15368399e-02
 -1.36642428e-02 -2.92541813e-02 -1.60009395e-02  7.00012669e-02
 -1.24175465e-02 -9.26326588e-03 -1.17885299e-01  5.85471652e-02
 -1.45929158e-02 -9.91540253e-02 -5.59924264e-03  2.15930231e-02]"
68,31ed89ee-1236-47ce-bb88-1ed8deb476cf,Print Shop,nearby personal services photography print shop,"[-3.78035083e-02  3.25544514e-02 -4.51212414e-02 -2.67268401e-02
  3.28729339e-02  2.16538757e-02  6.93999929e-03  8.06604512e-03
 -8.15424696e-02 -4.35759611e-02  1.18673265e-01  2.90389378e-02
  5.02618290e-02  9.25583169e-02  6.91055954e-02 -3.43492217e-02
  9.41410288e-02 -6.32958561e-02  6.94124475e-02 -3.42165194e-02
 -1.05856359e-01  2.26276517e-02  3.24570425e-02 -5.19709960e-02
 -6.01019412e-02 -4.40625101e-02  2.20323470e-03 -2.58351006e-02
  9.99200903e-03 -4.60576713e-02  2.24411059e-02  4.40657176e-02
  3.58413085e-02 -4.07397887e-03  1.33838907e-01  3.74599099e-02
  5.61822280e-02 -1.43549098e-02  6.57061115e-02 -9.20983730e-05
 -1.21830674e-02 -2.95754895e-02 -8.57709497e-02 -4.13632113e-03
  1.87020302e-02  7.45141366e-03 -1.85744502e-02  3.29388194e-02
  1.23413280e-02  5.71041182e-03 -1.50332283e-02 -6.85845315e-02
 -3.40405591e-02 -6.12065420e-02 -1.77321734e-03 -2.95715202e-02
 -3.75970639e-02  3.13453414e-02 -1.76769607e-02 -6.20747022e-02
  1.29798548e-02 -3.57248522e-02 -1.22067325e-01 -1.69271287e-02
  5.43527827e-02  9.91210267e-02 -3.25840637e-02  4.04943302e-02
 -1.19827269e-02 -1.40078545e-01 -1.93131752e-02 -4.48859204e-03
 -1.92041639e-02  5.02132885e-02  5.53228380e-03 -2.17524599e-02
  2.85324529e-02 -5.10659814e-02 -2.07466781e-02 -2.31619254e-02
  1.09230110e-03  3.33912186e-02  4.22849357e-02  7.30047897e-02
 -5.58914058e-02 -5.39951734e-02 -7.36020133e-03 -3.63101438e-02
  5.15446998e-02 -1.69617087e-02 -8.11776984e-03 -3.41951312e-03
 -1.36011586e-01 -8.36631730e-02 -6.97180554e-02  3.19613056e-04
  1.46334395e-02 -2.83592809e-02  1.97038744e-02  2.24565342e-02
  6.95662294e-03  1.13118934e-02  5.36914505e-02 -5.51178381e-02
 -1.92884961e-03  1.86737757e-02 -8.46624672e-02  4.06810753e-02
 -1.55021353e-02  2.51032952e-02 -9.43209883e-03 -1.44828977e-02
 -1.15008146e-01 -3.10509279e-02  5.81117570e-02 -8.36815163e-02
  1.79920252e-03 -2.74616014e-02  5.58556691e-02 -2.75571793e-02
 -5.03786765e-02  3.51933837e-02 -7.89427310e-02 -4.94284034e-02
 -5.25031537e-02  1.88770946e-02 -2.08461415e-02 -9.64011621e-34
 -1.07063958e-02  9.37471092e-02  4.96581569e-03  3.53031084e-02
  9.15488526e-02  2.21604612e-02 -1.61575619e-02  4.91774688e-03
 -3.83638591e-02 -2.03392487e-02 -1.00518232e-02  3.52628864e-02
  2.25811303e-02  3.88431400e-02  6.80013597e-02  3.70520279e-02
  5.50421141e-02  6.19676430e-03 -1.46406321e-02  5.03089167e-02
 -1.17593162e-01 -9.41524506e-02  1.00068646e-02  6.11526519e-02
 -3.70124681e-03  6.25398159e-02  6.21208251e-02  5.30239530e-02
  9.68510732e-02 -1.37370853e-02  3.65181118e-02  3.24753150e-02
  8.28257129e-02  3.47166182e-03 -3.64441313e-02  2.36484688e-02
 -2.71427911e-02 -8.41196775e-02  1.68395005e-02 -1.11718746e-02
 -9.96942073e-02  1.41106740e-01  1.36641469e-02  3.34259272e-02
  2.39584744e-02  6.63279966e-02 -3.36953551e-02  3.47502343e-02
 -1.99768413e-02  1.26886312e-02 -2.08963919e-02 -1.01673268e-02
 -7.91873485e-02  1.10764891e-01 -2.95934286e-02 -2.78468188e-02
  3.23192291e-02 -7.63153434e-02  4.45191860e-02 -7.07641691e-02
  1.17883794e-01  6.36737421e-02  2.29530912e-02  2.08047740e-02
  5.59015870e-02 -9.76413712e-02  7.28561655e-02 -1.70346219e-02
  1.03073530e-02  2.28882693e-02 -3.46307904e-02  4.22015376e-02
  1.15151562e-01 -3.75894532e-02  6.54868633e-02  7.76547492e-02
 -6.35139346e-02  4.92752455e-02  6.42523635e-03  7.35508874e-02
 -5.20093665e-02  4.69023101e-02 -5.01244180e-02  8.71339440e-03
  3.79799828e-02 -2.44092066e-02 -9.00663622e-03 -3.33772078e-02
 -6.90880120e-02  5.94802871e-02 -6.83802739e-02  8.69456232e-02
  7.97305198e-04  3.75882909e-02 -2.53078323e-02 -3.79574610e-34
  5.75919002e-02 -4.61050086e-02  2.19179094e-02  2.08444428e-03
  5.42663299e-02  7.41480617e-03  6.22560978e-02  5.78141678e-03
  6.13975013e-03  4.32200730e-02 -6.77984953e-02 -6.88386615e-04
  3.12285051e-02  3.79517041e-02 -4.10709158e-02  4.67786603e-02
  1.12669626e-02  4.97550927e-02 -3.87725569e-02 -4.41299230e-02
  3.87119390e-02  5.63317388e-02  5.52306734e-02  5.07116877e-02
 -1.02879219e-02  3.40412110e-02 -3.68777476e-02 -5.42576611e-02
 -3.94207686e-02 -1.75531656e-02 -7.47798011e-02 -8.43275860e-02
  8.15349370e-02  6.05377555e-02  1.61226746e-02 -6.34595286e-04
 -2.53933929e-02  9.22942460e-02  1.93272904e-02  1.60907190e-02
  1.36853652e-02 -2.54903845e-02 -1.99637432e-02 -3.19288447e-02
 -5.26897795e-02 -1.30787283e-01 -2.01959759e-02 -6.06194660e-02
  7.59426318e-03 -3.27521004e-02 -3.87470685e-02  1.19391307e-02
 -1.49156954e-02  4.16893624e-02 -8.88378620e-02  2.19234750e-02
  4.16196734e-02  2.85132583e-02 -7.18704090e-02  4.50157747e-02
  1.70963556e-02  2.35426147e-03 -2.05634497e-02  2.71761790e-02
  2.02711355e-02 -9.43147484e-03  3.70853879e-02  8.08311906e-03
  2.65840832e-02  1.49366837e-02 -1.27158966e-02  4.74034473e-02
  7.02604428e-02  9.02474485e-03 -6.95591047e-02 -5.56589589e-02
  4.27548103e-02  2.57420558e-02  5.73647134e-02  1.69098191e-02
  3.01605277e-02 -4.61100787e-02 -4.74224240e-02  5.77021055e-02
  1.48607343e-02 -4.19610776e-02  3.72590497e-02 -7.31738061e-02
  1.26634922e-03 -6.51728883e-02 -2.03587823e-02  1.09634504e-01
 -2.01929174e-02 -5.41086607e-02 -3.11738774e-02 -1.32996716e-08
 -2.48910505e-02  1.18580982e-02  2.60847881e-02  1.72737185e-02
  2.40338873e-02 -5.73720485e-02  7.19293356e-02  3.79661955e-02
 -1.60352103e-02  3.73768173e-02  5.57633757e-04 -1.43628553e-01
  4.30266708e-02 -3.92525010e-02 -3.06629501e-02  1.10086249e-02
  8.12680572e-02  7.59082986e-03 -3.85339186e-02 -8.98687262e-03
 -3.23508643e-02 -1.31139262e-02  4.47045229e-02  1.08045666e-02
 -9.89101455e-02 -3.72604989e-02 -3.33101563e-02 -2.50584502e-02
  5.36799766e-02 -7.01413378e-02  2.88715921e-02  3.05597633e-02
  7.10020736e-02  3.34293060e-02 -3.46933864e-02 -1.16048619e-01
 -2.21956172e-03 -3.59237790e-02 -6.10877909e-02  6.86416961e-03
 -5.88216074e-02 -4.10946868e-02 -5.22953831e-02  4.20520753e-02
  6.92857951e-02  2.37718560e-02  1.73199117e-01 -4.82583493e-02
 -5.33023924e-02  9.99702737e-02 -4.32775170e-02 -1.34438518e-02
  6.47353604e-02  2.28310805e-02 -1.14943665e-02 -4.34719622e-02
 -1.43887941e-02 -6.35957792e-02  2.63904892e-02  1.30619362e-01
 -5.25684990e-02 -5.67390770e-02 -6.98059611e-03  9.70503129e-03]"
69,f291b1be-63d3-4c1d-a356-803910ab5e6a,Boat Tours,nearby things do sightseeing & tours boat tours,"[ 5.54526262e-02 -1.51186772e-02  2.87710130e-02  2.90232860e-02
  9.10367537e-03 -7.41041526e-02  4.53247540e-02 -7.48422323e-03
 -1.00250795e-01 -1.64018292e-02  1.50700314e-02  2.31089015e-02
 -5.44347465e-02  1.21049821e-01  5.46433702e-02  2.45606154e-02
  9.90186334e-02  1.63278601e-03  4.25101705e-02 -1.58410762e-02
 -4.86669242e-02  1.90941002e-02 -1.75138097e-02 -4.20425311e-02
 -6.72628284e-02 -3.77352326e-03  9.29185003e-03  3.78925493e-03
  2.35950965e-02  4.45883796e-02 -1.97443385e-02  1.21834822e-01
 -1.08243667e-01  1.29265310e-02  3.23530138e-02  1.16789997e-01
 -3.55547480e-03 -7.27192611e-02 -9.99288820e-03  2.73244251e-02
  5.50867617e-03  2.04858761e-02  1.08298017e-02  2.78995130e-02
 -3.15663554e-02 -6.40150979e-02  8.96152016e-03 -5.90304704e-03
  2.72754580e-02  4.81602736e-02  1.76304784e-02 -6.56634122e-02
 -2.81030275e-02 -7.34550804e-02 -6.79431409e-02 -6.62978813e-02
 -5.81391491e-02 -2.01011472e-03 -5.37997577e-03 -4.36080918e-02
  8.59816819e-02 -3.33705470e-02 -3.81776318e-02 -4.35391590e-02
 -3.68614458e-02 -9.84408706e-03 -9.73317474e-02  4.50387262e-02
  4.87213135e-02 -1.40202999e-01  6.83866888e-02  1.68915559e-02
 -1.45012280e-02  3.14311944e-02 -6.47523720e-03 -2.27220040e-02
  4.47004539e-04 -3.59988771e-03  1.75575186e-02 -6.04334772e-02
 -8.09997097e-02 -1.79330222e-02  5.83879575e-02 -4.73150751e-03
  1.03336610e-02 -6.28224155e-03 -1.78844333e-02 -2.28560879e-03
  1.71312317e-02  1.57162379e-02  2.96118651e-02 -5.67573979e-02
 -1.20401308e-01 -1.10345252e-01 -5.63967414e-02 -1.10243633e-02
 -2.16362718e-02  6.94013294e-03  1.58902146e-02 -6.73225336e-03
  5.02118208e-02  4.79999594e-02  8.72506350e-02 -7.85049796e-03
 -4.04525362e-02  2.67340019e-02  2.63556503e-02  5.43826632e-02
  6.44220859e-02 -3.76550853e-03 -5.49741536e-02  3.02205235e-02
 -7.35337101e-03  8.42913333e-03 -9.86033604e-02 -5.70128672e-02
 -1.23784766e-02 -3.84029113e-02  2.70441035e-03 -4.32592742e-02
  5.76823540e-02 -4.11002561e-02  1.20248526e-01 -7.04266306e-04
  1.69427171e-02  7.75564462e-03  7.54060922e-03 -1.35337723e-33
  1.21511994e-02 -7.84133933e-03 -5.39822355e-02 -1.73647515e-02
  1.33415073e-01  4.79099853e-03 -7.26455301e-02 -3.44304517e-02
 -1.95781924e-02  4.39239480e-02  2.58799177e-02  7.82328472e-02
  3.82457860e-02 -1.22816646e-02  7.55139515e-02 -5.86580411e-02
  6.39497712e-02 -4.23351154e-02 -5.16797863e-02 -9.96897444e-02
 -4.35002036e-02 -7.13007972e-02  2.72918399e-02 -9.58707929e-03
  3.33502144e-02 -9.22582205e-03  4.62759957e-02 -1.00312743e-03
 -1.49696320e-02  3.55306715e-02  6.32436052e-02 -2.32050326e-02
 -1.16293309e-02 -1.88964815e-03  3.93292047e-02  5.84319383e-02
  2.77295057e-03 -3.25195417e-02  5.04544526e-02 -2.68501975e-02
 -6.06314763e-02  2.79096165e-03 -6.52392879e-02  7.74851674e-03
 -3.09769753e-02 -1.15517965e-02  8.37886781e-02  3.80955040e-02
 -2.30922699e-02  5.81093598e-03  6.68605044e-03 -8.09131861e-02
 -6.68152273e-02 -7.11863069e-03  1.43971033e-02  5.82324676e-02
  2.37302128e-02  2.74916980e-02  4.52291071e-02 -4.37911153e-02
  5.47564737e-02  8.11420381e-02  4.51678261e-02 -4.13669161e-02
  4.98699509e-02 -9.29109938e-03  1.02994062e-01 -2.87842695e-02
  6.74884170e-02  4.40638363e-02 -6.32562302e-03  2.52806041e-02
  5.53224161e-02 -1.07317921e-02  5.68106994e-02  3.98141034e-02
 -5.71865253e-02 -9.81932599e-03  1.84874311e-02  7.60009736e-02
 -8.89236256e-02 -1.82588715e-02 -1.98539868e-02  9.08905044e-02
 -1.82140544e-02 -4.86386605e-02 -1.98158287e-02 -4.95029278e-02
 -9.42701995e-02 -1.27792219e-02  8.65271781e-03  7.40734935e-02
 -5.34114204e-02 -1.99325122e-02  9.58518765e-04 -1.32069628e-33
  3.71592827e-02 -2.66426932e-02  9.47495550e-02 -7.36782104e-02
 -8.29377025e-03 -6.69448525e-02  8.12646151e-02 -1.00503966e-01
  5.73563296e-03 -3.73464939e-03 -1.73722073e-01  4.29890379e-02
 -2.69383397e-02  1.31556615e-02 -6.29179785e-03  1.41820004e-02
  8.33930820e-02  6.63461015e-02  3.45454775e-02  2.14456581e-02
 -8.03836249e-03  2.51878090e-02 -2.04276778e-02  1.18005928e-02
 -5.92191853e-02  2.45040115e-02 -5.76834455e-02 -1.13532297e-01
 -5.17674088e-02 -6.40611872e-02 -7.82511022e-04 -1.34046124e-02
  1.21170864e-01 -5.67633472e-02 -5.93942106e-02  7.44479075e-02
  8.75081345e-02  3.20452489e-02 -5.79323806e-02 -8.80221557e-03
  6.36017621e-02 -1.02829427e-01  8.43145028e-02  1.05123536e-03
 -5.71167544e-02  1.47994643e-03 -9.16392133e-02  8.83382708e-02
 -5.74146435e-02 -4.65444848e-02 -2.69741286e-03  1.37404548e-02
 -4.84677106e-02 -1.45749990e-02  3.27775367e-02  3.89432795e-02
  1.00462954e-03  5.64071070e-03 -3.44644114e-02  2.51905005e-02
  2.78875511e-02 -7.13416040e-02 -1.16311358e-02  7.54096657e-02
 -8.27446673e-03  3.29478122e-02  4.17828187e-03  9.49718803e-03
 -2.29476131e-02 -3.57596539e-02 -7.26551861e-02 -1.82094071e-02
  3.64172533e-02 -4.40982878e-02 -7.76605457e-02 -6.62559122e-02
  7.90582672e-02  1.48665281e-02  9.31544080e-02  3.71363647e-02
 -1.29478946e-02 -9.30159632e-03 -6.94741756e-02  4.52742074e-03
  6.25503482e-03  2.57059038e-02 -3.15565392e-02 -4.50058803e-02
  9.20495391e-03 -6.60573542e-02 -7.25530600e-03  1.85976531e-02
 -4.70264964e-02 -4.51828614e-02 -4.38579284e-02 -1.89371310e-08
 -9.01529472e-03  1.54723283e-02  3.77043933e-02  1.80280078e-02
 -2.83541009e-02 -1.18983246e-01  7.23951356e-03  2.00985536e-01
 -7.09568267e-04  3.07924077e-02 -2.74502225e-02 -3.57058421e-02
 -2.06041281e-04  2.07854491e-02  8.23748857e-02 -1.45233050e-02
  7.35135898e-02 -2.36246586e-02 -4.77825962e-02 -9.76762362e-03
 -1.29105253e-02 -2.94796377e-02  3.64988074e-02  6.95622712e-02
 -3.34596857e-02 -2.18023942e-03 -3.95695083e-02 -3.24074142e-02
  1.01914294e-01 -2.87361816e-02  3.19277979e-02  2.06061397e-02
 -2.73824413e-03  6.08209856e-02  7.49829188e-02 -7.42484182e-02
 -6.09473325e-02 -4.32730513e-03 -8.53981357e-03  2.26389896e-02
 -5.40393479e-02 -2.45300271e-02  4.41582352e-02  1.17835417e-01
  2.19230298e-02  1.02104649e-01  8.96593705e-02 -3.63365305e-03
 -2.87506822e-02 -4.59998399e-02 -4.98022959e-02 -2.79809125e-02
  1.42538380e-02 -7.46984733e-03  4.12547886e-02  5.09740263e-02
  3.05654593e-02 -7.23874941e-02  2.36056615e-02  5.25029488e-02
 -1.51879070e-02  3.87395103e-03 -6.81236088e-02 -1.50499372e-02]"
70,230a35cf-c948-4ef1-89f3-d9df302dff0f,Amusement Parks,nearby things do kids activities amusement parks,"[ 7.49924406e-02  1.59468967e-02  4.03696634e-02 -3.10946386e-02
  3.65785789e-03 -1.35945352e-02  9.70271155e-02 -1.45918997e-02
  2.48362683e-02  2.12889332e-02  8.88399482e-02  3.99938822e-02
 -1.54035883e-02  8.25779364e-02  5.22456951e-02  1.38270464e-02
  1.44249588e-01  3.49919461e-02 -6.80091418e-03 -7.29346722e-02
  3.06512266e-02  5.30526601e-03  3.91272008e-02  2.25614607e-02
 -7.88285062e-02  1.17580958e-01 -3.19231823e-02  1.13143707e-02
 -1.83484312e-02 -8.87538865e-03  4.89805751e-02  8.85320362e-03
 -3.09357643e-02 -5.16822934e-02  4.33928557e-02  6.63506240e-02
  9.22026113e-03 -3.69028747e-02 -1.58554111e-02  4.96654352e-03
 -2.80043259e-02  4.92253387e-03  1.98275666e-03 -2.40094177e-02
 -2.20065210e-02  2.70514842e-02  5.30989515e-03 -8.63882750e-02
  3.66601795e-02  2.18870267e-02  8.74100253e-02  3.70415486e-02
  2.50088330e-02 -1.97026003e-02 -2.38208529e-02  4.20142002e-02
 -8.39753374e-02 -5.52744977e-02  8.57154503e-02  3.29970894e-03
  4.07662727e-02  2.78170761e-02 -4.89658825e-02  1.68409348e-02
 -1.13161393e-01 -7.76447654e-02 -5.85891195e-02  2.88029891e-02
  2.57282872e-02 -1.05449796e-01  5.28737679e-02 -3.51025313e-02
  2.23201998e-02  1.66463889e-02 -1.54109998e-02  3.52019332e-02
 -4.62967753e-02 -9.49753970e-02 -9.98405833e-03 -1.00292861e-01
 -5.85868806e-02 -6.13886416e-02  5.20471409e-02 -7.53125623e-02
  3.83247361e-02  5.46774222e-03 -3.09603615e-03  1.45640690e-02
 -1.12448512e-02  1.76684372e-02 -5.28611578e-02  8.44768248e-03
  1.53765418e-02 -1.16573144e-02  8.23311321e-03 -2.55501494e-02
 -4.05586846e-02 -7.84384012e-02 -2.84506474e-02  9.15648043e-03
  1.49392448e-02  6.97803423e-02  8.76167044e-02  8.02014768e-02
 -1.47008747e-02 -4.37339805e-02 -2.95848958e-02  1.97071079e-02
  6.75000846e-02  2.86190715e-02 -3.25108767e-02 -1.20008858e-02
  4.91911545e-02  2.76563764e-02 -1.00875050e-01 -6.82257116e-02
  4.81511988e-02 -7.20035434e-02 -5.46244122e-02 -5.12818620e-02
  7.12851956e-02  1.06049990e-02  5.72527722e-02  3.23461741e-02
 -1.52013404e-02 -5.06163090e-02 -2.69603170e-02 -7.50726988e-34
  3.19997966e-03 -1.77773591e-02  3.58800218e-02 -6.51771901e-03
  3.10005359e-02  1.92466136e-02  4.46137115e-02 -6.08009733e-02
  1.54167088e-02  7.56716430e-02 -2.61145290e-02  1.92864779e-02
  2.55060624e-02 -9.90663934e-03  7.68064484e-02 -2.51989774e-02
 -7.42953867e-02 -4.53385450e-02 -1.65122543e-02  1.45276752e-03
 -8.61269981e-02 -6.37449846e-02  1.44025395e-02  4.56931107e-02
  2.09455448e-03  2.79494543e-02 -2.64796130e-02 -3.67807373e-02
  7.79943019e-02  3.12292669e-02 -6.84096245e-03 -1.63721312e-02
 -2.78208349e-02  6.35234779e-03  1.80902705e-02  3.50877568e-02
  4.39444296e-02 -4.97684106e-02  1.40320798e-02  1.23244021e-02
  5.69431065e-03 -1.05134979e-01 -6.67952001e-02  1.24531919e-02
  1.22070117e-02  3.48936692e-02  9.71969888e-02  4.31836359e-02
 -5.97617887e-02  2.94539928e-02  1.77931711e-02 -2.05486100e-02
 -4.50294167e-02 -1.21643670e-01 -6.39475603e-03  5.52445911e-02
  2.75103915e-02  8.05692747e-02  5.47561087e-02 -5.29431701e-02
  7.90723860e-02  3.25784571e-02 -4.17605676e-02 -1.36903718e-01
  6.21709712e-02  2.59570088e-02  1.05940342e-01  5.66242933e-02
  3.46557274e-02 -8.70626792e-03  6.15726300e-02  5.61875924e-02
 -4.01975540e-03 -7.06530549e-03  4.26882356e-02 -1.95601699e-03
 -8.06994587e-02  9.32619814e-03 -5.24356775e-02  3.06356959e-02
 -1.26307206e-02 -4.97734584e-02 -1.52118020e-02 -8.95532966e-03
  6.94505591e-03 -9.91589725e-02 -1.61326826e-02 -3.58720347e-02
 -9.80239511e-02  8.98388959e-03  2.68473271e-02  4.39197291e-03
 -1.98307596e-02  6.36651143e-02 -4.60999049e-02 -1.56371716e-33
 -4.63583209e-02 -7.00427443e-02  2.27848906e-03 -4.60623950e-02
  3.57824340e-02 -1.19541036e-02 -2.67757662e-02 -9.08456668e-02
 -5.40500879e-02 -2.92755533e-02 -1.23649269e-01  2.99806632e-02
  2.67892294e-02 -2.72500310e-02  5.74097559e-02 -1.64234207e-03
  4.80951667e-02  9.80954468e-02  1.33159962e-02  7.32462853e-02
  3.85327600e-02  2.40807738e-02 -6.96645826e-02  6.36373088e-02
  6.11562515e-03  3.00672166e-02 -2.52926778e-02 -1.17223293e-01
 -4.84763272e-02  6.31339699e-02 -2.34599430e-02 -9.03257169e-03
  1.16302416e-01  3.61625254e-02 -4.06556353e-02 -3.95768546e-02
 -2.16543954e-02 -5.82110249e-02 -7.92633891e-02 -1.35451227e-01
  3.69403698e-02 -5.62927388e-02  6.40201047e-02  4.55551632e-02
 -2.62467563e-02  4.61468585e-02 -7.04966336e-02  5.73593378e-02
 -5.69591001e-02 -5.52811194e-03 -4.39406605e-03 -1.31219145e-04
 -1.03412144e-01 -4.79462780e-02  3.78458351e-02  6.07551038e-02
  3.30934227e-02 -2.48973034e-02  5.53211160e-02 -3.48080136e-02
  3.72565910e-02 -5.67525998e-02  1.20759914e-02  5.21239750e-02
 -6.60726149e-03 -4.13891440e-03 -6.82061538e-02  8.09439551e-03
 -4.33187522e-02 -3.57278553e-03 -1.50644248e-02  5.65947965e-02
  3.23984697e-02 -1.30585775e-01 -1.03362314e-01  1.55332126e-03
  9.74340066e-02  3.85492146e-02  4.61147651e-02  1.97168924e-02
  2.17214525e-02  2.13180911e-02 -7.71088118e-04 -8.48952159e-02
 -1.63150318e-02 -2.51245056e-03 -7.69620538e-02 -4.81520444e-02
 -6.16515279e-02  1.98496599e-02  1.22221950e-02  1.23049922e-01
  1.63291097e-02 -9.43476427e-03 -6.08870871e-02 -1.46953756e-08
  3.82424593e-02  4.20112386e-02  3.54115991e-03 -3.67357843e-02
  8.61483533e-03  1.20565081e-02  2.41829213e-02  1.10171139e-01
  2.40336023e-02 -2.06989963e-02  3.02313305e-02 -2.81825699e-02
  8.78605992e-02  2.84782946e-02  6.89889044e-02  1.66679416e-02
  4.07817960e-02 -2.46855486e-02  5.37499692e-03  7.61269107e-02
  1.26446420e-02  3.83231044e-02  6.65877163e-02 -2.19308911e-03
 -6.26363158e-02 -6.07606955e-02 -1.49075156e-02 -1.67962890e-02
  1.72287282e-02 -3.85112837e-02  5.32265790e-02 -3.84151861e-02
 -2.24449206e-02  4.02309047e-03  2.17531286e-02 -1.06589027e-01
 -3.21884751e-02  1.83620770e-02 -5.49820326e-02 -3.35730165e-02
  1.62812998e-03 -6.54884651e-02  1.65683087e-02  6.94669187e-02
  1.19242063e-02  6.89153522e-02 -8.62902589e-03 -4.40728143e-02
  6.87081888e-02  7.27377385e-02 -1.05915911e-01 -9.95354503e-02
 -3.77325416e-02 -7.94739649e-02  1.20830841e-01 -3.86035792e-03
  5.03309071e-03  1.46684116e-02 -8.02264176e-03 -1.47986030e-02
 -5.28951809e-02  6.95884749e-02 -3.28658037e-02  7.09755644e-02]"
71,14de3fc4-461c-4c90-a9f8-a353859ef871,Hotel Spas,nearby beauty & spas spas hotel spas,"[ 6.15355857e-02 -4.20766920e-02  1.04497727e-02  1.03350170e-01
 -4.63839024e-02  3.01193241e-02  3.03828418e-02 -9.34476703e-02
 -4.59575057e-02 -5.53872623e-02  9.59162936e-02 -3.52765620e-02
 -6.66984729e-03  9.56007615e-02  8.64722803e-02 -4.48344760e-02
  1.21101722e-01 -3.09591834e-02  9.66996029e-02 -1.46900048e-03
 -2.35515623e-03 -4.48218919e-02 -3.01633943e-02  4.89527127e-03
 -3.60135809e-02 -4.35845740e-02 -4.97757196e-02  5.31975701e-02
 -4.34361957e-02 -5.16298227e-02 -1.99062820e-03  4.44546677e-02
 -2.68798843e-02 -2.18363348e-02  7.96337798e-02  1.07067607e-01
 -2.09817030e-02 -6.37489185e-02  2.51961946e-02  4.31853272e-02
 -8.82581323e-02 -2.59153713e-02 -1.09984539e-02  3.96726355e-02
  6.55563176e-02 -6.71832124e-03  2.63029383e-03  4.35502455e-03
  4.52950336e-02  1.82268191e-02  3.58100887e-03 -4.11843732e-02
 -3.13935019e-02  1.73180662e-02  2.63477694e-02 -5.27865365e-02
 -5.19410111e-02 -7.67188817e-02  1.85754872e-03 -2.62728091e-02
  1.00599952e-01 -1.04122767e-02  3.28720990e-03  2.81355437e-02
 -9.57002565e-02 -2.17626262e-02 -7.26976395e-02  1.03143074e-01
  4.43971343e-02 -1.76435247e-01 -7.47398473e-04 -7.92791881e-03
 -7.50089660e-02  2.24499237e-02  4.04696241e-02  7.06958771e-02
 -7.49812135e-03 -2.78608967e-02 -1.46402419e-02 -4.47022729e-02
 -1.16121806e-02 -3.58241312e-02  2.22548731e-02  1.30219189e-02
 -3.94549519e-02 -5.28366417e-02  6.71797618e-02 -7.78104588e-02
  6.61791041e-02  1.28762517e-03  1.80477761e-02  4.35454724e-03
 -1.43277794e-01 -2.27819174e-03 -1.05324835e-02 -2.74392334e-03
 -6.71523958e-02  6.57490548e-03  3.62498709e-03  5.70733361e-02
  1.39835291e-02  1.66830719e-02 -2.98897587e-02  8.54248032e-02
 -1.66865457e-02 -1.58898085e-02  6.21321388e-02  8.58598277e-02
  4.80183773e-02  6.14966825e-03 -3.86157483e-02  4.68773283e-02
 -1.69513114e-02 -1.13732442e-02 -7.33295679e-02 -3.83207537e-02
  8.70507210e-02 -5.51921874e-02  9.68674645e-02 -4.02655825e-02
  1.56350306e-03 -1.30983591e-02 -1.13226101e-03 -4.24847230e-02
 -8.09191540e-02  3.04379407e-02 -1.17743276e-02 -1.56625420e-33
  1.37346750e-02  5.15065901e-02  2.64082178e-02  1.02000907e-01
  1.53944260e-04  5.07243499e-02 -4.45130616e-02 -4.13259901e-02
 -5.78385964e-02 -9.45472810e-03 -9.70111862e-02 -1.74008794e-02
  3.12848464e-02 -1.58350039e-02  3.25273536e-02 -3.63306068e-02
  6.40554875e-02  2.54954342e-02 -3.30009200e-02 -4.91667762e-02
 -5.07226810e-02 -3.35045333e-04  2.24825507e-03 -3.57896998e-03
 -3.56340371e-02  3.44312266e-02  1.26865897e-02 -1.89212523e-02
 -1.10174557e-02  2.42807139e-02  2.92829257e-02 -2.26568840e-02
  5.81222735e-02  1.18068196e-02  1.04593411e-02  7.32312128e-02
  1.13673080e-02 -5.84452525e-02  3.11036371e-02 -3.95545624e-02
 -1.06122948e-01  4.22896519e-02 -4.10911478e-02  4.80164513e-02
  8.17520637e-03  8.91461596e-02 -7.94465095e-03  4.40680189e-03
  3.89060974e-02 -9.22459364e-03 -8.74573886e-02  4.57586683e-02
 -8.36420283e-02  1.40941769e-01  2.89400145e-02 -1.35091804e-02
 -2.85939388e-02 -1.37880137e-02  8.32565203e-02 -2.45232880e-03
  5.85037954e-02  7.89300501e-02 -5.46239577e-02 -1.10841036e-01
  5.49428724e-02 -2.81546973e-02  7.69535974e-02  3.64728123e-02
  2.05919165e-02  1.01787001e-02  2.74711172e-03  1.28579289e-02
  9.05412156e-03  1.62702817e-02 -2.44214218e-02 -3.23570557e-02
  2.79237889e-02  3.84521224e-02  2.32007052e-03  5.17343134e-02
  2.55677849e-02 -4.37649824e-02 -4.87263650e-02  8.79574195e-02
 -3.20208184e-02 -6.96457550e-02 -2.98299268e-02 -1.36360461e-02
 -2.96807028e-02 -1.81354899e-02 -3.12271323e-02  7.29990080e-02
  2.73473877e-02 -4.15933579e-02 -6.99554905e-02 -1.09558884e-33
 -3.31803635e-02 -1.06014960e-01  5.30622713e-02 -2.08327863e-02
  2.47359518e-02  5.71881831e-02 -4.92777303e-02 -4.44981158e-02
 -2.14155037e-02  1.08348675e-01 -1.48712829e-01 -5.35070561e-02
  5.65024465e-02 -5.78440279e-02 -8.36997032e-02  9.02190432e-02
  4.77649122e-02 -5.37278950e-02 -4.33131792e-02  9.47914198e-02
 -3.19615155e-02  1.26893073e-01 -5.71508817e-02 -1.63908899e-02
 -3.71461920e-02  7.09943920e-02 -3.25316861e-02 -3.70068587e-02
 -8.56437236e-02 -3.05017829e-02 -7.79775437e-03 -2.30335053e-02
  3.39486524e-02  1.03334785e-01  1.58537198e-02  4.91835885e-02
  6.72426494e-03  3.40395197e-02 -5.37819117e-02  3.78911346e-02
  1.08899333e-01 -6.56161010e-02 -3.67405750e-02  6.40919879e-02
  7.84781873e-02 -6.90826401e-02 -1.09154023e-01 -5.31579480e-02
  4.41893525e-02 -5.76809654e-03 -7.88346399e-03 -5.49315587e-02
 -6.47028983e-02  1.90272869e-03 -5.65139428e-02 -7.14810640e-02
 -2.57645026e-02  3.63365561e-02 -1.23361927e-02  4.53954935e-02
  4.90957052e-02 -2.54489947e-02  1.58806574e-02  6.37526810e-02
  6.94433367e-03  3.98391560e-02  1.41539965e-02 -2.63555516e-02
 -6.25216216e-02 -3.44087891e-02 -3.61215770e-02  2.94232853e-02
 -3.22960690e-02 -3.73598635e-02 -3.47400680e-02 -2.16358621e-02
  3.60852182e-02  1.32053168e-02 -2.57382840e-02 -2.81113219e-02
  1.53193483e-02 -8.28228949e-04  3.21820788e-02 -1.54237365e-02
  2.35880874e-02 -3.69617064e-03  2.65379734e-02 -6.72522467e-03
 -8.77926126e-03  1.16002571e-03 -5.72904050e-02  5.22472113e-02
  1.17798327e-02 -1.13283135e-01 -2.83790077e-03 -1.97323811e-08
  1.31658269e-02  1.56942382e-02  3.36713041e-03 -4.90758335e-03
 -3.83035988e-02 -5.59716001e-02 -6.89712679e-03  7.89943635e-02
  1.03238523e-02  5.96945621e-02 -4.30775573e-03  6.15422614e-02
  6.01730943e-02 -2.03536060e-02 -3.68187055e-02 -2.63684033e-03
  1.90495495e-02  5.38399816e-02 -5.97564783e-03  3.53441797e-02
  1.02724694e-03  3.90064046e-02  3.83458808e-02 -1.74410809e-02
 -7.81037053e-03 -1.89905297e-02 -2.07096338e-02  9.54505012e-05
  4.39320877e-02 -1.29930407e-01  6.58824667e-02 -2.97029242e-02
  4.86727692e-02 -1.90305747e-02 -4.68840823e-02  1.94980465e-02
 -4.93217334e-02 -4.31024618e-02 -9.75972712e-02 -3.56498398e-02
 -1.42851591e-01 -1.12081967e-01  2.83269305e-02  2.37159133e-02
  2.76345201e-03  3.43625881e-02  1.51730990e-02 -3.49998288e-02
  8.61774944e-03  1.01783879e-01 -8.42581466e-02 -4.05812003e-02
  9.79451649e-03 -3.19816917e-02  1.57225262e-02 -2.70007327e-02
 -2.52579688e-03 -1.38543108e-02  3.90637368e-02  5.89516796e-02
  3.57554331e-02 -2.55216938e-02 -2.40821205e-03  2.95351781e-02]"
72,5e50ed2c-8689-4180-8fc5-c7da7d77f539,Airport Parking,nearby automotive parking airport parking,"[ 6.64101765e-02  5.99162579e-02 -3.55521776e-02 -1.02617042e-02
  2.91423406e-02  5.23420274e-02  7.60871843e-02  2.46663131e-02
  9.54276845e-02  1.59170926e-02  2.99635492e-02  5.01999110e-02
 -2.37087179e-02  2.55636610e-02  4.12022062e-02 -2.13445886e-03
  8.00574124e-02 -3.46173197e-02  9.75993928e-03 -6.09815978e-02
 -8.77892599e-03 -4.32041697e-02  3.56062315e-02 -2.75948122e-02
 -5.42945676e-02  2.77562663e-02  4.95350920e-02  9.44127291e-02
  5.55201173e-02  1.35690086e-02 -5.17283566e-02  6.78128898e-02
 -3.33171077e-02 -1.25768520e-02  3.73983495e-02 -3.29397693e-02
 -5.51485084e-02  8.08051322e-03  6.00549430e-02 -5.35772778e-02
 -1.07448315e-02 -4.80393879e-02  4.63065617e-02 -3.44562083e-02
  1.03806062e-02 -8.55406523e-02  6.37222975e-02  3.55133191e-02
  8.50474983e-02 -4.42589074e-02  1.09896474e-01 -3.53532634e-03
  8.21475908e-02 -3.11088078e-02 -2.69972179e-02  6.86581433e-03
 -4.95454222e-02 -5.97841432e-03 -7.51541834e-03 -3.34955044e-02
  6.81539625e-02 -1.78174954e-02 -2.37848833e-02 -1.28063187e-02
 -7.52523094e-02 -6.17261801e-04  2.02765297e-02 -2.96774115e-02
  7.27230981e-02 -3.80873606e-02 -3.30205448e-02  1.71141885e-02
 -8.72779861e-02 -3.86997536e-02  5.45569547e-02  8.10068771e-02
  2.13786662e-02  3.62853892e-02  1.52625553e-02 -1.15214042e-01
  3.23591940e-02  1.61763765e-02  2.62214132e-02  9.22162831e-03
 -4.15556356e-02 -1.67728378e-03  2.59702075e-02 -2.00820696e-02
  1.39416037e-02  4.63397726e-02 -9.20824558e-02 -1.22688012e-02
 -4.45692614e-02 -7.54494891e-02 -6.95470199e-02  1.82946790e-02
 -1.58211254e-02 -7.09878653e-02 -3.31582241e-02  5.28017618e-02
  7.24115968e-02  1.51359424e-01 -8.25532340e-03  6.90713618e-03
 -6.79169921e-03  2.44782083e-02 -2.33467463e-02  1.54615818e-02
  1.64805949e-02  1.40239578e-02  2.92604826e-02 -8.23054742e-03
 -1.20326746e-02 -3.45526892e-03 -1.04440130e-01  7.47991428e-02
  2.46209814e-03 -2.24469062e-02  7.03318790e-02  4.63010520e-02
 -9.85617265e-02  1.06189121e-02  2.25976389e-02  8.19791332e-02
  9.23146401e-03 -6.58528581e-02 -4.91054989e-02 -2.00716230e-33
 -7.47148842e-02 -1.39591349e-02  5.98139595e-03 -4.12988029e-02
  8.62870291e-02 -5.21457419e-02 -3.92042138e-02  3.22469920e-02
  9.10156220e-03 -2.07602587e-02 -5.60455099e-02  9.78333224e-03
  8.77043903e-02 -1.47396535e-01  7.20398035e-03  1.54291419e-02
 -2.93990243e-02  4.72745998e-03 -5.65220639e-02  5.54416096e-04
 -5.22199720e-02 -5.36888205e-02  2.30192021e-02  1.20462421e-02
  1.12694070e-01  6.32195100e-02  5.25708171e-03  9.31606814e-03
  1.71822146e-01  4.82810400e-02 -5.32351248e-02  8.60165060e-02
  2.74688727e-03  2.54976358e-02 -3.90294567e-02 -1.60761010e-02
 -6.40235618e-02 -1.38052907e-02 -1.51791088e-02 -4.06149514e-02
  9.92491841e-03 -4.27753590e-02 -6.66348487e-02 -6.80370554e-02
  1.65232029e-02  4.39270288e-02  5.93808182e-02 -1.67656001e-02
 -2.87978053e-02 -1.05991624e-02 -4.18299586e-02  3.49474289e-02
 -5.96871637e-02  2.00353935e-02 -4.73535880e-02 -2.94287819e-02
 -2.08872575e-02  4.70093973e-02  3.12305614e-02  1.81086212e-02
 -4.61826809e-02  1.55024216e-01 -2.69873068e-02 -5.05135246e-02
  3.35812494e-02 -5.75524457e-02 -2.25308277e-02  1.46638416e-02
  3.00870836e-02  7.88471028e-02  9.57264975e-02  2.02842914e-02
  5.51631674e-02  9.39681679e-02 -1.15630571e-02 -9.51688364e-03
 -7.33863264e-02  7.30560943e-02 -2.82958057e-02  1.39188301e-03
 -3.16330902e-02 -9.03187506e-03 -2.33703423e-02 -4.90431767e-03
 -6.19340921e-03 -8.73712227e-02 -1.97318345e-02 -2.05617882e-02
 -8.72442052e-02 -2.18623672e-02 -2.99741887e-02  9.66239646e-02
 -4.58222516e-02  8.49307049e-04 -6.11859560e-02 -2.34121144e-34
  7.44345188e-02 -8.03413168e-02  2.19936632e-02 -6.96147382e-02
 -4.25252020e-02  4.11793254e-02  3.41476277e-02 -7.33278021e-02
 -9.47467908e-02  3.41432653e-02 -8.71314183e-02  2.01612674e-02
  4.15529050e-02 -2.76764156e-04  2.02767961e-02 -3.71827371e-02
  4.98590432e-02  2.64224894e-02 -6.42091259e-02  3.55902985e-02
  1.19003290e-02  4.54227887e-02  7.95952678e-02  1.62865259e-02
 -1.93289220e-02 -5.57714235e-03  4.12703753e-02  1.34679303e-02
 -1.43732473e-01  1.46589829e-02 -4.99104708e-02 -2.77421111e-03
  4.45347950e-02  1.54510271e-02 -4.33781510e-03 -5.82176000e-02
  9.53793526e-03 -5.00183813e-02  1.30083440e-02 -1.78084094e-02
 -5.93926106e-03 -5.29484190e-02  2.25974172e-02 -3.02863102e-02
  6.38735816e-02 -2.99667343e-02 -2.36637015e-02 -3.01448219e-02
  1.41766798e-02 -7.94733986e-02  5.43819256e-02 -7.68096223e-02
 -4.95284237e-02  1.04295939e-01  1.09484177e-02  1.07595190e-01
  5.10029607e-02 -1.37672909e-02 -7.62461787e-05  3.63540836e-02
 -5.78293670e-03 -2.71126404e-02  5.39004132e-02  2.43050698e-02
 -9.20210034e-03 -1.19529046e-01 -2.88412385e-02  2.56097894e-02
 -1.53043028e-02  8.47561564e-03  2.34241807e-03  2.27630548e-02
  3.85810956e-02  1.38193056e-01 -4.04841490e-02  6.57323301e-02
  2.06933483e-01 -3.05350237e-02  3.89660373e-02 -9.33218673e-02
 -2.68908646e-02 -1.19436383e-02  9.54835489e-03  4.91326340e-02
 -9.16461181e-03  2.08584201e-02  1.90348867e-02 -5.06919017e-03
  1.25742089e-02  2.87583955e-02 -2.19432637e-02  8.74595195e-02
 -5.23109511e-02 -2.28556385e-03 -6.97023273e-02 -1.29059892e-08
 -1.47510692e-02  3.06885503e-02 -2.50974242e-02 -2.32793652e-02
  4.08649258e-03  5.46925552e-02 -1.96697675e-02  1.93617977e-02
 -1.26896977e-01 -4.96266708e-02  2.15262398e-02 -1.20549081e-02
 -1.45766074e-02  8.49446654e-02 -5.33648469e-02  3.22232172e-02
 -1.13805186e-03 -4.25000824e-02 -2.43942328e-02 -3.89986709e-02
 -4.40560170e-02  6.66565727e-03 -3.60856531e-03  1.83789302e-02
  2.00220048e-02 -3.72718312e-02  4.39725770e-03 -4.65619676e-02
  1.86114870e-02 -1.14792474e-01 -5.98257147e-02  1.19477697e-02
  3.27569209e-02  1.36790853e-02  3.59391347e-02 -2.43443530e-02
 -4.47217049e-03  5.67144295e-03 -2.63358802e-02  1.20871160e-02
  4.78829034e-02 -1.81594715e-02 -7.72206932e-02 -5.14238440e-02
  2.04161517e-02  5.43121286e-02 -4.11020219e-03  2.96195932e-02
 -7.21421018e-02  2.21571643e-02 -1.95520073e-02 -2.69932412e-02
 -3.66278887e-02  3.83362770e-02  6.65783137e-02 -7.04821274e-02
 -5.89158274e-02 -1.97446328e-02  5.05463779e-03 -1.44394925e-02
 -3.12012162e-05  1.63366824e-01 -3.64226662e-02  2.88836211e-02]"
73,79a2482f-79c3-4673-9709-becca58362b8,Shooting Range,nearby things do sports & outdoors shooting range,"[ 9.08280909e-02  1.41291553e-02 -1.09879300e-02 -6.47402257e-02
  9.06512290e-02  6.40730700e-03  2.93200724e-02 -1.20152906e-02
  1.75985589e-03  6.92615658e-02  6.25275970e-02  2.89623365e-02
  8.29999801e-03  3.14879455e-02  1.62367821e-01 -5.97111369e-03
  9.76517722e-02  1.78330727e-02 -5.58566600e-02 -8.59900191e-03
 -6.43703640e-02  2.81514116e-02  7.95861855e-02  2.98686419e-02
 -5.61038032e-02 -6.53891340e-02  1.02195062e-03  9.00990888e-02
 -5.08642532e-02 -3.04179941e-03  1.19239539e-02  3.90868401e-03
 -6.96184710e-02  2.94122323e-02 -2.47972682e-02  1.75134111e-02
  2.83004995e-03  6.85113594e-02 -1.85937490e-02  6.55614063e-02
  2.88620079e-03  6.04994223e-03  4.90977876e-02 -2.15898384e-03
 -2.17814837e-02  7.35005662e-02 -3.34497802e-02  7.73138425e-04
  4.45097424e-02 -2.43672859e-02 -8.51342455e-04 -1.14250798e-02
 -4.66053225e-02  1.55469179e-02 -2.52556484e-02 -2.59549040e-02
 -5.97090200e-02  3.42066213e-02  7.18118548e-02 -6.74833506e-02
  7.89426789e-02 -3.73181961e-02 -9.03832689e-02 -1.62913799e-02
 -3.09228059e-02 -1.75298061e-02 -5.25743365e-02  2.90222950e-02
  6.98370859e-02 -1.04811169e-01  4.50816080e-02  8.57107341e-02
 -4.09906283e-02  1.14812749e-02  9.50471871e-03  4.61376123e-02
  1.40819012e-03 -8.84237513e-03 -2.92546861e-02 -2.70097479e-02
  3.63166220e-02 -5.93422689e-02  3.05534177e-03  7.86407851e-03
  6.20144419e-03  2.34964397e-02  2.27309088e-03  3.94992866e-02
  3.56828943e-02  8.53309687e-03 -9.60842669e-02 -4.80689257e-02
 -5.04134111e-02 -2.43612193e-02 -6.47265986e-02 -2.21887846e-02
  1.82211213e-03 -7.01734349e-02 -1.27464030e-02  2.49086064e-03
  4.13421392e-02 -7.79154077e-02  2.80348882e-02 -2.74284109e-02
  1.40389567e-02  1.56527665e-02 -7.50432014e-02  3.78610045e-02
 -1.54132349e-03  6.00161180e-02 -3.17138270e-03  2.05365382e-02
 -4.19118777e-02  5.57323312e-03 -4.97598574e-02 -3.05304378e-02
 -4.56508510e-02 -1.58314928e-02 -8.13190453e-03 -6.41157255e-02
  1.80186052e-02 -5.17572872e-02 -3.84794474e-02  2.68636942e-02
  4.18808050e-02  8.47577676e-03  1.76798310e-02 -2.07005033e-33
  6.83218241e-03 -4.50686924e-02  2.48331372e-02  2.07921304e-02
  4.43779044e-02 -4.45381850e-02 -1.15349870e-02  2.36256793e-03
 -1.04064886e-02  3.34969684e-02 -3.25162821e-02  4.36233021e-02
  3.02415923e-04  1.68294013e-02  1.58461943e-01 -9.17007998e-02
  4.05393057e-02 -3.25733684e-02 -4.24877554e-02  1.27724111e-01
 -4.93207723e-02 -1.19681291e-01 -3.97954024e-02  6.48205653e-02
  1.85210619e-03  9.45906565e-02 -1.10873359e-03  3.88049111e-02
 -3.91092338e-02  7.79470894e-03  2.39321496e-02  8.77735950e-03
 -7.85571337e-02 -1.69548336e-02  1.03134379e-01 -4.49583866e-03
 -2.44192667e-02 -7.19874129e-02  1.12774475e-02  5.80993574e-03
  8.12029466e-03  3.30049731e-02 -6.29363135e-02 -7.73802474e-02
  7.08327815e-02 -1.43809542e-02 -2.45909374e-02  4.90255170e-02
 -1.50499612e-01 -6.33748202e-03  1.86392777e-02  1.89896487e-02
  9.81637929e-03 -3.95139307e-02  3.58704329e-02  2.57063918e-02
 -1.59244388e-02 -4.18090485e-02  3.90989892e-02 -3.74723077e-02
  9.42170322e-02  3.90604548e-02 -2.15163524e-03 -4.11058180e-02
  3.79785411e-02 -6.52154768e-03  4.66964953e-02  3.49877849e-02
  7.14568570e-02  6.72290176e-02  6.46732226e-02  2.90093720e-02
  2.74971873e-02  3.68931273e-04  8.07965640e-03  6.41843751e-02
  8.64123274e-03  2.28519812e-02  4.28705588e-02  7.58814961e-02
 -6.29819185e-02 -1.00626238e-02 -7.90631175e-02  1.88082065e-02
 -7.91772902e-02 -4.06758999e-03 -2.93179248e-02 -7.32195750e-02
 -1.37543604e-01  2.29803659e-02 -2.62597613e-02  1.84677429e-02
 -1.54124975e-01  3.65213789e-02 -6.07033037e-02  2.95397942e-34
  1.69613436e-02 -2.46471800e-02  1.42446263e-02 -3.63624468e-02
  1.10630970e-02  2.62296721e-02  7.06042349e-02 -7.16381818e-02
  3.04150935e-02  9.56262350e-02 -1.43633038e-01 -1.15026515e-02
  3.63654010e-02  4.17792164e-02  5.49324341e-02 -5.74443256e-03
  3.67397219e-02  3.09864953e-02 -6.83282875e-03 -3.36498655e-02
  6.54482692e-02  9.47558042e-03  6.72777370e-02  3.13549140e-03
  2.76709143e-02  3.58964987e-02 -8.48752484e-02  3.46405082e-03
 -1.18259445e-01 -4.37976457e-02  5.16943354e-03 -3.21815461e-02
  1.42562360e-01 -1.99440587e-02 -4.56257202e-02  2.15347242e-02
  4.30812836e-02 -7.67532587e-02  7.29773054e-03 -6.31931499e-02
  8.29057842e-02 -4.04696390e-02  7.81631172e-02  1.52449068e-02
 -5.36818653e-02 -2.01541167e-02  6.23213779e-03  2.66581345e-02
 -2.96531729e-02  3.36456150e-02  2.37758700e-02 -8.31804238e-03
 -1.20240889e-01  2.48646438e-02 -2.32978277e-02 -1.70925129e-02
  1.51398471e-02 -3.67203094e-02 -4.94822934e-02 -3.92014021e-03
  3.15548889e-02  1.54849922e-03 -6.47539496e-02  1.21917814e-01
  6.66806567e-03  8.08677971e-02 -4.19535451e-02 -1.28855789e-02
 -1.71313025e-02  3.44349332e-02 -2.42914353e-02  1.10817207e-02
  9.65306312e-02 -6.17783852e-02 -1.44236088e-01 -2.88373772e-02
  3.21022533e-02  1.43361697e-02  3.16030048e-02  8.70263875e-02
 -5.31111751e-03 -7.35354424e-02 -9.70285982e-02  5.37711829e-02
  2.45378539e-02  6.15261309e-02 -4.53942269e-02 -8.57298262e-03
 -5.09434640e-02 -1.47326859e-02  8.17377493e-03  8.95103589e-02
 -4.65850288e-04 -1.94030683e-02 -2.98003349e-02 -1.62895919e-08
 -6.63734302e-02  6.57766685e-02 -2.67403517e-02  2.69154124e-02
 -2.82810032e-02 -7.02201482e-03  6.97947517e-02  3.71729843e-02
  6.97182640e-02 -3.36319469e-02 -5.96292913e-02 -5.44832200e-02
  6.27228543e-02  1.78322252e-02  6.88446984e-02 -7.88235757e-03
 -1.25523731e-02 -3.12694423e-02 -5.17708026e-02  8.87787864e-02
  4.16159071e-03 -1.97156463e-02 -1.26807969e-02  9.39397588e-02
 -3.90931256e-02 -2.70403884e-02 -8.22859332e-02 -3.89459804e-02
  9.35256779e-02  3.62010412e-02  1.06224464e-02 -3.50723676e-02
  1.70035136e-03 -4.88425652e-03 -5.64431248e-04 -8.78442451e-03
  1.96809787e-02  3.84569950e-02 -6.79990649e-02 -2.04355409e-03
 -5.60778230e-02 -9.62667912e-02 -4.63149771e-02  7.15200752e-02
  1.79281202e-03  7.36178309e-02  1.18595762e-02 -4.06623147e-02
 -7.07613453e-02  1.82257351e-02 -4.13493775e-02  2.07414590e-02
  7.34553300e-03 -4.58457209e-02  1.74507339e-04  6.37169331e-02
  2.85472977e-03 -1.04777850e-01  4.90043499e-02  3.87373567e-03
 -3.37058678e-02 -4.45153676e-02 -6.44749925e-02  8.19601044e-02]"
74,024d4f6c-d1d6-4ecd-905e-0f91c9b4ab54,Pilates,nearby health & fitness fitness classes pilates,"[ 5.21172322e-02 -5.66072054e-02 -3.19810547e-02  3.38496678e-02
 -3.92432623e-02  3.57555784e-02 -6.46346733e-02 -6.54965043e-02
 -3.06964479e-02 -5.51659204e-02  1.03535421e-01  6.75608367e-02
  8.19858909e-03 -4.33299020e-02  7.02960566e-02 -5.23896031e-02
  7.59363994e-02 -6.13226928e-02  2.44019423e-02 -1.00802938e-02
 -7.45727718e-02 -3.69075802e-03  5.96723855e-02  4.77852114e-02
 -3.81509177e-02 -1.37098748e-02  3.61542031e-02 -3.69451195e-02
  9.33371671e-03 -9.24757856e-04  9.94147267e-03  5.50819524e-02
 -3.62671800e-02  2.70032119e-02  9.07781795e-02  6.89026192e-02
  7.50507563e-02  3.88507429e-03 -8.77119675e-02  7.40497001e-03
 -5.69609813e-02 -1.97821239e-04  1.89680271e-02  1.82996243e-02
  3.31885070e-02  2.18725521e-02 -1.10090710e-02 -8.39994103e-02
  9.16298032e-02 -3.31179351e-02  6.78606238e-03 -4.07892354e-02
  4.01354469e-02  1.26963435e-02 -2.76434179e-02  7.98333529e-03
 -3.72480080e-02 -4.00845148e-02 -4.98683788e-02  1.14468457e-02
  3.60108688e-02 -1.76825132e-02 -3.57395746e-02  1.17966849e-02
 -7.66980127e-02  5.10281362e-02 -1.28483288e-02  3.19907106e-02
  3.58114429e-02 -6.62634298e-02 -7.25016221e-02 -1.60692483e-02
 -6.08746037e-02  3.44198309e-02  6.15515932e-02  1.18257865e-01
 -4.74477820e-02 -3.86214033e-02 -2.45494731e-02  1.53292883e-02
 -9.23478883e-03  2.10560136e-03  3.53488512e-02 -2.84500029e-02
 -1.16690724e-04  1.87274981e-02  4.86982614e-02  2.80242208e-02
  1.75939109e-02 -5.03427498e-02 -3.00307684e-02  8.70405436e-02
 -9.53260809e-02  3.16308104e-02 -1.10284701e-01  5.12639154e-03
 -1.03430487e-01  1.22372517e-02  4.26263548e-02 -5.66237140e-03
 -9.68859065e-03  6.71491921e-02  2.55727433e-02  5.09766564e-02
 -9.07714292e-02 -1.13480166e-01  5.13093499e-03  5.34891821e-02
  9.55406651e-02  5.74614815e-02 -5.73555939e-03 -6.20381907e-02
 -3.66552994e-02  1.16487499e-02  1.15808425e-02  4.98187467e-02
  1.37275591e-01 -7.53100663e-02 -4.36120890e-02  9.25211422e-03
 -6.36906326e-02  4.10404243e-03  2.01269463e-02 -4.06048521e-02
 -8.17268714e-02 -6.74044266e-02 -1.86477274e-01  1.09918117e-33
  7.11312294e-02  3.15659195e-02  7.01738521e-02  4.53456789e-02
  1.44933313e-02 -9.64315794e-03 -3.13462205e-02 -8.76837447e-02
  3.43399346e-02  5.97008877e-03 -3.17998417e-02  6.33506700e-02
  9.74437743e-02  2.72644348e-02  7.29414867e-03 -2.66558118e-02
 -6.18813420e-03  4.95493747e-02 -7.67983049e-02  3.11019979e-02
 -7.15642050e-02 -4.56573442e-02  8.29044729e-04 -2.24929564e-02
 -2.47715563e-02  6.34111539e-02  5.74924871e-02 -2.45280061e-02
  2.86623761e-02 -1.61912683e-02  4.87364735e-03  3.47919725e-02
 -1.62977669e-02 -2.35296390e-03  8.03122744e-02  4.04272927e-03
  1.55210635e-02  8.72928090e-03  5.53591065e-02  3.78386267e-02
  1.34114176e-02  1.02165677e-02  7.11027309e-02 -1.00166416e-02
  6.87597916e-02  6.22970983e-03  9.63013396e-02  6.07677437e-02
  3.84111814e-02 -7.10024461e-02 -4.62461784e-02 -2.89677568e-02
 -8.64237640e-03 -3.63931991e-02  2.48539168e-02 -4.12130468e-02
 -1.30986311e-02  2.23541632e-02 -3.03005730e-03  3.66641358e-02
  5.55602498e-02  8.76592025e-02 -2.84239333e-02 -8.39920342e-02
 -5.70592135e-02 -5.67586720e-02 -3.80113348e-02 -2.88141780e-02
  3.57717834e-02  9.98046622e-02  1.33508407e-02  7.54351616e-02
  2.10239943e-02  3.65966596e-02  1.57667980e-01 -5.57083599e-02
 -7.71082714e-02  3.29388678e-02 -5.58722354e-02  7.38135278e-02
  4.83258963e-02 -1.43333878e-02 -6.71970919e-02  1.04204997e-01
 -8.13884288e-03 -1.44848330e-02 -3.13823968e-02  3.44140716e-02
 -3.34943123e-02  3.95996831e-02 -1.24839708e-01  2.51517203e-02
  6.99856952e-02  5.36940880e-02 -2.54148152e-02 -2.25925827e-33
  3.12663503e-02 -1.35075320e-02 -4.78664562e-02 -2.18694210e-02
  6.62901103e-02  1.02495635e-02  5.11706732e-02 -2.37669665e-02
  3.74039523e-02  3.95192280e-02 -1.91996694e-02 -6.25824407e-02
  6.86890036e-02 -2.45831087e-02 -1.16819618e-02  6.70310333e-02
 -2.91331727e-02 -3.42803411e-02  1.10517805e-02  1.93488430e-02
 -1.60745680e-02  4.05923557e-03  3.80109064e-02  4.20711888e-03
  1.23371817e-02  6.06495105e-02 -6.15378506e-02  6.12977296e-02
  5.21297827e-02 -3.23932897e-03 -8.31310824e-02 -7.16873072e-03
  3.04631181e-02  4.12598960e-02 -7.50026330e-02  3.43174711e-02
 -7.21535087e-02  6.28975853e-02 -3.32740415e-03 -9.29423491e-04
  2.81782709e-02 -8.34069997e-02 -4.14044783e-02 -1.71755794e-02
  1.82198714e-02 -1.11026965e-01  2.49275211e-02 -1.18541752e-03
 -7.05103353e-02 -3.33449021e-02 -1.98819786e-02 -1.48461442e-02
 -3.60934921e-02  5.59318699e-02  2.46840110e-03  7.35360384e-02
  1.84020922e-02 -3.37075256e-02 -7.25716874e-02 -4.60222773e-02
 -4.96065021e-02  2.16188878e-02 -2.89911833e-02  6.81342334e-02
  1.69605166e-02  9.89801139e-02  6.28286973e-02 -1.95673201e-02
 -3.18515003e-02  4.12298180e-02 -6.67868406e-02  6.67276755e-02
  5.02745435e-02 -3.79558578e-02 -2.16846168e-02  3.29135312e-03
  2.09067147e-02  5.17802732e-03 -4.01042029e-02  4.91680652e-02
  2.80049685e-02 -1.00474380e-01 -6.10646904e-02 -3.18708606e-02
  2.45483853e-02  5.66361919e-02 -1.83543786e-02 -3.72607075e-02
  7.51611823e-03 -5.33467112e-03 -9.22812978e-05  1.10113211e-01
  2.01476831e-03 -3.96822877e-02 -2.66606007e-02 -1.66083769e-08
 -8.94209743e-03  3.32905278e-02 -2.04350818e-02  2.81038862e-02
 -1.51133742e-02 -2.90472638e-02  1.96289085e-02  6.01496659e-02
 -4.22619889e-03  3.60262357e-02 -2.70810183e-02  4.06555692e-03
  1.34080499e-01 -4.66566719e-02 -1.79527532e-02  1.55687099e-02
 -3.90527025e-02  1.01234704e-01 -1.28451213e-02  5.63689321e-02
 -6.60908669e-02 -8.81665125e-02  4.87281568e-02  3.86734977e-02
 -9.04574469e-02 -4.41909991e-02  1.98327098e-02 -2.58558951e-02
 -4.45848005e-03 -2.01678891e-02 -1.74176544e-02 -3.07212099e-02
 -2.35938095e-02 -4.66370285e-02 -6.33015931e-02 -7.06639737e-02
 -2.65753176e-02 -4.50343154e-02 -2.69536637e-02  9.02623534e-02
 -3.87298018e-02 -5.52478917e-02 -2.37703118e-02  6.07463345e-02
  8.75460431e-02 -7.79942721e-02  1.06736470e-03 -1.39345571e-01
  9.04205218e-02  6.91523552e-02 -2.46176906e-02 -2.58141868e-02
 -3.54070999e-02 -3.68528627e-02  2.46388204e-02  3.05748936e-02
 -3.45348828e-02 -5.82856014e-02 -2.00965982e-02  6.93098009e-02
 -6.40000403e-02 -6.69699721e-03  3.35714780e-02 -9.68950149e-03]"
75,7663633e-68d1-4238-b9b1-e62642462579,Flowers,"nearby retail flowers, sweets & baskets flowers","[ 3.57785001e-02  1.42050413e-02  4.68218550e-02  3.61300143e-03
 -1.29099498e-02  5.37810698e-02  3.75636704e-02 -7.61256292e-02
  1.88388135e-02 -1.55286901e-02  1.03765741e-01  1.99951846e-02
 -5.83906844e-02 -2.42624022e-02  9.36259106e-02  6.34513199e-02
  8.97188634e-02  9.83099267e-03 -3.95352058e-02 -3.93218510e-02
 -2.23883428e-03 -1.86808035e-02  4.13090773e-02  8.52709189e-02
 -4.47246023e-02  4.74653430e-02 -4.37728055e-02  8.89894553e-03
 -4.57934812e-02 -5.30635417e-02  1.32557396e-02  8.56355950e-02
 -3.16380640e-03  2.17896141e-02  2.66412064e-03  3.31332274e-02
  2.64485199e-02  2.28825547e-02  7.50092193e-02 -1.61147900e-02
 -2.41973568e-02 -5.09844571e-02 -7.04956427e-02  3.65578197e-02
 -8.18548651e-05 -2.49033738e-02  1.90711103e-03  2.41117831e-02
  3.25389169e-02  4.64752279e-02  2.60600876e-02  3.19562182e-02
 -2.08610594e-02 -1.71281677e-02  2.47799568e-02  3.01133376e-03
 -2.90829614e-02 -2.99576856e-02  7.52671733e-02 -2.31387671e-02
  3.80944014e-02  1.81680825e-02  2.43771262e-02 -4.66840202e-03
 -9.58378762e-02 -4.40850742e-02 -1.06765702e-01  8.44103247e-02
  4.95463312e-02 -1.52620330e-01  3.43285426e-02  1.63654611e-02
 -5.54615781e-02  1.47373136e-02 -3.91232148e-02  1.67090353e-02
  2.03002859e-02 -5.09017259e-02 -3.85415293e-02 -1.24824662e-02
 -7.86920935e-02 -1.69018731e-02  7.51677388e-03  6.17159754e-02
 -3.48889120e-02 -3.05366609e-03  5.60930464e-03 -1.94811616e-02
 -2.00307481e-02 -3.72116454e-02 -4.35345173e-02 -6.52843416e-02
 -4.88343723e-02  4.90686111e-03 -9.44517329e-02 -5.88569604e-02
  3.54077145e-02 -1.17647730e-01  4.27375175e-02  5.97819015e-02
  5.90812303e-02  2.55541652e-02  1.32039189e-01 -1.23873474e-02
 -1.89599507e-02 -2.35086232e-02 -6.69690222e-02  1.17638183e-03
 -5.18265320e-03  1.30623607e-02 -4.25679609e-02 -2.14691423e-02
 -4.28709425e-02  1.55278798e-02 -1.46770403e-01 -5.32289334e-02
 -5.59216514e-02 -5.95874451e-02  6.31074756e-02  3.57931629e-02
  3.92893180e-02  2.00257935e-02  2.61028446e-02 -5.04826847e-03
 -2.95595303e-02 -4.33981000e-03 -4.75583747e-02 -1.53828561e-33
 -2.63308338e-03  8.40323418e-03  6.11897372e-02  7.29253143e-02
  6.80991709e-02 -2.17855293e-02  1.61818583e-02 -7.14990720e-02
 -4.53164615e-02 -2.17480753e-02 -3.59409004e-02  1.67732220e-02
  1.14363581e-02  1.38922045e-02  2.26418301e-03 -1.83366798e-02
 -1.66334994e-02 -1.02217030e-02  5.39642796e-02  2.16542836e-03
 -8.99522826e-02 -4.03114371e-02 -4.97478396e-02  9.90014430e-03
 -2.19471175e-02  2.54650693e-02 -6.90760603e-03  7.08708465e-02
  5.38282283e-02  3.51074263e-02  1.28082693e-01  2.69077402e-02
  1.19769640e-01 -2.35426370e-02 -4.79535088e-02 -1.46918185e-02
 -3.61584686e-02 -8.80470574e-02  4.34748679e-02 -1.21464506e-02
  4.62915562e-02  4.16244157e-02  3.54389697e-02  1.32943720e-01
 -2.17212588e-02  8.31185654e-02  3.68816615e-03  5.00662066e-02
  2.60804631e-02  4.46239207e-03 -3.14992033e-02 -2.75757723e-03
  2.38494612e-02  8.71096998e-02  3.95058654e-03 -5.53598106e-02
 -5.48178218e-02 -3.40913460e-02  4.29037549e-02  1.49178773e-03
  6.65792301e-02  9.23136324e-02 -7.18866512e-02 -1.11672409e-01
  1.58203449e-02 -3.90970744e-02 -1.19836414e-02  3.99934575e-02
 -4.26363386e-02  4.37648781e-02  3.60296555e-02  8.50367770e-02
  4.74711582e-02  6.49881223e-03  3.02226320e-02  3.74859348e-02
  8.21419656e-02  5.91297708e-02  1.66505743e-02 -1.23079410e-02
 -1.43331001e-02 -5.29847816e-02 -1.60694066e-02  6.02957904e-02
 -8.79813135e-02 -5.54939955e-02 -2.51326915e-02 -3.96883637e-02
 -1.24775350e-01 -1.47735421e-02 -5.75566962e-02  8.33059624e-02
 -4.93490472e-02 -5.71232773e-02 -6.71532676e-02 -5.66549155e-34
  2.99277585e-02 -3.29940803e-02  5.82064837e-02  7.18075633e-02
  6.85424060e-02  4.67696227e-02 -3.01293414e-02 -7.29108006e-02
 -8.75221007e-03 -1.03404000e-02 -1.14179231e-01  5.32501414e-02
  2.58127321e-02 -2.34698551e-03 -4.42507537e-03  7.63485357e-02
  1.24222465e-01  8.38354900e-02  1.28680617e-02 -1.06869778e-02
 -7.17902333e-02  1.15530744e-01 -8.69943276e-02 -7.40719065e-02
 -1.13762602e-01  4.49913330e-02 -1.55266421e-02 -7.92035982e-02
 -8.61612558e-02 -4.60041426e-02  1.61140598e-02 -1.31272584e-01
  9.13386978e-03  1.74732599e-02 -5.85327335e-02 -3.09643745e-02
 -3.10262274e-02 -8.00602734e-02  2.20460575e-02  7.82843903e-02
  4.02489305e-02 -5.09467013e-02  3.33658494e-02  6.84148744e-02
  5.11249751e-02 -8.65494087e-02 -6.96430504e-02  5.72913140e-02
  1.10501133e-01 -1.22709982e-02 -3.81389371e-04  3.54696140e-02
 -5.93036264e-02  4.55386862e-02 -1.22726161e-03  4.82711606e-02
  2.25288291e-02  2.06906740e-02 -3.20047326e-02 -3.92356440e-02
 -1.81672666e-02 -1.91116724e-02  4.60687689e-02  2.26356946e-02
 -3.57148722e-02 -4.76206094e-02  3.34967896e-02 -7.94942230e-02
 -5.15801534e-02  3.61437118e-03 -3.14530618e-02  7.75041357e-02
  2.37668566e-02 -2.72665936e-02 -2.00511031e-02  8.20020586e-03
  3.47418971e-02 -1.15484027e-02  3.32165249e-02 -9.72703379e-03
 -1.52021339e-02  1.18007427e-02  3.32423896e-02  3.34624364e-03
  4.95524071e-02 -4.53500338e-02 -7.99976364e-02 -1.33889318e-02
  1.71563383e-02 -3.16489935e-02 -8.71845335e-02  7.97093511e-02
 -6.13868982e-03 -3.06916162e-02  2.12781560e-02 -1.49088013e-08
  5.09071611e-02 -1.15159294e-02 -2.96771005e-02 -2.10960843e-02
  4.46884260e-02 -9.79630277e-04  2.82914378e-02  5.60296960e-02
 -1.41754439e-02  4.68318872e-02  3.96454446e-02  8.54409784e-02
 -5.34924604e-02 -6.31903782e-02  5.15333377e-02 -1.08662518e-02
  1.01014771e-01  1.79710183e-02 -1.64212622e-02 -9.67429765e-03
 -2.21660547e-02  6.68795034e-02  4.35715690e-02 -3.13280001e-02
 -3.60129736e-02 -9.91053693e-03  1.76634658e-02 -6.14743568e-02
  6.86056074e-03 -2.21121013e-02  6.01050109e-02  3.82092334e-02
  3.66482735e-02 -3.31235416e-02  1.96645372e-02 -5.26174530e-02
 -7.35748261e-02  6.85391715e-03 -1.04432672e-01 -5.77252693e-02
 -2.91192848e-02 -1.03249684e-01 -2.88495198e-02  1.51109900e-02
  3.18084098e-02  1.52880205e-02  3.44723761e-02  7.50680193e-02
 -6.76897168e-02  8.60579908e-02 -7.10728168e-02 -2.77217245e-03
 -9.89484414e-03 -4.45568636e-02 -2.41355300e-02 -2.32702065e-02
 -3.35393846e-02 -7.48842955e-02  6.92059621e-02  2.05466077e-02
  1.81959327e-02 -5.57738207e-02 -7.26510864e-03  1.43106310e-02]"
76,f2abc0ec-44a3-4d8a-8697-fd8098d18f39,Helicopter Ride,nearby things do sightseeing & tours helicopter ride,"[ 7.18866363e-02 -1.99042745e-02 -3.16448743e-03  6.05140626e-03
 -3.84670240e-03 -3.24512534e-02  4.00307029e-02 -2.59845387e-02
 -3.47223878e-02  1.06032584e-02  1.06644794e-01  4.16348763e-02
  1.00294873e-02  3.28487419e-02  7.19391257e-02  4.37546298e-02
  1.20644815e-01 -2.17104629e-02  8.61972105e-03 -1.36474958e-02
 -1.28372982e-02  1.13219228e-02  1.02456184e-02  1.05849253e-02
 -7.85273686e-02  4.69007492e-02 -4.55783233e-02 -2.34334567e-03
  5.12905829e-02 -4.91808634e-03  2.49014832e-02  1.32862493e-01
 -6.93277419e-02  9.68057755e-03  2.74905767e-02  1.06720679e-01
 -1.40529219e-02 -6.57331645e-02 -1.47256190e-02 -2.74025891e-02
  7.01718032e-02  2.78176256e-02  1.06817588e-01 -7.58498609e-02
 -9.12239496e-03 -1.49009470e-02  7.34702721e-02 -3.41609376e-03
  7.39799961e-02 -1.18100224e-02 -1.50295850e-02 -8.00078288e-02
  2.34131645e-02 -6.84070289e-02 -3.85485701e-02 -1.11237215e-02
  4.51538898e-03 -4.57449369e-02 -8.82517919e-03 -4.74362746e-02
  2.37480160e-02 -5.70554435e-02 -4.49783206e-02 -4.18119133e-02
 -3.86834959e-04 -2.34836992e-02 -4.93160225e-02 -9.14491862e-02
  6.83719814e-02 -1.34027854e-01  3.79274562e-02  5.52039454e-03
 -2.85422616e-02  5.44496477e-02 -6.55126795e-02 -1.76320765e-02
  6.64173663e-02 -1.79646127e-02 -2.34518889e-02 -8.43566731e-02
  1.29569676e-02 -3.71066332e-02  5.48739061e-02  8.33331665e-04
  5.71566075e-02 -1.93142388e-02 -5.71342371e-02  9.83264879e-04
  9.26979817e-03  9.81827267e-03 -5.75981289e-03 -8.46531987e-02
 -8.63284990e-02 -8.88822675e-02 -1.01057932e-01 -2.00930964e-02
 -7.59489462e-03 -2.33162232e-02 -5.54483104e-03 -7.60484999e-03
  2.90221740e-02  4.28163968e-02  7.33244717e-02  2.25590914e-02
 -7.39877224e-02  3.51116173e-02  4.68574427e-02  3.31776626e-02
  1.85366701e-02  2.49471851e-02 -5.31550944e-02 -4.71971836e-03
 -1.82812475e-02 -4.98678442e-03 -9.24327523e-02 -6.89450279e-02
  7.44495308e-03 -3.87627371e-02 -7.31613114e-02  2.60751247e-02
  9.11667477e-03 -3.77481729e-02  1.00450054e-01 -2.71256967e-03
  8.72172192e-02 -6.36247098e-02 -7.03339428e-02 -1.84551695e-33
  1.89877190e-02 -1.04828714e-03 -3.24703939e-02  1.52395088e-02
  7.49221519e-02  6.64112158e-03 -4.25110385e-02 -4.48995680e-02
  4.34251614e-02  2.08385233e-02  5.13346344e-02  4.75668609e-02
  1.06725441e-02 -2.16058642e-02  8.89846385e-02 -5.13709262e-02
  1.55560067e-02 -7.91257769e-02 -2.45251320e-02 -9.11881030e-02
 -4.19928767e-02 -9.36597362e-02 -3.19043770e-02  3.93814631e-02
  7.08742738e-02  9.45252459e-03  4.17170003e-02 -2.15395875e-02
 -1.48861390e-02  3.80851440e-02  7.41105899e-02  3.86814214e-02
 -9.02020857e-02  7.97612313e-03  3.11007276e-02  7.21752942e-02
 -4.29714508e-02 -3.78633998e-02  2.07754634e-02  4.72888313e-02
 -5.81706762e-02 -3.79894078e-02 -1.33871630e-01 -6.95798686e-03
 -3.60875838e-02 -5.58097288e-02  4.52525169e-02 -4.33494709e-03
 -1.36600230e-02  2.68462598e-02  8.83368310e-03 -4.18148302e-02
 -1.05819535e-02 -6.86528608e-02 -1.97964124e-02  5.76728061e-02
  4.76417840e-02 -1.68388579e-02  6.09042607e-02 -1.01085659e-02
  5.76542802e-02  1.01396944e-02 -2.06631348e-02 -2.68659610e-02
  3.15600336e-02 -5.86141534e-02  9.14992392e-02  9.45920590e-03
  6.89858943e-02  8.67307186e-02  1.33018326e-02  2.12319475e-02
  1.00524694e-01 -4.87192208e-03  4.85956818e-02 -2.14203689e-02
 -1.15277007e-01  1.58651229e-02  4.40563858e-02  7.70956129e-02
 -6.09006325e-04  3.71250813e-03 -7.14086287e-04  3.78119759e-02
  1.18193142e-02 -4.18331623e-02 -2.83888057e-02 -8.70102644e-02
 -8.46215636e-02 -1.98765565e-02 -3.07837198e-03  4.35247310e-02
 -3.15259732e-02  1.89073291e-02  1.89223315e-03 -6.45266134e-34
  1.70173272e-02  4.14416427e-03  5.77250570e-02 -3.62342671e-02
 -1.19965440e-02 -1.57393459e-02  4.70538735e-02 -4.44502309e-02
 -7.71359429e-02  3.19616832e-02 -1.49886668e-01  5.15817329e-02
 -9.20457579e-03 -1.11470167e-02  5.04599214e-02 -5.41234110e-03
  5.10610901e-02  1.28028691e-02  1.92882493e-02  1.57933012e-02
  2.52801310e-02  7.71333836e-03  5.50908595e-03 -1.29328752e-02
 -2.86272597e-02  2.30407771e-02 -7.68585727e-02 -3.49416770e-02
  3.29764597e-02 -1.80223212e-02 -5.61583117e-02 -3.17746401e-02
  1.22526146e-01 -6.59548538e-03 -4.22597490e-02  7.06724152e-02
  1.13841183e-02 -1.02300430e-02 -2.46842224e-02 -4.03395891e-02
  3.60717215e-02 -4.35541794e-02  9.74518582e-02 -1.37967328e-02
 -1.39501384e-02 -6.77949190e-02 -2.43289396e-02  5.57210371e-02
 -3.50290686e-02 -9.09770057e-02  4.48124819e-02  8.68573785e-03
 -1.15297824e-01  5.01747839e-02  5.53571247e-02  8.88990238e-02
  5.35866991e-02 -1.38351573e-02  2.12707352e-02 -3.85499746e-02
  1.02251982e-02 -3.72604467e-02 -5.69090433e-02  5.88261634e-02
 -4.30514216e-02 -1.01060197e-02  5.58568686e-02  4.96486872e-02
 -9.18567367e-03  3.73153389e-02 -7.90357068e-02 -1.75811891e-02
  1.10263728e-01 -8.47004950e-02 -7.38974512e-02 -1.06658489e-02
  1.01257250e-01  2.55989786e-02  1.00859433e-01 -3.75769921e-02
 -1.65154468e-02 -2.29533836e-02 -7.15232566e-02  3.27238441e-03
  1.79959442e-02  3.45158838e-02 -1.75737385e-02 -3.67326848e-02
 -4.26929072e-02 -5.63066751e-02 -3.08337938e-02  3.78736109e-02
  4.86077331e-02 -2.75854226e-02 -3.28068249e-02 -1.88330436e-08
 -2.52034757e-02  6.50451183e-02  6.77322038e-03  2.88038496e-02
  1.26882317e-02 -8.90019685e-02  2.35530436e-02  1.17955327e-01
  1.22106588e-03  3.70206833e-02  1.75588485e-02 -2.10959110e-02
  4.02582670e-03  3.97831798e-02  7.00266287e-02  1.74690671e-02
 -4.39331215e-03 -2.20628381e-02 -1.73051283e-02  3.63441855e-02
 -4.83057126e-02 -2.67108642e-02  1.61057264e-02  6.28543124e-02
 -7.55581260e-02  5.64982705e-02 -1.23368345e-01 -5.16662933e-02
  8.29985365e-02  2.08551735e-02 -5.12667783e-02  5.68638369e-03
 -8.68598465e-03 -1.91627610e-02  2.36939848e-03 -7.05399662e-02
 -8.34118389e-03 -7.33085796e-02  1.04855867e-02  1.25755193e-02
  4.43388224e-02 -3.59479710e-02  1.14168571e-02  1.18332893e-01
  3.56780179e-02  8.89787003e-02  4.73364778e-02 -1.06697269e-01
 -4.42941897e-02 -1.59732939e-03 -2.06852406e-02 -5.56704812e-02
  2.18584295e-03  1.44152511e-02  1.50196226e-02  9.01277512e-02
  6.63547814e-02 -1.30977720e-01  6.90241084e-02  6.18175790e-02
  2.49231216e-02  4.06305343e-02 -1.06166758e-01 -2.76361089e-02]"
77,a0e884fd-3ace-4fd6-ae8e-80199d0c40b8,Sports & Outdoors,goods sports & outdoors,"[ 9.89001896e-03  4.19612899e-02  1.03844674e-02 -2.58034430e-02
  8.19113180e-02  4.54012491e-02  6.82065114e-02  2.93723345e-02
 -2.28324961e-02  5.93408272e-02  1.71567742e-02 -3.83468121e-02
 -3.13881375e-02  7.48656169e-02  1.01202928e-01  2.30038655e-03
  3.19950879e-02 -1.59051642e-02 -3.73175815e-02 -6.05045892e-02
 -3.47172581e-02  3.32225710e-02  1.99750508e-03  7.83925597e-03
 -8.42176229e-02  3.50135900e-02 -7.48427436e-02  9.82004404e-02
 -5.09700775e-02 -6.30456060e-02 -3.94305624e-02 -6.48007868e-03
 -5.26765187e-04  5.26980273e-02 -1.76645182e-02  4.83615957e-02
  1.99278463e-02 -6.67996258e-02  5.65684866e-03  4.73545268e-02
 -7.28383241e-03 -1.04447208e-01 -2.57296804e-02  5.33675514e-02
  2.42627319e-02  3.76108028e-02  2.74594910e-02  2.72222757e-02
  5.16526103e-02  2.58816276e-02  5.49854152e-02  4.06547375e-02
 -1.40186204e-02  1.35847246e-02  3.34981456e-02  1.04921078e-02
 -6.58320412e-02  3.60577218e-02  1.27359517e-02 -1.47290807e-02
  1.39003947e-01 -2.35715937e-02 -9.01314467e-02  2.11502928e-02
 -4.70724814e-02 -5.24968244e-02 -1.25478670e-01  8.69542584e-02
 -5.22026680e-02 -5.10332733e-02  4.62337583e-02 -8.16302467e-03
  4.11529420e-03 -3.12197972e-02  1.27044115e-02  2.09482908e-02
 -6.67951908e-03 -7.83177391e-02 -4.76354659e-02 -4.01252620e-02
 -3.09307985e-02 -5.81587255e-02 -2.92548481e-02  1.28717022e-02
  5.53525984e-03 -1.40392277e-02  3.67643163e-02  2.72540748e-02
  7.34028295e-02  3.69964503e-02 -1.07100762e-01 -3.83868702e-02
  1.28111215e-02  2.65413933e-02 -6.47740513e-02  4.59926873e-02
  5.02662407e-03 -4.70966324e-02  9.12949163e-03  1.11719564e-01
  4.56124581e-02  4.24286351e-02  6.32222965e-02  4.26893122e-02
 -1.05978735e-02 -1.15051670e-02 -6.20286390e-02  8.37532580e-02
  2.81322189e-02  9.61365849e-02 -1.76174138e-02  3.45648527e-02
 -6.04202300e-02  2.13900600e-02 -1.05790414e-01  3.63869853e-02
 -1.10034868e-02 -2.00092979e-02 -3.74932699e-02 -5.17149903e-02
  8.95696040e-03  1.12532172e-02  3.64512987e-02  4.28587012e-02
 -8.79768655e-03 -2.10111751e-03  1.03603423e-01 -5.88586772e-33
 -6.55861422e-02 -9.54791531e-02  8.84200074e-03  2.19134577e-02
 -2.96623837e-02  2.83815917e-02  5.18910773e-02 -8.17235783e-02
 -2.71111783e-02 -2.86670197e-02 -1.48585625e-02  1.02945842e-01
 -2.90275589e-02  3.75936441e-02  1.86716974e-01 -4.76445332e-02
 -5.99649027e-02 -5.57020567e-02  3.18688713e-02  3.21167298e-02
 -2.48494819e-02 -7.19194412e-02  2.87306458e-02  6.35951012e-02
 -3.55721563e-02 -6.11144304e-03  3.16318497e-02 -2.98759509e-02
  6.48957342e-02  2.69504823e-02  1.10110216e-01 -4.89219055e-02
 -2.58644577e-02 -3.04497555e-02 -7.61446171e-03 -2.06865813e-03
 -5.51844686e-02 -6.42250404e-02  2.70555839e-02 -2.88521014e-02
 -5.57818124e-03 -7.58001804e-02 -1.83550883e-02 -1.95587371e-02
 -3.96791585e-02  1.69678349e-02  5.95231801e-02  2.28617005e-02
 -8.11938941e-02 -6.45631701e-02  3.32714990e-03 -1.74342468e-02
  1.14169894e-02 -7.12742135e-02  4.97561134e-03 -5.08931614e-02
  5.95787168e-03 -6.65421190e-04 -5.07217273e-02 -2.53930148e-02
  2.79336367e-02  1.25295386e-01  5.66827878e-02 -3.27966847e-02
 -5.53617328e-02 -6.27027499e-03  8.61863345e-02 -1.43990638e-02
 -1.40962731e-02 -4.61341701e-02  5.82740419e-02  7.08316788e-02
  3.43406014e-02 -3.14884894e-02  1.66661572e-02  6.78406060e-02
  2.32337248e-02  1.74664496e-03  1.75626557e-02  2.19254978e-02
 -3.55610996e-02  2.63571516e-02 -2.86565553e-02 -8.03773105e-03
 -6.06883094e-02  1.33620983e-03 -1.06511256e-02 -6.10866062e-02
 -1.01386877e-02  1.46793388e-02 -1.14798531e-01  4.34125960e-02
 -1.16721466e-01 -9.37615987e-03 -7.40527594e-03  2.46069226e-33
  8.87160376e-03 -8.81262938e-04  2.14998163e-02  3.25046107e-02
  3.25244628e-02  5.53786056e-03  4.94325440e-03 -1.16899973e-02
  3.20360996e-02  6.85446635e-02 -1.48218766e-01  1.58612467e-02
 -6.93344139e-03  3.55281159e-02  5.28041609e-02 -5.09596895e-03
  1.26824452e-04  3.80250141e-02 -1.08483490e-02 -3.79692786e-03
  4.56965007e-02  6.28732815e-02 -6.93187164e-03 -9.89106670e-03
 -7.28200823e-02  1.05684260e-02 -5.41267358e-02  9.71311703e-03
 -1.07652269e-01  4.23525367e-03  6.18858933e-02  3.09188794e-02
  7.30517581e-02  2.25887224e-02 -7.72602558e-02  6.04362264e-02
  2.31638774e-02 -4.92126383e-02  2.22252365e-02 -5.04028536e-02
  9.09348801e-02  3.22526961e-04  4.09890823e-02  8.27345029e-02
  1.63167696e-02 -3.47750038e-02 -5.49407639e-02  8.37176456e-04
  5.36392927e-02  2.20672078e-02  6.04300871e-02  6.12099580e-02
 -6.07373901e-02 -2.72635110e-02 -1.60518717e-02  4.11133170e-02
 -7.99255148e-02 -7.33047677e-03 -1.19955748e-01 -5.77802360e-02
  2.73879785e-02  8.99160877e-02 -1.03565484e-01  9.47595760e-02
  1.27629600e-02  3.17323394e-02 -1.07342126e-02 -4.64054421e-02
 -6.05797879e-02 -3.97176743e-02 -7.96227977e-02  3.61744836e-02
  8.46452254e-04 -7.53606409e-02 -5.21750487e-02  4.17166725e-02
  4.16494682e-02  1.22280359e-01  5.60700409e-02  7.68362209e-02
 -1.12711629e-02  1.24558816e-02  3.78942005e-02  5.09803854e-02
  7.03318743e-03 -1.44686708e-02 -4.21576351e-02 -1.70166492e-02
 -1.94476899e-02  1.73713267e-02  5.18142954e-02  8.25054124e-02
 -2.27975436e-02  3.32192108e-02 -2.88313907e-03 -1.55840194e-08
  2.26651668e-03  5.08928746e-02 -4.10200469e-02  7.55682215e-02
 -5.27565852e-02  6.87221345e-03  5.87422028e-02 -1.87121481e-02
  7.58313537e-02  1.06388386e-02 -7.87385926e-02 -4.15899120e-02
 -2.12845691e-02  5.52706011e-02 -1.03850774e-02 -3.25874425e-03
 -4.22884636e-02  6.68557303e-04 -3.97668108e-02  3.89424711e-02
  3.89077291e-02  9.95691027e-03  1.14544074e-03  6.37830943e-02
 -6.75489828e-02 -6.89297467e-02 -5.01499251e-02 -1.27112463e-01
  5.93742542e-02  2.98023806e-03  5.20978533e-02  5.05074970e-02
  3.27238999e-02 -6.92768618e-02  7.19653219e-02 -6.68464378e-02
  2.93406341e-02 -1.66234025e-03 -8.10221434e-02  1.94693226e-02
 -6.32938594e-02 -6.10538460e-02 -5.15087880e-02 -2.78899968e-02
  7.43359923e-02 -5.10066980e-03 -7.46085122e-02 -2.97470745e-02
 -5.77210560e-02 -3.36108427e-03 -5.80467731e-02 -2.78953947e-02
  4.79558222e-02 -6.65454715e-02 -3.29801627e-02  4.23233919e-02
 -4.76530455e-02 -4.35072258e-02 -4.10884768e-02 -7.67646031e-03
 -4.99370135e-02 -1.13205001e-01  2.68595032e-02  9.54267308e-02]"
78,437198b7-fee7-41a8-898f-5229e1098780,Teeth Whitening,goods health & beauty products oral care teeth whitening,"[-1.84790865e-02  4.48335195e-03  3.01542208e-02  5.96649526e-03
 -6.38002008e-02  1.18688513e-02  1.16512999e-02  7.35364854e-02
 -7.34148920e-02 -1.88637897e-02 -2.63719782e-02 -1.41950827e-02
  8.34548939e-03 -2.73868581e-03  2.52068751e-02  5.30016981e-02
  2.07076129e-03  6.66554049e-02 -4.86895479e-02 -1.56103782e-02
  6.49355650e-02  5.90918735e-02  5.75219169e-02  2.75690947e-02
 -5.86207509e-02  4.42882963e-02  1.37820700e-02 -6.89549521e-02
  4.95469011e-02  3.09848450e-02  3.91936675e-02  2.53024604e-02
  9.72909331e-02 -5.67394979e-02 -1.73478052e-02 -4.01383452e-02
  1.30306520e-02 -5.58790639e-02 -1.12510729e-03  3.99941131e-02
  4.32418846e-02 -3.55108976e-02 -2.76944917e-02 -1.50460275e-02
  5.53007759e-02 -2.99658597e-04  2.81428546e-02  1.57873202e-02
  7.38988398e-03 -2.64381245e-02  2.21442264e-02 -9.42513794e-02
 -3.29525657e-02 -2.37735994e-02 -4.77982759e-02 -4.40690573e-03
  8.36172490e-04 -5.91949746e-02  7.54361320e-03  2.39859261e-02
  5.26095815e-02 -5.39448299e-02 -2.62304787e-02  5.91521189e-02
 -6.90078586e-02  5.91619797e-02 -1.17922351e-02  4.78989678e-03
 -7.48841614e-02 -9.21091661e-02 -4.10147905e-02 -3.40165570e-02
  7.15327933e-02  2.96383221e-02  8.55798349e-02  2.97825895e-02
  1.32492185e-01 -3.48534659e-02 -3.12470179e-02 -8.63502771e-02
  3.21629941e-02  1.58249345e-02  5.97369596e-02  3.83928046e-02
  1.99816059e-02 -8.56822543e-03 -2.79297587e-02 -4.76177037e-02
 -4.05639934e-04 -3.14116813e-02 -1.43763078e-02  2.54755877e-02
 -6.22264706e-02 -9.47312731e-03 -1.20614106e-02  6.72665611e-03
 -7.09124329e-03  2.02031657e-02  8.47816095e-02  7.61294961e-02
 -7.85539374e-02 -4.97797690e-02  3.85422297e-02  2.89516971e-02
 -5.45038544e-02 -5.39890788e-02 -7.89355487e-03  1.49191283e-02
  3.66888605e-02  2.49418281e-02  2.24131644e-02 -4.69576538e-04
 -8.67911708e-03 -3.87008265e-02 -1.91089194e-02 -1.01976462e-01
  4.58345078e-02 -7.08526466e-03  6.40804917e-02  2.21648961e-02
  2.61368789e-02 -7.14972317e-02  7.25472793e-02 -3.66691276e-02
 -2.13962514e-02 -4.48015258e-02  1.12348981e-01 -3.38902988e-34
 -4.51561771e-02  1.43269438e-03  1.99698545e-02 -1.79192610e-02
 -1.29643288e-02  8.46833736e-02  1.93218719e-02  4.54572402e-03
 -5.76874241e-02 -2.86438297e-02  3.15628201e-02  3.77419628e-02
 -6.66856319e-02  6.20800294e-02 -3.44846770e-02  1.96202565e-02
  6.71432074e-03  2.25294530e-02 -5.45380898e-02  3.83871309e-02
  1.76892038e-02 -4.71558273e-02 -1.75954145e-03  1.53047219e-01
 -9.13988501e-02 -3.60512882e-02 -2.10104194e-02 -3.53446044e-02
  1.40074529e-02 -1.83557887e-02  2.10682284e-02  3.42688411e-02
  9.13824588e-02 -1.06322251e-01 -1.30168393e-01  5.79812899e-02
 -9.16677788e-02 -7.73392692e-02 -4.37006075e-03 -6.76701441e-02
 -2.88930610e-02  1.38790356e-02  2.70622550e-03  5.79759553e-02
 -4.17645760e-02 -3.24740224e-02 -1.43008884e-02  3.71429734e-02
 -8.26278352e-04  4.17410769e-02 -8.14458206e-02  1.20491646e-02
 -4.90099490e-02  7.65019506e-02 -5.40612973e-02 -2.10461356e-02
 -1.56198954e-02 -6.13476336e-02 -1.56164877e-02  6.67135939e-02
 -6.13336973e-02  3.76187228e-02 -3.26571688e-02 -1.40081719e-02
  2.22577378e-02  1.38071412e-02  3.19987610e-02  3.41554284e-02
 -5.48615642e-02 -6.42434731e-02 -8.26906785e-03  4.36290503e-02
 -9.29186568e-02 -3.11672334e-02 -3.63444574e-02 -3.00557930e-02
  1.40342683e-01  5.13760671e-02 -4.83748550e-03  5.21913283e-02
  3.66856307e-02  5.14303409e-02 -6.90734982e-02  2.02584825e-02
 -4.15136293e-02  5.56126721e-02 -4.45023701e-02 -5.28271794e-02
  6.71968162e-02  1.44812362e-02 -2.92675626e-02  1.21941315e-02
  2.39001680e-03  5.19582890e-02 -4.43488844e-02 -1.66932541e-33
 -1.62709076e-02 -4.57282290e-02 -3.14121582e-02  1.63727880e-01
  7.36027807e-02  1.04213335e-01 -1.28123462e-02  7.16966169e-05
 -1.93402998e-03  3.00817024e-02  7.64044002e-02  2.37657153e-03
  2.51270086e-02 -3.57438475e-02 -1.13693327e-02  8.90817270e-02
  1.03803150e-01  4.57742251e-02 -6.87511638e-02  3.98581214e-02
  5.57971112e-02  1.38285071e-01 -3.55174914e-02 -7.48730525e-02
 -1.30570522e-02  3.73090506e-02 -4.34910655e-02  1.09617729e-02
 -3.02447774e-03  3.59522440e-02 -7.74436491e-03  4.31084260e-02
  1.46804722e-02  2.79857386e-02 -3.89256217e-02 -3.67536917e-02
 -3.26254927e-02 -1.46372281e-02 -5.49324080e-02 -9.78194643e-03
  5.84078766e-02  2.16984190e-02 -2.86978427e-02  4.76802327e-02
 -6.95964601e-03 -2.93203220e-02 -4.10629511e-02  1.19647048e-02
 -2.56364718e-02  5.71835823e-02  2.42931861e-02  4.28579599e-02
 -7.10861459e-02  3.49398218e-02 -1.30183294e-01  1.51171666e-02
  1.63334440e-02 -2.74535529e-02 -3.29362787e-02  1.24996537e-02
 -8.93481355e-03  2.02506203e-02 -5.31547926e-02  9.29236505e-03
  3.67851108e-02 -4.84131202e-02  1.12189054e-01  2.66582109e-02
  4.03759778e-02 -4.77396995e-02  6.92725740e-03  4.23868652e-03
  5.32716475e-02 -9.48125273e-02 -6.30681291e-02 -5.90235414e-03
 -5.90976104e-02 -6.71678409e-02 -1.26702800e-01  2.83994991e-02
 -2.19968222e-02 -4.75876369e-02  8.28491524e-02 -1.95461977e-03
 -9.36347805e-03 -1.46750463e-02 -6.30147830e-02 -1.11821219e-02
 -4.91172858e-02  1.47254672e-02 -1.16403788e-01  5.67172728e-02
 -2.42002308e-02 -1.89640373e-02  8.66717696e-02 -1.73882793e-08
  1.72152668e-02 -8.78913514e-03  5.83706200e-02  2.18451582e-02
 -3.10425721e-02 -7.81219453e-02 -6.70990199e-02  1.01061389e-02
 -1.94251277e-02  6.41203597e-02  3.74383992e-03  5.50058223e-02
 -7.14980215e-02 -1.33053847e-02 -7.62846768e-02 -2.53599863e-02
  1.50627457e-02 -1.52716832e-02 -2.23503988e-02 -2.49846522e-02
 -1.49873048e-01 -2.01985519e-02  8.59666988e-02  7.49064283e-03
 -8.58736336e-02 -2.25706119e-02  5.74649535e-02  1.16769187e-01
  4.43405621e-02 -4.24033962e-02  3.67514938e-02  8.69922861e-02
  7.63959661e-02 -1.30004473e-02  2.84845233e-02 -9.68470946e-02
  1.25673618e-02 -7.47829769e-03 -9.06845406e-02  3.56859826e-02
 -2.33598426e-02 -4.38436233e-02  8.57065804e-03  4.19754907e-02
 -4.07556854e-02 -1.63199101e-02  3.96035947e-02  6.37250394e-02
  2.24170573e-02  1.51024209e-02  2.50161272e-02  1.46936707e-03
 -7.24262074e-02  2.00080164e-02 -5.72332293e-02 -1.06459493e-02
  8.72123539e-02  7.30986241e-03  4.22769748e-02  4.52237502e-02
 -1.40317008e-02 -1.48379922e-01  1.07828766e-01  3.68546881e-03]"
79,eddddaff-31ef-42c5-9154-0b8f17ce37a7,Zoo,nearby things do kids activities zoo,"[ 5.97599484e-02  4.90100635e-03  6.50856718e-02 -2.02337764e-02
  1.27926832e-02 -3.10453363e-02  7.54335225e-02 -2.07244586e-02
  1.62882619e-02  6.97359368e-02  3.66018936e-02 -4.11728434e-02
 -3.11110597e-02  1.62247807e-01  6.46244660e-02  2.05888525e-02
  1.28793716e-01  2.50820778e-02  3.15297768e-02 -9.02929306e-02
 -1.39440224e-02  6.71366462e-03  4.70015891e-02  1.57445297e-02
 -6.94925487e-02  9.28253904e-02 -1.08575776e-01 -2.46887710e-02
 -7.58101651e-03  1.10069048e-02  2.40754317e-02 -7.20186392e-03
  1.28229922e-02 -3.98789868e-02  1.66629311e-02  6.42050281e-02
  4.10817154e-02 -4.18532602e-02 -3.72793637e-02  2.09062528e-02
 -1.82939060e-02  3.53888832e-02  1.08228996e-02 -4.02837470e-02
 -5.73339015e-02 -7.38093210e-03 -8.37416621e-04 -1.01789623e-01
  5.83798550e-02 -2.39408929e-02  2.86987773e-03  1.24019329e-02
 -8.35352857e-03 -1.40384883e-02 -9.48098376e-02  2.05597244e-02
 -7.10858330e-02 -7.29313493e-02  1.24997012e-01  1.16907321e-02
  8.54865015e-02 -6.36092992e-03 -6.37740046e-02  3.33021879e-02
 -7.06861764e-02 -4.72778007e-02 -7.79200718e-02  4.20812406e-02
  8.54642168e-02 -4.85317148e-02  2.87463255e-02 -4.28268127e-02
  2.24087201e-02 -2.54067499e-03 -1.47148198e-03  3.95738557e-02
  9.40682087e-03 -5.77437244e-02  2.81929560e-02 -1.15690939e-01
 -5.26970513e-02 -1.67017300e-02  7.60859251e-03 -5.10483682e-02
  7.25803673e-02 -8.32526945e-03 -1.18810812e-03 -1.99940540e-02
  7.66954292e-03 -5.46286553e-02 -6.58441894e-03 -2.14649010e-02
 -2.69428398e-02  1.31413266e-02 -5.04593812e-02 -5.89952320e-02
  2.56055593e-02 -3.30723263e-02 -3.10930237e-02  2.43962090e-02
  3.21811438e-02  2.37174910e-02  5.38906977e-02  5.42931557e-02
  2.00017113e-02 -8.07637125e-02 -9.41094756e-02  4.46373411e-02
  8.13656300e-02  3.92703451e-02 -5.39666414e-02  2.32763588e-03
  2.25125011e-02  7.01193660e-02 -7.05319867e-02 -3.11933346e-02
  7.12835863e-02 -1.15913078e-01 -8.92899185e-02 -1.16697848e-02
  5.29292114e-02 -3.15764137e-02  5.28624095e-02 -1.56597346e-02
  3.59126590e-02 -3.85179184e-02 -4.09236960e-02 -1.29706848e-33
  5.44939600e-02 -9.00753140e-02  3.20049599e-02  2.42370218e-02
  7.90515095e-02  4.73937280e-02  4.57656793e-02 -2.14197040e-02
 -2.25275364e-02  6.52144104e-02 -2.14721113e-02  3.42625305e-02
  3.15717198e-02 -4.22895253e-02  4.18402255e-02  4.87850839e-03
 -6.33221790e-02 -5.16425930e-02  1.79097541e-02  4.36958782e-02
 -5.16733937e-02 -2.20249239e-02  3.74755036e-04  6.62832260e-02
  9.78874788e-02  2.54702196e-03 -2.14796141e-03 -3.91641781e-02
  5.34046665e-02  5.23339659e-02 -3.79473856e-03 -8.97109061e-02
 -7.69583136e-02  9.39773675e-03  1.09695103e-02 -1.35456342e-02
  4.51628640e-02 -6.84447289e-02  5.86887822e-02 -2.80324612e-02
  3.30945328e-02 -4.54084724e-02 -3.84920649e-02  3.08972802e-02
  4.30921502e-02  5.98020107e-02  6.57026321e-02  8.52605924e-02
 -4.94746938e-02  1.29148150e-02  3.91827077e-02  2.05623219e-03
 -5.59282564e-02 -1.28360853e-01 -5.92499226e-02  9.66004878e-02
  3.59555893e-02  6.15572371e-02  3.69635411e-02 -4.90338095e-02
  1.22750871e-01 -1.65955480e-02 -5.39981909e-02 -1.00574799e-01
  8.40920061e-02 -2.28602011e-02  1.25771016e-01  8.97627771e-02
  8.02252069e-02 -1.22763058e-02  5.75760342e-02  4.83581573e-02
  1.67527404e-02 -2.21507642e-02  3.81108597e-02 -1.95715707e-02
 -2.78878845e-02 -1.20173171e-02 -7.47511163e-02  3.34260538e-02
  5.77373430e-03  2.03443207e-02 -2.60622315e-02  7.92010128e-03
 -4.05282564e-02 -6.07157126e-02 -1.08483257e-02 -4.17507514e-02
 -1.12389199e-01 -1.81544526e-03  4.29010577e-02  1.35702100e-02
 -2.61773430e-02  7.18496274e-03 -4.95128594e-02 -3.18033073e-34
 -3.78512666e-02 -8.25252831e-02  1.58193838e-02 -8.23127106e-02
  8.66844691e-03 -4.27246019e-02  4.50696722e-02  1.85569035e-04
 -9.23770294e-03  2.08154954e-02 -7.46416748e-02  8.95882142e-04
  1.73193812e-02 -2.45525818e-02  2.11437866e-02  2.08223108e-02
  9.77156032e-03  3.02749556e-02 -8.71618278e-03  2.15511769e-02
  2.20991597e-02  2.37074884e-04 -2.03634575e-02  6.72113448e-02
  2.42224392e-02  2.51905825e-02 -9.34106633e-02 -5.43974377e-02
 -2.17042677e-02  4.97818179e-02 -4.50274767e-03 -4.24924158e-02
  1.06759332e-01  2.67733727e-02  4.40609030e-04 -6.89463168e-02
 -5.52415587e-02 -7.24418834e-02 -6.54884800e-02 -1.34586886e-01
  2.80002002e-02 -3.61040793e-02 -2.67420872e-03  5.74329533e-02
  1.11433007e-02  4.12946120e-02 -6.44289702e-02  7.37079903e-02
 -9.09879953e-02 -1.80529710e-02  1.34669747e-02 -4.55989987e-02
 -1.03228897e-01 -6.44355789e-02  2.98505351e-02  7.22452700e-02
  2.11367980e-02  1.17585361e-02  3.26520614e-02 -1.14275108e-03
  7.18936771e-02 -5.34584336e-02 -1.90834608e-02  5.76737039e-02
 -1.58434957e-02  4.77521941e-02 -7.32532516e-02  1.94839146e-02
 -2.47390252e-02  2.66188141e-02  2.82191783e-02  6.57871366e-02
  3.04420968e-03 -1.06026866e-01 -4.46884744e-02  1.86270867e-02
  8.62537771e-02  2.96452455e-02  5.22656590e-02  4.78517488e-02
  9.54890624e-03  5.24592679e-03 -2.85983365e-03 -5.82794920e-02
  1.21017573e-02 -4.40617278e-02 -1.64562988e-03  1.55415526e-02
 -2.53821798e-02  3.34850885e-02  6.28651865e-03  7.40225837e-02
 -1.08307553e-02  7.26351063e-05 -4.10504900e-02 -1.29257796e-08
  5.24082296e-02 -3.45563446e-03 -7.00425357e-03  3.57219465e-02
 -8.08062404e-03  8.18921067e-03 -1.50139425e-02  6.88115060e-02
  2.88214665e-02  5.91912046e-02  3.34754437e-02 -4.34216261e-02
  3.10356002e-02  6.63482845e-02  1.86017491e-02  3.19841341e-03
  6.41038567e-02 -8.52569118e-02 -6.50132028e-03  6.81926459e-02
 -2.72500888e-02  4.37673666e-02  4.76472378e-02  5.25523871e-02
 -4.36440967e-02 -7.39067271e-02 -8.93052444e-02 -3.63249704e-02
  1.68942604e-02 -1.66036077e-02  9.22698621e-03 -5.43184169e-02
 -4.17054333e-02  4.44873348e-02  1.55485608e-02 -5.55833094e-02
 -7.64948204e-02 -1.08789802e-02 -3.59166078e-02 -2.20196843e-02
  9.96629894e-03 -7.81685635e-02  4.71134670e-02  7.38201588e-02
  2.69126073e-02  1.06161870e-01 -1.26504460e-02 -6.20397888e-02
  9.12845731e-02  3.52614187e-02 -7.30349422e-02 -8.55781659e-02
 -2.94681843e-02 -1.09228887e-01  1.30951870e-02 -1.93419810e-02
 -2.55315229e-02 -3.61651368e-02 -7.20458711e-03  1.88565757e-02
 -3.65024171e-04  6.67571127e-02 -3.52087803e-02  8.75212252e-02]"
80,89826e59-e0f3-4e07-b39e-b88113c58b22,Wine,nearby food & drink groceries & markets wine,"[ 9.44677219e-02 -1.09925224e-02  2.17236020e-03  5.18782362e-02
  3.49765946e-03  7.57319778e-02 -1.64486673e-02 -7.75376856e-02
 -5.09305745e-02 -8.00351948e-02  8.23716223e-02 -4.96951863e-02
 -7.21301213e-02  2.66780466e-04  6.27687126e-02 -7.50775039e-02
  1.04949221e-01 -4.68136892e-02  4.18452686e-03 -1.18433997e-01
 -7.51993507e-02 -3.49870920e-02  5.43873683e-02 -1.42613957e-02
  9.34207812e-03  5.02416072e-03 -4.89957910e-03  8.23546648e-02
  1.16678542e-02  1.41391465e-02  8.80688280e-02  5.34851477e-02
  7.44249718e-03 -3.37510067e-03 -2.06314935e-03  5.34453839e-02
  1.01610571e-01 -5.02177440e-02  6.98105544e-02  2.74120793e-02
  3.51409428e-02 -1.08388234e-02 -6.09143414e-02  3.51700149e-02
 -1.43239172e-02 -3.51288728e-03 -4.80567031e-02  9.27963182e-02
  4.74641733e-02  6.10251445e-03 -2.13830527e-02  3.88774090e-02
 -1.11093177e-02 -3.26806046e-02  1.28009999e-02 -4.96720104e-03
 -1.53562520e-02 -1.43380752e-02  6.11319058e-02  3.52560659e-03
  1.31463021e-01 -3.74543741e-02 -5.42331971e-02  4.02081832e-02
 -6.27487004e-02 -2.22199457e-03 -8.51297230e-02  9.22523439e-02
 -7.34236091e-02 -1.14004634e-01  3.99816269e-03 -5.95643967e-02
 -2.16746386e-02  6.52810604e-06 -1.22661814e-02 -2.65708640e-02
  3.42109166e-02 -6.97114393e-02 -9.03503969e-03  3.06799617e-02
 -7.32498318e-02  3.76028055e-03 -3.92758660e-02  1.24953883e-02
 -8.66484344e-02 -5.24192229e-02 -1.30594410e-02  1.33961588e-02
  6.73382431e-02  5.45099238e-03 -3.38485911e-02 -3.05658821e-02
 -9.98147726e-02 -7.14656115e-02 -1.44824442e-02  5.02528157e-03
  3.79369408e-02 -7.08239079e-02  7.56353559e-03  4.92192917e-02
  6.36951327e-02  5.34449294e-02  7.06141070e-02  1.08554028e-03
 -1.74515415e-02  1.57348495e-02 -8.36994722e-02  8.40114355e-02
 -1.12395035e-02  1.82986446e-02 -2.04708837e-02  7.35573843e-02
 -3.25892195e-02 -8.01633950e-03 -2.01575831e-02 -2.35365657e-03
  7.10639581e-02 -4.87579405e-02  5.45931188e-03 -9.85870883e-03
 -4.37394716e-02  9.96174291e-02 -8.71186238e-03 -2.47622374e-02
  6.25355728e-03  4.64988612e-02 -3.44775170e-02 -1.54295186e-33
 -2.09044125e-02 -8.66638273e-02  1.79486312e-02  4.73922938e-02
  7.68695921e-02 -1.38895810e-02 -2.11328696e-02 -4.28760760e-02
 -4.53252904e-03  7.37306988e-03  3.49058472e-02 -2.40104068e-02
  1.22038079e-02 -4.79421206e-02  5.72644584e-02 -3.75070237e-02
  2.50671282e-02  1.86551809e-02 -7.65397027e-02 -3.38444579e-03
 -3.14092748e-02 -1.41085893e-01 -1.19556719e-03  4.66898419e-02
 -3.10664028e-02  2.37652101e-02  7.56084919e-02  3.67151871e-02
  1.70035407e-01 -7.51619693e-04  1.18001429e-02  4.25026976e-02
  9.37518012e-03 -2.94180885e-02 -1.14411777e-02  6.05355911e-02
 -7.16260225e-02 -3.91464531e-02  4.15981971e-02  1.78819541e-02
 -1.27730342e-02  3.92469242e-02  7.67075643e-02  4.52853926e-03
  2.13052500e-02  3.35668214e-02  1.89311188e-02  1.41856186e-02
 -4.12052423e-02 -1.10470513e-02 -4.58321758e-02 -4.47036438e-02
 -4.60943729e-02  2.02607363e-02 -3.63154858e-02 -1.01742791e-02
 -2.72975639e-02 -1.54353818e-02  1.89036634e-02 -5.95222153e-02
  4.16395441e-02  2.83503197e-02  6.12257631e-04 -9.43439305e-02
  1.82971712e-02 -1.78515865e-03 -8.81889556e-03 -3.07598785e-02
  2.79548895e-02  5.51643185e-02  4.58074212e-02  1.02505036e-01
  5.74858822e-02  4.31145653e-02  3.03257760e-02  8.53588134e-02
 -1.76076591e-02 -4.50489251e-03 -1.17787309e-02  1.58462320e-02
  7.34078046e-03 -5.32726161e-02 -3.82324611e-03  1.09907791e-01
 -1.89910270e-02 -3.35091492e-04 -7.56427795e-02 -1.09286159e-01
  2.46877838e-02 -2.20128465e-02 -1.13740489e-01  3.44093665e-02
 -4.51256670e-02 -7.61753619e-02 -1.13731762e-02  3.31231579e-34
  4.76829112e-02 -1.00384742e-01  7.80962706e-02 -1.77487042e-02
 -1.69618265e-03 -2.03703213e-02 -2.82348320e-03 -4.72578853e-02
 -6.25212304e-03 -2.82192286e-02 -1.37685254e-01  3.33886817e-02
  2.95965131e-02 -5.19000366e-03 -1.71669126e-02  1.19653918e-01
  1.56044662e-01  5.48068620e-02  4.75964323e-02  2.15799157e-02
 -2.43817884e-02  6.61674887e-02 -8.90147220e-03  2.93464791e-02
 -3.52075212e-02  4.32953686e-02 -8.75648633e-02 -2.21957844e-02
 -9.87406224e-02 -1.91121344e-02 -2.84662899e-02 -4.06983979e-02
  3.99169475e-02 -2.69070473e-02 -2.44810525e-02  8.07251111e-02
 -2.53125876e-02 -8.84234384e-02  3.82992812e-03  6.99869469e-02
  1.32610023e-01 -3.99799496e-02  5.58709633e-03  8.48279968e-02
  2.40491051e-02 -2.62611452e-03 -3.35429944e-02 -4.60740998e-02
  2.86049694e-02 -7.61451107e-03  3.52261998e-02  3.54397632e-02
 -1.00373909e-01  7.05517083e-02 -1.70090434e-03  6.93155006e-02
  4.66052182e-02 -2.88524143e-02 -7.66617507e-02 -6.16862625e-02
 -3.68229970e-02  6.68413118e-02  1.24266287e-02 -3.21445800e-03
  4.49239500e-02 -1.72733609e-02  1.26689123e-02 -4.18646745e-02
 -5.62144862e-03 -5.15772328e-02 -2.49718223e-02  1.99106727e-02
 -3.68432445e-03 -2.31400635e-02 -1.06520131e-01  3.84499468e-02
  1.15018766e-02 -1.19818561e-02 -4.07919427e-03  3.84449102e-02
  3.03475950e-02 -3.72596979e-02  1.26744350e-02  3.49407620e-03
 -2.11187056e-03 -1.19408919e-03 -1.72403175e-02 -6.46568239e-02
 -3.15232463e-02  1.70742683e-02 -8.10936540e-02  8.59655514e-02
 -5.65559492e-02 -2.90544014e-02  5.00173261e-03 -1.63406995e-08
  4.52318266e-02 -3.39910202e-02 -6.80986196e-02  8.39125142e-02
 -4.46151979e-02 -5.63577600e-02  3.71295065e-02  6.99738190e-02
  3.01574878e-02  4.83375490e-02 -6.99615255e-02  3.69302668e-02
 -2.44837850e-02 -1.15327770e-02 -5.90922218e-03  6.03626855e-02
  5.40752858e-02 -1.09710880e-02 -1.30582070e-02  4.19623442e-02
  1.89207476e-02  4.39419150e-02  4.16605845e-02  7.34863505e-02
 -5.33947311e-02 -2.20319089e-02  3.92204104e-03  3.72971706e-02
  1.38507575e-01  8.50138837e-04  1.19866859e-02 -1.13984076e-02
 -2.59153750e-02  5.28079504e-03  6.46661371e-02 -6.83688745e-02
 -9.54594165e-02  4.23188694e-03 -7.41147026e-02  1.82079186e-03
 -3.33599374e-02 -8.41615424e-02 -1.17907353e-01  2.44514216e-02
 -2.69360412e-02  8.02248567e-02 -2.78692283e-02  2.89689917e-02
 -1.17605794e-02  6.50101751e-02 -3.98806408e-02  5.60844643e-03
  9.73820165e-02 -5.16815484e-02  2.16110256e-02  1.17278835e-02
 -3.89834382e-02 -6.76009208e-02  3.06938533e-02 -3.20179411e-03
  2.84771919e-02 -3.40096615e-02  1.62140504e-02 -2.00541262e-02]"
81,10143ec5-1615-4b01-abf0-5dfad3b46247,Dinner & Entertainment,nearby food & drink restaurants dinner & entertainment,"[ 1.15198664e-01 -2.79759560e-02 -1.15677016e-02  3.37489136e-02
 -5.25007322e-02  5.57962507e-02  1.77418925e-02 -8.91257226e-02
 -5.79113746e-03 -5.97243570e-02  8.83500278e-02 -6.57593906e-02
 -2.08742768e-02  1.59896370e-02  7.58020580e-02 -1.19948208e-01
  1.73499808e-01 -6.22729622e-02  4.84845452e-02 -9.68593955e-02
 -7.98617229e-02 -1.38035631e-02  7.26267993e-02 -1.25988284e-02
 -1.53021626e-02 -6.70175868e-05  3.54079939e-02  8.67487639e-02
  1.68123376e-02 -1.62544455e-02  5.04007265e-02  7.62238577e-02
 -1.14225689e-02  1.23760886e-02 -2.73371115e-02  7.08456263e-02
  6.12240285e-02 -4.29397374e-02  6.54719695e-02  1.79219525e-02
  1.58510301e-02 -1.43936882e-02  5.77845424e-02 -2.67743617e-02
 -2.91104428e-03 -2.03827936e-02 -1.01532526e-01  2.92702653e-02
  3.47006624e-03  2.53884830e-02 -2.18673255e-02  4.01925631e-02
  1.18177040e-02 -2.94050341e-03  6.83324113e-02 -4.67389338e-02
 -7.40816668e-02 -4.95455824e-02  2.00140779e-03  1.58143584e-02
  7.26936758e-02 -2.24963180e-04 -2.56960876e-02  1.99200492e-02
 -1.08924158e-01 -3.52164917e-02 -8.99690837e-02  7.55986124e-02
 -1.97331812e-02 -1.12336256e-01  3.45781981e-03 -5.54762520e-02
  2.19036322e-02 -1.29767107e-02 -2.17714440e-03 -2.15560962e-02
 -9.79070738e-03 -7.30451643e-02 -3.42119113e-02  5.22751082e-03
 -3.68800908e-02 -1.33269634e-02  4.01304178e-02  1.86103676e-02
 -5.51565215e-02 -3.93409431e-02 -2.41830554e-02 -1.68752647e-03
  1.92712545e-02  2.02339776e-02 -2.12920289e-02  6.71939133e-03
 -6.94352612e-02 -1.22840852e-01 -1.10450648e-02  2.79921815e-02
 -2.67976131e-02 -8.89878646e-02  1.96441337e-02  7.20263943e-02
  1.36593552e-02  8.78219381e-02  3.65311392e-02  2.13404037e-02
  3.93547770e-03 -1.54157658e-03 -7.23464694e-03  1.07231624e-01
  4.16985713e-02  5.34886681e-03 -1.66239236e-02  1.22642189e-01
 -4.76445183e-02 -5.44466358e-03 -1.95518006e-02 -1.49339503e-02
  6.77172095e-02 -4.52376418e-02  6.99975938e-02 -5.64100593e-02
 -2.16178764e-02  1.11766450e-01 -5.00539280e-02  3.12630758e-02
 -8.35099071e-03  2.43527610e-02 -6.64430410e-02 -1.86849143e-33
 -1.48396054e-02 -1.05750851e-01  4.35334165e-03  4.02955376e-02
  1.11247189e-01  7.61989551e-03  1.75221812e-03 -7.04414845e-02
  8.38089548e-03 -1.32681001e-02  6.23700172e-02 -2.84649562e-02
  3.24540101e-02 -4.70970906e-02  1.03407420e-01 -2.62311026e-02
  9.35980305e-03  6.22857139e-02 -6.63462132e-02 -2.74472255e-02
 -3.01494002e-02 -8.57008323e-02  4.32373919e-02  3.47608067e-02
 -3.73830460e-02  1.89111773e-02  3.09024118e-02 -2.74358373e-02
  7.98701048e-02 -4.88755014e-03 -9.11194179e-03  1.49282655e-02
  1.56483781e-02 -1.99426543e-02 -2.34706830e-02  2.18040440e-02
 -5.52278869e-02 -7.42931589e-02  9.86876339e-03  4.14821133e-02
 -2.59020645e-02  4.95175421e-02 -7.29337633e-02  3.41885467e-03
 -4.28699702e-02  7.42405653e-02  2.19439808e-02  1.31082535e-02
 -1.63994897e-02 -1.27587672e-02 -3.68459858e-02 -4.52776477e-02
  2.36713234e-02 -1.77698191e-02 -4.37438898e-02  5.75652439e-03
 -2.11055973e-03 -4.59509492e-02  6.85766637e-02 -5.67842647e-02
  4.82989848e-02  7.69697130e-02  7.16654025e-03 -7.74534568e-02
  4.96271923e-02  1.49756782e-02  3.84853221e-02 -3.91030274e-02
  3.20571065e-02  2.34033633e-02  5.36163896e-02  2.73729768e-02
  7.58468732e-02  1.01784198e-02  1.84793081e-02  6.14781789e-02
 -3.74629088e-02 -4.81127687e-02  3.94408219e-02  2.59546395e-02
  5.78504279e-02  6.55247876e-03 -2.73086205e-02  6.21551313e-02
  1.08070401e-02 -9.72155388e-03 -1.43809039e-02 -1.29573792e-01
 -1.49059268e-02  1.76600292e-02 -1.15780994e-01  2.50960328e-03
 -5.68610476e-03 -2.03004349e-02 -5.89001812e-02  5.51433170e-34
  2.91449986e-02 -7.67635256e-02 -2.76316963e-02 -6.73021153e-02
  7.57859880e-03 -5.99635094e-02 -3.25547904e-02 -6.72220811e-02
  1.08521497e-02 -3.46975587e-02 -1.11408845e-01  2.85091251e-02
  1.39840059e-02 -2.11937632e-02 -1.31922280e-02  7.28764459e-02
  1.49512485e-01  6.62032962e-02  8.07228684e-03  5.23332246e-02
 -2.13849097e-02  7.12512732e-02  1.39492499e-02 -9.11723240e-04
 -2.43124533e-02  7.32814968e-02 -2.38913111e-02  2.54193768e-02
 -1.65728956e-01 -2.24040225e-02 -3.48942168e-02 -3.02877966e-02
  8.22321996e-02  2.17183083e-02  9.70231369e-03  1.22189581e-01
  4.21540393e-03 -8.04948211e-02 -5.25034182e-02  2.62621269e-02
  7.81524181e-02 -8.03622697e-03  1.71192288e-02  1.34210125e-01
  2.64955107e-02  2.70784292e-02 -5.25812693e-02 -6.58958554e-02
 -3.29016335e-02 -7.31310397e-02  3.75665016e-02 -3.68596837e-02
 -4.55295444e-02  1.35333082e-02 -8.06489401e-03  8.62905011e-02
  6.05248250e-02  2.84105316e-02 -4.10289876e-02 -2.03206763e-02
 -2.32810602e-02  4.88009527e-02  3.02720163e-02  7.17166960e-02
  5.46508171e-02 -1.97657347e-02 -4.98516625e-03 -2.14565843e-02
  1.17403865e-02 -1.36679399e-03 -7.79610127e-02  4.33947183e-02
  5.07317157e-03  1.96575597e-02 -9.51770023e-02  5.86995669e-02
  1.76428445e-02 -1.01207318e-02  7.31799100e-03  2.49866340e-02
 -3.66710173e-03  4.40196833e-03 -8.32166057e-03 -6.66017234e-02
 -3.16105969e-02  2.04004720e-02  1.81005187e-02 -3.79106365e-02
 -3.71762440e-02  2.05681771e-02 -1.60571765e-02  4.93235067e-02
 -2.77697723e-02 -5.77082299e-02 -2.22587376e-03 -1.70382251e-08
  3.03234067e-02 -6.76893294e-02 -6.30252212e-02  5.77702820e-02
 -3.64578180e-02 -7.82195479e-02  1.06864655e-02 -1.61937263e-03
  5.57342358e-02  3.17930058e-02 -4.95058149e-02 -8.31809174e-03
  6.38691410e-02 -2.97650937e-02  2.42336169e-02  9.69888177e-03
  4.77581471e-02 -6.58968650e-03 -4.58386503e-02  5.85103892e-02
  3.81420329e-02  3.06207445e-02  4.83242907e-02 -5.99766383e-03
 -1.11147249e-02 -9.76438262e-03 -1.61512401e-02  2.93275062e-02
  6.07124269e-02 -2.65300944e-02 -1.05329948e-02 -3.84508073e-02
 -2.70262025e-02  1.17502036e-02  8.91723707e-02 -9.40008983e-02
 -4.76907082e-02 -6.87446669e-02 -5.83261587e-02 -3.74195538e-02
 -9.31641385e-02 -1.00323252e-01 -6.57950565e-02  5.69167845e-02
  8.70457198e-03  1.18247367e-01 -6.57589315e-03  5.07547371e-02
 -2.41067950e-02  5.39066680e-02 -9.08959657e-02  3.05157509e-02
  3.39836441e-02 -8.95225778e-02  2.47160215e-02 -4.70372196e-03
 -3.97420488e-03  3.79188396e-02  7.23437890e-02  9.47704632e-03
  4.70916890e-02  6.43040538e-02 -3.51723135e-02 -2.03880318e-03]"
82,acdda4d9-237b-4136-9d9e-39eab292b7d1,Electronics,goods electronics,"[-1.12263575e-01  4.21469891e-03  3.05218827e-02 -6.73700869e-02
  2.11164337e-02  7.14012561e-03  1.27471641e-01  4.86947857e-02
 -2.33742576e-02  2.09331582e-03  8.50319266e-02 -1.52753117e-02
  8.13113078e-02  7.86139257e-03  4.30741161e-03  4.22640331e-03
 -2.33347379e-02 -3.31982970e-02 -2.32983958e-02 -6.13643192e-02
  1.31168077e-02  4.01191553e-03  2.75423727e-03 -2.97180172e-02
 -9.26697329e-02  9.89204720e-02 -2.32301489e-03 -3.52514558e-03
 -2.69621834e-02 -1.39062762e-01 -4.11749072e-02  1.86189041e-02
  4.53981012e-03  2.89819762e-02 -1.94013864e-02 -1.01936702e-02
  1.63731375e-03 -5.67993037e-02  2.78869551e-02 -6.40757978e-02
  4.90600290e-03 -8.76985714e-02 -1.95688009e-02 -2.88528129e-02
  4.61017080e-02  3.66549054e-03  3.97818834e-02 -2.83143483e-03
  4.28046323e-02 -4.09785733e-02  4.14164178e-02  1.29810544e-02
 -3.82129831e-04  4.07003313e-02 -1.33627877e-02  1.87333785e-02
  6.68282509e-02  4.54938859e-02 -2.59236712e-02 -2.20433194e-02
  6.35381490e-02 -4.44919765e-02  1.19713722e-02 -3.27916583e-03
  2.28610933e-02 -5.88276759e-02 -2.59031523e-02  6.52594268e-02
 -1.00951985e-01 -1.17424643e-03  1.34822289e-02 -8.27706829e-02
  2.30600554e-02  3.52502689e-02  8.50446224e-02 -3.28655466e-02
  8.15286413e-02 -5.74316755e-02  4.39331075e-03 -3.26184966e-02
 -7.43515939e-02 -2.38114875e-02 -1.67038858e-01  2.75931414e-03
  2.64554303e-02 -8.47338699e-03  2.29867138e-02 -4.68181148e-02
 -2.88983863e-02 -8.69763941e-02 -4.28761505e-02 -7.78687187e-03
  2.55107637e-02  5.47737675e-03 -4.23357338e-02 -2.77017970e-02
 -3.24197323e-03 -2.18105875e-02  6.09818706e-03  1.21422015e-01
  4.32724431e-02  6.84714764e-02  6.10606745e-02 -5.89931794e-02
 -8.48867968e-02 -6.60556108e-02 -6.89197332e-02  8.11594278e-02
  1.89469568e-02 -1.91191137e-02 -7.32232928e-02  2.56637242e-02
 -6.43274263e-02  5.93699934e-03  3.02571114e-02 -3.80204022e-02
 -2.46319287e-02  3.82201411e-02  6.77415803e-02 -1.11937709e-01
 -1.65678095e-02  2.36836262e-02 -3.39053199e-02  5.43611683e-03
 -4.97086979e-02 -1.19718928e-02  4.28920276e-02 -3.80919716e-33
 -8.12106356e-02  1.30479122e-02 -4.47702147e-02 -4.78878804e-02
 -4.66073565e-02  7.30147138e-02  3.89608108e-02  9.58490819e-02
  7.16603035e-03  6.25925064e-02 -2.03580037e-02  1.04741767e-01
 -5.33664785e-02  6.77641928e-02  1.23150468e-01 -7.99001381e-02
 -4.50138636e-02 -4.09274660e-02  7.62321427e-02 -3.66273411e-02
 -6.23830222e-02 -5.18647246e-02  7.78646246e-02  5.93720116e-02
  7.21270517e-02 -5.67418560e-02  1.73636302e-02 -8.56622122e-03
  8.07085857e-02 -4.90519544e-03  6.83797076e-02  9.37178656e-02
  3.49510834e-02 -4.54175957e-02 -8.41077790e-02  6.48640692e-02
 -7.01159835e-02 -4.15091701e-02  7.89032727e-02 -5.48350923e-02
 -1.66449267e-02  2.69519296e-02  1.27034690e-02  5.64549975e-02
 -3.80566642e-02  2.32656840e-02 -4.76756925e-03  3.78428586e-02
  3.59832942e-02  5.23211882e-02 -1.28124952e-01 -5.50300330e-02
  1.86093673e-02 -4.35920022e-02  2.20078919e-02 -1.09587396e-02
  1.29682971e-02 -1.90135874e-02  4.36156839e-02  3.29851620e-02
 -2.60831835e-03  1.07545801e-01 -7.52052059e-03 -5.75935002e-03
 -6.22355565e-02  6.76490590e-02  1.02820046e-01 -8.46228600e-02
 -1.36739146e-02 -5.75909764e-02 -1.28998579e-02  3.24560441e-02
 -1.72808543e-02 -7.37210140e-02  1.17575154e-02  3.79669927e-02
 -4.98427525e-02  1.36022661e-02 -4.17351164e-03 -6.75322860e-02
 -7.51917958e-02 -2.77335700e-02  4.78882492e-02  1.68051794e-02
 -3.54635790e-02 -6.60224631e-03 -3.20729353e-02 -4.64703068e-02
  2.83449306e-03 -2.91396882e-02  2.73193145e-04  3.50163504e-02
  1.44335758e-02  5.35959080e-02  2.77814846e-02  2.28801435e-33
  1.42131215e-02  3.58056612e-02 -1.32696992e-02  1.15495503e-01
  1.35171432e-02 -4.04000133e-02  5.61566139e-03  2.15595812e-02
  9.72517859e-03  6.54172748e-02 -5.00756688e-02 -5.16788149e-03
  2.90802587e-02 -2.36708205e-02  3.13984007e-02  1.90897770e-02
  1.89549848e-02 -1.46730542e-02  8.44910443e-02 -2.14299485e-02
  4.18687984e-02  6.41545802e-02 -3.05081028e-02 -1.51331285e-02
 -8.34298804e-02  3.51249240e-02 -5.57443425e-02  2.79539488e-02
 -6.17191121e-02  3.53246406e-02  2.56188996e-02 -7.37480000e-02
  3.86524610e-02  1.03526205e-01  1.44744146e-04 -6.01671934e-02
  8.67510289e-02  3.52015197e-02  7.69659206e-02 -1.18325599e-01
  3.12324576e-02  4.10659835e-02  1.98599193e-02  8.40491354e-02
 -6.02012500e-02 -6.37691841e-02  1.41329374e-02 -2.33750470e-04
  7.32045621e-02  3.18586230e-02 -6.96276780e-03  1.07130054e-02
  5.17055653e-02 -7.44929090e-02 -5.02715483e-02  7.31894374e-02
 -3.32238451e-02  4.85314578e-02  6.10715104e-03 -5.30881062e-02
  5.23711406e-02  4.52949293e-03  1.58381592e-02 -1.42939587e-03
 -4.93521579e-02 -4.21907287e-03  1.18019633e-01  6.47808338e-06
  1.10023126e-01 -4.00835611e-02  1.18552215e-01  6.26583397e-02
  6.90364987e-02 -1.40487537e-01 -7.01727346e-02 -7.31782764e-02
 -4.79788296e-02 -1.69631187e-02 -6.35033054e-03 -1.81108043e-02
  6.61781952e-02 -2.45691240e-02  7.53165409e-03  3.52645130e-03
 -4.35478501e-02 -1.98680311e-02  5.67593053e-02 -2.70066727e-02
  6.74323738e-03  1.33928703e-02 -5.81937432e-02  6.01150244e-02
 -1.58152916e-02  6.30892515e-02 -9.80669353e-03 -1.21526433e-08
  4.00971845e-02  2.78680623e-02 -7.68212462e-03  6.02996117e-03
  4.44940897e-03 -7.82825202e-02  4.46197689e-02  1.72301810e-02
  2.71244925e-02 -1.88748678e-03 -5.81677770e-03 -7.20504820e-02
 -4.83627133e-02  3.98902223e-02  5.22896573e-02  3.37498300e-02
 -1.74297187e-02  5.77945411e-02 -3.92117985e-02 -2.13145092e-02
  2.80080438e-02  4.94289622e-02  7.09112510e-02  3.58279161e-02
  3.07191294e-02  7.52308220e-03  2.61126887e-02 -3.22066396e-02
  4.35196273e-02  7.09909108e-03 -3.40063572e-02  3.62063609e-02
  5.15841879e-02 -4.34795395e-02  9.94375423e-02 -7.16955289e-02
 -1.18468227e-02 -3.38359699e-02  2.41098683e-02 -2.29025278e-02
 -4.19615582e-02 -7.68081620e-02 -4.90423143e-02 -7.41538941e-04
  6.50126934e-02 -9.41036120e-02 -4.18229885e-02 -5.69636859e-02
 -8.71838164e-03  5.83984964e-02 -1.55224390e-02 -7.11901207e-03
  5.95750613e-03 -5.79520836e-02 -2.21455973e-02 -3.63019668e-02
 -8.18468630e-04 -4.73024920e-02 -3.08692902e-02  3.82447690e-02
  2.69710924e-02 -6.14784956e-02  9.06232446e-02  4.12987918e-02]"
83,5e5bb30e-83eb-4575-ba01-6e9197876f52,Museums & Attractions,nearby things do kids activities museums & attractions,"[ 5.21640256e-02  1.28254052e-02  2.61694249e-02  1.14412643e-02
 -7.27269053e-03  2.56956816e-02  5.72087709e-03 -2.74461880e-02
 -8.74114502e-03  2.75872345e-03  7.69443214e-02 -3.88257392e-02
 -2.43855100e-02  1.45466655e-01  5.28341644e-02  2.44142655e-02
  1.28858522e-01  1.82385072e-02  1.62309352e-02 -8.85267854e-02
  1.47468830e-03  1.10468436e-02  9.85718369e-02  2.17451565e-02
 -5.86363412e-02  9.70844477e-02 -4.22120169e-02 -2.29890868e-02
  2.94897836e-02 -6.72988407e-03  6.35953397e-02  2.84968466e-02
 -2.82753408e-02 -1.49008613e-02  3.84049416e-02  1.13786079e-01
  4.80706543e-02 -1.05832200e-02 -2.52821203e-02  8.17152578e-03
 -2.98994314e-02  1.79175045e-02  3.35977646e-03 -1.87204387e-02
 -3.36113945e-02 -1.50700742e-02  3.32193933e-02 -9.27112922e-02
  3.87112312e-02  2.38997415e-02  7.79102370e-02  1.85278803e-02
  6.58422196e-03 -3.87936048e-02 -7.93268979e-02  5.31361513e-02
 -5.31402640e-02 -6.06870018e-02  7.46964812e-02 -1.76045001e-02
  6.75821900e-02 -5.30751841e-03 -5.86629845e-02 -1.88718587e-02
 -9.22718644e-02 -6.00260720e-02 -5.63034490e-02  7.90219158e-02
  4.21896502e-02 -1.46942422e-01  4.96098101e-02 -2.97665764e-02
  6.16602320e-03  4.13296856e-02  4.45015952e-02 -3.16118560e-04
 -5.27138598e-02 -8.93333703e-02 -8.76852963e-03 -9.25221592e-02
 -5.65916859e-02 -6.01560920e-02  2.88251601e-02 -8.34101811e-02
  3.79009731e-02  1.14007322e-02 -4.49602641e-02 -3.81722003e-02
  8.58631264e-03 -1.13387324e-03 -3.08867320e-02 -1.29606966e-02
 -4.07833420e-02 -4.04817089e-02  1.33819440e-02 -3.92586030e-02
  7.50246132e-03 -2.60242540e-03 -7.16229063e-03  1.75000005e-03
  4.45804521e-02  9.52644274e-02  7.91682005e-02  6.08973056e-02
 -3.71782109e-02 -5.11993393e-02 -2.62571815e-02 -3.88745847e-03
  4.04332280e-02  3.09591535e-02 -1.29025625e-02  1.66043509e-02
  1.41090797e-02  3.42495479e-02 -7.16505870e-02 -2.74830963e-02
  8.95358250e-02 -6.11173436e-02 -5.45137785e-02 -6.91328421e-02
  2.00734325e-02 -1.00252749e-02  6.90652803e-02  1.34990867e-02
 -1.46139804e-02 -4.80789840e-02 -7.08487183e-02 -2.20545644e-33
  6.62178770e-02 -4.38076295e-02 -2.37632990e-02  2.27461066e-02
  2.42048055e-02 -6.52847905e-03  4.92844209e-02 -3.18947993e-02
 -4.06816881e-03  2.38747410e-02  1.70192868e-02  4.23688404e-02
  3.85059440e-03 -4.76817926e-03  8.44469145e-02  3.56198102e-02
 -5.08501530e-02  5.82369417e-03  1.05622923e-03 -9.31522716e-03
 -8.53004307e-02 -6.73640445e-02  1.86200831e-02  6.67537972e-02
  6.06430657e-02  1.55618470e-02  2.97950115e-03 -6.82462705e-03
  6.24401309e-02  7.21518137e-03  2.09690388e-02 -9.92697757e-03
 -2.62076203e-02 -2.39253659e-02  3.06558590e-02  4.00497764e-02
  1.58734582e-02 -5.15437163e-02  6.68447465e-02 -1.04300082e-02
  2.14274023e-02 -4.90471385e-02 -7.90363848e-02  2.08230764e-02
  2.02090293e-02  4.95532341e-02  1.05897598e-01  1.95829961e-02
 -2.70141847e-02  2.57417355e-02  4.88805920e-02 -3.22347619e-02
 -1.13863856e-01 -6.97519034e-02 -8.65297206e-03  5.93205169e-02
  4.67703864e-03  4.75212634e-02  8.24549273e-02 -7.97128305e-02
  1.18281670e-01  6.35921806e-02 -2.19022874e-02 -8.32370445e-02
  4.22652252e-02 -1.62403136e-02  1.02252334e-01  3.91969383e-02
  6.00595400e-02  3.64627615e-02  1.70909725e-02  2.71557700e-02
  8.35279282e-03 -1.35956546e-02  6.34927526e-02  1.18805384e-02
 -5.00727333e-02 -5.91591187e-03 -4.42549475e-02  3.22798043e-02
 -8.67113564e-03 -4.08420824e-02  6.88420143e-03 -5.31068863e-03
 -5.01843654e-02 -7.86548853e-02  2.81086867e-03 -6.35251924e-02
 -1.10077582e-01 -3.29848640e-02  1.92869250e-02  2.35783253e-02
 -5.60886785e-02  3.96677628e-02 -6.02292605e-02 -6.26334936e-34
  2.51932684e-02 -1.18460767e-01  3.19445431e-02 -6.09254874e-02
 -1.01690572e-02 -4.01574820e-02 -4.55046631e-03 -7.44897723e-02
 -2.01325323e-02 -1.82914119e-02 -1.00448586e-01  1.32109420e-02
  1.03759272e-02 -3.58308963e-02  3.84681299e-02  1.97353475e-02
  5.54951876e-02  9.49323326e-02  8.34189542e-03  3.65216546e-02
 -2.75126901e-02  6.37746975e-02 -3.78892496e-02  1.67650599e-02
 -5.72432019e-02 -1.22961309e-02 -1.00499712e-01 -1.52593359e-01
 -3.87909934e-02  3.98978665e-02 -3.74107924e-03 -7.09235445e-02
  1.14479505e-01  5.81608191e-02 -4.16907631e-02 -1.89825092e-02
  1.99594405e-02 -1.03162423e-01 -4.02442180e-02 -7.09589422e-02
  3.94408219e-02 -4.09167558e-02  8.10180325e-03  9.23762321e-02
 -3.23315486e-02 -1.08928233e-03 -1.30400106e-01  5.83151542e-02
 -4.60299999e-02 -4.34618853e-02  1.18921660e-02 -9.14397277e-03
 -7.01660514e-02 -6.90069795e-02  2.76139639e-02  1.00307383e-01
  1.93925127e-02  2.76642223e-03  1.70789715e-02  5.80472406e-03
 -1.76692121e-02 -3.56433094e-02 -4.43988256e-02  3.89562063e-02
 -1.15962476e-02  1.40887573e-02 -7.45524019e-02  3.90261076e-02
 -5.97759597e-02  1.85551196e-02  2.34555472e-02  5.92844114e-02
  1.38516715e-02 -8.21537152e-02 -8.85072351e-02 -1.40526821e-03
  1.23556063e-01  3.48482728e-02  6.33891076e-02  4.25526612e-02
 -4.44944063e-03  1.24827325e-02 -2.08594874e-02 -6.27854392e-02
  2.13646628e-02 -1.81476027e-02 -2.96442173e-02 -4.38253470e-02
 -3.63469645e-02 -3.16211469e-02  2.10513491e-02  7.00243115e-02
  2.97139734e-02 -2.09103897e-02  4.83674405e-04 -1.66657941e-08
  3.19074839e-02 -4.25185135e-04  3.26806633e-03 -2.33326410e-03
 -2.61166366e-03 -2.80696210e-02 -1.38506675e-02  1.42274350e-01
  3.25289369e-02  4.08169627e-02 -2.89798938e-02 -5.39104715e-02
  1.61777511e-02  3.61106405e-03  6.66736141e-02 -2.66403947e-02
  5.45113049e-02 -9.85126104e-03  3.33547941e-03  5.39661013e-02
  2.48096790e-02  1.26346294e-02  4.37247381e-02  4.36285585e-02
 -6.67021871e-02 -4.87199947e-02 -2.18011774e-02 -1.90148596e-02
  1.50812119e-02  2.39286548e-03  3.02940365e-02 -2.18130518e-02
  8.13918095e-03  3.93118896e-02  5.27511239e-02 -9.91394594e-02
 -1.57374963e-02 -6.00260450e-03 -7.37761483e-02 -1.93499383e-02
 -1.47386109e-02 -1.53085634e-01  1.99581105e-02  6.56175166e-02
  1.73082389e-02  1.19581506e-01  2.14383267e-02 -6.42306581e-02
  6.67354241e-02  1.04862832e-01 -9.26811472e-02 -5.07988669e-02
  4.77340631e-03 -8.63438770e-02  7.23306686e-02 -3.00018620e-02
 -1.14298118e-02 -3.00293155e-02  1.81194674e-02  1.51621699e-02
  5.89707121e-02  5.20850196e-02 -2.55455449e-02  5.29141091e-02]"
84,951cb01a-94dc-47bc-afc8-d0f47b792526,Casinos,travel casinos,"[ 6.99323192e-02  4.16385941e-02 -1.13201916e-01  2.70305481e-02
 -1.26723453e-01 -4.12885956e-02  1.06652193e-01 -9.15602222e-02
 -5.87652158e-03 -4.97111939e-02 -4.49372754e-02  1.54319005e-02
 -3.65519039e-02  3.40490974e-02  5.45330252e-03 -1.79166589e-02
  6.49698153e-02 -1.73434205e-02  5.18283173e-02 -1.33625828e-02
 -3.48510444e-02 -1.11831456e-01 -7.34422654e-02  1.18359097e-03
  1.42159464e-03  5.37411980e-02 -7.14970240e-03  6.54453114e-02
  1.71423685e-02  1.32051315e-02 -5.72436228e-02  8.34846646e-02
 -9.33723748e-02  1.50692482e-02  2.05697939e-02 -4.53361496e-02
 -9.79034305e-02 -6.35154322e-02 -2.46754587e-02 -5.49203232e-02
  5.16788848e-02 -2.25711288e-03  6.39300654e-03  8.63886029e-02
 -1.90220419e-02 -1.03463933e-01 -5.17835058e-02  1.09948128e-01
 -2.32926663e-02  4.86891307e-02  1.82810612e-02  4.49119769e-02
  4.93226200e-03 -7.40398616e-02  3.21809538e-02 -6.30447045e-02
 -7.54171014e-02 -7.39742024e-03  2.56997091e-03 -9.40689351e-03
  1.21365465e-01  7.85165504e-02 -6.62622824e-02  5.52214682e-02
 -1.26830578e-01  8.96128453e-03  1.20838936e-02  6.48262128e-02
 -3.80736329e-02 -7.07052574e-02  6.60116319e-03 -5.84065467e-02
 -3.37787755e-02  2.42216866e-02  5.70444353e-02 -2.16505863e-02
 -7.43080117e-03 -4.35524210e-02 -4.38243411e-02  3.88112664e-03
  1.17683858e-02 -6.27908260e-02  1.46733839e-02 -3.62013094e-02
  1.21975550e-02 -1.10346416e-03 -4.52596955e-02  6.84409514e-02
  7.95975327e-02 -9.45318490e-02  3.87199000e-02 -5.40057290e-03
 -5.77516370e-02 -3.39546762e-02 -1.85699221e-02  2.24757493e-02
 -1.64535660e-02 -9.04794317e-03  1.99733991e-02  9.56909880e-02
  7.95667470e-02  4.81449775e-02  3.88245545e-02  3.54962163e-02
 -1.59904733e-02  8.85176659e-02  6.21548370e-02  6.46972507e-02
  2.31493842e-02 -2.26001162e-02 -1.32445827e-01  7.54466876e-02
  1.01271957e-01 -4.88963053e-02 -6.43215775e-02  5.52808046e-02
 -9.86994654e-02  1.86203478e-03  2.40255762e-02 -2.08355114e-02
  4.73027155e-02  7.49202743e-02  2.71862391e-02  1.90157332e-02
 -2.37436723e-02 -3.02811377e-02 -2.45133159e-03 -2.89628198e-33
 -2.74144094e-02 -3.66772301e-02  1.14426604e-02  2.19144579e-02
  8.85133743e-02  1.57413092e-02 -4.21860665e-02 -1.20534822e-01
 -3.51717547e-02  7.06348047e-02  5.54368123e-02 -4.95460704e-02
 -1.87435392e-02  4.85202894e-02  9.74954963e-02  4.92336862e-02
  2.88134869e-02 -4.25067693e-02 -1.67317819e-02 -6.60605654e-02
 -4.64461669e-02  3.32424510e-03  1.28059527e-02  1.04875732e-02
 -3.49990241e-02  3.06544043e-02 -6.47790655e-02 -3.25263627e-02
  8.25611725e-02  3.75057720e-02  5.61636081e-03 -2.69412901e-02
 -2.83160098e-02 -7.60062933e-02  4.07274701e-02  1.02285847e-01
  9.25829075e-03  2.37779040e-02 -3.15950401e-02 -3.02116387e-02
 -1.02027811e-01  8.76707211e-03 -6.80745319e-02  4.02078517e-02
 -8.02482590e-02  2.85947938e-02  1.11599476e-03 -1.43092452e-02
 -4.47610840e-02  1.99841838e-02 -1.11142680e-01 -2.74605267e-02
 -8.50293785e-02 -4.07163687e-02 -2.79225595e-02 -2.36124285e-02
  5.36802560e-02  1.15142232e-02 -5.77420630e-02 -2.41706539e-02
 -4.00056429e-02 -2.88603492e-02 -9.36214328e-02  2.21448317e-02
  1.01124300e-02  2.05621887e-02  2.05067024e-02 -5.79510890e-02
  3.29470709e-02 -3.51878218e-02  7.18586147e-02  4.11957465e-02
  8.13602209e-02 -1.92175154e-02  2.53569875e-02  3.08890585e-02
 -4.99637099e-03  2.05502138e-02 -2.41398141e-02  4.74634729e-02
  3.28530930e-02  6.95473514e-03 -1.26143042e-02  1.75346229e-02
  2.69397325e-03  2.61139194e-03  5.82207367e-03 -7.42947534e-02
  1.10826204e-02 -5.09989215e-03 -5.96258491e-02 -1.61410717e-03
  1.00484356e-01 -1.89212244e-02  2.48955730e-02  1.15191173e-33
 -6.82877898e-02  2.19012238e-02  6.62168413e-02  1.30911442e-02
  5.38355820e-02 -7.10730404e-02  6.52193800e-02 -2.77325641e-02
  4.31062467e-02 -8.31477717e-02 -1.56320974e-01  4.14057262e-02
  8.59330371e-02  6.41467469e-03  6.21863641e-02 -3.08413878e-02
  1.05998911e-01  5.77212051e-02  6.20291801e-03  5.29260747e-02
  1.86490025e-02  2.60979999e-02 -9.68650281e-02  2.13919133e-02
  2.95850113e-02  1.84160937e-02 -3.76748927e-02 -6.62790462e-02
 -8.23980719e-02  4.08377685e-03 -8.32266081e-03  1.03576090e-02
  7.81662911e-02  6.25974163e-02 -3.35839018e-02  5.66858649e-02
  8.25548396e-02  4.86759320e-02 -4.19623964e-02 -6.07014783e-02
  2.68010758e-02 -6.23139590e-02 -2.02457290e-02  4.91305962e-02
  3.82690355e-02  7.71112218e-02  8.84580798e-03  1.92838479e-02
  3.71332467e-02 -5.13370559e-02 -5.58542870e-02  4.67147939e-02
 -7.18840286e-02  2.50301100e-02  5.25415353e-02 -2.46984349e-03
 -3.32548693e-02  1.78440157e-02  5.78142442e-02  5.07674646e-03
  1.08233141e-02  5.77667952e-02 -2.86732819e-02  9.40587446e-02
  9.44348946e-02  2.27475874e-02  1.82861574e-02  4.91327606e-03
 -1.93232987e-02  9.01503590e-05 -6.06305189e-02 -1.56085724e-02
 -8.10159966e-02  6.02712817e-02 -4.54859808e-02 -6.57631177e-03
 -6.32891245e-03  8.63208547e-02 -2.46475507e-02  1.54825149e-03
  2.77874549e-03 -6.92422912e-02  1.91951636e-02 -7.68738845e-03
  9.27586854e-03  2.99490895e-02  5.57554662e-02 -1.01510212e-01
 -7.71109387e-02 -3.86004858e-02 -1.53857172e-02  3.63412360e-03
 -2.96340175e-02 -8.45768303e-02 -7.72549957e-02 -1.16878169e-08
 -4.85159224e-03  3.27123818e-03 -5.28066233e-02 -2.74464692e-04
 -8.03880394e-03 -4.09074500e-02  7.09167719e-02  1.05185203e-01
  8.22064001e-03  3.47789042e-02  9.26970690e-03 -8.73762369e-03
  6.06128126e-02 -6.17195433e-03 -8.63712281e-03 -1.13191223e-02
  3.26325968e-02 -4.86601936e-03 -1.38311312e-02  3.62492027e-03
  3.93248387e-02  8.58213082e-02  5.53872660e-02 -5.68409339e-02
 -3.32728922e-02  1.77278761e-02 -1.40390014e-02  5.21548688e-02
  7.66366348e-02  4.66607288e-02  2.65694205e-02 -5.45063475e-03
  3.10716555e-02  3.20107304e-03 -1.01814782e-02 -1.25775887e-02
  4.07720841e-02  3.27491872e-02  2.66554542e-02 -5.76281026e-02
 -4.49415147e-02  3.05440649e-02  2.67095342e-02  1.30419638e-02
  1.94509439e-02 -5.24159009e-03 -3.59220081e-03  3.32960375e-02
  6.47837147e-02 -1.22298419e-01 -3.67292203e-02 -4.85680662e-02
  2.18812004e-02 -6.72170743e-02  2.76869759e-02 -2.86185574e-02
  5.33879064e-02  7.71331638e-02  5.90105429e-02 -4.44677398e-02
  9.99816344e-04  1.11497156e-02 -2.82519106e-02  9.20064747e-03]"
85,27fde51b-910d-4c49-9fa4-d2504730ea27,Golf,goods sports & outdoors golf,"[ 5.52885421e-02  2.06253584e-02 -1.99732855e-02  2.92650145e-02
  8.57943371e-02  4.14753556e-02  3.62229347e-02  7.30200065e-03
 -1.61040518e-02  4.56460342e-02  2.32705753e-02 -2.00560261e-02
 -9.19223502e-02  6.74202368e-02  8.37969407e-02  2.36796048e-02
  2.98891887e-02 -2.18801145e-02 -2.02307496e-02 -4.95405383e-02
 -6.72221109e-02  5.30643687e-02  1.80037692e-02 -6.26016920e-03
 -9.73658115e-02 -3.20297806e-03 -5.48208617e-02  1.16108470e-01
 -5.67346476e-02 -4.77738604e-02 -3.10477670e-02 -1.48489159e-02
  9.07982234e-03  6.38138503e-02 -1.71548594e-02  3.09502818e-02
  2.98820026e-02 -9.29904804e-02 -3.50411772e-03 -1.38230985e-02
 -3.00830137e-02 -1.07988492e-01 -2.61945762e-02  3.63434069e-02
  1.05514247e-02  6.43900558e-02 -1.52751629e-03  2.57199649e-02
  6.12496473e-02  6.19185790e-02  5.77807315e-02  1.24744996e-02
 -1.26556894e-02 -2.64158789e-02  5.57491928e-02  8.54741130e-03
 -2.53347363e-02  6.36493266e-02 -1.70566291e-02 -3.67242806e-02
  1.03535645e-01 -6.88046739e-02 -1.24446914e-01  3.87073681e-02
 -6.49025962e-02 -4.73612547e-02 -8.61861408e-02  6.37460798e-02
 -3.38245593e-02 -2.62439530e-02  5.05420715e-02  4.17712294e-02
 -1.28072808e-02 -3.66791412e-02  4.83195968e-02  2.72449534e-02
  2.27325205e-02 -9.15298145e-03  1.04264421e-02 -3.47843654e-02
 -2.14619003e-02 -1.56157035e-02 -1.52675314e-02  1.48779219e-02
 -9.15130507e-03 -3.56681682e-02  2.44058613e-02  2.52822340e-02
  9.20062736e-02  7.22687170e-02 -8.82789493e-02 -3.95733453e-02
 -1.33142844e-02  2.51468215e-02 -8.37453082e-02  5.47577068e-02
  6.09306479e-03 -5.02109714e-02  4.56301216e-03  8.64190385e-02
  5.30314492e-03  6.37753010e-02  4.58989516e-02  1.66472625e-02
 -9.84569266e-03  6.51932359e-02 -4.85607013e-02  1.03255711e-01
  2.61176471e-02  4.01596986e-02  2.76179686e-02  1.52057661e-02
 -4.99673747e-03 -1.87971145e-02 -1.14319667e-01  9.48674697e-03
  2.34819241e-02  1.64823066e-02 -6.21680589e-03 -1.10493228e-02
  4.59664688e-03  1.62984263e-02  4.90217134e-02  1.91937443e-02
 -3.03833988e-02  1.22604044e-02  8.24954808e-02 -4.57633065e-33
 -5.26242629e-02 -8.85324255e-02 -3.06070279e-02  3.43794115e-02
 -1.20645761e-02  2.32668803e-03  3.41618285e-02 -9.00013149e-02
 -4.71882224e-02 -4.02374156e-02 -3.80707835e-03  8.12726319e-02
 -1.95061378e-02  1.89453103e-02  1.79063037e-01 -6.76749870e-02
 -3.35421786e-02 -5.13758399e-02  1.56115023e-02  1.42443143e-02
 -3.52429040e-02 -8.38297233e-02  5.80114909e-02  1.94566809e-02
 -8.63524061e-03  2.67795306e-02  8.41394141e-02 -3.65683176e-02
  6.71221688e-02  2.73677558e-02  1.04658253e-01 -5.02373464e-02
 -2.42259260e-02 -3.39421965e-02  3.14523578e-02  3.53259668e-02
 -4.73561063e-02 -5.05479686e-02  9.71655361e-03 -8.92012566e-03
  1.49440402e-02 -5.37310019e-02 -1.64266322e-02 -3.60826589e-02
 -5.31132445e-02 -4.29264531e-02  4.37296145e-02  4.82565537e-02
 -7.45110884e-02 -2.14991271e-02 -6.25076564e-03  2.22553331e-02
  4.89090942e-02 -5.63804545e-02 -1.21321967e-02 -5.00215925e-02
  3.60255726e-02  2.15250999e-02 -5.25052994e-02 -4.06228974e-02
  3.17016244e-02  8.64192545e-02  6.71321452e-02 -1.53580867e-02
 -5.50665595e-02  2.72404053e-03  4.44880947e-02 -4.67340015e-02
 -5.48135340e-02 -1.12264361e-02  4.17215861e-02  6.96826875e-02
  2.44565811e-02 -4.32625115e-02 -1.70206577e-02  6.37972429e-02
  3.83004150e-03 -1.36259003e-02  3.64813916e-02  2.94965170e-02
 -3.71031165e-02  2.42339447e-02 -4.27190103e-02 -4.42559132e-03
 -8.98071453e-02  1.22963022e-02 -3.60757113e-02 -7.00501874e-02
 -3.06037744e-03 -3.24767157e-02 -1.45763814e-01  5.86283542e-02
 -5.07284924e-02 -4.06012535e-02  2.98348293e-02  1.12307538e-33
 -4.18019295e-02 -1.53700178e-02  3.76695395e-02  2.70675719e-02
 -9.49031580e-03  6.95575029e-02 -1.55793047e-02 -4.79501970e-02
 -5.39951446e-03  7.61644170e-02 -1.39871016e-01  2.36506388e-02
 -1.28704524e-02  6.30935421e-03  2.78425571e-02 -2.20949040e-03
 -4.86276187e-02  1.39502371e-02  7.88195408e-04 -3.09815593e-02
  6.29035905e-02  1.05866060e-01  6.37926115e-03 -8.23004358e-03
 -3.93635733e-03 -1.51793174e-02 -4.81998287e-02  9.43362433e-03
 -9.47791561e-02  3.25120501e-02  7.82622248e-02  3.32919993e-02
  8.98418725e-02  2.43512616e-02 -3.07474025e-02  2.86196228e-02
  3.69367898e-02 -9.62164253e-03  2.49688514e-02 -6.16542855e-03
  1.08034231e-01  2.09765527e-02  2.02596746e-02  5.16025275e-02
  1.11467270e-02 -5.61021380e-02 -4.52440456e-02 -3.31737287e-02
  5.75911552e-02  6.27126247e-02  2.02222504e-02  1.55259967e-02
 -7.03667626e-02  1.52875241e-02 -3.78957279e-02  2.28992272e-02
 -7.64078721e-02 -8.55478551e-03 -1.22999884e-01 -1.22312689e-02
 -5.89950196e-03  1.00865357e-01 -4.85464036e-02  9.05527174e-02
  3.26246060e-02  4.90475073e-02 -2.24971529e-02 -5.23232967e-02
 -6.95022717e-02 -5.39713129e-02 -1.07565299e-01  1.78937763e-02
 -2.40836702e-02 -5.29482886e-02 -4.40894850e-02  3.75066362e-02
  8.96232203e-02  1.19220331e-01  3.34113603e-03  8.12541470e-02
  4.05048616e-02 -1.03394510e-02  4.96633947e-02  7.55722821e-02
  4.70303819e-02 -3.98663171e-02 -3.43499742e-02 -9.26388428e-03
 -4.04484905e-02  1.62177477e-02  5.77322580e-02  9.37180296e-02
  1.08789010e-02 -6.87598856e-03 -6.21577650e-02 -1.48005972e-08
 -5.48009090e-02  5.59098013e-02 -5.03906272e-02  4.33515348e-02
 -5.89824356e-02  1.27217276e-02  5.07303588e-02 -3.11151594e-02
 -2.27066781e-02  7.94188492e-03 -6.62653744e-02 -7.44857341e-02
 -3.24075036e-02 -3.60698230e-03  1.02653233e-02  1.90997366e-02
 -3.71863097e-02  1.78987626e-02 -5.54174595e-02  7.21710473e-02
  4.36848328e-02  1.56013872e-02  3.37708928e-02  8.13187137e-02
 -8.08515698e-02 -7.89230093e-02 -3.88954096e-02 -1.16634943e-01
  6.27737641e-02 -1.83128789e-02  1.38734821e-02  7.95716047e-02
  4.67252545e-02 -4.26527597e-02  4.38855309e-03 -3.64168957e-02
  2.90405899e-02  8.16031545e-03 -9.50419158e-02  8.27583671e-02
 -9.33053568e-02 -4.89924625e-02 -6.28386065e-02 -5.06077968e-02
  2.69907825e-02  1.26443272e-02 -5.51234707e-02 -2.53383666e-02
 -9.95203331e-02  6.26355186e-02 -6.75253868e-02  2.24806312e-02
  3.78956944e-02 -4.71833944e-02 -2.78503504e-02  6.13188744e-02
 -1.85862333e-02 -3.47635522e-02 -8.40441138e-03 -1.85181443e-02
 -3.94011587e-02 -1.39165133e-01  4.69868705e-02  5.11570238e-02]"
86,dba7446c-164a-41ad-8d73-e29a5905dd87,Massage,goods health & beauty products personal care massage,"[-7.28117973e-02 -6.16340840e-04  6.24540113e-02  5.68919703e-02
 -3.16244587e-02  2.08017509e-02  8.99421945e-02 -2.10240241e-02
 -6.07910492e-02 -7.97438025e-02  9.66078416e-02 -4.16741334e-03
 -1.20777879e-02  3.65457637e-03  9.44589004e-02 -1.22684399e-02
  5.98656014e-02 -3.93737480e-02  1.06426738e-02  5.72880134e-02
 -7.00413063e-03  4.65361848e-02  2.17841193e-02  5.25416918e-02
 -1.42366022e-01  2.17151921e-02 -4.90494482e-02 -3.33005823e-02
 -7.80800590e-03 -5.27328178e-02  3.23306881e-02  2.96259373e-02
 -2.06240546e-02 -1.61636304e-02  3.38666630e-03  1.19449556e-01
 -4.30404581e-02 -8.87508541e-02  2.41771247e-03  1.93374939e-02
 -5.91039136e-02 -8.17578807e-02 -4.75311503e-02  3.42793353e-02
  9.00716558e-02  3.61738838e-02  8.29207674e-02 -5.08945668e-04
  4.52922657e-02  3.18492614e-02 -7.03847408e-02 -3.58582512e-02
 -1.08520202e-02  1.12042008e-02  5.69106117e-02 -1.78917348e-02
 -7.42486119e-02 -2.12584678e-02 -8.39654580e-02  9.24116448e-02
  6.65688664e-02  3.72463139e-03 -1.79924555e-02  3.11944280e-02
 -9.25251748e-03 -4.75677773e-02 -5.41086383e-02  5.82447909e-02
 -3.91310640e-02 -9.50950757e-02 -4.32708040e-02 -8.67540166e-02
 -8.98561068e-03  1.03396997e-01  8.41201991e-02  4.43614200e-02
  3.46533279e-03 -5.03370538e-02 -4.37390879e-02 -2.20265612e-02
 -2.74789743e-02  2.15051845e-02  3.82233448e-02  1.00724652e-01
 -2.02673282e-02 -1.73599944e-02  4.64684367e-02 -6.42620698e-02
  2.70852558e-02 -2.92659607e-02  6.95394725e-02  1.18665053e-02
 -1.17231622e-01 -3.50032113e-02 -1.13725103e-03  5.79612469e-03
 -4.27090004e-02  3.76783311e-02 -1.94244962e-02  6.10923357e-02
  1.38079952e-02 -5.26192877e-03 -9.91390180e-03  4.75862511e-02
 -9.07319784e-02 -3.30805988e-03 -5.52798659e-02  2.11358480e-02
  6.02191277e-02  7.58510306e-02 -5.21368310e-02 -2.54120752e-02
 -9.87724513e-02 -5.25754094e-02 -3.09809227e-03 -5.06492369e-02
  5.25355265e-02 -3.25925313e-02  7.62423947e-02 -3.43337618e-02
  9.57342703e-03 -9.04976428e-02  6.44046962e-02 -6.39628097e-02
 -1.43616244e-01  2.20174436e-02  5.01208529e-02 -6.77136266e-34
 -5.80560640e-02  4.32762988e-02  7.45060518e-02 -8.86054430e-03
 -1.06716163e-01  7.64012635e-02 -1.99329928e-02 -3.06023136e-02
 -5.49184112e-03  3.79310432e-03 -2.34499313e-02  1.11628719e-01
  1.65152121e-02  4.37591262e-02 -1.09321978e-02 -2.57906839e-02
 -2.31369808e-02  5.18149137e-02  4.26690318e-02 -5.24714589e-02
 -5.40586226e-02  1.00531951e-02 -2.92293541e-02  5.71634695e-02
 -5.57282008e-02  5.57095408e-02  6.74066469e-02 -2.19486207e-02
  3.24450769e-02 -1.93688069e-02  2.44996212e-02 -3.63750421e-02
  6.10126145e-02 -7.36836046e-02 -6.61147907e-02  3.56428064e-02
 -7.17580095e-02 -8.31088126e-02  4.94443066e-02 -6.04088977e-02
 -9.68711264e-03  1.24388067e-02  7.16494918e-02  7.10159019e-02
 -5.41161634e-02  8.23841542e-02  8.71444470e-04 -1.31925577e-02
 -1.35520343e-02 -6.92662969e-02 -7.10602179e-02  1.56136286e-02
 -2.53745099e-03  6.49680868e-02 -6.09812513e-02  7.87596963e-03
 -1.11398613e-02  1.52589306e-02 -1.37167014e-02  3.32979634e-02
  6.75541861e-03 -4.56929393e-02  4.56925184e-02 -1.23043858e-01
  7.09083769e-03 -6.68398812e-02  3.94097976e-02 -6.65633148e-03
  4.34531225e-03  5.24965115e-02 -4.29801755e-02  1.25103801e-01
  2.21140347e-02 -3.19314189e-02  3.59635539e-02 -1.07699884e-02
  1.84344742e-02  2.20462345e-02 -4.44502272e-02  1.41288806e-02
 -5.69081381e-02  4.35610823e-02  3.98348048e-02  1.28263608e-01
  3.06701213e-02  4.59062494e-03 -5.31804636e-02  4.68409173e-02
  1.33110641e-03 -2.27684565e-02 -5.74269295e-02  9.10006464e-02
  8.32770914e-02  6.46493584e-02 -5.63646592e-02 -9.75988072e-34
  8.37411266e-03  2.18360382e-03  7.30311498e-03  6.45391122e-02
  7.67815709e-02  3.78706194e-02 -2.42183227e-02  6.82310993e-03
 -6.82468265e-02  1.16398022e-01 -5.36813540e-03 -6.51289001e-02
  6.59804000e-03  2.74611078e-02 -5.56276552e-02  1.22910634e-01
 -1.13634700e-02 -1.81250069e-02 -3.55068333e-02  4.87569384e-02
  1.15277462e-05  1.42370015e-01 -6.49387296e-03  2.59234235e-02
 -5.95601536e-02  3.66427675e-02 -2.85998378e-02 -4.79098260e-02
  5.36653697e-02  1.32585652e-02  6.27603531e-02 -5.01515828e-02
  1.45701962e-02  2.10508704e-02 -2.46987790e-02 -2.01267563e-02
 -7.50464341e-03  2.00174134e-02 -5.64291049e-03  7.54071921e-02
  1.60272345e-01 -1.06397392e-02 -2.90127639e-02  4.53654081e-02
 -5.65988477e-04 -7.85211623e-02 -1.07941166e-01 -9.55686439e-03
 -1.71554070e-02  5.90958335e-02  5.86535968e-03 -3.31444778e-02
 -3.45443897e-02  5.08606806e-03 -1.00119628e-01  1.77122261e-02
  2.76954882e-02 -4.33895364e-02 -8.60243812e-02 -2.96055488e-02
 -1.20114135e-02  1.37566589e-02 -3.01433653e-02 -4.87718210e-02
  6.11369358e-03  3.21759060e-02  6.75556883e-02 -2.74943653e-02
 -3.63619179e-02 -9.59773606e-04 -1.22720329e-02  5.48657775e-02
 -1.75178815e-02 -6.14357442e-02 -3.04182265e-02  1.10565806e-02
  3.91247012e-02 -2.81026196e-02 -4.04501939e-03  4.66898717e-02
  1.36943031e-02 -7.79209137e-02  2.21006870e-02  4.39836923e-03
 -6.27913773e-02 -8.94613378e-03  2.64455993e-02 -3.05210929e-02
 -8.26551691e-02 -4.43479698e-03 -7.00608045e-02  5.20873368e-02
 -5.64913191e-02  5.10997698e-02  7.70051172e-03 -1.83383460e-08
 -3.45491013e-03 -3.93080711e-02  4.52828668e-02  1.48976315e-02
 -3.30388285e-02 -3.88070159e-02 -3.86339650e-02  6.42349571e-02
  9.72247217e-03  8.47966000e-02 -1.93656590e-02  7.52398139e-03
 -3.11000049e-02  6.42480701e-03 -1.99703816e-02 -1.24938693e-02
  2.99437828e-02  5.84908091e-02 -2.91061196e-02 -6.66638240e-02
 -1.36030531e-02 -1.74781550e-02  3.78956236e-02 -1.02548497e-02
 -3.37831341e-02 -1.89551041e-02  1.98180676e-02  3.83057222e-02
  2.33391300e-03 -8.02708268e-02  4.37234938e-02  1.96128506e-02
  1.23302646e-01 -3.60009633e-02 -5.31896250e-03 -1.66117633e-03
 -2.98004597e-03 -8.25985745e-02 -5.48135787e-02  3.48860547e-02
 -3.09914406e-02 -1.35152750e-02 -2.72472296e-02  2.86335573e-02
  1.20637156e-02 -8.42014551e-02  4.20044735e-02 -1.38707794e-02
  2.85322443e-02  8.22759718e-02 -6.18963828e-03 -4.21656035e-02
  5.51014543e-02 -3.80548462e-02 -1.83940064e-02 -3.94021394e-03
 -3.14494432e-03 -1.34539325e-02 -1.27741825e-02  6.95481822e-02
  1.60772167e-02 -9.57106128e-02  1.06188014e-01  1.19033838e-02]"
87,b30428b7-4d34-41c4-a721-31c71cee00e3,Massage,goods health & beauty products massage,"[-6.63930699e-02  8.36344529e-03  5.62869795e-02  6.02871999e-02
 -2.13018879e-02  1.82465874e-02  9.50549468e-02 -3.16488929e-02
 -8.02038237e-02 -6.68970272e-02  1.01923801e-01  2.15418474e-03
 -1.12258373e-02  1.21932235e-02  9.82861593e-02  3.95571254e-03
  8.34339857e-02 -2.14010179e-02  2.17679981e-03  4.42361757e-02
 -1.55006330e-02  3.40209752e-02  2.84576118e-02  5.47533222e-02
 -1.26255319e-01  1.50228273e-02 -3.80080827e-02 -3.27110775e-02
 -1.20205889e-02 -5.65887094e-02  3.70241292e-02  4.93744528e-03
 -2.65199505e-02 -1.66300256e-02 -5.00371796e-04  1.23757675e-01
 -2.33315732e-02 -1.16559029e-01  2.37361505e-03  2.68525817e-02
 -6.76213652e-02 -7.43399709e-02 -7.02868775e-02  3.23764794e-02
  8.53528753e-02  1.46393403e-02  7.80500621e-02  6.85113203e-03
  5.76640218e-02  3.29271071e-02 -5.79698049e-02 -4.80968095e-02
  1.27127590e-02  2.12328261e-04  3.67572121e-02 -2.08984837e-02
 -7.12810159e-02 -2.17741262e-02 -8.10286552e-02  8.01696926e-02
  6.75865486e-02  4.68232529e-03 -1.37190067e-03  3.77406478e-02
  9.97766852e-03 -5.76787293e-02 -8.46962631e-02  6.82152435e-02
 -5.57793751e-02 -7.81380013e-02 -2.24360842e-02 -8.75994265e-02
 -1.86070446e-02  9.35382396e-02  8.46861973e-02  4.91072387e-02
  1.38942925e-02 -4.36405502e-02 -3.32510434e-02 -2.97871232e-02
 -1.00713596e-02  3.22178355e-04  2.70371027e-02  1.05785348e-01
 -3.18628885e-02 -2.06235796e-02  4.29099873e-02 -6.59280866e-02
  3.13701592e-02 -1.79440640e-02  5.74599840e-02  1.21218292e-02
 -1.08694322e-01 -1.32823931e-02  1.65101252e-02 -2.84890924e-03
 -5.29518239e-02  4.68251035e-02 -1.39698470e-02  8.76734778e-02
 -7.72604859e-03 -3.93198011e-03 -2.00731698e-02  3.36108990e-02
 -9.68978927e-02 -2.61126943e-02 -5.31041957e-02  1.03669902e-02
  5.82401380e-02  6.55649677e-02 -4.42320108e-02 -1.16007505e-02
 -8.92702788e-02 -3.76014113e-02  2.43093679e-03 -6.35533407e-02
  5.44141456e-02 -3.29723991e-02  8.05022195e-02 -6.15015253e-02
  2.54365001e-02 -7.56702200e-02  6.81291595e-02 -5.95500581e-02
 -1.38066500e-01  2.72603147e-03  3.57023217e-02 -1.87853254e-33
 -5.04223369e-02  1.69990715e-02  8.68952945e-02  1.58617087e-02
 -7.75031745e-02  9.08139721e-02 -1.25855356e-02 -3.00357174e-02
 -1.74572095e-02  7.72537850e-03 -3.84145230e-02  9.35148820e-02
  2.06559319e-02  3.74481939e-02 -1.57075357e-02 -4.41468358e-02
  4.91919182e-03  7.91832358e-02  4.46050651e-02 -5.24618328e-02
 -4.88386378e-02 -1.11979255e-02 -1.38850231e-02  7.98314810e-02
 -7.33996332e-02  6.54156059e-02  4.94860969e-02 -3.36080492e-02
  5.59323877e-02 -2.07938999e-03  2.61697732e-02 -3.63196619e-02
  6.03309721e-02 -6.44957945e-02 -8.55415761e-02  4.22991551e-02
 -6.12383820e-02 -7.70114288e-02  4.33238596e-02 -6.56910986e-02
  3.38957389e-03  8.29124637e-03  8.35560709e-02  5.30648828e-02
 -4.95743528e-02  1.02402978e-01  3.71504389e-03 -1.27427718e-02
  5.54853026e-03 -6.86303750e-02 -8.75875577e-02  1.23431422e-02
  3.67109478e-02  5.63306548e-02 -5.01039065e-02 -1.44091593e-02
 -2.33751591e-02 -2.59801280e-03 -9.80012398e-03  3.10470164e-02
 -8.59515741e-03 -2.27677934e-02  1.96201149e-02 -1.27462015e-01
 -8.59148894e-03 -6.04190901e-02  3.93856801e-02 -3.61669995e-02
  1.34710716e-02  3.04387696e-02 -2.22417824e-02  1.48456454e-01
  1.98198319e-03 -3.26393880e-02  1.09211374e-02 -2.70608999e-03
  5.53135714e-03  2.39231586e-02 -4.03935686e-02  2.92379111e-02
 -4.04863730e-02  2.39049755e-02  3.80695462e-02  1.25969529e-01
  4.63190377e-02 -1.25084014e-03 -5.77990748e-02  3.35420184e-02
  3.02436016e-03 -3.19795776e-03 -6.87122047e-02  9.52720866e-02
  7.39711374e-02  5.76461740e-02 -3.58510427e-02  3.83800995e-34
  1.86520163e-02 -1.72508992e-02  3.03868181e-03  7.36203492e-02
  4.41935025e-02  4.98593673e-02 -4.21177819e-02  2.01604702e-02
 -8.13606307e-02  1.22982606e-01  1.45030199e-02 -7.63382986e-02
 -2.75401399e-03  1.75223760e-02 -4.82104048e-02  1.15666248e-01
  2.42584641e-03 -1.50207700e-02 -2.81265788e-02  5.05920313e-02
 -4.62752813e-03  1.41472831e-01 -3.73559562e-03  8.66359286e-03
 -6.72817007e-02  5.97031899e-02 -3.32362391e-02 -4.11034003e-02
  2.36530118e-02  2.42643114e-02  5.50792366e-02 -3.92737761e-02
  1.46007007e-02  2.48751435e-02 -2.73167398e-02 -9.58921853e-03
 -1.33703053e-02  1.90476198e-02 -1.53086493e-02  7.21306130e-02
  1.58535004e-01 -1.62402652e-02 -1.29291145e-02  2.63646096e-02
  4.45349514e-03 -7.19572827e-02 -1.10919856e-01 -1.17730899e-02
 -1.07557056e-02  4.63592410e-02  2.76599173e-02 -2.10799817e-02
 -3.77380215e-02  2.02348526e-03 -7.78557733e-02  3.78715508e-02
  6.37686858e-03 -3.73300985e-02 -9.03105587e-02 -1.56877898e-02
 -8.20250064e-03  3.09779420e-02 -2.43879147e-02 -3.11401412e-02
  2.21888325e-03  3.78086157e-02  6.12878166e-02 -4.30975072e-02
 -2.91540008e-02 -1.21764010e-02 -1.23444423e-02  6.65832162e-02
  4.42515733e-03 -5.76144494e-02 -4.79606763e-02  1.63515769e-02
  2.89383493e-02 -3.76925170e-02 -5.97361149e-03  2.91329622e-02
  1.19346241e-03 -8.21903870e-02  3.75168435e-02 -8.65408592e-03
 -5.87986782e-02  1.24219456e-03  1.18086468e-02 -2.20621713e-02
 -6.59702271e-02  2.22355651e-04 -8.90233591e-02  2.98963506e-02
 -5.19831963e-02  6.20320141e-02  4.23310064e-02 -1.61184417e-08
 -1.40916714e-02 -4.98591289e-02  4.50917184e-02 -4.11739992e-03
 -4.68789078e-02 -2.81043965e-02 -3.32182236e-02  6.52000681e-02
  2.06519458e-02  6.46800175e-02 -2.38534994e-02  2.50107087e-02
 -3.29231136e-02  2.34100781e-02  4.33561346e-03 -1.92024037e-02
  5.56380786e-02  6.97948486e-02 -3.18068527e-02 -6.87917545e-02
  6.00964949e-03  4.21642605e-03  6.40732124e-02 -1.61461998e-02
 -1.62918326e-02 -5.82213216e-02  1.45930033e-02  3.63533087e-02
  6.63835509e-03 -9.35832784e-02  3.58636864e-02  1.45264054e-02
  9.45898965e-02 -3.17641646e-02  8.06669053e-03 -2.19303668e-02
 -3.55212428e-02 -8.97529349e-02 -6.58121184e-02  5.83761260e-02
 -4.20211256e-02  1.11450786e-02 -2.17634570e-02  6.73762616e-03
  8.27359315e-03 -9.88036469e-02  3.30887027e-02  5.44906408e-03
  1.37985433e-02  7.04341158e-02 -3.62136364e-02 -2.55452804e-02
  5.34113534e-02 -3.94577235e-02 -7.14272587e-03 -1.73565727e-02
  7.20100710e-04 -2.19644010e-02 -5.99418674e-03  6.72576204e-02
  3.95446494e-02 -9.30431485e-02  9.87299532e-02  1.00411009e-02]"
88,e6c50125-9315-469e-a4cb-f25ab642f237,Yoga,goods sports & outdoors exercise & fitness yoga,"[ 1.62531249e-02  6.36524521e-03  1.63290519e-02  7.22696120e-03
  3.67533639e-02  6.05011135e-02  7.54624233e-02 -4.44232151e-02
  4.45576245e-03  4.87832353e-02  8.26605260e-02  7.40612252e-03
 -2.81027257e-02 -1.86681990e-02  1.81217343e-01 -2.25062631e-02
  4.48765568e-02  3.98256443e-02 -2.10273452e-02 -3.80488932e-02
 -2.90675685e-02  3.50004509e-02  5.64520694e-02  4.89554070e-02
 -2.86820233e-02  5.52167706e-02 -1.12694176e-02  1.11629814e-03
  4.24359553e-03 -2.21122336e-02  2.05078740e-02  3.64919566e-02
  2.34804694e-02  3.26416418e-02 -3.64707075e-02  8.62525329e-02
  3.52152921e-02 -1.06633581e-01 -2.60390006e-02  1.89135037e-02
 -6.97975606e-02 -1.99809242e-02  5.73012419e-03  1.28761325e-02
  3.27363871e-02  4.64485027e-02  8.41986910e-02  8.33216403e-03
  6.53435513e-02  2.89688371e-02  2.12100130e-02 -2.66058538e-02
  4.46066596e-02  1.04650417e-02  2.12986153e-02 -6.47024587e-02
 -7.21016526e-02  1.31032849e-02 -1.37467366e-02  1.82829984e-02
  1.34537801e-01 -3.09062991e-02 -6.49622083e-02  3.73494774e-02
 -6.17114231e-02 -6.33247197e-02 -5.48081882e-02  9.98436362e-02
  1.15143470e-02 -7.90916681e-02 -2.89427862e-02 -2.31836531e-02
  7.74000632e-03  6.42034644e-03 -2.65866388e-02  1.25229200e-02
  4.11121035e-03 -9.14967805e-02 -6.15965808e-03 -3.81247140e-02
 -3.17127928e-02 -2.61067357e-02  2.75365468e-02  1.56118749e-02
  2.80784303e-03 -1.73250469e-03  7.51422672e-03  4.41778190e-02
  2.50577927e-02  3.62803810e-03 -4.98063602e-02  2.53261416e-03
 -7.40761980e-02  4.82496060e-02 -8.25510100e-02  1.88371371e-02
 -3.39002497e-02 -9.50056966e-03  4.12261533e-03  6.58024848e-02
  4.04504761e-02  6.26439825e-02  1.02107085e-01  4.95488755e-02
 -1.13563120e-01 -8.48157182e-02 -3.56346965e-02  7.44970515e-02
  7.35399425e-02  1.51212931e-01 -4.49605212e-02 -6.76212600e-03
 -5.65466993e-02  2.00574081e-02 -3.04880217e-02  6.55119345e-02
  6.25487342e-02  2.59656105e-02 -6.41819239e-02  9.23567265e-03
 -3.13861445e-02 -3.53157409e-02  1.05100274e-01 -2.41710134e-02
 -5.57253174e-02 -3.09106074e-02  2.12396588e-03 -2.30052638e-33
 -4.17560153e-02 -6.72333613e-02  4.03136723e-02  2.23926324e-02
 -3.44666950e-02 -1.41274510e-03  1.82421948e-03 -1.24852858e-01
  5.19967377e-02 -2.79258322e-02 -2.00008918e-02  8.77446309e-02
  4.58695628e-02  4.68867198e-02  9.75663364e-02 -5.65709211e-02
 -6.46093562e-02  2.47451913e-04  2.67141294e-02  5.16046174e-02
  1.22052282e-02 -7.28030205e-02  9.21850931e-03  6.74468800e-02
 -1.17594050e-02 -2.92049255e-02  1.45631298e-01 -2.37831697e-02
  4.82400358e-02  5.33635821e-03  4.24091890e-02 -8.11507925e-02
 -4.30320315e-02 -5.46566993e-02  3.77453640e-02  4.19842126e-03
 -4.46786135e-02 -4.19901013e-02  2.55271085e-02 -1.57103762e-02
 -1.39957154e-03 -2.72025373e-02  1.99226588e-02 -6.23574182e-02
  2.04249620e-02  3.11022010e-02  9.98493358e-02  4.17972058e-02
 -2.33515650e-02 -5.81211746e-02 -4.44382876e-02  7.20992032e-03
  4.07397561e-02 -8.86532441e-02 -4.44130749e-02 -6.50531128e-02
 -7.57527631e-03  2.95933373e-02 -5.93336970e-02  2.61084139e-02
 -2.76175961e-02  9.01268888e-03 -5.20976912e-03 -6.67724758e-02
 -1.03670977e-01 -2.09868792e-02  5.02540395e-02 -4.02444229e-02
 -3.22018452e-02 -5.21565368e-03  1.80565976e-02  1.19190663e-01
  4.27994952e-02  2.89181694e-02  1.14995893e-02  3.15770172e-02
 -5.55671612e-03  1.73774380e-02 -5.41325137e-02  6.16460554e-02
  8.45111441e-03  6.51588216e-02 -5.52288964e-02  9.56909508e-02
 -2.24414226e-02  2.42002495e-02 -5.58674671e-02 -3.66008766e-02
 -2.78031044e-02  8.78806040e-03 -9.49880704e-02  6.40970469e-02
  2.74648890e-04  2.97404593e-03  1.18111633e-02 -4.89040180e-34
 -9.34791192e-03 -4.82132733e-02  2.03230921e-02 -1.24285314e-02
  1.02865390e-01  3.15768346e-02  2.66971700e-02 -1.28788780e-02
 -3.28757986e-02  1.50178829e-02 -1.00875132e-01 -3.93353999e-02
 -3.79584245e-02  4.63837571e-02  5.38996188e-03  6.95595611e-03
  1.25978579e-04  1.15088988e-02 -6.61297813e-02  6.36802092e-02
  7.59950876e-02  1.33603856e-01  2.59800758e-02 -3.10803372e-02
 -6.46710908e-03  2.23421790e-02 -9.97136235e-02  1.09262720e-01
 -1.86559055e-02  5.02336212e-02  4.23025228e-02  1.10082272e-02
  4.54158261e-02  9.90333501e-03 -4.39432971e-02 -5.90062374e-03
 -1.90872680e-02 -4.52940390e-02 -1.33085065e-02  3.84299494e-02
  1.29677430e-01  1.00293551e-02  1.90671030e-02  2.94909794e-02
  2.60888599e-03 -8.67715850e-02 -1.10320725e-01  5.32872835e-03
 -3.75225656e-02 -6.10814057e-02  5.31427003e-02 -1.35729574e-02
 -6.80218786e-02 -4.38529849e-02  4.48750220e-02  3.18829715e-02
 -2.94984058e-02 -5.05425110e-02 -8.39221999e-02 -9.79576558e-02
 -6.52346909e-02  7.60475546e-02 -3.09465658e-02  6.91306815e-02
  1.22241620e-02  4.07514796e-02  3.05884089e-02 -2.69142725e-02
 -9.36260596e-02 -1.67834375e-03 -7.41745606e-02  1.23566482e-02
 -4.97253845e-03 -1.61834117e-02 -5.31661324e-02  3.21093723e-02
  5.32703362e-02  5.45710772e-02  3.20489332e-02  6.46289438e-02
  3.53547111e-02 -7.11527746e-03  1.86733250e-03 -9.17138625e-03
  3.96072492e-03  6.85424656e-02 -6.58993945e-02 -5.76566011e-02
 -4.91819680e-02 -2.11540684e-02  7.16612162e-03  2.08022222e-02
 -2.66980901e-02  1.07692756e-01  2.64204312e-02 -1.71759336e-08
 -5.88611793e-03 -1.56847555e-02  5.18111838e-03  3.25416625e-02
 -7.20037445e-02 -1.44390129e-02 -2.93401349e-03  9.74526722e-03
  4.88147661e-02 -8.39484669e-03 -4.31689434e-03 -2.11629318e-03
  2.08687745e-02  6.45710155e-02 -3.27758938e-02 -6.25351891e-02
 -7.33957626e-03  8.82442072e-02 -6.05858080e-02  1.07796816e-03
  1.00670289e-02 -3.86007987e-02  2.43608933e-03  5.09604327e-02
 -6.57395869e-02 -6.39941543e-02 -6.70998469e-02 -5.39993532e-02
  6.02329187e-02 -3.14226449e-02  5.32164937e-03  1.09887905e-02
  1.09065985e-02 -4.38235104e-02 -5.98972850e-02 -8.93202350e-02
  1.96320117e-02 -3.08291670e-02 -1.17424853e-01  9.81118381e-02
 -6.72528818e-02 -4.70207185e-02  8.39709491e-03  1.00010121e-02
  2.79888697e-02 -5.97897246e-02 -2.34211199e-02 -3.05706281e-02
  2.29457766e-03  2.82288045e-02 -2.49820091e-02 -2.45970748e-02
  5.07765450e-02 -4.22127470e-02 -6.27533421e-02  9.49356556e-02
 -9.88469124e-02 -3.62618640e-02 -6.03302717e-02  5.83706386e-02
 -1.21025536e-02 -1.20943524e-01 -1.67783480e-02  4.51512709e-02]"
89,93405d8f-cbd5-456e-ad46-68133fd0332f,Wine,goods grocery & household alcohol wine,"[ 9.06932168e-03  1.20287258e-02 -3.76218297e-02 -7.70862726e-03
  2.72005405e-02  5.02615832e-02  1.96503513e-02 -5.00253700e-02
 -6.80551156e-02 -1.05375297e-01  3.42166796e-02 -2.68852524e-02
 -8.72419253e-02  1.10339085e-02  2.07586586e-02 -3.05113513e-02
 -1.00442003e-02 -6.08417615e-02  3.72366682e-02 -6.49485588e-02
 -3.78535525e-03  3.29550616e-02  7.04459921e-02  3.98949459e-02
  1.46532832e-02  4.98578027e-02 -1.41564757e-02  6.74891099e-02
 -3.08939870e-02 -5.19787446e-02  1.12555303e-01  4.71957140e-02
  7.48765916e-02 -5.12849055e-02 -2.52474602e-02 -3.14628184e-02
  9.78517160e-02 -2.72506382e-02  5.96338809e-02  3.07994056e-02
  5.18384464e-02 -1.34432456e-02 -4.24310155e-02  8.11739042e-02
 -2.79264580e-02  3.07132080e-02 -2.92989220e-02  5.39951473e-02
  3.71830538e-02  8.95776600e-03 -1.95515156e-02  1.83015559e-02
 -2.39946879e-02 -2.10665483e-02  1.08979337e-01  4.59869718e-03
  6.13506064e-02  6.42355010e-02  3.75448726e-02 -4.39166930e-03
  7.44544342e-02 -2.94139665e-02 -3.58336605e-02  4.43747379e-02
 -3.20225693e-02  1.12500442e-02 -4.85104881e-02  6.90127313e-02
 -1.30754009e-01 -1.84807982e-02 -7.76511729e-02 -9.22753736e-02
  3.39031890e-02  5.59252314e-02  3.82977426e-02 -6.70117810e-02
  4.13911901e-02 -9.67634246e-02 -5.94374649e-02  4.78688627e-02
 -1.33564651e-01  2.06833780e-02 -9.81105715e-02  1.90646630e-02
 -3.68878171e-02 -1.02965971e-02 -2.64267158e-02 -6.30844990e-03
  8.77204631e-03  2.40268800e-02 -4.65526767e-02 -4.25456837e-02
  7.24280300e-03 -1.17645800e-01  2.61044335e-02  4.55313437e-02
  4.90866266e-02 -4.85069416e-02  2.37502102e-02  3.18289027e-02
  1.29631748e-02  4.50405739e-02  5.52998781e-02 -5.16866446e-02
 -2.74412278e-02  3.08331549e-02 -6.37817662e-03  6.21638559e-02
  1.33693609e-02  2.21370682e-02 -6.00126497e-02  6.01278320e-02
  7.27392791e-04 -8.50916281e-02 -1.61832524e-03  1.92426704e-03
  6.47750646e-02 -8.63039773e-03 -3.60452919e-03 -8.34611356e-02
 -4.40676510e-02  2.40326039e-02  5.76691739e-02 -1.01459669e-02
 -5.12695089e-02  4.56618294e-02  9.88114029e-02 -2.51281974e-33
 -4.66034971e-02 -3.18112858e-02 -6.67730495e-02 -2.38288119e-02
  3.85589525e-02 -5.11137657e-02  1.37480870e-02  2.59295069e-02
 -1.06293578e-02  1.58146564e-02  2.69612167e-02  9.34192725e-03
 -6.73410371e-02  3.87950800e-02  6.02412708e-02  1.75746214e-02
  1.25790471e-02  5.31997159e-02 -5.18116988e-02 -5.74268810e-02
 -6.90864325e-02 -5.55399992e-02 -3.00917439e-02  5.12633733e-02
 -4.45865616e-02  2.90107820e-02  9.51329619e-02  8.28966498e-02
  1.29203349e-01 -1.51247233e-02  6.31641150e-02  7.03666508e-02
  6.07083701e-02 -6.21895678e-03 -9.42386836e-02  5.03863730e-02
 -1.01631515e-01 -5.72674954e-03  3.76552530e-02 -2.90492382e-02
  3.99814770e-02  5.96955419e-02  1.63937300e-01  5.18418252e-02
 -3.71655449e-02 -3.11774784e-03 -4.01748903e-02  1.57065038e-02
 -5.42038716e-02  4.45514172e-02 -4.60465178e-02 -6.95806444e-02
 -3.99553627e-02  1.08561590e-01 -8.01241621e-02  3.36318016e-02
 -2.24531852e-02 -2.21541654e-02 -2.34403387e-02 -8.28628391e-02
  4.36650701e-02  4.61633541e-02  5.11141606e-02  2.91370694e-03
  1.21963397e-02 -2.67032580e-03  4.39708587e-03 -9.15864259e-02
  4.89152446e-02  4.64138202e-03  9.00598522e-03  9.13276598e-02
 -5.37452800e-03 -6.33936003e-03  5.75985275e-02  6.91821277e-02
  1.81685612e-02 -3.95059697e-02 -3.06753349e-02 -6.24402286e-03
 -4.01781388e-02 -7.53936619e-02  7.20175356e-02  2.02091504e-03
 -4.94396985e-02 -1.56441387e-02 -6.76933900e-02 -6.04464747e-02
  1.79751348e-02  2.07188982e-03 -6.65149018e-02 -7.60813430e-03
  5.07915020e-02 -3.81782651e-02  4.38525230e-02  1.35237007e-33
  1.14886299e-01 -6.49206117e-02  5.98382913e-02  1.02802338e-02
  3.60542051e-02  7.08361436e-03  5.14955772e-03 -5.42188175e-02
 -5.57319373e-02 -1.13000656e-02 -8.58264044e-02  9.88352229e-04
  2.11704243e-02  1.81799252e-02  2.76701935e-02  7.06497580e-02
  1.14309601e-01  6.55379817e-02  6.74703568e-02 -1.57367196e-02
  8.62760842e-03  7.93061480e-02 -1.23305665e-02 -1.15459738e-03
 -3.18548940e-02 -3.77781801e-02 -1.88887138e-02 -3.29608582e-02
 -5.42930998e-02  2.02592602e-03  4.40046974e-02 -9.46334526e-02
  2.51536407e-02 -1.68841630e-02 -3.38775590e-02  1.69264060e-03
 -4.62342463e-02 -1.68827362e-02 -6.83781598e-03  3.87795307e-02
  1.22460261e-01  2.48509515e-02 -6.99589774e-02  1.71034653e-02
  3.44786830e-02 -1.79846361e-02 -6.54752702e-02 -1.64904837e-02
  6.27624765e-02  3.26414430e-03  7.58566335e-03  7.11506084e-02
 -3.23271789e-02  2.52740271e-02 -3.15579325e-02  1.12527557e-01
  6.09187558e-02 -5.48939556e-02 -4.44499329e-02 -5.12123369e-02
 -5.83910570e-02  1.29314706e-01 -2.44973060e-02 -2.27950863e-03
  4.12596352e-02  2.13243096e-04  2.14562863e-02  8.13627266e-04
 -1.07829040e-02 -3.15911695e-02  1.62055660e-02 -1.52075039e-02
  2.52949465e-02  1.66619290e-02 -9.08963084e-02 -2.94419341e-02
 -2.53009703e-02 -2.67564673e-02  2.15606708e-02  1.69724692e-02
  6.22560158e-02 -2.04690769e-02  2.32092370e-05  6.38098866e-02
 -6.49276674e-02 -7.61462897e-02  5.45500731e-03 -1.43250283e-02
 -4.60079052e-02  2.46663745e-02 -3.18453647e-02  1.00475781e-01
 -4.23573814e-02  8.63066595e-03  6.55696820e-03 -1.43835370e-08
  4.40569781e-02 -3.08839418e-03 -2.62658652e-02  1.07562780e-01
 -3.57011408e-02 -7.96175599e-02  3.03521622e-02  1.20485062e-02
 -1.85616463e-02  1.12182302e-02 -8.16354454e-02  1.14158755e-02
 -7.08274022e-02 -1.66900363e-02 -3.76170687e-03  3.67079899e-02
  4.37725000e-02 -4.30804826e-02 -2.70512439e-02 -1.03598731e-02
  5.36562763e-02  1.81795359e-02  4.55423556e-02  5.11687659e-02
 -8.12469274e-02 -3.07805911e-02 -5.92694897e-03  2.63467114e-02
  9.28490162e-02  3.89144942e-02  1.21436305e-02  7.66089037e-02
 -2.52528079e-02  1.31686246e-02  1.50594153e-02 -4.46960405e-02
 -9.23881382e-02 -3.32477726e-02 -7.20358863e-02  1.47734778e-02
 -4.74371575e-03 -1.11973226e-01 -1.09071352e-01 -4.78403904e-02
  6.68419618e-03  2.80985981e-02 -1.18418233e-02 -3.67388246e-03
 -1.17287571e-02  4.48654555e-02  1.67374834e-02  3.71587537e-02
  6.67609647e-02 -3.29349823e-02  1.63876675e-02  2.48741303e-02
 -1.88514404e-02 -9.91401225e-02  3.63554358e-02 -5.84312342e-02
  7.01510012e-02 -4.17600051e-02  1.15700409e-01 -6.44617248e-03]"
90,0bc79434-fc4c-482a-b19d-e8af6cc0ac5b,Music,nearby things do tickets & events music,"[ 1.16648041e-01 -3.26487496e-02  1.65046770e-02 -4.49160784e-02
 -2.02371795e-02  8.60023573e-02  3.72539088e-02 -7.03452677e-02
 -9.05742869e-03 -1.70746353e-02  1.34578310e-02  8.65095481e-03
 -2.57472117e-02  2.44928673e-02  6.83089346e-02 -2.88529322e-02
  1.50617108e-01 -5.77432960e-02 -2.50916742e-02 -4.08445410e-02
 -8.43731239e-02 -1.66350268e-02 -2.96222772e-02  2.72764601e-02
 -5.98972887e-02  5.09151369e-02 -2.91600581e-02  7.32517615e-02
  5.23255616e-02  4.91977716e-03  4.25672457e-02  5.83447814e-02
 -3.04104555e-02 -3.98659520e-02 -1.53628597e-02  5.08089550e-02
 -2.59405933e-02 -4.96712737e-02 -2.60548461e-02  4.84104976e-02
  4.68199328e-02  2.62175296e-02  4.51773107e-02  4.51153348e-04
 -2.79941130e-02 -2.56985575e-02 -3.17188092e-02 -4.24605086e-02
  1.33812195e-02  5.37889451e-03  8.47261474e-02  1.63625609e-02
  1.94015615e-02 -1.74289178e-02 -6.96402565e-02  1.58595834e-02
 -3.94034199e-02  3.12814042e-02  7.96452388e-02 -3.18529480e-03
  2.35982407e-02 -4.95095029e-02 -8.08549114e-03 -3.53668891e-02
 -1.04124695e-01 -2.67783627e-02 -6.47374168e-02  1.24760188e-01
  3.89360227e-02 -9.36185643e-02  8.17598328e-02  4.19543199e-02
  3.10312919e-02  5.27837649e-02  7.53559247e-02  2.32696868e-02
 -7.24129975e-02 -1.00070216e-01 -5.45137264e-02 -2.97432430e-02
 -4.80043516e-02 -6.14832789e-02  8.41518398e-03 -7.87653327e-02
  3.87701914e-02 -2.74051051e-03 -3.07420995e-02  8.86264443e-03
 -5.72337136e-02 -5.39308600e-03 -6.66883513e-02 -1.46619026e-02
 -2.99240500e-02 -3.25557142e-02 -1.21344198e-02  2.64568310e-02
 -2.76702978e-02 -3.01833209e-02  5.60978055e-02  4.43415940e-02
  2.71085873e-02  9.96141732e-02  6.00700043e-02  5.21007143e-02
  4.23180945e-02 -6.02851771e-02 -6.34288266e-02  9.51307938e-02
  4.62156236e-02 -1.09881898e-02  1.21400021e-02  1.11709097e-02
 -1.62273180e-02  4.54802103e-02 -7.01835975e-02  3.75018567e-02
  1.62419900e-02  7.88090378e-03 -2.66868767e-04 -6.50613531e-02
  1.71305537e-02  1.59703363e-02 -9.36534069e-03  4.27053086e-02
 -2.21222155e-02 -1.69803016e-02 -2.51379609e-02 -1.47369165e-33
  1.39712896e-02 -9.76688564e-02 -3.04573663e-02 -2.39435416e-02
  1.48280829e-01 -3.59265171e-02 -1.10849261e-01 -3.15549634e-02
  2.67876741e-02  7.93741047e-02  1.45107917e-02  2.05868781e-02
  5.34244515e-02 -9.26915258e-02  6.20473027e-02 -6.34588301e-02
 -2.79338211e-02 -4.20492422e-03 -7.31621012e-02 -6.57125562e-02
 -9.72137153e-02 -4.27966155e-02  4.20065783e-03 -1.29967537e-02
  6.93392828e-02  6.11475520e-02  6.41237572e-02 -5.03927134e-02
  1.16492994e-01 -1.70883238e-02  7.53466878e-03 -4.02067276e-03
  1.23242717e-02  3.42948199e-03  5.96574275e-03  8.98454860e-02
 -5.01622520e-02 -5.76687381e-02  3.45645510e-02 -6.20682053e-02
 -3.40211578e-02 -1.28968982e-02 -1.40176639e-01 -3.84662934e-02
 -1.22279273e-02  5.37863560e-02  4.85395864e-02  9.99252778e-03
  5.74567541e-02 -1.19884778e-02 -7.40832649e-03 -9.19149071e-03
 -2.94909738e-02 -7.30225816e-04  4.81213368e-02  2.10784301e-02
  4.94943112e-02  2.24930365e-02  9.07064900e-02 -5.93461767e-02
  7.21660107e-02  4.46875840e-02  4.52991053e-02 -8.15976262e-02
  6.34574443e-02 -2.98056025e-02  4.98122610e-02 -7.97512382e-02
  1.04367703e-01 -3.18528037e-03  7.64389783e-02  3.81459780e-02
  4.44083735e-02 -1.34774623e-03  3.08867563e-02  3.95493470e-02
 -1.81925632e-02 -1.07966717e-02  7.95446627e-04  5.49562983e-02
 -2.87518613e-02 -5.96559234e-03  1.94906928e-02  7.93959051e-02
  3.91927138e-02  3.33715454e-02 -1.68287791e-02 -7.82374144e-02
 -1.12112463e-01 -1.41587993e-02 -1.73976906e-02  5.07170074e-02
 -5.33497296e-02 -1.12908259e-02 -5.96125945e-02  1.40481419e-35
  3.07834633e-02 -1.85602643e-02  4.54275720e-02 -4.56204340e-02
  4.38525490e-02  2.53940411e-02 -1.04792239e-02 -6.05825707e-02
  2.44009756e-02  4.70278002e-02 -1.26931041e-01  1.41723892e-02
  6.70455247e-02 -6.53319359e-02  1.71789825e-02  3.48200276e-03
  8.18323269e-02  8.72465745e-02  7.22712576e-02  4.86993715e-02
 -6.60661533e-02 -1.13901319e-02 -1.16968842e-03 -2.95116361e-02
 -9.42141414e-02  1.64618585e-02 -1.10081853e-02 -8.02225918e-02
 -1.27773583e-01 -3.76087204e-02 -8.72382373e-02 -5.13364598e-02
 -7.39589846e-03 -1.09448373e-01  1.66230891e-02  2.58370899e-02
  5.78530878e-02 -3.19612101e-02 -7.66802281e-02 -7.82184675e-02
 -2.42844354e-02 -8.11445585e-04  9.35781002e-02  7.44615868e-02
 -3.15051572e-03  2.09811982e-02 -1.27154440e-01  9.87621173e-02
 -1.88464914e-02 -3.77790220e-02  1.32407490e-02 -2.94859484e-02
 -4.46546040e-02  9.81669035e-03 -6.27375999e-03  7.81223997e-02
  3.02407499e-02 -1.56663861e-02 -2.41866428e-02 -2.60652683e-04
  4.63144341e-03 -2.30509620e-02 -4.10644561e-02  7.20438659e-02
 -1.27419122e-02  4.82889190e-02 -2.12097485e-02 -1.91654768e-02
 -1.85008142e-02  2.98480224e-02 -2.34121326e-02  2.71495730e-02
 -1.66547354e-02 -5.46739623e-02 -1.02402277e-01 -9.95024946e-03
  3.84298824e-02  2.05594432e-02  6.85850009e-02  3.57658393e-03
  2.54238956e-02  4.81650345e-02 -5.39785698e-02 -5.88171482e-02
  1.22719593e-02  3.91571149e-02  5.16169779e-02 -2.85812542e-02
 -6.38182238e-02  5.18552400e-02  1.64209288e-02  8.51830095e-02
  1.65531766e-02 -3.09309438e-02 -2.36481447e-02 -1.57484124e-08
 -1.49452789e-02  3.28070112e-02 -6.75438717e-02 -5.28524220e-02
 -4.58090715e-02 -4.89869714e-02  3.02538481e-02  2.93182842e-02
  1.83822438e-02  2.42156349e-02 -2.79058912e-03 -7.15061426e-02
  2.75706640e-03  4.02952880e-02  2.20155865e-02  1.03444522e-02
  1.52962399e-03 -3.60406283e-03 -6.56938404e-02  4.38419171e-02
  2.92368885e-02  6.70056269e-02  8.09437707e-02  2.49449518e-02
  2.22263318e-02  2.81642210e-02  1.44551946e-02  3.06140669e-02
  1.04680501e-01 -3.94719690e-02 -2.88052894e-02 -2.74909269e-02
 -8.76321457e-03 -1.75624080e-02  7.26102516e-02 -1.06313013e-01
 -1.89371184e-02 -3.59203219e-02 -2.19764691e-02  4.23926627e-04
 -1.77446764e-03 -8.89802948e-02 -2.16576774e-02  9.28983539e-02
  3.24924178e-02  4.79347408e-02  6.51209131e-02 -5.17441891e-04
 -7.11859949e-03  7.33763129e-02 -9.72415283e-02 -4.14075255e-02
 -5.54321520e-02 -8.07023123e-02  3.56175601e-02 -1.62848399e-03
  1.82971880e-02  1.54459672e-02  4.32242192e-02  6.37180964e-03
 -6.76806420e-02  4.34774905e-02 -3.82890888e-02  3.97159532e-02]"
91,e523df1e-6f08-42dd-92b1-2d16650eaf2f,Golf,nearby things do sports & outdoors golf,"[ 1.38074011e-01  4.63403342e-03 -6.60907617e-03  3.36140469e-02
  9.54359621e-02 -7.84816872e-03  2.34027347e-03 -4.26277369e-02
  1.50268367e-02  4.61257137e-02  3.19419354e-02  5.17199282e-03
 -1.01029880e-01  7.70043358e-02  1.21602498e-01  1.54021792e-02
  7.31706172e-02 -1.35631198e-02 -2.93303020e-02 -2.85351817e-02
 -8.67324173e-02  4.44414541e-02  5.01838997e-02 -2.23327577e-02
 -8.00889805e-02 -2.16610339e-02 -2.00450383e-02  1.27013177e-01
 -3.23770046e-02 -4.52384911e-03 -1.13262422e-02  3.08959503e-02
 -5.66339470e-04  4.41284850e-02 -3.83424833e-02  6.13135584e-02
  1.50506562e-02 -1.05553269e-02 -1.34619214e-02  9.25481133e-03
 -3.03481556e-02 -8.24950039e-02  5.14912829e-02  1.69728212e-02
 -3.47305392e-03  6.40892908e-02 -1.39438240e-02  1.17033012e-02
  5.63516468e-02  5.18251723e-03  5.38576059e-02 -2.22041924e-02
 -7.15147611e-03 -3.11257225e-02  2.95721516e-02  1.32903401e-02
 -2.84824595e-02  2.85919197e-02  3.93015193e-03 -2.85928492e-02
  1.37078613e-01 -3.62535194e-02 -1.06894486e-01  3.74497809e-02
 -8.63854140e-02 -4.60014492e-02 -4.24420238e-02  4.73279059e-02
  3.01428866e-02 -7.53648430e-02  8.93006697e-02  3.74311656e-02
 -4.81548533e-02 -1.63196754e-02  3.74216139e-02  4.95357886e-02
 -2.58512832e-02  3.62188071e-02  1.28455339e-02 -4.14239652e-02
 -2.81408634e-02 -8.32213555e-03  4.15270030e-02  1.47106657e-02
 -1.51390340e-02 -1.64078269e-02  3.04888971e-02 -5.60940802e-03
  5.43448292e-02  6.22685738e-02 -7.99742341e-02 -4.72354367e-02
 -6.76961839e-02 -8.13085586e-03 -1.03614971e-01  2.07082499e-02
  1.66763011e-02 -6.86697811e-02 -3.06562986e-03  3.77254933e-02
 -1.65089536e-02  5.71940318e-02  3.95340174e-02  3.90231125e-02
  4.52107703e-03  5.73678650e-02 -6.78108633e-02  7.92782158e-02
  4.15608250e-02  3.03192716e-02  3.11230011e-02  1.51230088e-02
 -2.32292693e-02  1.74540356e-02 -1.24976553e-01 -2.29202770e-02
  5.06834500e-02 -8.61029548e-04 -3.37170213e-02  2.62818187e-02
 -8.19749199e-03  1.89392455e-02 -6.08608825e-03  5.93729876e-03
  4.12990861e-02  2.11515930e-03  3.16823227e-03 -3.66961969e-33
  5.73917525e-03 -8.90732333e-02 -2.40586828e-02  2.97518279e-02
  4.49144803e-02 -2.66150013e-02 -2.69415528e-02 -7.92965889e-02
 -3.65541317e-02  3.70314438e-03 -3.29318047e-02  5.67647591e-02
  3.46927159e-02 -1.14513505e-02  1.57930464e-01 -7.85723776e-02
  1.02355210e-02 -6.37573451e-02 -6.75230026e-02  4.31248471e-02
 -2.88026892e-02 -9.96374041e-02  3.81342582e-02 -1.27686029e-02
 -7.62619823e-03  4.98317145e-02  9.11284238e-02 -5.47771528e-02
  2.66226381e-02  2.44975891e-02  7.97304139e-02 -3.87568697e-02
 -3.11195329e-02  7.39591010e-03  7.91346133e-02  7.99947307e-02
 -1.84570940e-03 -4.77023162e-02  1.29349763e-02  1.31155560e-02
  9.09349695e-03 -5.01239412e-02 -7.13655427e-02 -9.13253427e-02
 -1.66485843e-04 -4.14633602e-02  4.59478460e-02  4.78000902e-02
 -7.92562366e-02 -1.16225537e-02  2.29883604e-02  2.64300164e-02
  6.00562766e-02 -4.80553471e-02  2.15015542e-02  1.50705958e-02
  4.48422953e-02  5.45289251e-04 -1.40288274e-03 -4.23023552e-02
  6.12585433e-02  4.31596451e-02  1.41175222e-02 -7.85670951e-02
  2.43127570e-02  1.28733646e-03  4.16710190e-02  7.46454066e-03
 -3.15928459e-02  4.28694487e-02  4.36416641e-02  6.34766445e-02
  6.61480380e-03 -6.42699376e-03 -1.26623558e-02  7.27649853e-02
  1.83015465e-04 -1.25147244e-02  4.21786727e-03  4.93515506e-02
 -3.50496583e-02 -8.26178933e-04 -6.66587204e-02 -1.62126161e-02
 -7.14184269e-02  1.31203467e-03 -4.72563766e-02 -8.84302557e-02
 -7.02856258e-02 -3.09090316e-02 -1.14549868e-01  5.54171577e-02
 -5.69996648e-02 -5.20398952e-02 -6.75567240e-03 -5.06997773e-35
 -6.65346608e-02 -7.32605904e-02  5.07485606e-02 -2.70955618e-02
 -1.72014758e-02  6.24224469e-02  1.15995551e-03 -9.35068727e-02
 -5.37381209e-02  5.81441671e-02 -1.58783168e-01  2.03248858e-03
  2.59339381e-02 -2.17224080e-02  5.29269651e-02  1.78028941e-02
 -2.55603362e-02  4.50784229e-02  7.72763044e-03  1.48608058e-03
  5.61091453e-02  6.93317354e-02  5.52424453e-02  1.04009854e-02
 -1.05406512e-02 -2.15658150e-03 -8.46475512e-02 -6.06454238e-02
 -1.18004724e-01  2.53563654e-02  1.48352031e-02  2.39679571e-02
  1.05324753e-01 -7.18483003e-03 -2.52408274e-02  5.06727248e-02
  2.35601440e-02 -6.21057265e-02 -2.96734218e-02 -2.57705674e-02
  9.53891873e-02 -2.81660426e-02  2.83262189e-02  1.66143663e-02
  4.10785154e-03 -4.02488820e-02 -8.15211087e-02 -7.47285923e-03
 -3.22477072e-02  4.82977629e-02  4.88186367e-02  3.40482523e-03
 -1.23303480e-01  4.97834273e-02 -6.58894470e-03  2.21415404e-02
 -5.14618540e-03  5.83129795e-03 -9.17845815e-02 -1.64076108e-02
 -6.93900138e-03  2.59943772e-02 -2.99354624e-02  1.15350775e-01
  1.66160725e-02  6.69821724e-02 -5.24289943e-02 -2.16304008e-02
 -5.72773814e-02 -3.16674821e-02 -1.05235793e-01  2.87953913e-02
 -1.79780852e-02 -4.68434729e-02 -6.55263513e-02  2.91079134e-02
  7.94258416e-02  4.05901000e-02  2.17133295e-03  8.93838257e-02
  3.09429374e-02 -6.20358763e-03  2.01518256e-02  5.03562577e-02
  4.67522815e-02 -4.51128893e-02 -3.72471884e-02 -2.02268772e-02
 -4.15366553e-02 -8.33172293e-04  5.42202182e-02  1.48671463e-01
  1.34168845e-02 -6.53666034e-02 -8.13488141e-02 -1.63196781e-08
 -5.58949374e-02  3.72852683e-02 -3.07126436e-02  3.89026222e-03
 -6.15752898e-02 -2.72568926e-04  7.87340328e-02  2.10369676e-02
 -2.61691473e-02 -1.85528528e-02 -5.48845157e-02 -3.50308642e-02
  1.62711628e-02 -1.39346335e-03  8.64649117e-02  2.96767671e-02
 -3.16165537e-02 -1.93196684e-02 -6.51655421e-02  9.65789855e-02
  8.50896444e-03 -1.75794549e-02  4.66718413e-02  1.15969345e-01
 -3.95663045e-02 -1.01025909e-01 -5.98342605e-02 -6.48393556e-02
  7.57280290e-02 -2.31789406e-02 -5.22319227e-03 -1.54437113e-03
  2.18867790e-02 -1.08687123e-02 -1.99344102e-02 -2.54869182e-02
  3.43158208e-02  1.65707730e-02 -7.90295377e-02  5.38006835e-02
 -8.42568576e-02 -1.03956595e-01 -5.51651716e-02  3.42002437e-02
  1.23376837e-02  6.28936514e-02 -8.41646828e-03 -3.69874351e-02
 -8.60530138e-02  7.80188292e-02 -7.36952573e-02  3.15453969e-02
  4.01448272e-02 -4.52741869e-02 -5.20147756e-03  6.03178926e-02
 -1.85815915e-02 -6.26780763e-02  2.66906135e-02  9.50255338e-03
 -6.63145110e-02 -4.42115329e-02  2.16179658e-02  3.33158746e-02]"
92,5b09094c-d168-4f38-b05e-bb620f45d363,Plastic Surgery,nearby health & fitness medical plastic surgery,"[-9.52268112e-03  7.19659030e-02  4.52199951e-02  3.87196317e-02
 -6.94371201e-03 -1.85787342e-02  1.54151479e-02 -1.38525115e-02
 -8.38810280e-02 -5.58578037e-02  8.01685750e-02 -1.27388015e-02
 -2.80903075e-02  9.91265662e-03  7.66587332e-02 -7.46217668e-02
  5.58506288e-02 -5.00732334e-04 -1.99945047e-02  3.65868374e-03
 -3.36002260e-02  1.02864094e-02  5.58782183e-02  5.44084795e-02
 -6.28495589e-02 -2.23945845e-02 -2.17090715e-02  2.94597335e-02
  1.64773613e-02 -1.70493759e-02 -3.26699242e-02 -1.38480484e-03
 -2.89959274e-02 -3.56524028e-02  9.11210701e-02  4.68175001e-02
 -1.27970669e-02 -4.07434478e-02 -6.06735237e-02  1.20428372e-02
 -1.06221214e-02 -1.14143733e-02 -3.30650732e-02  4.85852733e-03
  1.25224674e-02  1.85562614e-02 -3.72476019e-02 -6.13407232e-03
  3.77984196e-02 -6.80941902e-03  4.73617692e-04  4.03022487e-03
  4.48854528e-02  1.00625935e-03  4.23735715e-02  2.46077087e-02
  9.59160831e-03 -7.59667233e-02 -9.02461261e-02 -6.83255820e-03
  1.04842447e-01 -2.39643622e-02 -3.42003797e-04  6.23122081e-02
 -5.65336309e-02  4.62271599e-03 -7.86795001e-03 -2.38207821e-02
  9.84395593e-02 -8.77962336e-02  4.42192741e-02 -7.03365207e-02
  7.16458017e-04  2.75160428e-02  8.05433095e-02  3.94476540e-02
  4.20091413e-02 -2.43817549e-02  3.91601287e-02  1.07700676e-02
 -7.35984766e-04  1.27641680e-02  8.20829049e-02 -3.25041683e-03
 -3.11070937e-03  3.34880836e-02 -1.04679521e-02  4.58198454e-04
 -2.05269586e-02  2.44162027e-02 -1.76477227e-02  9.70153213e-02
 -1.21723324e-01 -5.93371131e-02 -5.86921237e-02  1.15577076e-02
 -6.82000592e-02 -3.36725973e-02  1.53594771e-02  4.82587330e-02
  4.84231561e-02  6.10688776e-02  6.55713528e-02  7.59563446e-02
 -1.92795843e-02 -1.20851733e-01 -5.74911339e-03  1.03804674e-02
  7.75114670e-02  5.18407039e-02 -2.16032192e-02 -2.33243797e-02
  4.43881899e-02  5.51198535e-02 -5.30931726e-02  1.07780963e-01
  5.00399247e-02  4.78698220e-03  6.86227949e-03  2.36068070e-02
 -5.65127805e-02  1.37720536e-02 -1.21065257e-02 -1.02503851e-01
 -8.03387240e-02 -1.02104351e-01 -1.04905844e-01 -1.49045906e-33
 -1.27332704e-02 -3.45536545e-02  7.58418292e-02 -1.31237004e-02
  6.57170713e-02  1.12363698e-04 -4.34410125e-02 -1.18207626e-01
  5.46786301e-02 -4.93937358e-02 -3.98457535e-02 -2.49580611e-02
  4.92714196e-02 -2.59461999e-02 -4.04982315e-03 -6.58706129e-02
 -4.78076115e-02  1.02974936e-01 -8.31551328e-02  6.31183526e-03
 -1.78073086e-02 -1.59682520e-02 -4.16195532e-03  4.50525433e-02
 -6.19050115e-03  2.02570166e-02  9.86776501e-03  1.71321519e-02
  7.57359937e-02  3.17090526e-02 -9.35873464e-02  6.08224683e-02
  2.22853012e-02 -6.66165873e-02 -7.58256158e-03 -3.10496381e-03
 -1.33142630e-02 -6.86761886e-02  2.58471407e-02  2.77147312e-02
  6.96846936e-03  2.38981806e-02  4.81981151e-02  9.15587600e-03
 -2.20867582e-02  1.04987495e-01  9.42284912e-02  2.89638322e-02
  2.85331644e-02 -9.31529179e-02 -1.48815447e-02  3.53172608e-02
 -4.40379744e-03 -8.47197995e-02  4.18812372e-02 -3.29203084e-02
 -1.83472876e-02 -3.43775265e-02  3.57871838e-02  5.24047539e-02
  6.81823790e-02  8.04881752e-02 -3.06507968e-03 -1.68307107e-02
  1.92077551e-02 -2.56848205e-02  1.10997902e-02 -6.46347180e-02
 -8.49214289e-03  1.71119105e-02 -2.41770316e-02  6.52292296e-02
 -7.65815563e-03  3.31831798e-02  2.77005229e-02 -1.97537756e-03
 -4.12871167e-02  4.08222154e-02 -5.95438071e-02 -1.24450354e-02
  1.65783726e-02  8.93428177e-02 -9.72198695e-03  7.37842023e-02
  8.92457142e-02 -5.66384308e-02 -7.15315789e-02  4.11659479e-02
  3.39809731e-02 -8.66603013e-03 -5.82035668e-02 -3.46461646e-02
  2.03487948e-02  2.27802191e-02 -2.76941024e-02 -1.89361384e-34
  2.27669068e-02 -5.30283824e-02  1.15746245e-01 -7.20175728e-02
  5.98143898e-02 -3.69006470e-02 -6.79323310e-03  4.35891636e-02
  4.57987264e-02  2.71159951e-02 -3.20341550e-02 -2.42172065e-03
  3.84221748e-02 -4.92680818e-02  3.60374525e-02  8.51444900e-02
  2.21505277e-02 -4.00660373e-03 -8.79565701e-02  4.57996130e-02
  8.37461948e-02  3.34685482e-02 -9.15258657e-03 -3.36202532e-02
 -8.49766061e-02  7.21266344e-02 -2.56436542e-02  6.56304285e-02
  1.36592919e-02 -8.43511149e-02 -1.08035445e-01  2.59645246e-02
 -2.99566090e-02  2.75539104e-02  3.65975723e-02 -1.54808704e-02
 -1.65785719e-02 -1.11985281e-02 -2.46266499e-02 -4.48753089e-02
  7.86918551e-02 -1.35998562e-01 -2.11004894e-02  7.19749779e-02
  2.50790119e-02 -1.19776331e-01 -4.56573762e-04 -9.61279646e-02
 -7.59813655e-03 -3.90916653e-02 -9.98600502e-04 -2.37269960e-02
 -2.91363858e-02  1.84501354e-02 -2.90108025e-02  3.14935930e-02
 -2.39106994e-02 -6.87464029e-02 -9.02343839e-02 -4.97226119e-02
  8.04625731e-03  2.06089243e-02 -1.59631427e-02  4.36633565e-02
  2.59213941e-03  8.63433182e-02  7.08315298e-02 -4.76815589e-02
 -7.11684227e-02  5.87225892e-03 -3.06832623e-02  2.44390164e-02
 -1.09377950e-02  1.05124561e-03 -3.42496075e-02 -3.69576439e-02
  2.74479222e-02  4.48646629e-03 -4.32865322e-02  7.40933418e-02
  3.52616683e-02 -6.16661087e-02 -1.88797228e-02  1.31034674e-02
  1.19524011e-02  7.44395331e-02  2.08889805e-02 -2.66601276e-02
 -9.47161913e-02 -1.09800743e-02 -3.08798663e-02  6.68840855e-02
 -2.40084380e-02  2.01448929e-02  1.83944441e-02 -1.64931411e-08
 -5.70051968e-02  1.09247072e-03 -7.46429758e-03 -1.31285768e-02
 -3.53124104e-02 -8.73680692e-03 -7.05088824e-02  6.29590601e-02
  7.68385679e-02 -1.25148008e-02 -5.44052236e-02  8.41663778e-02
  1.03214622e-01 -2.86148265e-02 -6.35127127e-02 -4.94545996e-02
 -9.02094319e-02  1.05477616e-01 -2.88075469e-02 -5.23109511e-02
 -9.97787639e-02 -3.05892657e-02  8.89761150e-02  4.39965948e-02
 -5.35838678e-02 -1.09499870e-02  4.29926068e-03  5.02051562e-02
 -1.23601332e-02  6.34210696e-03  5.80272712e-02 -5.74163236e-02
  2.05854885e-02  6.66431412e-02  4.78187064e-03 -9.56035480e-02
  4.26404527e-04 -3.76538672e-02 -3.59892696e-02 -2.14901343e-02
  2.67252102e-02 -1.31587153e-02  3.84450704e-02  1.33840352e-01
  7.38951517e-03 -1.14577591e-01  7.73048378e-04 -5.58585045e-04
  1.85592268e-02 -1.06620640e-02  1.93696357e-02 -5.10305427e-02
 -3.83479185e-02  8.01808666e-03 -6.83361590e-02  5.72392046e-02
 -2.38699056e-02 -1.58223379e-02 -1.17191054e-01  1.43198445e-01
 -2.19080374e-02 -6.98660240e-02  1.28539711e-01  4.43201736e-02]"
93,0af090df-faac-4e32-a388-5d49bb33a797,Color & Highlights,nearby beauty & spas hair & styling color & highlights,"[ 1.37653956e-02 -1.22995554e-02  6.93038628e-02  4.15592454e-02
  5.08746179e-03  5.04082702e-02  2.54878085e-02 -6.50680065e-02
 -5.95891774e-02 -4.83713523e-02  8.21231380e-02 -2.38214172e-02
 -7.29142083e-03 -1.01181855e-02  6.00150637e-02  2.52503473e-02
  8.33399668e-02 -1.62918884e-02 -8.27576406e-03 -4.06123623e-02
 -1.12766111e-02 -3.19602266e-02 -2.31486093e-02  2.15112604e-02
 -6.50968179e-02 -6.34455904e-02  4.28422280e-02  7.90509358e-02
 -1.27013000e-02 -6.36402965e-02  3.30194645e-02  1.02460654e-02
 -4.25940519e-03  1.37332985e-02 -3.47388862e-03  4.80662175e-02
 -2.11611260e-02 -4.51422259e-02  5.04573015e-03  5.17760217e-02
 -5.60631938e-02 -4.96992469e-02 -4.06648293e-02  5.71998507e-02
  6.70954958e-02 -3.76900434e-02  3.19598578e-02  1.75119955e-02
  1.38184419e-02 -5.08377235e-03 -2.53750775e-02 -6.39716461e-02
  3.29328491e-03 -3.05677555e-03  1.81257855e-02  7.75878355e-02
 -2.76620351e-02 -7.92151019e-02  1.73850637e-02 -4.89211455e-02
  1.83581691e-02  3.73272342e-04 -3.52923982e-02  1.85342319e-02
 -2.01618616e-02 -5.84481023e-02 -5.09742573e-02  4.57557738e-02
  4.12331559e-02 -1.93811134e-01  1.42078102e-03 -1.60484463e-02
 -2.31513437e-02  5.21164313e-02  2.49975771e-02  1.09228268e-01
  7.84492586e-04 -3.64750996e-02 -3.10313348e-02 -6.34708703e-02
  2.23375522e-02 -3.83215621e-02  7.55781084e-02  7.66792521e-02
  3.13862115e-02  1.23285055e-02  5.78240072e-03 -8.13872069e-02
 -2.45482512e-02  4.23120335e-02  7.99611304e-03  3.35216187e-02
 -1.12942658e-01 -5.40446714e-02 -2.58425320e-03  1.16267763e-02
 -7.55690113e-02 -3.18192169e-02  4.48872074e-02  5.86804822e-02
 -1.25160301e-02 -5.64796887e-02 -2.98246760e-02  5.85453585e-02
 -1.14403479e-01 -6.11921772e-02 -3.21878609e-03  7.83475116e-02
  1.55548425e-02 -6.87656738e-03  3.73748951e-02 -5.71553223e-03
 -8.99960026e-02 -6.31551743e-02 -5.87187242e-03 -5.44302538e-02
  1.21906243e-01 -3.44132669e-02  6.55645728e-02 -3.78757007e-02
  2.34425627e-02  1.11079207e-04  6.08077156e-04 -8.29603747e-02
 -6.78152442e-02  4.46451362e-03  4.31376323e-02 -2.40940489e-33
  7.32370168e-02  6.68577850e-02  1.98296029e-02  6.20730184e-02
 -5.14837280e-02  7.67892152e-02 -6.04756549e-02 -8.78658742e-02
 -1.29842490e-01 -3.35943624e-02 -4.78250086e-02  5.30378036e-02
 -2.09493283e-02 -1.92507003e-02 -2.51003578e-02 -1.64145930e-03
  7.87695348e-02  5.72809055e-02 -5.78973778e-02  3.33502591e-02
 -5.41399904e-02  1.97962746e-02 -1.51247103e-02 -2.63748132e-02
 -2.67386027e-02 -3.11559113e-03  1.21391984e-02 -3.75984684e-02
 -3.52169275e-02  4.63099964e-03  2.14231238e-02  1.07442131e-02
  8.73627067e-02  1.65251512e-02 -3.64819244e-02  6.74326494e-02
 -1.12672653e-02 -1.21742547e-01  8.43159407e-02  2.82952413e-02
 -4.63447347e-02  2.31201705e-02  1.46668022e-02  4.48086523e-02
 -2.47215200e-02  1.36482134e-01 -2.29341090e-02 -4.60207462e-03
  7.13523186e-04  4.78867330e-02 -1.68144014e-02  3.69611979e-02
 -6.87839929e-04  7.10301697e-02  2.65964475e-02  1.88845657e-02
 -3.62373292e-02 -4.14272137e-02  1.20003112e-01  2.86585987e-02
  5.85297160e-02  9.15785804e-02 -2.32547000e-02 -1.49850607e-01
  3.31926867e-02 -3.56316753e-02  6.22053631e-02  5.48927002e-02
  3.00886445e-02  6.78677261e-02 -7.65571650e-03  9.00263861e-02
  5.63332103e-02 -3.27773653e-02  2.04125103e-02 -1.42329428e-02
  4.50664759e-02  2.56086607e-02  2.25598868e-02  6.00322038e-02
  2.46607903e-02 -4.48047975e-03 -6.97141215e-02  3.71408761e-02
 -1.65193919e-02  1.11254083e-03 -3.41371782e-02  7.73660839e-04
 -4.67730537e-02 -2.59906761e-02  6.88651693e-04  9.33572724e-02
 -7.82006048e-03 -2.19557695e-02 -6.89055771e-02  5.46286801e-34
  1.12864617e-02 -7.47692809e-02 -2.51346063e-02  6.22334294e-02
 -8.44600960e-04  5.97644858e-02 -2.27080192e-02 -2.76082959e-02
 -4.52922471e-02  7.63543248e-02  1.08470451e-02 -4.99487221e-02
  3.04502212e-02 -7.35741155e-03 -9.91639048e-02  1.36435315e-01
  1.44466655e-02  5.17340982e-03 -4.65416610e-02  4.38111946e-02
 -5.37703224e-02  8.56219754e-02 -5.72382249e-02 -8.94602202e-03
 -1.05800025e-01  4.75685187e-02 -2.64930888e-03 -1.65892188e-02
 -3.32428291e-02 -9.84498393e-03 -1.48046771e-02 -5.56453504e-02
  1.43434852e-02  4.20542844e-02 -5.58944345e-02  5.97986691e-02
 -9.84942354e-03  1.51069397e-02 -5.35967934e-04  1.10182725e-01
  4.88624126e-02 -7.75022432e-02  3.33203115e-02  6.20414801e-02
  2.57666837e-02 -8.87957439e-02 -6.51109070e-02  2.84052617e-03
 -3.89734991e-02 -3.30954418e-02  2.97250282e-02 -1.66353059e-03
 -1.58489309e-02  6.61415681e-02 -4.17606011e-02 -4.30755541e-02
  4.09219451e-02  3.17789987e-02 -7.51798674e-02  1.26666889e-01
 -4.15173508e-02  2.34731492e-02 -5.30014411e-02  9.64994282e-02
  5.15331654e-03  5.92961023e-03  3.22067887e-02 -8.20886865e-02
 -1.39958002e-02 -1.00038067e-01 -4.11173888e-02  2.70498749e-02
  1.43319452e-02 -7.61783421e-02  1.92326531e-02 -1.10997241e-02
  4.42224480e-02 -8.96093063e-03 -3.05622630e-03  4.42429259e-02
 -4.23169769e-02  5.79836778e-03  3.52584757e-02 -2.67467014e-02
  5.05361408e-02  4.47317995e-02 -3.81751359e-02  3.47712897e-02
  3.06675490e-02 -9.09916013e-02 -7.84067586e-02  1.28211528e-01
 -3.51906270e-02 -1.17913499e-01 -2.61281896e-02 -1.68010441e-08
  1.21910954e-02  9.76983458e-03  6.73040524e-02 -1.84006970e-02
  2.97857169e-02 -5.12352306e-03  2.16496587e-02  3.92411985e-02
  1.36476441e-03  7.94676468e-02 -1.44257359e-02  7.67457113e-02
 -4.75250594e-02  2.29551718e-02  1.84681136e-02  1.01389429e-02
  4.95609082e-02  7.02351108e-02 -8.16016085e-03  3.08016036e-02
 -9.30517465e-02  5.95678389e-02  6.33794442e-02  7.92368967e-03
 -3.08144558e-03 -2.56119408e-02 -2.11236682e-02  2.81478260e-02
  4.75064702e-02 -2.41634995e-02  1.17041450e-02 -1.06059909e-02
  3.03749498e-02 -6.08764291e-02 -5.43285497e-02 -1.66300181e-02
 -4.71135341e-02 -5.13262153e-02 -7.81173930e-02 -3.65446880e-02
 -9.10769254e-02 -7.14805722e-02  4.31684628e-02  1.92420501e-02
  5.58637921e-03 -2.44478062e-02  3.20919454e-02 -4.15785797e-02
 -2.79663876e-03  8.33940431e-02 -8.98814797e-02 -8.52660015e-02
  9.76950116e-03  2.55753845e-02 -8.65373574e-03 -3.56630348e-02
 -7.97894970e-03  1.39116426e-03  5.20981252e-02  6.14222027e-02
  7.20458105e-02 -7.83611909e-02 -4.16088030e-02  1.83157679e-02]"
